Year,Team,Rslt,Rslt_std,Tm,Tm_std,Opp_score,Opp_score_std,OT,OT_std,FG,FG_std,FGA,FGA_std,FG%,FG%_std,3P,3P_std,3PA,3PA_std,3P%,3P%_std,2P,2P_std,2PA,2PA_std,2P%,2P%_std,eFG%,eFG%_std,FT,FT_std,FTA,FTA_std,FT%,FT%_std,ORB,ORB_std,DRB,DRB_std,TRB,TRB_std,AST,AST_std,STL,STL_std,BLK,BLK_std,TOV,TOV_std,PF,PF_std,FG_opp,FG_opp_std,FGA_opp,FGA_opp_std,FG%_opp,FG%_opp_std,3P_opp,3P_opp_std,3PA_opp,3PA_opp_std,3P%_opp,3P%_opp_std,2P_opp,2P_opp_std,2PA_opp,2PA_opp_std,2P%_opp,2P%_opp_std,eFG%_opp,eFG%_opp_std,FT_opp,FT_opp_std,FTA_opp,FTA_opp_std,FT%_opp,FT%_opp_std,ORB_opp,ORB_opp_std,DRB_opp,DRB_opp_std,TRB_opp,TRB_opp_std,AST_opp,AST_opp_std,STL_opp,STL_opp_std,BLK_opp,BLK_opp_std,TOV_opp,TOV_opp_std,PF_opp,PF_opp_std,Spread,Spread_std
2011,temple,0.78125,0.42001344064515445,70.96153846153847,7.432258172215328,62.2962962962963,8.7960428813399,0.0,0.0,25.25925925925926,3.727162176742232,56.74074074074074,4.337604732431807,0.45207692307692315,0.06353891599762972,5.935483870967742,2.407425788000781,16.88888888888889,3.5009156311471226,0.3624074074074074,0.0809659279047766,19.346153846153847,3.898125782396537,40.18518518518518,5.554187865836269,0.4892692307692307,0.07737263479670713,0.5067692307692307,0.06663050814292666,13.346153846153847,3.979369876674524,18.85185185185185,5.5932906490634196,0.6916538461538461,0.0858952582196211,9.851851851851851,2.3485462558079444,22.96153846153846,3.549431157025241,33.25925925925926,4.081784984656671,15.285714285714286,3.441114621931365,6.592592592592593,2.0240716629769056,4.576923076923077,1.1374735838014673,10.25,3.013856886670854,15.222222222222221,2.9526172657404683,22.555555555555557,3.0424349222966556,56.82142857142857,4.405834275296299,0.4108846153846154,0.036133449238152635,5.5,1.9720265943665387,15.26923076923077,2.2725790161434176,0.35014814814814826,0.08822554300624304,17.77777777777778,2.952617265740468,41.03846153846154,4.485360803598919,0.4329615384615383,0.05187637671945161,0.45873076923076916,0.04457044553720117,10.518518518518519,4.154426465742205,14.5,4.188078318274385,0.7000769230769232,0.1003282305542854,8.26923076923077,2.0891661936321353,22.115384615384617,2.9843179867691454,29.714285714285715,5.126959555693246,11.285714285714286,1.997352745365222,4.923076923076923,1.262476199318686,3.0357142857142856,0.9615628812527939,13.11111111111111,2.9526172657404683,17.0,2.6527414191807384,8.653846153846153,7.704244584343401
