Year,Team,Rslt,Rslt_std,Tm,Tm_std,Opp_score,Opp_score_std,OT,OT_std,FG,FG_std,FGA,FGA_std,FG%,FG%_std,3P,3P_std,3PA,3PA_std,3P%,3P%_std,2P,2P_std,2PA,2PA_std,2P%,2P%_std,eFG%,eFG%_std,FT,FT_std,FTA,FTA_std,FT%,FT%_std,ORB,ORB_std,DRB,DRB_std,TRB,TRB_std,AST,AST_std,STL,STL_std,BLK,BLK_std,TOV,TOV_std,PF,PF_std,FG_opp,FG_opp_std,FGA_opp,FGA_opp_std,FG%_opp,FG%_opp_std,3P_opp,3P_opp_std,3PA_opp,3PA_opp_std,3P%_opp,3P%_opp_std,2P_opp,2P_opp_std,2PA_opp,2PA_opp_std,2P%_opp,2P%_opp_std,eFG%_opp,eFG%_opp_std,FT_opp,FT_opp_std,FTA_opp,FTA_opp_std,FT%_opp,FT%_opp_std,ORB_opp,ORB_opp_std,DRB_opp,DRB_opp_std,TRB_opp,TRB_opp_std,AST_opp,AST_opp_std,STL_opp,STL_opp_std,BLK_opp,BLK_opp_std,TOV_opp,TOV_opp_std,PF_opp,PF_opp_std,Spread,Spread_std
2011,villanova,0.65625,0.48255870443481425,73.70370370370371,7.009964417855567,66.5925925925926,8.762943214991969,0.0,0.0,24.0,2.7422618401604177,55.44444444444444,6.47084189822274,0.44365384615384607,0.0498501292336879,6.3076923076923075,1.6436357447860708,17.928571428571427,4.0636470704562315,0.34842307692307695,0.08652545201357718,17.142857142857142,2.8766529639725875,36.2962962962963,6.626373963853226,0.4823461538461539,0.05270820984073909,0.5029230769230769,0.05912219419265363,18.642857142857142,5.505648854782633,23.615384615384617,6.007175196891951,0.7529615384615386,0.07500052307509902,9.310344827586206,3.3284858019811576,22.428571428571427,4.709553501118146,31.814814814814813,6.696939812257749,13.846153846153847,3.495051446743612,6.172413793103448,2.3914873661928677,3.5,1.401057801435388,11.571428571428571,2.936722428888815,17.74074074074074,3.5365410371042643,22.576923076923077,3.276254897569198,55.81481481481482,4.323789621981706,0.4101153846153845,0.04435252139220671,5.888888888888889,2.650592580092426,19.923076923076923,4.344404004445967,0.31049999999999994,0.0995044722613009,15.592592592592593,2.9385927984883566,35.15384615384615,3.5742670039302626,0.4515,0.04465265949526411,0.46550000000000014,0.05526680739829288,14.115384615384615,5.406121885987575,19.76923076923077,6.629073493680348,0.7146923076923077,0.11263348320309347,8.11111111111111,2.4072539946735563,19.321428571428573,4.101070966074968,27.692307692307693,4.164317286367414,13.285714285714286,2.826555852874305,6.068965517241379,2.4774848202325597,3.7241379310344827,2.373914063376256,11.74074074074074,2.10480389352534,19.25925925925926,3.4484399214337333,6.0,8.522910301065007
