Year,Team,Rslt,Rslt_std,Tm,Tm_std,Opp_score,Opp_score_std,OT,OT_std,FG,FG_std,FGA,FGA_std,FG%,FG%_std,3P,3P_std,3PA,3PA_std,3P%,3P%_std,2P,2P_std,2PA,2PA_std,2P%,2P%_std,eFG%,eFG%_std,FT,FT_std,FTA,FTA_std,FT%,FT%_std,ORB,ORB_std,DRB,DRB_std,TRB,TRB_std,AST,AST_std,STL,STL_std,BLK,BLK_std,TOV,TOV_std,PF,PF_std,FG_opp,FG_opp_std,FGA_opp,FGA_opp_std,FG%_opp,FG%_opp_std,3P_opp,3P_opp_std,3PA_opp,3PA_opp_std,3P%_opp,3P%_opp_std,2P_opp,2P_opp_std,2PA_opp,2PA_opp_std,2P%_opp,2P%_opp_std,eFG%_opp,eFG%_opp_std,FT_opp,FT_opp_std,FTA_opp,FTA_opp_std,FT%_opp,FT%_opp_std,ORB_opp,ORB_opp_std,DRB_opp,DRB_opp_std,TRB_opp,TRB_opp_std,AST_opp,AST_opp_std,STL_opp,STL_opp_std,BLK_opp,BLK_opp_std,TOV_opp,TOV_opp_std,PF_opp,PF_opp_std,Spread,Spread_std
2011,memphis,0.7352941176470589,0.4478110755198991,71.17857142857143,8.009501632568433,67.0,7.601691541079149,0.0,0.0,25.3,4.136882050947099,56.0,4.845769441634784,0.44971428571428573,0.048485092892601875,5.866666666666666,2.145296914316224,17.96551724137931,2.847088219576145,0.3198928571428571,0.07913295857147724,19.344827586206897,3.108466113110239,38.10344827586207,4.577466763444968,0.5054642857142858,0.04761378740787957,0.5016785714285714,0.055809897948255645,15.275862068965518,4.534759024343741,22.321428571428573,5.869277016670171,0.687107142857143,0.07449699933589883,10.25,2.3824201824879516,22.0,2.7645717829090897,32.2,3.7176188152058316,14.035714285714286,3.7857642005294756,8.066666666666666,1.9286109586656035,5.233333333333333,1.959650449712262,15.0,2.6392266369865456,20.0,2.956474376811127,23.066666666666666,3.685323485856065,56.8,6.530564742965877,0.4144999999999999,0.05486447950278132,5.896551724137931,1.739146498105298,17.433333333333334,3.2236553821692087,0.3410357142857143,0.10091965346267523,17.571428571428573,3.500566847521734,39.6551724137931,5.9598409738429705,0.4505,0.060732260022227126,0.4687142857142858,0.06968864998339355,14.785714285714286,3.4249319307336212,22.17241379310345,5.028980055049797,0.676357142857143,0.06409669448096558,10.5,3.4416315296973465,21.0,3.2317865716108862,30.6,5.487289387993512,12.96774193548387,3.420369092829427,7.178571428571429,1.826828286211265,4.09375,2.2340383656855223,14.161290322580646,3.3476038614064274,19.214285714285715,3.2926083643928625,3.2857142857142856,9.115949160703405
