Year,Team,Rslt,Rslt_std,Tm,Tm_std,Opp_score,Opp_score_std,OT,OT_std,FG,FG_std,FGA,FGA_std,FG%,FG%_std,3P,3P_std,3PA,3PA_std,3P%,3P%_std,2P,2P_std,2PA,2PA_std,2P%,2P%_std,eFG%,eFG%_std,FT,FT_std,FTA,FTA_std,FT%,FT%_std,ORB,ORB_std,DRB,DRB_std,TRB,TRB_std,AST,AST_std,STL,STL_std,BLK,BLK_std,TOV,TOV_std,PF,PF_std,FG_opp,FG_opp_std,FGA_opp,FGA_opp_std,FG%_opp,FG%_opp_std,3P_opp,3P_opp_std,3PA_opp,3PA_opp_std,3P%_opp,3P%_opp_std,2P_opp,2P_opp_std,2PA_opp,2PA_opp_std,2P%_opp,2P%_opp_std,eFG%_opp,eFG%_opp_std,FT_opp,FT_opp_std,FTA_opp,FTA_opp_std,FT%_opp,FT%_opp_std,ORB_opp,ORB_opp_std,DRB_opp,DRB_opp_std,TRB_opp,TRB_opp_std,AST_opp,AST_opp_std,STL_opp,STL_opp_std,BLK_opp,BLK_opp_std,TOV_opp,TOV_opp_std,PF_opp,PF_opp_std,Spread,Spread_std
2011,texas,0.7941176470588235,0.41042563012190475,74.42857142857143,7.130677446537661,60.32142857142857,9.269837872362935,0.0,0.0,26.428571428571427,3.5005668475217346,58.214285714285715,6.291423573565094,0.4574642857142858,0.04572581906429376,5.709677419354839,2.3691566486423925,14.517241379310345,3.031038125498688,0.36234482758620684,0.08442252401803889,20.821428571428573,3.464674335917916,42.827586206896555,5.600184726017281,0.48025,0.06461775068588896,0.5079642857142858,0.0464761843774391,16.0,3.555679561329612,24.785714285714285,5.586737886427125,0.6513333333333334,0.07917041128469972,11.333333333333334,2.783366026375548,25.233333333333334,3.9713051214702824,37.38709677419355,4.144694756391105,13.607142857142858,2.1488892171828837,5.607142857142857,1.7070504280838232,5.133333333333334,2.2396633572979194,11.133333333333333,2.7634727444278155,16.8,2.7841918285080562,21.566666666666666,3.40064226523343,57.464285714285715,5.62061116261122,0.38225,0.05365570971653609,3.8666666666666667,1.8143742786394725,14.068965517241379,3.27251579154499,0.2856071428571429,0.10293771553917098,17.75,2.823512391016236,42.357142857142854,4.885460558404383,0.4148928571428572,0.05673025144110881,0.41946428571428557,0.06461021713885629,12.357142857142858,3.291001037782855,17.928571428571427,4.577954997340184,0.6847142857142857,0.08571825387640049,9.666666666666666,2.9282610272443543,20.82758620689655,3.475104988313728,30.714285714285715,4.44603146268622,8.857142857142858,2.4299715851758235,5.137931034482759,1.5748954144648664,2.59375,1.623603618398721,12.607142857142858,2.8197620823498926,20.689655172413794,2.346782725895513,13.964285714285714,10.075574215259186
