Year,Team,Rslt,Rslt_std,Tm,Tm_std,Opp_score,Opp_score_std,OT,OT_std,FG,FG_std,FGA,FGA_std,FG%,FG%_std,3P,3P_std,3PA,3PA_std,3P%,3P%_std,2P,2P_std,2PA,2PA_std,2P%,2P%_std,eFG%,eFG%_std,FT,FT_std,FTA,FTA_std,FT%,FT%_std,ORB,ORB_std,DRB,DRB_std,TRB,TRB_std,AST,AST_std,STL,STL_std,BLK,BLK_std,TOV,TOV_std,PF,PF_std,FG_opp,FG_opp_std,FGA_opp,FGA_opp_std,FG%_opp,FG%_opp_std,3P_opp,3P_opp_std,3PA_opp,3PA_opp_std,3P%_opp,3P%_opp_std,2P_opp,2P_opp_std,2PA_opp,2PA_opp_std,2P%_opp,2P%_opp_std,eFG%_opp,eFG%_opp_std,FT_opp,FT_opp_std,FTA_opp,FTA_opp_std,FT%_opp,FT%_opp_std,ORB_opp,ORB_opp_std,DRB_opp,DRB_opp_std,TRB_opp,TRB_opp_std,AST_opp,AST_opp_std,STL_opp,STL_opp_std,BLK_opp,BLK_opp_std,TOV_opp,TOV_opp_std,PF_opp,PF_opp_std,Spread,Spread_std
2011,arizona,0.7941176470588235,0.41042563012190475,77.0,7.324128422062051,67.0,8.844332774281067,0.0,0.0,25.20689655172414,2.992601715001604,53.13793103448276,3.492074065764955,0.4742857142857143,0.05310636227690347,8.133333333333333,2.3004247483863725,19.166666666666668,3.6301736762226997,0.40232142857142866,0.09514279855250272,17.607142857142858,2.362347948691689,33.92857142857143,3.7310367085617,0.5191785714285715,0.09233756651805479,0.5515862068965517,0.06060970999611207,17.17241379310345,4.559675470259772,23.392857142857142,4.848361966336029,0.7411034482758619,0.07156882043958318,8.8,2.708861575363857,22.896551724137932,3.1092583817896293,32.666666666666664,4.573788389276997,14.413793103448276,2.5706758613711793,5.129032258064516,2.156261200687755,2.5,1.1670771035014103,13.125,3.414863148441039,18.333333333333332,3.753925148826027,24.785714285714285,2.8849179057212915,56.53333333333333,5.431284431394902,0.44875000000000004,0.05651786017285615,4.3125,2.101266898955285,15.586206896551724,3.6303998341319135,0.28164285714285714,0.08982172231115255,19.870967741935484,3.106358376876595,39.785714285714285,3.2129038769859464,0.5157857142857142,0.06920305984610428,0.48610344827586205,0.0697840264303199,13.483870967741936,5.766980537172726,20.310344827586206,6.106807959013929,0.6553793103448278,0.07893144122460391,8.214285714285714,2.061231973523904,19.310344827586206,3.947001106408529,27.103448275862068,5.115416667753377,13.566666666666666,3.4409635111487993,5.827586206896552,1.5599671589318196,2.5483870967741935,2.3357897975833835,11.9,2.564344374097504,19.967741935483872,3.260714348807041,9.321428571428571,9.349405096655918
