Year,Team,Rslt,Rslt_std,Tm,Tm_std,Opp_score,Opp_score_std,OT,OT_std,FG,FG_std,FGA,FGA_std,FG%,FG%_std,3P,3P_std,3PA,3PA_std,3P%,3P%_std,2P,2P_std,2PA,2PA_std,2P%,2P%_std,eFG%,eFG%_std,FT,FT_std,FTA,FTA_std,FT%,FT%_std,ORB,ORB_std,DRB,DRB_std,TRB,TRB_std,AST,AST_std,STL,STL_std,BLK,BLK_std,TOV,TOV_std,PF,PF_std,FG_opp,FG_opp_std,FGA_opp,FGA_opp_std,FG%_opp,FG%_opp_std,3P_opp,3P_opp_std,3PA_opp,3PA_opp_std,3P%_opp,3P%_opp_std,2P_opp,2P_opp_std,2PA_opp,2PA_opp_std,2P%_opp,2P%_opp_std,eFG%_opp,eFG%_opp_std,FT_opp,FT_opp_std,FTA_opp,FTA_opp_std,FT%_opp,FT%_opp_std,ORB_opp,ORB_opp_std,DRB_opp,DRB_opp_std,TRB_opp,TRB_opp_std,AST_opp,AST_opp_std,STL_opp,STL_opp_std,BLK_opp,BLK_opp_std,TOV_opp,TOV_opp_std,PF_opp,PF_opp_std,Spread,Spread_std
2011,alabama-state,0.5,0.5075192189225523,60.483870967741936,10.066018636124001,62.4,9.485378948313212,0.0,0.0,20.344827586206897,3.383530088837539,52.07142857142857,4.413183712037204,0.39596428571428577,0.061462715071133524,4.448275862068965,1.1207843840221814,15.96774193548387,4.520205533437183,0.2908571428571429,0.07885134362542208,15.75,3.098685503863187,35.42857142857143,4.366781774806599,0.44721428571428573,0.06365203854223377,0.4396785714285715,0.06625095586811675,15.25,5.309844107357997,25.357142857142858,7.655616605373182,0.5953214285714286,0.11391941712405132,11.448275862068966,2.3388978921179295,20.392857142857142,2.8197620823498926,32.0,3.6311410307484873,10.866666666666667,3.3294229937429654,7.633333333333334,1.9384197853839134,4.571428571428571,1.5013221686128044,15.827586206896552,2.122481120852288,21.689655172413794,3.2193993259153846,20.3,3.3850584470072556,50.214285714285715,4.613644360558612,0.40389285714285716,0.060920919769882544,5.2,1.9369367924460092,14.862068965517242,2.735012900609879,0.33386206896551723,0.08431434555871897,15.25,2.619372274250285,35.714285714285715,4.821688215622952,0.4265,0.06681234084275815,0.46231034482758615,0.07402948420744065,17.35483870967742,3.8777002385157293,25.517241379310345,4.939785201049972,0.6839655172413792,0.06714881275337037,9.714285714285714,2.3389953977935636,20.607142857142858,3.68519847914435,30.896551724137932,4.530411740876531,10.96774193548387,3.5728967796242674,7.6,2.206573252181169,2.2758620689655173,0.8822273647720916,15.64516129032258,2.983827375444433,20.678571428571427,3.9632905467139246,-1.8214285714285714,12.918701836595545
