Year,Team,Rslt,Rslt_std,Tm,Tm_std,Opp_score,Opp_score_std,OT,OT_std,FG,FG_std,FGA,FGA_std,FG%,FG%_std,3P,3P_std,3PA,3PA_std,3P%,3P%_std,2P,2P_std,2PA,2PA_std,2P%,2P%_std,eFG%,eFG%_std,FT,FT_std,FTA,FTA_std,FT%,FT%_std,ORB,ORB_std,DRB,DRB_std,TRB,TRB_std,AST,AST_std,STL,STL_std,BLK,BLK_std,TOV,TOV_std,PF,PF_std,FG_opp,FG_opp_std,FGA_opp,FGA_opp_std,FG%_opp,FG%_opp_std,3P_opp,3P_opp_std,3PA_opp,3PA_opp_std,3P%_opp,3P%_opp_std,2P_opp,2P_opp_std,2PA_opp,2PA_opp_std,2P%_opp,2P%_opp_std,eFG%_opp,eFG%_opp_std,FT_opp,FT_opp_std,FTA_opp,FTA_opp_std,FT%_opp,FT%_opp_std,ORB_opp,ORB_opp_std,DRB_opp,DRB_opp_std,TRB_opp,TRB_opp_std,AST_opp,AST_opp_std,STL_opp,STL_opp_std,BLK_opp,BLK_opp_std,TOV_opp,TOV_opp_std,PF_opp,PF_opp_std,Spread,Spread_std
2011,nevada-las-vegas,0.75,0.43994134506405985,71.92307692307692,6.9565685617153346,63.18518518518518,9.527438258633838,0.0,0.0,25.73076923076923,3.4935104672256796,55.92307692307692,4.4714478811505955,0.4635,0.058593685666631354,5.5,2.1023796041628637,16.346153846153847,2.464829530694692,0.32792307692307693,0.12956941709428904,20.0,3.588871688985272,38.689655172413794,5.497424385732585,0.5163461538461538,0.06420152166900239,0.5141538461538461,0.07561994039018666,15.857142857142858,3.6889653845577905,21.74074074074074,5.244723301292692,0.6895384615384615,0.06875535223921453,10.0,2.9689753813083084,22.115384615384617,3.6477601135702233,32.26923076923077,4.626512226787625,15.615384615384615,3.1250846142390842,7.846153846153846,2.3612252360553443,3.1379310344827585,1.8655550290737777,12.192307692307692,2.1169644450340828,19.5,2.6034165586355513,20.607142857142858,3.224205738705681,52.111111111111114,5.056095584945221,0.40396153846153837,0.047952877510515066,5.407407407407407,1.824180727788595,17.576923076923077,3.9615459297913174,0.3148461538461539,0.07432829464352983,14.821428571428571,3.174593253952753,34.92307692307692,4.955183765900731,0.441923076923077,0.05863509057001487,0.45776923076923076,0.057212102001103014,14.653846153846153,3.4979114647721747,20.923076923076923,4.165794780572629,0.6956153846153847,0.0971003921405375,9.222222222222221,2.7080128015453204,20.846153846153847,3.5178664862931646,29.928571428571427,4.311299292243765,10.206896551724139,2.6909811055347133,4.821428571428571,2.01941633350885,2.3461538461538463,1.1293292767765366,15.428571428571429,3.8818530457480063,20.107142857142858,3.3148295941262558,8.615384615384615,10.036242018113844
