Year,Team,Rslt,Rslt_std,Tm,Tm_std,Opp_score,Opp_score_std,OT,OT_std,FG,FG_std,FGA,FGA_std,FG%,FG%_std,3P,3P_std,3PA,3PA_std,3P%,3P%_std,2P,2P_std,2PA,2PA_std,2P%,2P%_std,eFG%,eFG%_std,FT,FT_std,FTA,FTA_std,FT%,FT%_std,ORB,ORB_std,DRB,DRB_std,TRB,TRB_std,AST,AST_std,STL,STL_std,BLK,BLK_std,TOV,TOV_std,PF,PF_std,FG_opp,FG_opp_std,FGA_opp,FGA_opp_std,FG%_opp,FG%_opp_std,3P_opp,3P_opp_std,3PA_opp,3PA_opp_std,3P%_opp,3P%_opp_std,2P_opp,2P_opp_std,2PA_opp,2PA_opp_std,2P%_opp,2P%_opp_std,eFG%_opp,eFG%_opp_std,FT_opp,FT_opp_std,FTA_opp,FTA_opp_std,FT%_opp,FT%_opp_std,ORB_opp,ORB_opp_std,DRB_opp,DRB_opp_std,TRB_opp,TRB_opp_std,AST_opp,AST_opp_std,STL_opp,STL_opp_std,BLK_opp,BLK_opp_std,TOV_opp,TOV_opp_std,PF_opp,PF_opp_std,Spread,Spread_std
2011,old-dominion,0.8181818181818182,0.39167472590032015,66.18518518518519,8.213670766739282,58.0,7.185376095210996,0.0,0.0,23.85185185185185,3.1708249800534642,54.25,4.948812053487255,0.43985185185185177,0.04902880135005711,4.870967741935484,1.9103566069169908,15.206896551724139,3.0865990338978455,0.3273703703703703,0.07114889487662646,18.785714285714285,3.0954822858499096,39.074074074074076,4.505773441041428,0.4844444444444445,0.062238581488020965,0.4854444444444445,0.05566474739513422,12.966666666666667,4.122966234971206,20.074074074074073,4.656888412514271,0.6559310344827587,0.09390760315882034,13.444444444444445,2.873396989002783,23.071428571428573,3.1731345809440654,36.629629629629626,4.625582276428709,14.25,3.074687578227047,6.866666666666666,1.7366899418212187,4.466666666666667,2.4597915994335127,12.172413793103448,2.4938347625013364,14.357142857142858,2.751622897751175,20.96551724137931,2.9578317181520664,52.5,4.622809791714382,0.4049629629629629,0.03952456050598011,7.035714285714286,2.027261295390498,19.607142857142858,3.937843795354732,0.37151851851851847,0.05404084663856688,14.03448275862069,3.1337193627277755,33.0,4.9380781063704715,0.4207407407407408,0.05465668555952946,0.47677777777777774,0.0456544995956952,8.666666666666666,3.4529808749943753,13.642857142857142,4.809052310693254,0.6248888888888889,0.10190279430506058,7.8,2.618238418057665,16.857142857142858,2.592214636093377,24.821428571428573,3.356073228227822,12.392857142857142,2.131584104287418,5.344827586206897,1.6096996629576923,3.064516129032258,1.7876517906827334,11.344827586206897,2.5949932847279684,17.866666666666667,3.559671946656896,7.814814814814815,6.719873150342583
