Year,Team,Rslt,Rslt_std,Tm,Tm_std,Opp_score,Opp_score_std,OT,OT_std,FG,FG_std,FGA,FGA_std,FG%,FG%_std,3P,3P_std,3PA,3PA_std,3P%,3P%_std,2P,2P_std,2PA,2PA_std,2P%,2P%_std,eFG%,eFG%_std,FT,FT_std,FTA,FTA_std,FT%,FT%_std,ORB,ORB_std,DRB,DRB_std,TRB,TRB_std,AST,AST_std,STL,STL_std,BLK,BLK_std,TOV,TOV_std,PF,PF_std,FG_opp,FG_opp_std,FGA_opp,FGA_opp_std,FG%_opp,FG%_opp_std,3P_opp,3P_opp_std,3PA_opp,3PA_opp_std,3P%_opp,3P%_opp_std,2P_opp,2P_opp_std,2PA_opp,2PA_opp_std,2P%_opp,2P%_opp_std,eFG%_opp,eFG%_opp_std,FT_opp,FT_opp_std,FTA_opp,FTA_opp_std,FT%_opp,FT%_opp_std,ORB_opp,ORB_opp_std,DRB_opp,DRB_opp_std,TRB_opp,TRB_opp_std,AST_opp,AST_opp_std,STL_opp,STL_opp_std,BLK_opp,BLK_opp_std,TOV_opp,TOV_opp_std,PF_opp,PF_opp_std,Spread,Spread_std
2011,north-carolina-asheville,0.59375,0.49899091723584604,73.46153846153847,9.53826302522957,68.62962962962963,11.526384943144569,0.125,0.3360107525161235,25.653846153846153,3.58822861804883,56.44444444444444,4.877998748961689,0.4512307692307692,0.06818815597583364,4.482758620689655,2.213928145291151,14.964285714285714,3.5950804128145974,0.3098461538461538,0.0897573138224144,20.48148148148148,3.786315139575988,42.0,4.732863826479693,0.49407692307692297,0.08376725998953198,0.4954230769230769,0.07710780664857383,16.48148148148148,4.987448633785002,23.928571428571427,7.634854634569364,0.7016538461538462,0.06020959545301217,9.482758620689655,3.3125377588702123,22.333333333333332,4.132423390327166,31.571428571428573,4.795279866150567,14.346153846153847,2.911251383062723,9.37037037037037,1.6904288975138402,4.214285714285714,1.5240575195022408,14.703703703703704,3.184274036511484,19.11111111111111,3.105000103224739,23.23076923076923,4.273712131697149,56.46153846153846,7.179029289427752,0.41503846153846147,0.052198452673795435,6.222222222222222,2.577018750615843,17.607142857142858,5.328743064316636,0.3346538461538462,0.07425682045856384,16.703703703703702,3.6035753059642013,37.18518518518518,6.195761808483633,0.45996153846153853,0.06891820123551151,0.4678076923076923,0.05616405913448153,14.777777777777779,4.457779141208643,21.5,5.300943312279429,0.6718076923076924,0.07924141302665884,11.384615384615385,2.4343692912444173,21.14814814814815,3.35930056483493,32.61538461538461,5.076037218751833,11.714285714285714,2.865595960989653,7.185185185185185,2.1668310259816512,3.7777777777777777,1.908147174886057,17.285714285714285,3.451860935110787,20.48148148148148,3.4571038387018334,5.961538461538462,10.82028010443637
