Year,Team,Rslt,Rslt_std,Tm,Tm_std,Opp_score,Opp_score_std,OT,OT_std,FG,FG_std,FGA,FGA_std,FG%,FG%_std,3P,3P_std,3PA,3PA_std,3P%,3P%_std,2P,2P_std,2PA,2PA_std,2P%,2P%_std,eFG%,eFG%_std,FT,FT_std,FTA,FTA_std,FT%,FT%_std,ORB,ORB_std,DRB,DRB_std,TRB,TRB_std,AST,AST_std,STL,STL_std,BLK,BLK_std,TOV,TOV_std,PF,PF_std,FG_opp,FG_opp_std,FGA_opp,FGA_opp_std,FG%_opp,FG%_opp_std,3P_opp,3P_opp_std,3PA_opp,3PA_opp_std,3P%_opp,3P%_opp_std,2P_opp,2P_opp_std,2PA_opp,2PA_opp_std,2P%_opp,2P%_opp_std,eFG%_opp,eFG%_opp_std,FT_opp,FT_opp_std,FTA_opp,FTA_opp_std,FT%_opp,FT%_opp_std,ORB_opp,ORB_opp_std,DRB_opp,DRB_opp_std,TRB_opp,TRB_opp_std,AST_opp,AST_opp_std,STL_opp,STL_opp_std,BLK_opp,BLK_opp_std,TOV_opp,TOV_opp_std,PF_opp,PF_opp_std,Spread,Spread_std
2011,pittsburgh,0.84375,0.36890203262847354,73.07407407407408,8.334017065967675,60.42307692307692,7.338517980753753,0.0,0.0,25.48148148148148,3.641326579594209,54.0,5.388877434122992,0.46785185185185185,0.04661932886005358,5.884615384615385,1.6811168448843306,15.142857142857142,3.4287918800378887,0.38315384615384607,0.0837384940431543,20.178571428571427,3.6722540401570445,39.53846153846154,5.4422845881542745,0.5031538461538463,0.057246618979773685,0.5231538461538461,0.05474865646402097,15.555555555555555,4.353012514192665,23.5,5.021951811795888,0.6594615384615385,0.07079391542737597,12.0,2.842534080710379,24.448275862068964,4.649010700419051,36.357142857142854,5.901752945582172,17.076923076923077,3.719387873541311,4.8125,2.0546956449918286,2.896551724137931,1.8582793036686789,11.037037037037036,2.9804682322062894,18.11111111111111,3.682947537517004,22.035714285714285,3.0121008155025826,55.0,6.575010968110185,0.3978461538461539,0.04184704750176988,5.615384615384615,1.7905736081361876,17.076923076923077,3.8149503474942055,0.3227307692307693,0.07507359466140286,15.464285714285714,3.0487659052432257,36.92307692307692,5.613719458063981,0.43615384615384617,0.052088150136239096,0.44949999999999996,0.04721969927900854,11.37037037037037,4.617259827981129,17.46153846153846,5.70775450930237,0.6695769230769228,0.10632184087079119,8.827586206896552,3.4337501938971435,17.51851851851852,2.501851166488378,26.444444444444443,3.9839421270639552,11.931034482758621,2.9752675087743743,4.925925925925926,1.998574990912774,4.185185185185185,1.7549279414756835,10.392857142857142,3.0103437199378598,20.107142857142858,3.675134522247282,12.0,8.44748483277715
