Year,Team,Rslt,Rslt_std,Tm,Tm_std,Opp_score,Opp_score_std,OT,OT_std,FG,FG_std,FGA,FGA_std,FG%,FG%_std,3P,3P_std,3PA,3PA_std,3P%,3P%_std,2P,2P_std,2PA,2PA_std,2P%,2P%_std,eFG%,eFG%_std,FT,FT_std,FTA,FTA_std,FT%,FT%_std,ORB,ORB_std,DRB,DRB_std,TRB,TRB_std,AST,AST_std,STL,STL_std,BLK,BLK_std,TOV,TOV_std,PF,PF_std,FG_opp,FG_opp_std,FGA_opp,FGA_opp_std,FG%_opp,FG%_opp_std,3P_opp,3P_opp_std,3PA_opp,3PA_opp_std,3P%_opp,3P%_opp_std,2P_opp,2P_opp_std,2PA_opp,2PA_opp_std,2P%_opp,2P%_opp_std,eFG%_opp,eFG%_opp_std,FT_opp,FT_opp_std,FTA_opp,FTA_opp_std,FT%_opp,FT%_opp_std,ORB_opp,ORB_opp_std,DRB_opp,DRB_opp_std,TRB_opp,TRB_opp_std,AST_opp,AST_opp_std,STL_opp,STL_opp_std,BLK_opp,BLK_opp_std,TOV_opp,TOV_opp_std,PF_opp,PF_opp_std,Spread,Spread_std
2011,florida,0.7878787878787878,0.41514875026728054,70.85185185185185,7.911548052852399,63.214285714285715,8.381448398020312,0.12121212121212122,0.33143398263980844,26.0,3.3444259873983135,56.0,4.08562206919677,0.4617777777777778,0.045947573245814485,6.193548387096774,1.7401025800932863,17.178571428571427,2.7359549951433295,0.3696206896551724,0.0756606209110806,19.62962962962963,2.816819648907777,38.55555555555556,4.126213885105936,0.5057037037037035,0.05965788026793004,0.5178518518518518,0.050615217918134905,13.222222222222221,3.6724895489544265,19.5,4.83429109284602,0.6646296296296295,0.07540921599877469,11.285714285714286,3.113377859033769,22.678571428571427,3.0435550780670146,34.310344827586206,5.189986569455937,13.448275862068966,3.202523635426908,5.592592592592593,2.1884181020028572,3.4444444444444446,1.0500305245868342,12.758620689655173,2.886609137945582,14.241379310344827,2.7986625940386123,23.40740740740741,2.9646540758027387,55.42857142857143,4.358291981351066,0.4192499999999999,0.04831350167856233,5.724137931034483,1.5560148668987237,18.103448275862068,3.1435288131357693,0.3227037037037037,0.07805708700629836,17.166666666666668,3.394552769621814,37.25,3.9216870897140215,0.4720740740740742,0.05982919658104029,0.47329629629629627,0.05159145338792138,9.555555555555555,2.8599802760661093,13.96551724137931,4.419783112169724,0.6582857142857141,0.08699504334235121,8.928571428571429,2.3871348303798636,19.741935483870968,3.3957595314890785,28.03448275862069,3.4380513440515945,11.142857142857142,1.918994445677132,5.892857142857143,2.0965454074507055,3.34375,1.9610625000321276,12.285714285714286,3.6092180630234894,17.964285714285715,2.7282085134977665,7.888888888888889,7.561711921217786
