Year,Team,Rslt,Rslt_std,Tm,Tm_std,Opp_score,Opp_score_std,OT,OT_std,FG,FG_std,FGA,FGA_std,FG%,FG%_std,3P,3P_std,3PA,3PA_std,3P%,3P%_std,2P,2P_std,2PA,2PA_std,2P%,2P%_std,eFG%,eFG%_std,FT,FT_std,FTA,FTA_std,FT%,FT%_std,ORB,ORB_std,DRB,DRB_std,TRB,TRB_std,AST,AST_std,STL,STL_std,BLK,BLK_std,TOV,TOV_std,PF,PF_std,FG_opp,FG_opp_std,FGA_opp,FGA_opp_std,FG%_opp,FG%_opp_std,3P_opp,3P_opp_std,3PA_opp,3PA_opp_std,3P%_opp,3P%_opp_std,2P_opp,2P_opp_std,2PA_opp,2PA_opp_std,2P%_opp,2P%_opp_std,eFG%_opp,eFG%_opp_std,FT_opp,FT_opp_std,FTA_opp,FTA_opp_std,FT%_opp,FT%_opp_std,ORB_opp,ORB_opp_std,DRB_opp,DRB_opp_std,TRB_opp,TRB_opp_std,AST_opp,AST_opp_std,STL_opp,STL_opp_std,BLK_opp,BLK_opp_std,TOV_opp,TOV_opp_std,PF_opp,PF_opp_std,Spread,Spread_std
2011,louisville,0.7352941176470589,0.4478110755198991,73.72413793103448,11.401430210172688,65.03571428571429,8.621601393129387,0.11764705882352941,0.3270349700838643,27.483870967741936,5.078523195719634,59.964285714285715,4.857084500116282,0.44660714285714276,0.04231744171161429,8.535714285714286,2.3488711687097203,24.142857142857142,2.9902840904835353,0.3455,0.06513433412173246,18.06896551724138,3.760044020285236,35.57142857142857,4.614217733376405,0.5125000000000001,0.0674276017776213,0.5159285714285715,0.04426597102149901,11.5,4.132078662619345,17.285714285714285,5.556825251733843,0.6701785714285714,0.08487465859700216,11.689655172413794,3.219399325915385,22.766666666666666,4.264394150552264,35.206896551724135,5.6339488203519235,17.357142857142858,3.234241404149891,8.89655172413793,2.093268592181801,4.433333333333334,2.2996751394765385,12.8,3.1337979601710786,19.448275862068964,3.3229312242630398,22.0,3.5050983275386565,54.666666666666664,5.554329366597166,0.3941785714285713,0.057390832647363395,5.375,2.012060410816284,17.93103448275862,4.017204380471917,0.30614285714285716,0.07753551840128893,15.580645161290322,3.1598965547244013,36.1,5.319774431308154,0.43831034482758613,0.059643047402428026,0.44553571428571426,0.06763764136263571,15.793103448275861,4.879836870405957,22.214285714285715,5.499879748565167,0.6946428571428572,0.08652433367244336,10.428571428571429,2.986743196298423,22.06451612903226,3.863810587757184,33.107142857142854,4.157450124101495,10.862068965517242,2.3410031111688987,6.419354838709677,2.3205486929946413,2.6,1.2205143065174586,15.233333333333333,2.9205966954496243,16.448275862068964,3.2687503826446296,10.5,12.15791161404025
