Year,Team,Rslt,Rslt_std,Tm,Tm_std,Opp_score,Opp_score_std,OT,OT_std,FG,FG_std,FGA,FGA_std,FG%,FG%_std,3P,3P_std,3PA,3PA_std,3P%,3P%_std,2P,2P_std,2PA,2PA_std,2P%,2P%_std,eFG%,eFG%_std,FT,FT_std,FTA,FTA_std,FT%,FT%_std,ORB,ORB_std,DRB,DRB_std,TRB,TRB_std,AST,AST_std,STL,STL_std,BLK,BLK_std,TOV,TOV_std,PF,PF_std,FG_opp,FG_opp_std,FGA_opp,FGA_opp_std,FG%_opp,FG%_opp_std,3P_opp,3P_opp_std,3PA_opp,3PA_opp_std,3P%_opp,3P%_opp_std,2P_opp,2P_opp_std,2PA_opp,2PA_opp_std,2P%_opp,2P%_opp_std,eFG%_opp,eFG%_opp_std,FT_opp,FT_opp_std,FTA_opp,FTA_opp_std,FT%_opp,FT%_opp_std,ORB_opp,ORB_opp_std,DRB_opp,DRB_opp_std,TRB_opp,TRB_opp_std,AST_opp,AST_opp_std,STL_opp,STL_opp_std,BLK_opp,BLK_opp_std,TOV_opp,TOV_opp_std,PF_opp,PF_opp_std,Spread,Spread_std
2011,northern-colorado,0.6774193548387096,0.47519096331149135,72.72,7.58023746329889,65.76,10.067604812797663,0.0,0.0,22.653846153846153,3.9592151514390594,53.15384615384615,5.93088396576637,0.4335600000000001,0.049074840804632265,7.9655172413793105,1.841636667685444,20.96153846153846,2.749265636212976,0.39464000000000005,0.056742752841221926,14.423076923076923,3.336741847048728,32.392857142857146,6.00826150805758,0.45524000000000003,0.054517795259896557,0.50948,0.052392047742636165,17.73076923076923,5.016434529086908,23.59259259259259,6.2342679494947015,0.7742000000000001,0.09530696022152141,9.74074074074074,2.6252119708202404,22.925925925925927,2.9990501820246345,32.8,3.905124837953327,11.538461538461538,2.1583469458040194,5.730769230769231,1.8012815950359853,1.7586206896551724,1.2437033527158516,13.84,3.1182259913824937,19.653846153846153,3.6545019654372353,21.103448275862068,3.3630856110997542,50.214285714285715,4.085721685714985,0.41750000000000004,0.05521322305390258,7.0,2.6311740579210876,21.03846153846154,3.6494467441602074,0.34012,0.08430565421923569,13.884615384615385,2.833046742670132,29.68,4.200396806652121,0.45527999999999996,0.07472534152927417,0.4890400000000001,0.07006097344456469,15.76,4.858669227953953,22.32,5.814636704042652,0.6938000000000001,0.08249393917131126,8.24,2.146314670934033,19.923076923076923,3.6652211602911704,28.04,4.158124577258358,12.846153846153847,2.6637163166119278,6.269230769230769,1.537730595590588,3.037037037037037,1.2551886613169256,13.961538461538462,2.2535442171081397,20.821428571428573,3.6214747500264814,5.96,10.212247548899311
