Year,Team,Rslt,Rslt_std,Tm,Tm_std,Opp_score,Opp_score_std,OT,OT_std,FG,FG_std,FGA,FGA_std,FG%,FG%_std,3P,3P_std,3PA,3PA_std,3P%,3P%_std,2P,2P_std,2PA,2PA_std,2P%,2P%_std,eFG%,eFG%_std,FT,FT_std,FTA,FTA_std,FT%,FT%_std,ORB,ORB_std,DRB,DRB_std,TRB,TRB_std,AST,AST_std,STL,STL_std,BLK,BLK_std,TOV,TOV_std,PF,PF_std,FG_opp,FG_opp_std,FGA_opp,FGA_opp_std,FG%_opp,FG%_opp_std,3P_opp,3P_opp_std,3PA_opp,3PA_opp_std,3P%_opp,3P%_opp_std,2P_opp,2P_opp_std,2PA_opp,2PA_opp_std,2P%_opp,2P%_opp_std,eFG%_opp,eFG%_opp_std,FT_opp,FT_opp_std,FTA_opp,FTA_opp_std,FT%_opp,FT%_opp_std,ORB_opp,ORB_opp_std,DRB_opp,DRB_opp_std,TRB_opp,TRB_opp_std,AST_opp,AST_opp_std,STL_opp,STL_opp_std,BLK_opp,BLK_opp_std,TOV_opp,TOV_opp_std,PF_opp,PF_opp_std,Spread,Spread_std
2011,georgetown,0.6774193548387096,0.4751909633114915,70.36,9.982818573262097,65.24,6.759437846448475,0.0,0.0,25.32,4.110150037812893,52.81481481481482,5.80475294006185,0.48128,0.05092847926258941,6.444444444444445,2.292686253374032,19.44,4.435463147556671,0.3575925925925926,0.09104405495703682,18.2,3.253203549323856,33.08,4.881256668796127,0.5453199999999999,0.05656244337013739,0.5401923076923077,0.0609800093347118,13.28,3.8785736209763164,18.214285714285715,5.397922390843179,0.7256400000000001,0.11651032858363529,8.16,1.8184242262647807,22.153846153846153,2.6486571343578267,30.03846153846154,3.4348888684295944,15.0,4.714951667914447,5.785714285714286,2.1833908874032995,4.269230769230769,1.4299004806682822,12.73076923076923,2.237099770822791,18.76923076923077,3.0894360949233737,22.5,2.9563490998188966,54.84615384615385,5.127902555176397,0.41240000000000004,0.02703238798182654,5.464285714285714,1.8555650603311362,16.0,3.227486121839514,0.3218076923076923,0.07250104508530576,17.74074074074074,4.229862632726729,39.08,4.999333288882961,0.4438799999999999,0.03786084168812591,0.46199999999999997,0.03192961008217921,14.142857142857142,4.352217703860751,20.36,5.130626992223595,0.7024799999999999,0.061416691542283526,9.962962962962964,2.8213673919066196,17.178571428571427,4.000496000993908,27.576923076923077,4.4736837342224085,11.962962962962964,2.2951702045395823,7.0,1.6583123951777,3.3333333333333335,1.5191090506254998,11.4,2.1015867021530816,16.88,2.8035691537752374,5.16,9.64226805960783
