Year,Team,Rslt,Rslt_std,Tm,Tm_std,Opp_score,Opp_score_std,OT,OT_std,FG,FG_std,FGA,FGA_std,FG%,FG%_std,3P,3P_std,3PA,3PA_std,3P%,3P%_std,2P,2P_std,2PA,2PA_std,2P%,2P%_std,eFG%,eFG%_std,FT,FT_std,FTA,FTA_std,FT%,FT%_std,ORB,ORB_std,DRB,DRB_std,TRB,TRB_std,AST,AST_std,STL,STL_std,BLK,BLK_std,TOV,TOV_std,PF,PF_std,FG_opp,FG_opp_std,FGA_opp,FGA_opp_std,FG%_opp,FG%_opp_std,3P_opp,3P_opp_std,3PA_opp,3PA_opp_std,3P%_opp,3P%_opp_std,2P_opp,2P_opp_std,2PA_opp,2PA_opp_std,2P%_opp,2P%_opp_std,eFG%_opp,eFG%_opp_std,FT_opp,FT_opp_std,FTA_opp,FTA_opp_std,FT%_opp,FT%_opp_std,ORB_opp,ORB_opp_std,DRB_opp,DRB_opp_std,TRB_opp,TRB_opp_std,AST_opp,AST_opp_std,STL_opp,STL_opp_std,BLK_opp,BLK_opp_std,TOV_opp,TOV_opp_std,PF_opp,PF_opp_std,Spread,Spread_std
2011,southern-california,0.5757575757575758,0.5018903659106632,66.70370370370371,5.669179935369943,62.0,8.598018720956935,0.0,0.0,24.06896551724138,2.802180713081951,53.724137931034484,3.7597164760518273,0.44418518518518507,0.038453805490421315,6.392857142857143,1.6179384622799682,17.689655172413794,3.3711321569621733,0.36255555555555563,0.09488184284974707,18.0,2.866057521105554,36.724137931034484,3.972193993645415,0.48103571428571434,0.0426731610880736,0.5011481481481481,0.046322202438425136,11.821428571428571,3.820544574607244,19.074074074074073,4.375859703892271,0.6327241379310347,0.1012168452071817,8.655172413793103,1.7581618255798037,22.074074074074073,3.50741989245575,30.85185185185185,2.755465948363832,12.11111111111111,2.516611478423583,5.896551724137931,1.7595621936437746,2.740740740740741,1.3182912189238527,11.344827586206897,2.8192686750412714,17.071428571428573,2.8922446931543266,21.666666666666668,2.6165155925684536,53.074074074074076,3.4072990197055804,0.41055555555555556,0.055409200383866646,5.3,2.1359000364055527,16.892857142857142,2.9102537208251653,0.32422222222222224,0.08010393888967648,15.892857142857142,2.469657131912515,36.892857142857146,3.68519847914435,0.44499999999999995,0.06323156465904325,0.46081481481481473,0.06280129655510983,12.758620689655173,4.27329892984827,19.074074074074073,5.370331073635577,0.7062592592592593,0.06137438239864264,7.62962962962963,2.4984325570575727,21.866666666666667,2.687561814311836,30.321428571428573,3.9912271521293023,10.482758620689655,2.7725786045172103,4.655172413793103,1.9323535255701147,2.75,1.646109783506203,11.838709677419354,3.522279320681883,17.5,3.148617649612013,3.814814814814815,8.940130084396195
