Year,Team,Rslt,Rslt_std,Tm,Tm_std,Opp_score,Opp_score_std,OT,OT_std,FG,FG_std,FGA,FGA_std,FG%,FG%_std,3P,3P_std,3PA,3PA_std,3P%,3P%_std,2P,2P_std,2PA,2PA_std,2P%,2P%_std,eFG%,eFG%_std,FT,FT_std,FTA,FTA_std,FT%,FT%_std,ORB,ORB_std,DRB,DRB_std,TRB,TRB_std,AST,AST_std,STL,STL_std,BLK,BLK_std,TOV,TOV_std,PF,PF_std,FG_opp,FG_opp_std,FGA_opp,FGA_opp_std,FG%_opp,FG%_opp_std,3P_opp,3P_opp_std,3PA_opp,3PA_opp_std,3P%_opp,3P%_opp_std,2P_opp,2P_opp_std,2PA_opp,2PA_opp_std,2P%_opp,2P%_opp_std,eFG%_opp,eFG%_opp_std,FT_opp,FT_opp_std,FTA_opp,FTA_opp_std,FT%_opp,FT%_opp_std,ORB_opp,ORB_opp_std,DRB_opp,DRB_opp_std,TRB_opp,TRB_opp_std,AST_opp,AST_opp_std,STL_opp,STL_opp_std,BLK_opp,BLK_opp_std,TOV_opp,TOV_opp_std,PF_opp,PF_opp_std,Spread,Spread_std
2011,syracuse,0.7878787878787878,0.41514875026728054,72.51851851851852,8.001780428660238,62.925925925925924,8.892200237917782,0.0,0.0,26.22222222222222,3.4566917636257286,56.7037037037037,6.860224344923281,0.4651851851851852,0.06381164412492382,6.310344827586207,2.0196083120224446,18.214285714285715,3.9661264137894965,0.34955555555555556,0.07258858425470609,19.821428571428573,3.3780727732504015,38.96296296296296,5.747785402834472,0.5246296296296297,0.07006872897824522,0.5231851851851852,0.07297472535961023,12.931034482758621,4.439522452461675,19.142857142857142,5.48205345221205,0.6534444444444445,0.06874050050920788,11.068965517241379,3.5449262986773347,23.107142857142858,3.4783913450338435,33.107142857142854,3.9378437953547314,15.666666666666666,2.801098685543558,8.709677419354838,2.865816327995647,6.821428571428571,2.277971342917518,11.785714285714286,2.378252437418,15.178571428571429,2.9571454131829555,22.555555555555557,2.819347078441735,57.48148148148148,4.65229778108352,0.39696296296296296,0.05240924865640934,7.379310344827586,2.39663146197575,21.586206896551722,5.341998297716677,0.3144074074074074,0.09134981759034429,15.655172413793103,3.676915070204578,35.689655172413794,6.285490367708917,0.45429629629629636,0.05031349017358361,0.460037037037037,0.06354555088310304,11.03225806451613,4.969801276830171,16.357142857142858,4.482181063940533,0.6407037037037037,0.08285381696551454,10.517241379310345,2.339424374486358,20.433333333333334,4.352433590638637,30.607142857142858,4.748015458446908,14.655172413793103,3.362353152066544,5.793103448275862,2.1276967819826003,2.5,1.925330244847397,13.214285714285714,2.166361394855829,17.22222222222222,2.791929761808451,8.035714285714286,9.469178629392514
