Year,Team,Rslt,Rslt_std,Tm,Tm_std,Opp_score,Opp_score_std,OT,OT_std,FG,FG_std,FGA,FGA_std,FG%,FG%_std,3P,3P_std,3PA,3PA_std,3P%,3P%_std,2P,2P_std,2PA,2PA_std,2P%,2P%_std,eFG%,eFG%_std,FT,FT_std,FTA,FTA_std,FT%,FT%_std,ORB,ORB_std,DRB,DRB_std,TRB,TRB_std,AST,AST_std,STL,STL_std,BLK,BLK_std,TOV,TOV_std,PF,PF_std,FG_opp,FG_opp_std,FGA_opp,FGA_opp_std,FG%_opp,FG%_opp_std,3P_opp,3P_opp_std,3PA_opp,3PA_opp_std,3P%_opp,3P%_opp_std,2P_opp,2P_opp_std,2PA_opp,2PA_opp_std,2P%_opp,2P%_opp_std,eFG%_opp,eFG%_opp_std,FT_opp,FT_opp_std,FTA_opp,FTA_opp_std,FT%_opp,FT%_opp_std,ORB_opp,ORB_opp_std,DRB_opp,DRB_opp_std,TRB_opp,TRB_opp_std,AST_opp,AST_opp_std,STL_opp,STL_opp_std,BLK_opp,BLK_opp_std,TOV_opp,TOV_opp_std,PF_opp,PF_opp_std,Spread,Spread_std
2011,virginia-commonwealth,0.6764705882352942,0.47485807993381707,70.65517241379311,8.494855006199616,67.17857142857143,6.68360942310627,0.0,0.0,23.620689655172413,2.8712092164333862,55.357142857142854,5.306978534347126,0.44053571428571425,0.04244253818539894,8.5625,2.270959723226312,22.689655172413794,3.873937165541225,0.3606071428571429,0.05838780903053516,15.866666666666667,3.1919438822019472,32.535714285714285,4.86470388773499,0.4893571428571429,0.05000238089569431,0.5147857142857143,0.052830516674205366,14.821428571428571,4.489110869884637,20.24137931034483,6.015783836908852,0.7152857142857145,0.08592884961273015,9.655172413793103,2.7810052405170422,19.806451612903224,3.8420424675660008,29.678571428571427,3.6418714300792545,14.310344827586206,2.989307711014878,8.0,2.8284271247461903,3.433333333333333,1.4307782626184986,11.1,2.5508619232965426,18.214285714285715,2.7535450935131935,24.607142857142858,2.9355961690472463,54.5,5.6075346137535735,0.4498214285714287,0.04638969678984729,5.793103448275862,1.8396294336637393,15.379310344827585,3.6782545657208536,0.3619655172413793,0.0944969700038127,18.933333333333334,3.990794003905638,38.0,6.386369413502032,0.49046428571428574,0.06217685775440602,0.5013571428571428,0.05183893452102514,12.724137931034482,4.31688174268135,18.535714285714285,5.653462674471303,0.6888928571428572,0.07626141167099461,9.766666666666667,2.8849590128365996,22.0,3.474396144861517,32.5,3.8825344910346997,13.285714285714286,3.028960741674143,6.129032258064516,1.8572728301440795,3.967741935483871,1.9913792702168673,14.357142857142858,2.959157609289129,18.275862068965516,2.711042916403442,3.9310344827586206,8.163205928707345
