Year,Team,Rslt,Rslt_std,Tm,Tm_std,Opp_score,Opp_score_std,OT,OT_std,FG,FG_std,FGA,FGA_std,FG%,FG%_std,3P,3P_std,3PA,3PA_std,3P%,3P%_std,2P,2P_std,2PA,2PA_std,2P%,2P%_std,eFG%,eFG%_std,FT,FT_std,FTA,FTA_std,FT%,FT%_std,ORB,ORB_std,DRB,DRB_std,TRB,TRB_std,AST,AST_std,STL,STL_std,BLK,BLK_std,TOV,TOV_std,PF,PF_std,FG_opp,FG_opp_std,FGA_opp,FGA_opp_std,FG%_opp,FG%_opp_std,3P_opp,3P_opp_std,3PA_opp,3PA_opp_std,3P%_opp,3P%_opp_std,2P_opp,2P_opp_std,2PA_opp,2PA_opp_std,2P%_opp,2P%_opp_std,eFG%_opp,eFG%_opp_std,FT_opp,FT_opp_std,FTA_opp,FTA_opp_std,FT%_opp,FT%_opp_std,ORB_opp,ORB_opp_std,DRB_opp,DRB_opp_std,TRB_opp,TRB_opp_std,AST_opp,AST_opp_std,STL_opp,STL_opp_std,BLK_opp,BLK_opp_std,TOV_opp,TOV_opp_std,PF_opp,PF_opp_std,Spread,Spread_std
2011,wofford,0.6363636363636364,0.48850421045919723,73.88888888888889,7.443806580658609,68.0,6.146362971528592,0.12121212121212122,0.33143398263980844,26.14814814814815,3.3131869819266124,54.25925925925926,4.637577223844635,0.4841851851851853,0.06079982099988645,5.5,2.151657414559676,14.035714285714286,3.6664862870494543,0.39588888888888896,0.11035897138023064,20.413793103448278,3.1341123302335814,39.851851851851855,4.896652731939235,0.5122222222222222,0.067367724144506,0.5341851851851852,0.07624002433460597,15.10344827586207,4.506699993075444,22.77777777777778,4.651991577918606,0.683888888888889,0.08385212869796144,8.964285714285714,2.2357721817477847,19.17241379310345,3.6651736025658885,28.79310344827586,4.7236434964731835,13.75,3.427827300200522,6.642857142857143,1.4960264830861913,2.375,1.4535828926505883,11.857142857142858,3.3412604154751486,18.962962962962962,2.6672008012071595,23.51851851851852,2.5171774542495675,52.18518518518518,4.78006305910318,0.4491111111111112,0.0439101647013828,5.2592592592592595,1.7670617200616177,15.571428571428571,4.59813626840888,0.3506666666666667,0.07404104890583954,18.037037037037038,2.9675356453238786,36.58620689655172,6.091664336142993,0.4935555555555556,0.05237610533684621,0.4981481481481481,0.052595483649120485,15.11111111111111,3.297240493472515,22.20689655172414,5.052434422737134,0.7193703703703703,0.09129375585191936,8.96551724137931,3.6004241676769304,19.333333333333332,3.5300904324873126,28.074074074074073,4.581953949386876,10.03448275862069,2.3676805802407683,5.533333333333333,2.7003618318641127,3.2666666666666666,1.7798359733284477,13.11111111111111,2.516611478423583,19.741935483870968,3.0327956512705554,5.2592592592592595,9.776709343334575
