Year,Team,Rslt,Rslt_std,Tm,Tm_std,Opp_score,Opp_score_std,OT,OT_std,FG,FG_std,FGA,FGA_std,FG%,FG%_std,3P,3P_std,3PA,3PA_std,3P%,3P%_std,2P,2P_std,2PA,2PA_std,2P%,2P%_std,eFG%,eFG%_std,FT,FT_std,FTA,FTA_std,FT%,FT%_std,ORB,ORB_std,DRB,DRB_std,TRB,TRB_std,AST,AST_std,STL,STL_std,BLK,BLK_std,TOV,TOV_std,PF,PF_std,FG_opp,FG_opp_std,FGA_opp,FGA_opp_std,FG%_opp,FG%_opp_std,3P_opp,3P_opp_std,3PA_opp,3PA_opp_std,3P%_opp,3P%_opp_std,2P_opp,2P_opp_std,2PA_opp,2PA_opp_std,2P%_opp,2P%_opp_std,eFG%_opp,eFG%_opp_std,FT_opp,FT_opp_std,FTA_opp,FTA_opp_std,FT%_opp,FT%_opp_std,ORB_opp,ORB_opp_std,DRB_opp,DRB_opp_std,TRB_opp,TRB_opp_std,AST_opp,AST_opp_std,STL_opp,STL_opp_std,BLK_opp,BLK_opp_std,TOV_opp,TOV_opp_std,PF_opp,PF_opp_std,Spread,Spread_std
2011,michigan,0.6060606060606061,0.49619766344887317,65.07142857142857,7.605692660537951,63.18518518518518,6.2081648287807685,0.0,0.0,23.321428571428573,2.3735201460273903,53.592592592592595,4.263072738505547,0.44733333333333325,0.048147210159612014,7.9655172413793105,1.9545324362452967,22.77777777777778,3.7244858533487375,0.36875,0.07757511294318654,15.285714285714286,2.7869689211033135,30.444444444444443,4.299672020884789,0.5092962962962962,0.05419396419330989,0.523925925925926,0.06099806171316866,10.5,4.79043587391262,14.037037037037036,5.3814602070547695,0.6967407407407408,0.10553803273359018,7.222222222222222,2.5012817227194257,22.333333333333332,2.8419928002940256,29.892857142857142,5.187872508458661,13.25,2.757145598595013,4.571428571428571,1.7089865185644153,1.6666666666666667,1.093344547181068,10.366666666666667,2.9182343898362566,16.655172413793103,3.2544020963805482,23.392857142857142,2.897499377998664,53.666666666666664,4.296689244236598,0.4306666666666666,0.05179248534740864,6.535714285714286,2.0454492009977745,19.571428571428573,4.709553501118146,0.3313103448275862,0.09560562724333298,16.607142857142858,3.457030257469292,33.857142857142854,4.511009460110492,0.48818518518518517,0.053455975442800695,0.49414814814814817,0.059346896557900396,10.333333333333334,3.721042037676254,15.481481481481481,4.870400160233009,0.6700370370370371,0.09802648052027005,8.125,2.090685950097595,22.925925925925927,3.14918702483338,31.037037037037038,3.513506701961638,13.074074074074074,2.7445880442724975,4.3,1.8964576779190012,2.740740740740741,1.258588727124784,11.827586206896552,2.686859099889702,16.233333333333334,3.500574665466478,3.5925925925925926,9.191380825614912
