Year,Team,Rslt,Rslt_std,Tm,Tm_std,Opp_score,Opp_score_std,OT,OT_std,FG,FG_std,FGA,FGA_std,FG%,FG%_std,3P,3P_std,3PA,3PA_std,3P%,3P%_std,2P,2P_std,2PA,2PA_std,2P%,2P%_std,eFG%,eFG%_std,FT,FT_std,FTA,FTA_std,FT%,FT%_std,ORB,ORB_std,DRB,DRB_std,TRB,TRB_std,AST,AST_std,STL,STL_std,BLK,BLK_std,TOV,TOV_std,PF,PF_std,FG_opp,FG_opp_std,FGA_opp,FGA_opp_std,FG%_opp,FG%_opp_std,3P_opp,3P_opp_std,3PA_opp,3PA_opp_std,3P%_opp,3P%_opp_std,2P_opp,2P_opp_std,2PA_opp,2PA_opp_std,2P%_opp,2P%_opp_std,eFG%_opp,eFG%_opp_std,FT_opp,FT_opp_std,FTA_opp,FTA_opp_std,FT%_opp,FT%_opp_std,ORB_opp,ORB_opp_std,DRB_opp,DRB_opp_std,TRB_opp,TRB_opp_std,AST_opp,AST_opp_std,STL_opp,STL_opp_std,BLK_opp,BLK_opp_std,TOV_opp,TOV_opp_std,PF_opp,PF_opp_std,Spread,Spread_std
2011,akron,0.6571428571428571,0.48159399197793534,70.58620689655173,8.529433247707235,66.20689655172414,8.957755260685838,0.11428571428571428,0.32280285109067564,24.75862068965517,3.192123928110216,57.275862068965516,5.063148030652035,0.43651724137931036,0.05031090530012581,7.533333333333333,1.9953970019528193,22.03448275862069,4.04865726084137,0.356,0.0665872515498689,17.266666666666666,3.150624824000661,35.93333333333333,4.494696747342885,0.47755172413793096,0.05813075544893631,0.5054827586206897,0.057742421079464853,13.066666666666666,4.593348514396947,17.82758620689655,5.127439945439505,0.7060000000000002,0.0790835904958436,8.3125,3.3354160160315836,22.3,3.8340579025361627,31.17241379310345,4.8260377530732885,14.333333333333334,2.669538683295148,6.225806451612903,2.539155731332167,3.2413793103448274,1.1543449723851773,12.09375,2.955141773794585,19.580645161290324,3.4715433028014795,22.93103448275862,3.0581394259857535,55.310344827586206,4.652982517205359,0.41234482758620705,0.053794102081168825,5.290322580645161,2.1477670324796523,16.586206896551722,3.5103646674558138,0.31013793103448273,0.08480385947161126,17.129032258064516,3.0082324321088283,39.53333333333333,5.37384042557464,0.45865517241379306,0.07533177846892133,0.46055172413793105,0.06349723627669415,13.3,3.922965099566117,20.586206896551722,4.679111953132852,0.6597931034482759,0.09308842927574097,10.2,2.833299526505546,23.580645161290324,3.612701607277552,33.43333333333333,4.515745123785055,11.517241379310345,2.8737816008971824,5.967741935483871,1.940513178994016,1.8125,1.2296734420949118,13.89655172413793,3.528909459088367,18.517241379310345,2.7725786045172103,4.655172413793103,9.611287493912583
