Year,Team,Rslt,Rslt_std,Tm,Tm_std,Opp_score,Opp_score_std,OT,OT_std,FG,FG_std,FGA,FGA_std,FG%,FG%_std,3P,3P_std,3PA,3PA_std,3P%,3P%_std,2P,2P_std,2PA,2PA_std,2P%,2P%_std,eFG%,eFG%_std,FT,FT_std,FTA,FTA_std,FT%,FT%_std,ORB,ORB_std,DRB,DRB_std,TRB,TRB_std,AST,AST_std,STL,STL_std,BLK,BLK_std,TOV,TOV_std,PF,PF_std,FG_opp,FG_opp_std,FGA_opp,FGA_opp_std,FG%_opp,FG%_opp_std,3P_opp,3P_opp_std,3PA_opp,3PA_opp_std,3P%_opp,3P%_opp_std,2P_opp,2P_opp_std,2PA_opp,2PA_opp_std,2P%_opp,2P%_opp_std,eFG%_opp,eFG%_opp_std,FT_opp,FT_opp_std,FTA_opp,FTA_opp_std,FT%_opp,FT%_opp_std,ORB_opp,ORB_opp_std,DRB_opp,DRB_opp_std,TRB_opp,TRB_opp_std,AST_opp,AST_opp_std,STL_opp,STL_opp_std,BLK_opp,BLK_opp_std,TOV_opp,TOV_opp_std,PF_opp,PF_opp_std,Spread,Spread_std
2011,texas-am,0.75,0.43994134506405985,68.18518518518519,9.583788543629437,60.30769230769231,6.868881893113206,0.125,0.3360107525161235,23.166666666666668,4.144654499417319,51.96153846153846,4.5998327728800685,0.44569230769230767,0.046194172126595566,5.3076923076923075,1.5942203302989402,15.785714285714286,3.7747420108766705,0.35067857142857145,0.09346778156389607,17.51851851851852,3.285988557150009,35.88461538461539,5.117240843086619,0.49042307692307696,0.05443320536358159,0.4991538461538462,0.05453416713048238,17.14814814814815,5.347204184673761,23.846153846153847,6.110268784217649,0.7042692307692308,0.06401034772116627,11.285714285714286,2.6226526415648106,22.59259259259259,3.296376323494765,33.67857142857143,5.157185360888326,13.296296296296296,3.495214473608768,6.678571428571429,2.1611651766199915,1.3333333333333333,1.093344547181068,12.89655172413793,2.8201421897562806,17.666666666666668,2.974248450643262,20.846153846153847,3.145693026247891,51.111111111111114,4.190954851117173,0.4072307692307693,0.04855043373013897,5.357142857142857,1.9286204187389284,16.88888888888889,3.0550504633038935,0.31107692307692303,0.07946970395159307,15.071428571428571,2.8011713347385316,34.61538461538461,4.613691997322085,0.4571923076923078,0.05168444193818426,0.46157692307692305,0.056148498164722505,12.296296296296296,3.624858775125058,17.88888888888889,4.963972767957701,0.6900384615384615,0.097727572678024,8.62962962962963,2.186464447601831,18.285714285714285,2.9421224746914696,26.703703703703702,3.831195985337043,11.0,2.947822106643105,6.115384615384615,1.306198241521495,3.7241379310344827,2.185938041929073,13.0,3.03315017762062,20.333333333333332,3.5409690112258168,8.0,10.545141061171254
