Year,Team,Rslt,Rslt_std,Tm,Tm_std,Opp_score,Opp_score_std,OT,OT_std,FG,FG_std,FGA,FGA_std,FG%,FG%_std,3P,3P_std,3PA,3PA_std,3P%,3P%_std,2P,2P_std,2PA,2PA_std,2P%,2P%_std,eFG%,eFG%_std,FT,FT_std,FTA,FTA_std,FT%,FT%_std,ORB,ORB_std,DRB,DRB_std,TRB,TRB_std,AST,AST_std,STL,STL_std,BLK,BLK_std,TOV,TOV_std,PF,PF_std,FG_opp,FG_opp_std,FGA_opp,FGA_opp_std,FG%_opp,FG%_opp_std,3P_opp,3P_opp_std,3PA_opp,3PA_opp_std,3P%_opp,3P%_opp_std,2P_opp,2P_opp_std,2PA_opp,2PA_opp_std,2P%_opp,2P%_opp_std,eFG%_opp,eFG%_opp_std,FT_opp,FT_opp_std,FTA_opp,FTA_opp_std,FT%_opp,FT%_opp_std,ORB_opp,ORB_opp_std,DRB_opp,DRB_opp_std,TRB_opp,TRB_opp_std,AST_opp,AST_opp_std,STL_opp,STL_opp_std,BLK_opp,BLK_opp_std,TOV_opp,TOV_opp_std,PF_opp,PF_opp_std,Spread,Spread_std
2011,cincinnati,0.7575757575757576,0.43519413988924455,67.92592592592592,9.482477467275043,58.93103448275862,8.289110905634653,0.0,0.0,23.62962962962963,3.5317041881978835,54.724137931034484,5.391107438074945,0.4338888888888889,0.052780629702523174,6.071428571428571,2.2759380878868782,18.74074074074074,4.337604732431807,0.34748387096774186,0.08972917435919489,17.74074074074074,3.300263306425397,36.44444444444444,4.909436230624053,0.48677777777777775,0.07389510930695738,0.4903571428571429,0.0630873669843327,14.074074074074074,4.906243478591851,21.964285714285715,6.333228904736379,0.6557407407407406,0.08868422485364429,11.296296296296296,2.700638312223111,20.964285714285715,4.1764963418063346,32.241379310344826,4.672527401232757,14.068965517241379,3.6540685199881615,7.5,2.045772515502441,3.7142857142857144,1.3569339855976197,11.074074074074074,2.182551892517739,17.14814814814815,2.699055443094914,20.79310344827586,3.5993978697319005,50.22222222222222,4.388212649406391,0.41857142857142854,0.05533228149698308,4.516129032258065,2.0955662359997995,14.379310344827585,3.211739549832862,0.31640740740740747,0.11068328317225312,15.620689655172415,3.6976227218448674,35.25,4.93382129718868,0.44970370370370366,0.059456393079825136,0.4619629629629631,0.06383059399178995,12.037037037037036,4.146188996040001,17.51851851851852,5.063978144095278,0.7011428571428573,0.11486472374887237,8.0,2.3882428066894086,18.896551724137932,3.298753309814903,27.275862068965516,4.589557648495876,11.25925925925926,2.6688025634181187,5.5,1.737020834449128,2.7142857142857144,1.5361602650076456,14.074074074074074,2.495009263524131,18.17241379310345,3.263094122337191,10.928571428571429,12.092019319242391
