Year,Team,Rslt,Rslt_std,Tm,Tm_std,Opp_score,Opp_score_std,OT,OT_std,FG,FG_std,FGA,FGA_std,FG%,FG%_std,3P,3P_std,3PA,3PA_std,3P%,3P%_std,2P,2P_std,2PA,2PA_std,2P%,2P%_std,eFG%,eFG%_std,FT,FT_std,FTA,FTA_std,FT%,FT%_std,ORB,ORB_std,DRB,DRB_std,TRB,TRB_std,AST,AST_std,STL,STL_std,BLK,BLK_std,TOV,TOV_std,PF,PF_std,FG_opp,FG_opp_std,FGA_opp,FGA_opp_std,FG%_opp,FG%_opp_std,3P_opp,3P_opp_std,3PA_opp,3PA_opp_std,3P%_opp,3P%_opp_std,2P_opp,2P_opp_std,2PA_opp,2PA_opp_std,2P%_opp,2P%_opp_std,eFG%_opp,eFG%_opp_std,FT_opp,FT_opp_std,FTA_opp,FTA_opp_std,FT%_opp,FT%_opp_std,ORB_opp,ORB_opp_std,DRB_opp,DRB_opp_std,TRB_opp,TRB_opp_std,AST_opp,AST_opp_std,STL_opp,STL_opp_std,BLK_opp,BLK_opp_std,TOV_opp,TOV_opp_std,PF_opp,PF_opp_std,Spread,Spread_std
2011,michigan-state,0.5757575757575758,0.5018903659106632,68.29629629629629,9.037591641475215,66.44444444444444,6.681393989357733,0.0,0.0,23.88888888888889,3.5662233129669145,55.666666666666664,4.394051923645453,0.43351851851851847,0.054339651460031654,6.25,1.7132382161232527,18.103448275862068,3.8298156202001508,0.35540740740740745,0.07901034949698252,17.59259259259259,2.8319503915045936,37.58620689655172,5.7166251368849625,0.4766666666666666,0.05855635024355731,0.4942592592592593,0.06075017732965102,13.962962962962964,4.5529490145777745,19.962962962962962,5.522551538788524,0.6881724137931036,0.09590809178044113,10.0,2.7255405754769875,23.25925925925926,3.685654023921071,33.51851851851852,4.449462978576269,14.655172413793103,3.298006563159084,6.033333333333333,2.470283151902776,4.724137931034483,1.688121350668038,12.551724137931034,3.4287253660023547,18.379310344827587,2.7699122356319252,23.035714285714285,2.5163486606610346,54.51851851851852,3.5988285526775172,0.4232962962962962,0.048845765752098015,6.741935483870968,2.6327139600987657,16.724137931034484,4.173868980455646,0.3642222222222222,0.07150219648768912,16.535714285714285,2.8216378597616334,37.55555555555556,4.236592728681617,0.4587407407407408,0.06107976663133131,0.4796296296296297,0.06329913606662121,13.535714285714286,4.60661475173467,19.571428571428573,5.67273251439676,0.6574074074074074,0.09042517487244496,8.214285714285714,2.5291946142646666,20.5,2.5748067169458815,28.51851851851852,3.457103838701833,11.964285714285714,1.5270921982678656,6.37037037037037,2.02195922024137,3.0,1.7019258867935263,11.214285714285714,3.201355533001177,17.142857142857142,3.2054847176569528,1.4444444444444444,9.873559615821414
