Year,Team,Rslt,Rslt_std,Tm,Tm_std,Opp_score,Opp_score_std,OT,OT_std,FG,FG_std,FGA,FGA_std,FG%,FG%_std,3P,3P_std,3PA,3PA_std,3P%,3P%_std,2P,2P_std,2PA,2PA_std,2P%,2P%_std,eFG%,eFG%_std,FT,FT_std,FTA,FTA_std,FT%,FT%_std,ORB,ORB_std,DRB,DRB_std,TRB,TRB_std,AST,AST_std,STL,STL_std,BLK,BLK_std,TOV,TOV_std,PF,PF_std,FG_opp,FG_opp_std,FGA_opp,FGA_opp_std,FG%_opp,FG%_opp_std,3P_opp,3P_opp_std,3PA_opp,3PA_opp_std,3P%_opp,3P%_opp_std,2P_opp,2P_opp_std,2PA_opp,2PA_opp_std,2P%_opp,2P%_opp_std,eFG%_opp,eFG%_opp_std,FT_opp,FT_opp_std,FTA_opp,FTA_opp_std,FT%_opp,FT%_opp_std,ORB_opp,ORB_opp_std,DRB_opp,DRB_opp_std,TRB_opp,TRB_opp_std,AST_opp,AST_opp_std,STL_opp,STL_opp_std,BLK_opp,BLK_opp_std,TOV_opp,TOV_opp_std,PF_opp,PF_opp_std,Spread,Spread_std
2011,texas-san-antonio,0.59375,0.49899091723584604,70.0,6.379052256590135,69.23076923076923,8.184412952962198,0.0,0.0,23.333333333333332,2.4806946917841692,54.793103448275865,5.136558814342728,0.4295384615384614,0.03179337134590262,6.785714285714286,1.872948613266394,20.074074074074073,3.0499170975608996,0.3563846153846154,0.06747982034539032,16.535714285714285,2.2191446943818636,35.03703703703704,3.6319255486426467,0.4722307692307692,0.037815666269214614,0.4939615384615384,0.03760689380337681,16.307692307692307,3.552680461502056,23.62962962962963,5.062290057551091,0.7136153846153845,0.06101086914514621,9.25925925925926,1.9133657938221489,22.785714285714285,4.701119983634655,32.370370370370374,5.092590002589344,12.481481481481481,2.2424294924233465,7.333333333333333,2.270208394365185,2.2413793103448274,1.0574623402207861,13.148148148148149,3.182931688091048,19.962962962962962,3.6213202169871854,23.76923076923077,2.642842292800572,57.592592592592595,5.786318473907349,0.4176923076923076,0.05376003663002415,7.115384615384615,2.5507163398061037,22.555555555555557,5.315675898360458,0.3193076923076923,0.08314794969487545,16.444444444444443,2.2588855886396955,34.96153846153846,3.583079895629113,0.47715384615384615,0.05587249219978812,0.4841153846153846,0.06737615419305373,14.777777777777779,5.35891301645667,20.846153846153847,6.201240570674921,0.686423076923077,0.08552294339037828,10.576923076923077,2.858993905877757,22.88888888888889,3.4566917636257286,33.407407407407405,4.021664975329145,12.037037037037036,3.0061665018819292,5.888888888888889,1.3397282541141675,3.25,1.7976321874848262,13.74074074074074,3.1451133352771077,20.48148148148148,2.7924399362780923,2.0384615384615383,6.3212705636178494
