Year,Team,Rslt,Rslt_std,Tm,Tm_std,Opp_score,Opp_score_std,OT,OT_std,FG,FG_std,FGA,FGA_std,FG%,FG%_std,3P,3P_std,3PA,3PA_std,3P%,3P%_std,2P,2P_std,2PA,2PA_std,2P%,2P%_std,eFG%,eFG%_std,FT,FT_std,FTA,FTA_std,FT%,FT%_std,ORB,ORB_std,DRB,DRB_std,TRB,TRB_std,AST,AST_std,STL,STL_std,BLK,BLK_std,TOV,TOV_std,PF,PF_std,FG_opp,FG_opp_std,FGA_opp,FGA_opp_std,FG%_opp,FG%_opp_std,3P_opp,3P_opp_std,3PA_opp,3PA_opp_std,3P%_opp,3P%_opp_std,2P_opp,2P_opp_std,2PA_opp,2PA_opp_std,2P%_opp,2P%_opp_std,eFG%_opp,eFG%_opp_std,FT_opp,FT_opp_std,FTA_opp,FTA_opp_std,FT%_opp,FT%_opp_std,ORB_opp,ORB_opp_std,DRB_opp,DRB_opp_std,TRB_opp,TRB_opp_std,AST_opp,AST_opp_std,STL_opp,STL_opp_std,BLK_opp,BLK_opp_std,TOV_opp,TOV_opp_std,PF_opp,PF_opp_std,Spread,Spread_std
2011,kansas,1.0,0.0,82.03571428571429,8.439247565446784,65.67857142857143,7.850706839743659,0.0,0.0,29.535714285714285,4.203016049855617,57.7,4.0611702067600985,0.5185357142857142,0.05658129657133283,7.5,1.8891705897672078,18.724137931034484,3.806916184714135,0.39532142857142866,0.06978169853002612,22.03448275862069,3.803032235886532,39.035714285714285,4.442906479931576,0.5778214285714285,0.059589368658703346,0.5835714285714285,0.06558027513492519,15.833333333333334,4.676303678329074,23.413793103448278,6.167409976060282,0.6745357142857143,0.07295329918813721,11.0,2.2771001702132443,25.964285714285715,3.12080406136271,36.785714285714285,4.112826754841969,17.642857142857142,3.6128811290865985,7.75,2.153807997220014,4.0,1.6555182695279267,13.344827586206897,2.5533711899168785,18.0,2.194268628681278,22.655172413793103,3.43590144201079,56.86666666666667,5.475546474590669,0.4015357142857144,0.05545200269759969,5.633333333333334,2.2816106430407403,18.75862068965517,4.822974574247968,0.29953571428571424,0.09929137150340131,17.178571428571427,2.419880184186834,38.07142857142857,4.198135136502709,0.45585714285714296,0.05875669499171314,0.4521071428571429,0.06832077894739517,13.642857142857142,3.773340063934768,19.20689655172414,5.996304280524008,0.7370714285714287,0.09333687634998551,8.75,2.5184504348095857,18.964285714285715,3.795534831362328,28.107142857142858,4.669358633999969,11.266666666666667,2.803118132431777,5.741935483870968,1.9994622933092765,2.7241379310344827,0.7510255713802261,13.714285714285714,2.773647723327837,20.233333333333334,3.28720962617792,16.03448275862069,10.798421705510915
