Year,Team,Rslt,Rslt_std,Tm,Tm_std,Opp_score,Opp_score_std,OT,OT_std,FG,FG_std,FGA,FGA_std,FG%,FG%_std,3P,3P_std,3PA,3PA_std,3P%,3P%_std,2P,2P_std,2PA,2PA_std,2P%,2P%_std,eFG%,eFG%_std,FT,FT_std,FTA,FTA_std,FT%,FT%_std,ORB,ORB_std,DRB,DRB_std,TRB,TRB_std,AST,AST_std,STL,STL_std,BLK,BLK_std,TOV,TOV_std,PF,PF_std,FG_opp,FG_opp_std,FGA_opp,FGA_opp_std,FG%_opp,FG%_opp_std,3P_opp,3P_opp_std,3PA_opp,3PA_opp_std,3P%_opp,3P%_opp_std,2P_opp,2P_opp_std,2PA_opp,2PA_opp_std,2P%_opp,2P%_opp_std,eFG%_opp,eFG%_opp_std,FT_opp,FT_opp_std,FTA_opp,FTA_opp_std,FT%_opp,FT%_opp_std,ORB_opp,ORB_opp_std,DRB_opp,DRB_opp_std,TRB_opp,TRB_opp_std,AST_opp,AST_opp_std,STL_opp,STL_opp_std,BLK_opp,BLK_opp_std,TOV_opp,TOV_opp_std,PF_opp,PF_opp_std,Spread,Spread_std
2011,north-carolina,0.7878787878787878,0.41514875026728054,75.92592592592592,9.164840532944476,68.17857142857143,6.944507936217689,0.0,0.0,27.666666666666668,4.076197322920545,61.793103448275865,5.0735962896494655,0.4516071428571428,0.05503489753865221,5.161290322580645,2.84132333245794,15.833333333333334,4.3792877182871,0.3236071428571428,0.10528140044862284,22.814814814814813,3.174865679012591,46.58620689655172,4.821953082216126,0.4893703703703704,0.043160833516714556,0.4940714285714285,0.07083048547029501,15.892857142857142,4.121661708352013,23.62962962962963,4.567006662744193,0.6581034482758621,0.0842154315802998,12.071428571428571,2.720683076382915,27.285714285714285,2.6226526415648106,38.964285714285715,4.140872540519135,15.03448275862069,4.523610746648314,5.758620689655173,1.8449772049267998,5.5,2.0993826252990204,13.071428571428571,2.6377399336689655,15.466666666666667,2.4315928273789837,25.392857142857142,3.4463000633990255,62.74074074074074,4.519977813020704,0.4074285714285715,0.05122096544958228,6.928571428571429,2.2596061837895793,20.8,5.773900850766556,0.3248888888888889,0.0758314595429249,18.428571428571427,4.220133150686577,40.48148148148148,6.72178073001018,0.43859259259259253,0.0531176193130065,0.46251851851851855,0.052997365950779085,9.535714285714286,2.937397977514603,14.962962962962964,3.8177871307209594,0.6385357142857143,0.09330097936957978,10.0,2.449489742783178,21.75862068965517,3.312909515535865,32.25925925925926,3.747743860722614,12.142857142857142,2.3208281681855265,7.296296296296297,2.333943754098082,2.857142857142857,1.145499590645633,13.5,2.457038265277331,20.466666666666665,2.861556525236997,8.074074074074074,9.322949046164466
