Year,Team,Rslt,Rslt_std,Tm,Tm_std,Opp_score,Opp_score_std,OT,OT_std,FG,FG_std,FGA,FGA_std,FG%,FG%_std,3P,3P_std,3PA,3PA_std,3P%,3P%_std,2P,2P_std,2PA,2PA_std,2P%,2P%_std,eFG%,eFG%_std,FT,FT_std,FTA,FTA_std,FT%,FT%_std,ORB,ORB_std,DRB,DRB_std,TRB,TRB_std,AST,AST_std,STL,STL_std,BLK,BLK_std,TOV,TOV_std,PF,PF_std,FG_opp,FG_opp_std,FGA_opp,FGA_opp_std,FG%_opp,FG%_opp_std,3P_opp,3P_opp_std,3PA_opp,3PA_opp_std,3P%_opp,3P%_opp_std,2P_opp,2P_opp_std,2PA_opp,2PA_opp_std,2P%_opp,2P%_opp_std,eFG%_opp,eFG%_opp_std,FT_opp,FT_opp_std,FTA_opp,FTA_opp_std,FT%_opp,FT%_opp_std,ORB_opp,ORB_opp_std,DRB_opp,DRB_opp_std,TRB_opp,TRB_opp_std,AST_opp,AST_opp_std,STL_opp,STL_opp_std,BLK_opp,BLK_opp_std,TOV_opp,TOV_opp_std,PF_opp,PF_opp_std,Spread,Spread_std
2011,brigham-young,0.8823529411764706,0.3270349700838643,81.35714285714286,6.945365018348225,67.27586206896552,8.383216872009974,0.0,0.0,27.5,3.34995854037363,60.392857142857146,4.613501006219846,0.45621428571428563,0.046597056927296536,8.35483870967742,2.8466165541659474,23.533333333333335,3.8482717422628627,0.36110344827586205,0.07830359635400179,19.321428571428573,3.2665937795561484,37.333333333333336,5.396891399834649,0.5125714285714286,0.06577313904707467,0.5231785714285715,0.05426208933154287,18.433333333333334,4.014485266385092,23.5,5.0074019285527775,0.7769655172413792,0.06381921047471335,9.655172413793103,2.4967959764032086,25.5,4.688577462374878,35.07142857142857,4.027025107561563,14.5,3.4480268109295333,8.03448275862069,2.7964615220551448,3.90625,1.855408397787572,10.833333333333334,2.653343152526162,17.428571428571427,3.132015933791495,24.285714285714285,2.7736477233278367,59.25806451612903,3.750268807569967,0.41767857142857145,0.04933037046014808,6.2,1.7498768429570242,17.551724137931036,3.1688912763271424,0.33931034482758615,0.08396644884726102,18.096774193548388,3.3201891382839164,41.6,3.9618873941769137,0.45146428571428576,0.05768527775647154,0.46950000000000003,0.05684449222480836,13.379310344827585,5.010088344697614,18.866666666666667,5.923264089272431,0.6704666666666668,0.11093201811775606,9.172413793103448,3.0245302529866565,22.5,3.511066249289032,31.517241379310345,4.372157767830209,12.709677419354838,3.174833836986294,5.896551724137931,1.5432995169489228,2.9375,1.522678031330581,14.482758620689655,3.3660138533707413,19.933333333333334,2.9587198225762683,13.821428571428571,9.51433060033583
