Year,Team,Rslt,Rslt_std,Tm,Tm_std,Opp_score,Opp_score_std,OT,OT_std,FG,FG_std,FGA,FGA_std,FG%,FG%_std,3P,3P_std,3PA,3PA_std,3P%,3P%_std,2P,2P_std,2PA,2PA_std,2P%,2P%_std,eFG%,eFG%_std,FT,FT_std,FTA,FTA_std,FT%,FT%_std,ORB,ORB_std,DRB,DRB_std,TRB,TRB_std,AST,AST_std,STL,STL_std,BLK,BLK_std,TOV,TOV_std,PF,PF_std,FG_opp,FG_opp_std,FGA_opp,FGA_opp_std,FG%_opp,FG%_opp_std,3P_opp,3P_opp_std,3PA_opp,3PA_opp_std,3P%_opp,3P%_opp_std,2P_opp,2P_opp_std,2PA_opp,2PA_opp_std,2P%_opp,2P%_opp_std,eFG%_opp,eFG%_opp_std,FT_opp,FT_opp_std,FTA_opp,FTA_opp_std,FT%_opp,FT%_opp_std,ORB_opp,ORB_opp_std,DRB_opp,DRB_opp_std,TRB_opp,TRB_opp_std,AST_opp,AST_opp_std,STL_opp,STL_opp_std,BLK_opp,BLK_opp_std,TOV_opp,TOV_opp_std,PF_opp,PF_opp_std,Spread,Spread_std
2012,lamar,0.6764705882352942,0.47485807993381707,73.82142857142857,9.498746784507443,63.96666666666667,8.699914122974228,0.0,0.0,25.821428571428573,3.8973264475988456,59.714285714285715,4.9054553370193945,0.4382857142857143,0.06797540794034329,4.34375,2.119180836869482,12.642857142857142,2.570693604548315,0.34125000000000005,0.10849086836466246,21.275862068965516,3.6732289388817603,46.666666666666664,4.936376818270059,0.4691379310344827,0.07951851722259909,0.47646428571428573,0.07858917187824245,17.655172413793103,3.2544020963805482,24.724137931034484,3.945128566836193,0.7229642857142858,0.0666758227839398,12.866666666666667,3.803204940059364,24.142857142857142,3.27407646819324,36.03448275862069,4.6482159298002985,12.620689655172415,4.109342953245587,8.172413793103448,2.791171867529599,4.166666666666667,1.6832508230603462,11.580645161290322,3.2840441891909946,17.107142857142858,2.780078412353864,24.03448275862069,3.190194336004914,56.310344827586206,5.555585659469615,0.4195357142857143,0.04985421869504246,5.241379310344827,1.6400168207716022,14.866666666666667,2.812942174691993,0.34524137931034493,0.09181373036612685,19.266666666666666,3.258234484198918,41.785714285714285,4.794728145517532,0.4467857142857142,0.06647770840128077,0.4632142857142857,0.052097029945098884,12.137931034482758,4.05078597250878,18.862068965517242,5.125037546420196,0.6716785714285713,0.12021279083094727,9.689655172413794,2.8921500686694035,20.666666666666668,3.2835360810264143,30.310344827586206,5.4909239937754295,12.172413793103448,2.435877159658469,5.172413793103448,1.6917650444187695,3.5517241379310347,1.3518824678560455,14.392857142857142,2.6574742354666983,18.066666666666666,2.6643668243529537,8.642857142857142,11.589312719577865
