Year,Team,Rslt,Rslt_std,Tm,Tm_std,Opp_score,Opp_score_std,OT,OT_std,FG,FG_std,FGA,FGA_std,FG%,FG%_std,3P,3P_std,3PA,3PA_std,3P%,3P%_std,2P,2P_std,2PA,2PA_std,2P%,2P%_std,eFG%,eFG%_std,FT,FT_std,FTA,FTA_std,FT%,FT%_std,ORB,ORB_std,DRB,DRB_std,TRB,TRB_std,AST,AST_std,STL,STL_std,BLK,BLK_std,TOV,TOV_std,PF,PF_std,FG_opp,FG_opp_std,FGA_opp,FGA_opp_std,FG%_opp,FG%_opp_std,3P_opp,3P_opp_std,3PA_opp,3PA_opp_std,3P%_opp,3P%_opp_std,2P_opp,2P_opp_std,2PA_opp,2PA_opp_std,2P%_opp,2P%_opp_std,eFG%_opp,eFG%_opp_std,FT_opp,FT_opp_std,FTA_opp,FTA_opp_std,FT%_opp,FT%_opp_std,ORB_opp,ORB_opp_std,DRB_opp,DRB_opp_std,TRB_opp,TRB_opp_std,AST_opp,AST_opp_std,STL_opp,STL_opp_std,BLK_opp,BLK_opp_std,TOV_opp,TOV_opp_std,PF_opp,PF_opp_std,Spread,Spread_std
2012,ohio-state,0.7941176470588235,0.4104256301219048,75.51724137931035,7.529089727067052,59.0,10.44208011064065,0.0,0.0,27.357142857142858,3.335713435980994,56.333333333333336,5.046906415599173,0.47942857142857137,0.04818669600582376,4.862068965517241,1.4571042204865121,14.933333333333334,2.0833218390487516,0.3217142857142857,0.08642181529411516,22.285714285714285,2.967192748075663,41.82142857142857,4.04652179338486,0.5327857142857143,0.05674527694025692,0.522392857142857,0.05487112124870374,14.464285714285714,4.841809753916576,21.17241379310345,6.442431692177603,0.7024999999999999,0.06289585748591786,10.033333333333333,2.9182343898362566,23.642857142857142,3.5194095223834623,34.57142857142857,4.158245458243812,14.785714285714286,3.3261828066857757,7.214285714285714,2.7535450935131935,2.892857142857143,1.2863754913561998,11.466666666666667,2.8855565809058734,16.344827586206897,2.525242026151235,21.75862068965517,3.6999534013841027,52.56666666666667,4.952765394955758,0.40046428571428566,0.060042874892836585,5.774193548387097,2.7411637117515726,18.464285714285715,3.68663394457191,0.30985714285714294,0.097313055073976,15.206896551724139,2.833212592810344,34.10344827586207,5.023834815771478,0.4535,0.07484279821361868,0.455392857142857,0.0720284610855265,10.033333333333333,3.736892802328153,15.233333333333333,5.599774215481176,0.7027500000000001,0.08220102955109054,6.67741935483871,2.196771825113592,20.035714285714285,3.2940141318047043,27.466666666666665,4.305035810923451,9.64516129032258,2.8583023760823973,4.5,2.35550145335854,2.4285714285714284,1.259881576697424,14.428571428571429,4.459102811507925,17.96551724137931,3.58053027418216,15.241379310344827,13.244015285656369
