Year,Team,Rslt,Rslt_std,Tm,Tm_std,Opp_score,Opp_score_std,OT,OT_std,FG,FG_std,FGA,FGA_std,FG%,FG%_std,3P,3P_std,3PA,3PA_std,3P%,3P%_std,2P,2P_std,2PA,2PA_std,2P%,2P%_std,eFG%,eFG%_std,FT,FT_std,FTA,FTA_std,FT%,FT%_std,ORB,ORB_std,DRB,DRB_std,TRB,TRB_std,AST,AST_std,STL,STL_std,BLK,BLK_std,TOV,TOV_std,PF,PF_std,FG_opp,FG_opp_std,FGA_opp,FGA_opp_std,FG%_opp,FG%_opp_std,3P_opp,3P_opp_std,3PA_opp,3PA_opp_std,3P%_opp,3P%_opp_std,2P_opp,2P_opp_std,2PA_opp,2PA_opp_std,2P%_opp,2P%_opp_std,eFG%_opp,eFG%_opp_std,FT_opp,FT_opp_std,FTA_opp,FTA_opp_std,FT%_opp,FT%_opp_std,ORB_opp,ORB_opp_std,DRB_opp,DRB_opp_std,TRB_opp,TRB_opp_std,AST_opp,AST_opp_std,STL_opp,STL_opp_std,BLK_opp,BLK_opp_std,TOV_opp,TOV_opp_std,PF_opp,PF_opp_std,Spread,Spread_std
2012,western-kentucky,0.45454545454545453,0.5056498968474316,65.89285714285714,5.370283706653409,67.60714285714286,7.104194304745382,0.0,0.0,22.142857142857142,2.519763153394848,55.18518518518518,5.864082569973276,0.4023333333333334,0.038544679369431886,5.655172413793103,1.7377296779124012,18.444444444444443,4.457779141208644,0.3097037037037037,0.07008007223324278,16.214285714285715,2.9484100279848615,36.51851851851852,6.002373699503392,0.452,0.057357851048684495,0.4524074074074073,0.04628777813374071,15.444444444444445,4.209269380539658,21.678571428571427,5.754570302383955,0.7026666666666667,0.09868130522039116,10.862068965517242,2.5735486607716602,22.344827586206897,3.1878772837665315,33.22222222222222,3.915780041490244,10.964285714285714,1.5511559096637113,5.290322580645161,2.003223209182255,4.074074074074074,1.2065821380413584,15.068965517241379,3.115984532360732,19.535714285714285,3.490538989019093,24.071428571428573,2.2265830228563135,55.67857142857143,4.199237774120189,0.4302592592592593,0.037178977302722474,4.689655172413793,1.4168236173079471,13.758620689655173,2.429802643569948,0.3379285714285714,0.08401099071458781,19.0,1.7213259316477407,40.888888888888886,3.7757661813743524,0.4667407407407406,0.04398827867703692,0.4732592592592592,0.04806213333767719,14.962962962962964,4.628353100364364,21.785714285714285,7.051961339241639,0.7374814814814816,0.059206529246469984,9.7,3.975355113176944,22.962962962962962,4.090152164570987,32.77777777777778,4.7013364166547476,11.37037037037037,2.238614752787092,6.655172413793103,1.9323535255701143,3.78125,2.7560417502338854,14.107142857142858,2.6713748120103604,19.5,3.421534239449335,-2.5185185185185186,7.846461085543696
