Year,Team,Rslt,Rslt_std,Tm,Tm_std,Opp_score,Opp_score_std,OT,OT_std,FG,FG_std,FGA,FGA_std,FG%,FG%_std,3P,3P_std,3PA,3PA_std,3P%,3P%_std,2P,2P_std,2PA,2PA_std,2P%,2P%_std,eFG%,eFG%_std,FT,FT_std,FTA,FTA_std,FT%,FT%_std,ORB,ORB_std,DRB,DRB_std,TRB,TRB_std,AST,AST_std,STL,STL_std,BLK,BLK_std,TOV,TOV_std,PF,PF_std,FG_opp,FG_opp_std,FGA_opp,FGA_opp_std,FG%_opp,FG%_opp_std,3P_opp,3P_opp_std,3PA_opp,3PA_opp_std,3P%_opp,3P%_opp_std,2P_opp,2P_opp_std,2PA_opp,2PA_opp_std,2P%_opp,2P%_opp_std,eFG%_opp,eFG%_opp_std,FT_opp,FT_opp_std,FTA_opp,FTA_opp_std,FT%_opp,FT%_opp_std,ORB_opp,ORB_opp_std,DRB_opp,DRB_opp_std,TRB_opp,TRB_opp_std,AST_opp,AST_opp_std,STL_opp,STL_opp_std,BLK_opp,BLK_opp_std,TOV_opp,TOV_opp_std,PF_opp,PF_opp_std,Spread,Spread_std
2012,michigan,0.7272727272727273,0.45226701686664544,65.96296296296296,6.235638771063545,61.7037037037037,7.394461621921009,0.0,0.0,23.310344827586206,3.0718008710092204,51.5,4.566382797341004,0.4585555555555556,0.050927046866710256,8.0,1.5191090506254998,23.357142857142858,4.473910260149729,0.3613571428571429,0.0837475104265524,15.857142857142858,3.0515847214470893,28.96551724137931,4.083789894384607,0.5364444444444443,0.07273785033801089,0.5363703703703704,0.0551565242309753,11.206896551724139,4.329131472979866,15.148148148148149,5.126880170717889,0.7077777777777777,0.08020182874058006,7.333333333333333,2.6311740579210876,21.11111111111111,3.154158833780878,28.862068965517242,4.947756619570375,12.214285714285714,2.712892987161189,5.0,2.04939015319192,1.935483870967742,1.5691926559214613,10.285714285714286,2.386026339569975,15.75,2.619372274250285,22.107142857142858,2.4089230068456016,51.785714285714285,3.7550671233054014,0.4285185185185185,0.04629368653612944,5.935483870967742,1.9652902053889776,17.11111111111111,3.2383914968977248,0.3496785714285714,0.08618286053349268,16.357142857142858,2.5706936045483153,35.214285714285715,4.130797993547017,0.47240740740740744,0.04628943994813775,0.4845185185185184,0.051708034169950776,11.142857142857142,3.9225302275754856,15.678571428571429,4.996692027424866,0.7204999999999998,0.06900751435196777,8.392857142857142,2.499470843469573,20.517241379310345,2.959496695327632,29.40740740740741,3.3997653681400664,10.838709677419354,3.163297585258653,5.678571428571429,1.7649587431663567,2.4642857142857144,1.4005856673692658,11.931034482758621,2.5061500707938262,16.03448275862069,2.87206693391822,5.964285714285714,9.028687377863726
