Year,Team,Rslt,Rslt_std,Tm,Tm_std,Opp_score,Opp_score_std,OT,OT_std,FG,FG_std,FGA,FGA_std,FG%,FG%_std,3P,3P_std,3PA,3PA_std,3P%,3P%_std,2P,2P_std,2PA,2PA_std,2P%,2P%_std,eFG%,eFG%_std,FT,FT_std,FTA,FTA_std,FT%,FT%_std,ORB,ORB_std,DRB,DRB_std,TRB,TRB_std,AST,AST_std,STL,STL_std,BLK,BLK_std,TOV,TOV_std,PF,PF_std,FG_opp,FG_opp_std,FGA_opp,FGA_opp_std,FG%_opp,FG%_opp_std,3P_opp,3P_opp_std,3PA_opp,3PA_opp_std,3P%_opp,3P%_opp_std,2P_opp,2P_opp_std,2PA_opp,2PA_opp_std,2P%_opp,2P%_opp_std,eFG%_opp,eFG%_opp_std,FT_opp,FT_opp_std,FTA_opp,FTA_opp_std,FT%_opp,FT%_opp_std,ORB_opp,ORB_opp_std,DRB_opp,DRB_opp_std,TRB_opp,TRB_opp_std,AST_opp,AST_opp_std,STL_opp,STL_opp_std,BLK_opp,BLK_opp_std,TOV_opp,TOV_opp_std,PF_opp,PF_opp_std,Spread,Spread_std
2012,west-virginia,0.59375,0.49899091723584604,72.07692307692308,9.959610743088614,66.53846153846153,6.765978239579369,0.1875,0.39655776945626603,25.923076923076923,3.393205881441053,58.0,5.145872132107443,0.4439615384615385,0.058184864540002684,5.206896551724138,2.059460927122636,17.576923076923077,3.3725133289352844,0.29619230769230775,0.0800514930433002,20.62962962962963,3.0274150962895994,40.111111111111114,4.806512675793552,0.5056153846153847,0.05740946049081244,0.4899999999999999,0.06863701625216528,14.285714285714286,4.179820507019347,21.48148148148148,6.351077257928952,0.6717500000000002,0.0965649368924199,12.615384615384615,2.434369291244417,21.51851851851852,3.876659648265505,34.285714285714285,4.744252997884546,14.066666666666666,3.6096932082202313,6.296296296296297,2.09054308024742,2.3,1.5120207989811927,12.615384615384615,3.0076824709656185,16.25925925925926,2.903480571693124,24.76923076923077,2.916267371935465,54.92307692307692,5.275779198738908,0.4446923076923076,0.038642742377599675,5.068965517241379,2.234966194738886,16.51851851851852,3.0175177058988574,0.3055,0.09044921226854329,19.346153846153847,2.4321563714910717,38.38461538461539,5.528666552266817,0.5040384615384615,0.05381039361999187,0.49292307692307696,0.04808818821866599,11.5,2.874021572639983,17.964285714285715,5.117016946802349,0.6775555555555556,0.09459969642711631,8.678571428571429,2.708745389899462,20.22222222222222,2.8599802760661097,28.444444444444443,3.806202764853639,12.346153846153847,2.448547450098653,7.066666666666666,2.2732831086237417,2.793103448275862,2.093856836844862,13.11111111111111,3.4566917636257286,19.814814814814813,4.252031523845052,5.5,10.435516278555651
