Year,Team,Rslt,Rslt_std,Tm,Tm_std,Opp_score,Opp_score_std,OT,OT_std,FG,FG_std,FGA,FGA_std,FG%,FG%_std,3P,3P_std,3PA,3PA_std,3P%,3P%_std,2P,2P_std,2PA,2PA_std,2P%,2P%_std,eFG%,eFG%_std,FT,FT_std,FTA,FTA_std,FT%,FT%_std,ORB,ORB_std,DRB,DRB_std,TRB,TRB_std,AST,AST_std,STL,STL_std,BLK,BLK_std,TOV,TOV_std,PF,PF_std,FG_opp,FG_opp_std,FGA_opp,FGA_opp_std,FG%_opp,FG%_opp_std,3P_opp,3P_opp_std,3PA_opp,3PA_opp_std,3P%_opp,3P%_opp_std,2P_opp,2P_opp_std,2PA_opp,2PA_opp_std,2P%_opp,2P%_opp_std,eFG%_opp,eFG%_opp_std,FT_opp,FT_opp_std,FTA_opp,FTA_opp_std,FT%_opp,FT%_opp_std,ORB_opp,ORB_opp_std,DRB_opp,DRB_opp_std,TRB_opp,TRB_opp_std,AST_opp,AST_opp_std,STL_opp,STL_opp_std,BLK_opp,BLK_opp_std,TOV_opp,TOV_opp_std,PF_opp,PF_opp_std,Spread,Spread_std
2012,saint-marys-ca,0.84375,0.36890203262847354,74.73076923076923,9.245789062303734,62.03703703703704,9.464433346772463,0.0,0.0,26.074074074074073,3.485419364746249,53.82142857142857,5.8881775551213575,0.47315384615384626,0.04648500171684826,7.241379310344827,2.4002257693480344,21.035714285714285,4.1676189388003815,0.34469230769230774,0.06331620281145686,18.185185185185187,2.5425159713141356,32.55555555555556,4.8858770831647895,0.5523846153846154,0.06646868551315088,0.5419615384615385,0.05565068248942201,15.107142857142858,5.123217201852221,20.423076923076923,5.811527007065025,0.7453571428571427,0.08286231967042693,10.633333333333333,2.9651229355607676,24.346153846153847,4.260913589288641,34.92307692307692,4.362779636177623,16.037037037037038,4.354321297299266,7.137931034482759,2.7087706480330374,3.3,1.684615990213425,11.148148148148149,2.85150032983588,15.666666666666666,2.4961508830135313,23.192307692307693,3.237520418706029,54.26923076923077,4.754431131546169,0.4317037037037037,0.05816277874989151,5.481481481481482,1.5284575022493547,14.821428571428571,3.322800820242659,0.3664230769230769,0.08659984899613767,17.59259259259259,3.618959256038412,39.148148148148145,4.777380225956672,0.4499230769230769,0.06518154528817069,0.47557692307692306,0.062132228723536444,10.461538461538462,3.5914428212713534,15.461538461538462,4.347236080368944,0.6586923076923077,0.09895201634358715,7.678571428571429,2.1091260508591465,18.923076923076923,2.621802081364296,26.379310344827587,4.186831337688002,11.214285714285714,3.212903876985946,5.333333333333333,2.369680277038363,2.1666666666666665,1.4641305136221772,11.961538461538462,2.821074536140713,18.25925925925926,3.1815887733186266,12.76923076923077,10.218836302858334
