Year,Team,Rslt,Rslt_std,Tm,Tm_std,Opp_score,Opp_score_std,OT,OT_std,FG,FG_std,FGA,FGA_std,FG%,FG%_std,3P,3P_std,3PA,3PA_std,3P%,3P%_std,2P,2P_std,2PA,2PA_std,2P%,2P%_std,eFG%,eFG%_std,FT,FT_std,FTA,FTA_std,FT%,FT%_std,ORB,ORB_std,DRB,DRB_std,TRB,TRB_std,AST,AST_std,STL,STL_std,BLK,BLK_std,TOV,TOV_std,PF,PF_std,FG_opp,FG_opp_std,FGA_opp,FGA_opp_std,FG%_opp,FG%_opp_std,3P_opp,3P_opp_std,3PA_opp,3PA_opp_std,3P%_opp,3P%_opp_std,2P_opp,2P_opp_std,2PA_opp,2PA_opp_std,2P%_opp,2P%_opp_std,eFG%_opp,eFG%_opp_std,FT_opp,FT_opp_std,FTA_opp,FTA_opp_std,FT%_opp,FT%_opp_std,ORB_opp,ORB_opp_std,DRB_opp,DRB_opp_std,TRB_opp,TRB_opp_std,AST_opp,AST_opp_std,STL_opp,STL_opp_std,BLK_opp,BLK_opp_std,TOV_opp,TOV_opp_std,PF_opp,PF_opp_std,Spread,Spread_std
2012,kansas,0.8181818181818182,0.39167472590032015,74.51851851851852,7.505743290053447,62.67857142857143,9.396822045258949,0.0,0.0,26.071428571428573,3.2990298397556037,54.58620689655172,4.902748801724179,0.48629629629629634,0.05037155394956013,6.0,1.7728105208558367,16.51851851851852,3.0805889842737035,0.35862962962962963,0.08914730598981757,20.2,3.2206231994915906,38.57142857142857,4.677990795587127,0.5442222222222223,0.051837270029415745,0.5394814814814815,0.06084176852887165,15.793103448275861,3.2113560814355977,22.964285714285715,4.229369472813429,0.6975925925925927,0.062030550326344636,9.592592592592593,2.2059231324089392,24.555555555555557,2.5318484177091665,34.074074074074076,3.8423342857607747,15.678571428571429,3.2665937795561484,7.074074074074074,1.662387669448003,4.966666666666667,2.311639712610843,13.222222222222221,2.846500325410855,17.551724137931036,2.9469864377087673,20.857142857142858,2.7313581713714257,55.758620689655174,5.828839460658363,0.3827777777777777,0.03755133238784696,6.451612903225806,2.6688163378474155,17.25,4.427397864643729,0.3472222222222222,0.08771252578444642,14.88888888888889,2.4389993744808445,36.82142857142857,5.2848740930976,0.4051785714285714,0.055979529043728764,0.43999999999999995,0.052829915767489175,12.586206896551724,4.484236209683479,18.482758620689655,5.622789658772417,0.7244444444444444,0.0852053326849248,8.96551724137931,3.5201740888432704,19.535714285714285,3.5536329127115645,27.964285714285715,4.780222704072385,10.448275862068966,2.7977823730405755,6.37037037037037,2.372083604509046,2.9285714285714284,1.3032316365146677,13.10344827586207,3.0746059862108104,18.655172413793103,2.6762962422636773,11.962962962962964,9.842925931001965
