Year,Team,Rslt,Rslt_std,Tm,Tm_std,Opp_score,Opp_score_std,OT,OT_std,FG,FG_std,FGA,FGA_std,FG%,FG%_std,3P,3P_std,3PA,3PA_std,3P%,3P%_std,2P,2P_std,2PA,2PA_std,2P%,2P%_std,eFG%,eFG%_std,FT,FT_std,FTA,FTA_std,FT%,FT%_std,ORB,ORB_std,DRB,DRB_std,TRB,TRB_std,AST,AST_std,STL,STL_std,BLK,BLK_std,TOV,TOV_std,PF,PF_std,FG_opp,FG_opp_std,FGA_opp,FGA_opp_std,FG%_opp,FG%_opp_std,3P_opp,3P_opp_std,3PA_opp,3PA_opp_std,3P%_opp,3P%_opp_std,2P_opp,2P_opp_std,2PA_opp,2PA_opp_std,2P%_opp,2P%_opp_std,eFG%_opp,eFG%_opp_std,FT_opp,FT_opp_std,FTA_opp,FTA_opp_std,FT%_opp,FT%_opp_std,ORB_opp,ORB_opp_std,DRB_opp,DRB_opp_std,TRB_opp,TRB_opp_std,AST_opp,AST_opp_std,STL_opp,STL_opp_std,BLK_opp,BLK_opp_std,TOV_opp,TOV_opp_std,PF_opp,PF_opp_std,Spread,Spread_std
2012,south-florida,0.6060606060606061,0.49619766344887317,58.666666666666664,9.3356224299104,56.2962962962963,6.556352262177117,0.0,0.0,21.464285714285715,3.7365278282973104,48.464285714285715,4.533677624647876,0.43103703703703705,0.051806950440651436,4.571428571428571,1.5498762538075104,14.6,2.7114063026280357,0.32055555555555554,0.08767919380127207,16.392857142857142,3.593608376551508,34.07142857142857,4.9435972165168796,0.4814444444444444,0.05854934364299604,0.47955555555555557,0.05816708911756077,11.481481481481481,3.651873811645514,16.59259259259259,4.43117677771127,0.7121111111111111,0.10767305688744598,8.379310344827585,2.769912235631925,22.071428571428573,3.4094484340342537,30.75,4.444097208657794,12.071428571428571,3.5164014795070493,5.133333333333334,2.0296650536196994,3.5,1.2619796324000607,12.821428571428571,3.3339285182918013,15.535714285714286,3.132649368105544,20.14814814814815,2.5222655216735927,51.172413793103445,3.5261164950900037,0.3917037037037037,0.050912303798420655,4.785714285714286,1.8530683834824968,16.103448275862068,3.508610099111357,0.30931034482758624,0.10098659863292889,15.433333333333334,2.112088904433212,35.148148148148145,4.2580575537507865,0.4368148148148149,0.055715649670748865,0.4421481481481481,0.06419483786082186,10.964285714285714,3.716650651257401,16.655172413793103,4.900990148275911,0.700037037037037,0.06889595359418739,9.448275862068966,2.3991993738470296,18.107142857142858,2.67137481201036,28.035714285714285,3.0365933990080842,11.392857142857142,3.6243955890939095,6.714285714285714,2.3860263395699746,3.3666666666666667,1.5643293888377887,10.777777777777779,2.7362710916828923,16.035714285714285,2.9373979775146024,3.1481481481481484,9.855508821519777
