Year,Team,Rslt,Rslt_std,Tm,Tm_std,Opp_score,Opp_score_std,OT,OT_std,FG,FG_std,FGA,FGA_std,FG%,FG%_std,3P,3P_std,3PA,3PA_std,3P%,3P%_std,2P,2P_std,2PA,2PA_std,2P%,2P%_std,eFG%,eFG%_std,FT,FT_std,FTA,FTA_std,FT%,FT%_std,ORB,ORB_std,DRB,DRB_std,TRB,TRB_std,AST,AST_std,STL,STL_std,BLK,BLK_std,TOV,TOV_std,PF,PF_std,FG_opp,FG_opp_std,FGA_opp,FGA_opp_std,FG%_opp,FG%_opp_std,3P_opp,3P_opp_std,3PA_opp,3PA_opp_std,3P%_opp,3P%_opp_std,2P_opp,2P_opp_std,2PA_opp,2PA_opp_std,2P%_opp,2P%_opp_std,eFG%_opp,eFG%_opp_std,FT_opp,FT_opp_std,FTA_opp,FTA_opp_std,FT%_opp,FT%_opp_std,ORB_opp,ORB_opp_std,DRB_opp,DRB_opp_std,TRB_opp,TRB_opp_std,AST_opp,AST_opp_std,STL_opp,STL_opp_std,BLK_opp,BLK_opp_std,TOV_opp,TOV_opp_std,PF_opp,PF_opp_std,Spread,Spread_std
2012,syracuse,1.0,0.0,74.48275862068965,10.497008722404045,60.407407407407405,6.907405497887807,0.0,0.0,27.37037037037037,4.225819430305779,58.67857142857143,5.4978350717523785,0.4634814814814816,0.052541829761094866,6.107142857142857,2.4394790839558764,18.0,3.80058475033046,0.33362962962962966,0.07975209095312806,21.074074074074073,3.6682203390527746,40.689655172413794,6.1243276498372925,0.519888888888889,0.06579474688718483,0.5172962962962963,0.060054984302729944,12.785714285714286,3.315029108381703,19.0,3.600411499115478,0.6985000000000001,0.06384384885826541,11.10344827586207,3.2441686981215887,21.444444444444443,2.750291359856727,32.55172413793103,4.881350858819364,15.275862068965518,3.183624974819673,9.222222222222221,2.4547181153120263,7.133333333333334,2.3886705772116805,10.357142857142858,2.6417486592853567,14.821428571428571,2.435137404725692,21.535714285714285,2.317120544781307,56.22222222222222,4.423132664085779,0.38103703703703706,0.04062254156488591,5.9655172413793105,1.679344230446806,20.551724137931036,3.279658158325038,0.30124137931034484,0.08656981293912602,15.222222222222221,2.325995788959303,36.48275862068966,4.997289905933104,0.4294814814814816,0.05103646537252358,0.4371111111111112,0.050273355332723285,10.827586206896552,4.520342634905656,16.785714285714285,6.261919850304714,0.6695517241379311,0.10298321160228585,12.0,3.082207001484488,19.925925925925927,2.94730549597589,32.42857142857143,5.27347359996462,13.678571428571429,2.211980366743146,5.379310344827586,2.2266854467611124,2.5172413793103448,1.2136335542250332,15.74074074074074,3.1451133352771077,17.06896551724138,2.1701058973956386,13.407407407407407,8.928171745225935
