Year,Team,Rslt,Rslt_std,Tm,Tm_std,Opp_score,Opp_score_std,OT,OT_std,FG,FG_std,FGA,FGA_std,FG%,FG%_std,3P,3P_std,3PA,3PA_std,3P%,3P%_std,2P,2P_std,2PA,2PA_std,2P%,2P%_std,eFG%,eFG%_std,FT,FT_std,FTA,FTA_std,FT%,FT%_std,ORB,ORB_std,DRB,DRB_std,TRB,TRB_std,AST,AST_std,STL,STL_std,BLK,BLK_std,TOV,TOV_std,PF,PF_std,FG_opp,FG_opp_std,FGA_opp,FGA_opp_std,FG%_opp,FG%_opp_std,3P_opp,3P_opp_std,3PA_opp,3PA_opp_std,3P%_opp,3P%_opp_std,2P_opp,2P_opp_std,2PA_opp,2PA_opp_std,2P%_opp,2P%_opp_std,eFG%_opp,eFG%_opp_std,FT_opp,FT_opp_std,FTA_opp,FTA_opp_std,FT%_opp,FT%_opp_std,ORB_opp,ORB_opp_std,DRB_opp,DRB_opp_std,TRB_opp,TRB_opp_std,AST_opp,AST_opp_std,STL_opp,STL_opp_std,BLK_opp,BLK_opp_std,TOV_opp,TOV_opp_std,PF_opp,PF_opp_std,Spread,Spread_std
2012,southern-mississippi,0.7575757575757576,0.4351941398892446,71.65517241379311,7.4798580108227295,64.92592592592592,7.705771692628675,0.15151515151515152,0.36410954062720957,24.285714285714285,3.065424178939254,57.5,3.9953676880811564,0.41429629629629644,0.048230866923750434,5.903225806451613,2.022454592974874,17.25925925925926,3.0583126644076724,0.3496666666666667,0.07593418202627852,17.962962962962962,2.7383526979875144,40.55555555555556,4.335305271243513,0.4369259259259259,0.06255454599844223,0.4702962962962963,0.05292506663257666,16.103448275862068,5.314030133162366,22.678571428571427,5.793058243235934,0.7258928571428571,0.08787800436283047,12.03448275862069,2.4997536824468134,21.357142857142858,3.841433815206733,33.111111111111114,3.489912202260564,11.148148148148149,2.444832913965283,5.925925925925926,1.46565621758588,2.9642857142857144,1.5270921982678656,11.241379310344827,2.3399507383977296,18.62962962962963,2.3882428066894086,22.428571428571427,3.03593992314262,51.535714285714285,5.398779991518954,0.4455925925925925,0.05020822738223386,5.111111111111111,1.9081471748860568,14.448275862068966,3.146269978613584,0.359037037037037,0.09160974145441482,16.964285714285715,3.1208040613627106,35.74074074074074,4.620960544440555,0.48011111111111116,0.06706273373797296,0.5011111111111112,0.06448931535434219,14.25925925925926,3.7784061820234833,19.75,4.3514578229813035,0.7249629629629629,0.07800122360060055,7.241379310344827,3.4190137718958944,21.555555555555557,3.6091052943411093,29.14814814814815,5.238200687139281,10.3,2.654209408883726,4.678571428571429,1.6113847605587084,4.75,1.7769095101910528,14.037037037037036,2.2783509806180415,20.071428571428573,2.693319189024623,5.148148148148148,6.712237410441547
