Year,Team,Rslt,Rslt_std,Tm,Tm_std,Opp_score,Opp_score_std,OT,OT_std,FG,FG_std,FGA,FGA_std,FG%,FG%_std,3P,3P_std,3PA,3PA_std,3P%,3P%_std,2P,2P_std,2PA,2PA_std,2P%,2P%_std,eFG%,eFG%_std,FT,FT_std,FTA,FTA_std,FT%,FT%_std,ORB,ORB_std,DRB,DRB_std,TRB,TRB_std,AST,AST_std,STL,STL_std,BLK,BLK_std,TOV,TOV_std,PF,PF_std,FG_opp,FG_opp_std,FGA_opp,FGA_opp_std,FG%_opp,FG%_opp_std,3P_opp,3P_opp_std,3PA_opp,3PA_opp_std,3P%_opp,3P%_opp_std,2P_opp,2P_opp_std,2PA_opp,2PA_opp_std,2P%_opp,2P%_opp_std,eFG%_opp,eFG%_opp_std,FT_opp,FT_opp_std,FTA_opp,FTA_opp_std,FT%_opp,FT%_opp_std,ORB_opp,ORB_opp_std,DRB_opp,DRB_opp_std,TRB_opp,TRB_opp_std,AST_opp,AST_opp_std,STL_opp,STL_opp_std,BLK_opp,BLK_opp_std,TOV_opp,TOV_opp_std,PF_opp,PF_opp_std,Spread,Spread_std
2012,long-island-university,0.7575757575757576,0.43519413988924455,81.92592592592592,7.829559010697493,76.70370370370371,6.087912455240963,0.0,0.0,27.392857142857142,3.9752874176479436,57.0,5.676462121975467,0.47318518518518515,0.06162544244624259,6.172413793103448,1.9285258159174583,17.62962962962963,3.341443126142081,0.3695185185185186,0.08803599367495198,20.107142857142858,3.6346000413136874,39.48148148148148,4.798800894858009,0.5234074074074074,0.07955658811343477,0.5319629629629631,0.06835567698076418,20.466666666666665,5.412204174177883,28.107142857142858,6.075691003007079,0.7254444444444446,0.04917264196632836,9.827586206896552,2.284559437322675,25.107142857142858,3.224205738705681,35.0,3.9321162828098637,14.620689655172415,4.329415938037372,6.2,1.900997923052068,3.40625,1.583368703623039,15.96551724137931,3.9504317903299206,15.428571428571429,2.807774542871611,29.85185185185185,3.2781761310885575,68.25925925925925,5.958785321449541,0.44396296296296284,0.04344092494542399,5.870967741935484,2.578655146697867,18.85185185185185,4.382690635668597,0.3287777777777778,0.07900113598663938,23.59259259259259,3.7237208362197167,48.629629629629626,6.165338272260169,0.4883333333333334,0.0504601899444579,0.48985185185185187,0.04690063449111873,10.066666666666666,3.453467356383899,14.592592592592593,4.06920195596195,0.7027407407407409,0.08450106626209045,12.178571428571429,3.4216475501828,20.25925925925926,3.380857795027681,32.074074074074076,4.018475848894472,15.25925925925926,2.7399128648777333,8.464285714285714,2.5888957013330898,3.433333333333333,2.5008044682673107,13.666666666666666,2.6457513110645903,23.444444444444443,2.70801280154532,5.518518518518518,8.586081627890438
