Year,Team,Rslt,Rslt_std,Tm,Tm_std,Opp_score,Opp_score_std,OT,OT_std,FG,FG_std,FGA,FGA_std,FG%,FG%_std,3P,3P_std,3PA,3PA_std,3P%,3P%_std,2P,2P_std,2PA,2PA_std,2P%,2P%_std,eFG%,eFG%_std,FT,FT_std,FTA,FTA_std,FT%,FT%_std,ORB,ORB_std,DRB,DRB_std,TRB,TRB_std,AST,AST_std,STL,STL_std,BLK,BLK_std,TOV,TOV_std,PF,PF_std,FG_opp,FG_opp_std,FGA_opp,FGA_opp_std,FG%_opp,FG%_opp_std,3P_opp,3P_opp_std,3PA_opp,3PA_opp_std,3P%_opp,3P%_opp_std,2P_opp,2P_opp_std,2PA_opp,2PA_opp_std,2P%_opp,2P%_opp_std,eFG%_opp,eFG%_opp_std,FT_opp,FT_opp_std,FTA_opp,FTA_opp_std,FT%_opp,FT%_opp_std,ORB_opp,ORB_opp_std,DRB_opp,DRB_opp_std,TRB_opp,TRB_opp_std,AST_opp,AST_opp_std,STL_opp,STL_opp_std,BLK_opp,BLK_opp_std,TOV_opp,TOV_opp_std,PF_opp,PF_opp_std,Spread,Spread_std
2012,detroit-mercy,0.6285714285714286,0.49024089430991125,71.72413793103448,8.684536963247371,67.20689655172414,8.33400654095199,0.0,0.0,24.655172413793103,3.4045753046343545,54.733333333333334,4.704607670500626,0.45513793103448286,0.056617592002291404,4.655172413793103,1.9870268901222663,15.32258064516129,3.1346142428715056,0.2987241379310344,0.09845880086604902,19.774193548387096,3.4225689904841445,39.38709677419355,5.777412450540114,0.5159999999999999,0.06966091341019623,0.49634482758620685,0.07127175149788557,17.689655172413794,3.001231274420813,24.103448275862068,4.593044645254441,0.7421333333333334,0.07572943368622784,10.225806451612904,2.894934396716154,20.34375,3.32739726823311,30.896551724137932,3.958217740944662,13.166666666666666,2.8897360974046884,7.25,2.3691566486423925,4.735294117647059,1.8959098484099086,11.9,2.368616648507354,19.033333333333335,2.4842029642958106,23.17241379310345,3.1967501971001893,53.10344827586207,5.721793097985774,0.4396896551724138,0.054799702455055006,6.741935483870968,2.4216763055850916,18.310344827586206,3.780622098051571,0.3664482758620691,0.08255932334946296,16.258064516129032,3.829427650319596,35.29032258064516,7.086106351573229,0.4807586206896552,0.05552390422950011,0.5021034482758621,0.06737758467217533,13.7,3.6497519991326004,19.933333333333334,5.071443604131377,0.6965666666666667,0.08665774268821044,8.516129032258064,3.0096618607626064,19.24137931034483,3.408551980091432,27.866666666666667,4.732378080716985,12.941176470588236,3.3928728907465606,5.8125,2.146828117885066,2.411764705882353,1.458883904219011,15.133333333333333,2.046583921349534,20.137931034482758,2.628472369090817,4.0344827586206895,8.533475086055796
