Year,Team,Rslt,Rslt_std,Tm,Tm_std,Opp_score,Opp_score_std,OT,OT_std,FG,FG_std,FGA,FGA_std,FG%,FG%_std,3P,3P_std,3PA,3PA_std,3P%,3P%_std,2P,2P_std,2PA,2PA_std,2P%,2P%_std,eFG%,eFG%_std,FT,FT_std,FTA,FTA_std,FT%,FT%_std,ORB,ORB_std,DRB,DRB_std,TRB,TRB_std,AST,AST_std,STL,STL_std,BLK,BLK_std,TOV,TOV_std,PF,PF_std,FG_opp,FG_opp_std,FGA_opp,FGA_opp_std,FG%_opp,FG%_opp_std,3P_opp,3P_opp_std,3PA_opp,3PA_opp_std,3P%_opp,3P%_opp_std,2P_opp,2P_opp_std,2PA_opp,2PA_opp_std,2P%_opp,2P%_opp_std,eFG%_opp,eFG%_opp_std,FT_opp,FT_opp_std,FTA_opp,FTA_opp_std,FT%_opp,FT%_opp_std,ORB_opp,ORB_opp_std,DRB_opp,DRB_opp_std,TRB_opp,TRB_opp_std,AST_opp,AST_opp_std,STL_opp,STL_opp_std,BLK_opp,BLK_opp_std,TOV_opp,TOV_opp_std,PF_opp,PF_opp_std,Spread,Spread_std
2012,north-carolina,0.8529411764705882,0.359490627953571,82.53571428571429,9.65509707205989,67.06896551724138,9.931663054820314,0.0,0.0,29.79310344827586,4.27934666529523,64.71428571428571,4.736439848014798,0.4644827586206896,0.049033239957090906,4.933333333333334,2.116166562333936,15.344827586206897,3.5383194363281474,0.32925000000000004,0.09807919135972615,25.0,4.198765250598041,49.892857142857146,5.915073561511745,0.49771428571428566,0.05291282638233565,0.5012142857142857,0.052929972705283074,17.0,4.0,24.75,5.73246117397328,0.6948214285714286,0.07923105151270887,13.428571428571429,4.149329008036266,27.741935483870968,4.41186084651729,41.07142857142857,5.987199750013427,17.178571428571427,3.6214747500264814,6.32258064516129,2.6380181547794996,5.5,1.990719207463213,11.387096774193548,2.512335160162602,14.862068965517242,3.1928954384364325,25.344827586206897,3.050478441033771,63.37931034482759,5.219563426622194,0.3931428571428572,0.03661381472301717,7.214285714285714,2.6577230975953956,22.866666666666667,4.4468767290850515,0.32359999999999994,0.08132887683287254,17.233333333333334,3.23433448181073,40.785714285714285,5.0358503114954045,0.4357857142857142,0.047256084964135206,0.4503571428571429,0.045525909827355084,8.733333333333333,4.440668894421769,13.379310344827585,5.900446672580017,0.6627241379310346,0.09746863838168815,9.413793103448276,3.0649777601070354,21.096774193548388,3.360107525161235,30.607142857142858,4.7945902054393805,11.178571428571429,2.7762694317504484,5.9,2.1066397495734193,3.4705882352941178,2.3385477767409033,13.321428571428571,3.174593253952753,20.8,3.889863041645376,15.107142857142858,9.484253170443006
