Year,Team,Rslt,Rslt_std,Tm,Tm_std,Opp_score,Opp_score_std,OT,OT_std,FG,FG_std,FGA,FGA_std,FG%,FG%_std,3P,3P_std,3PA,3PA_std,3P%,3P%_std,2P,2P_std,2PA,2PA_std,2P%,2P%_std,eFG%,eFG%_std,FT,FT_std,FTA,FTA_std,FT%,FT%_std,ORB,ORB_std,DRB,DRB_std,TRB,TRB_std,AST,AST_std,STL,STL_std,BLK,BLK_std,TOV,TOV_std,PF,PF_std,FG_opp,FG_opp_std,FGA_opp,FGA_opp_std,FG%_opp,FG%_opp_std,3P_opp,3P_opp_std,3PA_opp,3PA_opp_std,3P%_opp,3P%_opp_std,2P_opp,2P_opp_std,2PA_opp,2PA_opp_std,2P%_opp,2P%_opp_std,eFG%_opp,eFG%_opp_std,FT_opp,FT_opp_std,FTA_opp,FTA_opp_std,FT%_opp,FT%_opp_std,ORB_opp,ORB_opp_std,DRB_opp,DRB_opp_std,TRB_opp,TRB_opp_std,AST_opp,AST_opp_std,STL_opp,STL_opp_std,BLK_opp,BLK_opp_std,TOV_opp,TOV_opp_std,PF_opp,PF_opp_std,Spread,Spread_std
2012,vanderbilt,0.7058823529411765,0.4624972900628803,71.82142857142857,8.415389656384491,66.20689655172414,9.025279221421936,0.0,0.0,24.310344827586206,3.5365787369379427,53.75,5.941847823325296,0.45582142857142854,0.04787333099028957,8.689655172413794,2.2217021832669213,22.379310344827587,3.774101530766232,0.3828571428571429,0.06656977085385223,16.379310344827587,3.3531839145105087,32.0,5.897941529526576,0.5088928571428571,0.06931588417485418,0.5349642857142857,0.05862339448507209,14.5,4.962824763139399,21.035714285714285,6.167310133738556,0.6901071428571429,0.07444179395897635,9.068965517241379,2.1201589307468476,22.0,3.058944729337694,31.379310344827587,3.447709313064134,12.551724137931034,2.529627399109427,5.774193548387097,2.512763119480954,3.6551724137931036,1.696127144597478,12.75,3.0626181005194932,15.9,3.077728674380418,24.071428571428573,3.054184396535731,56.857142857142854,4.292234898427674,0.4210689655172414,0.04914986632337784,5.46875,2.5524734999098295,17.64516129032258,4.528048785785287,0.3015714285714286,0.09448512662551262,17.8,3.3876041783191724,38.607142857142854,4.556958746343115,0.47267857142857145,0.0642823940941545,0.46875,0.055723939266776615,11.5,3.7068505150249504,16.535714285714285,4.985030501464268,0.7234285714285715,0.10024762990508705,9.166666666666666,2.889736097404688,20.275862068965516,3.483599859383331,29.75,3.2843625008572115,11.533333333333333,2.582879085016581,6.6,2.3576727274274463,3.3,1.7840287611722112,11.827586206896552,2.904048473587487,18.551724137931036,2.9104026095634423,7.678571428571429,9.444000923292704
