Year,Team,Rslt,Rslt_std,Tm,Tm_std,Opp_score,Opp_score_std,OT,OT_std,FG,FG_std,FGA,FGA_std,FG%,FG%_std,3P,3P_std,3PA,3PA_std,3P%,3P%_std,2P,2P_std,2PA,2PA_std,2P%,2P%_std,eFG%,eFG%_std,FT,FT_std,FTA,FTA_std,FT%,FT%_std,ORB,ORB_std,DRB,DRB_std,TRB,TRB_std,AST,AST_std,STL,STL_std,BLK,BLK_std,TOV,TOV_std,PF,PF_std,FG_opp,FG_opp_std,FGA_opp,FGA_opp_std,FG%_opp,FG%_opp_std,3P_opp,3P_opp_std,3PA_opp,3PA_opp_std,3P%_opp,3P%_opp_std,2P_opp,2P_opp_std,2PA_opp,2PA_opp_std,2P%_opp,2P%_opp_std,eFG%_opp,eFG%_opp_std,FT_opp,FT_opp_std,FTA_opp,FTA_opp_std,FT%_opp,FT%_opp_std,ORB_opp,ORB_opp_std,DRB_opp,DRB_opp_std,TRB_opp,TRB_opp_std,AST_opp,AST_opp_std,STL_opp,STL_opp_std,BLK_opp,BLK_opp_std,TOV_opp,TOV_opp_std,PF_opp,PF_opp_std,Spread,Spread_std
2012,virginia,0.7096774193548387,0.4614143753790638,63.23076923076923,7.106659931684883,53.36,6.903380814258088,0.0,0.0,22.84,2.838426794311713,49.24,5.117616632769594,0.46108,0.05523504322438791,4.962962962962963,1.531250908482782,14.44,2.8734416066220425,0.34084,0.08381511399105375,18.23076923076923,3.128036985813209,34.42857142857143,5.795455252808151,0.5060384615384614,0.07460481527045329,0.5101600000000001,0.05423842426423048,12.76,5.101307022061438,17.16,6.587108622149781,0.72568,0.09309794125901318,6.5,2.3648662948658625,23.0,3.6170890690351176,29.68,4.230051221124081,11.923076923076923,2.7411395721207183,6.3076923076923075,2.3284197348284223,2.5384615384615383,1.3922864426767714,11.04,2.4406283343980637,15.678571428571429,2.2616541214516785,19.037037037037038,3.39095495378153,48.57692307692308,4.605849124086258,0.40003999999999995,0.05816533904884133,4.75,2.0115407766924083,16.153846153846153,2.8240723459898494,0.28931999999999997,0.09119517531097793,14.678571428571429,3.3004328720422635,32.96,3.7246923810340813,0.4463999999999999,0.065105043327431,0.44892000000000004,0.07204450013706808,9.36,2.6595739007091592,15.576923076923077,4.346705206687722,0.64192,0.1174879142720646,6.44,2.5832795693330084,19.214285714285715,2.9734272887141264,25.8,4.2229531531066415,8.0,2.513961017995307,5.814814814814815,2.287710259980104,2.6785714285714284,1.7649587431663567,12.8,2.5,16.423076923076923,3.23942065095692,8.423076923076923,10.511605308127116
