Year,Team,Rslt,Rslt_std,Tm,Tm_std,Opp_score,Opp_score_std,OT,OT_std,FG,FG_std,FGA,FGA_std,FG%,FG%_std,3P,3P_std,3PA,3PA_std,3P%,3P%_std,2P,2P_std,2PA,2PA_std,2P%,2P%_std,eFG%,eFG%_std,FT,FT_std,FTA,FTA_std,FT%,FT%_std,ORB,ORB_std,DRB,DRB_std,TRB,TRB_std,AST,AST_std,STL,STL_std,BLK,BLK_std,TOV,TOV_std,PF,PF_std,FG_opp,FG_opp_std,FGA_opp,FGA_opp_std,FG%_opp,FG%_opp_std,3P_opp,3P_opp_std,3PA_opp,3PA_opp_std,3P%_opp,3P%_opp_std,2P_opp,2P_opp_std,2PA_opp,2PA_opp_std,2P%_opp,2P%_opp_std,eFG%_opp,eFG%_opp_std,FT_opp,FT_opp_std,FTA_opp,FTA_opp_std,FT%_opp,FT%_opp_std,ORB_opp,ORB_opp_std,DRB_opp,DRB_opp_std,TRB_opp,TRB_opp_std,AST_opp,AST_opp_std,STL_opp,STL_opp_std,BLK_opp,BLK_opp_std,TOV_opp,TOV_opp_std,PF_opp,PF_opp_std,Spread,Spread_std
2012,connecticut,0.6060606060606061,0.49619766344887317,69.4074074074074,6.8120891365687815,64.29629629629629,6.803928813079049,0.0,0.0,25.0,3.197221015541813,54.5,5.456726314280891,0.45335714285714285,0.05575688915130299,4.966666666666667,2.0254132542705237,16.724137931034484,3.759716476051827,0.3312222222222222,0.10282933333865289,19.5,3.06110606976798,39.2962962962963,3.851221732373875,0.5052962962962962,0.05420318952779213,0.506037037037037,0.06261142773640355,12.310344827586206,2.9532481908649824,18.607142857142858,3.9000406998283315,0.6574814814814814,0.0753618809837779,10.392857142857142,2.7262684538650412,23.321428571428573,3.6722540401570445,33.925925925925924,4.322801138915563,13.233333333333333,4.040171841116059,5.821428571428571,1.8469909749036841,6.827586206896552,2.284559437322675,11.928571428571429,2.720683076382915,14.0,2.449489742783178,22.925925925925927,2.6006792888652694,60.25,6.263503930028421,0.3885,0.03963490792124949,7.357142857142857,1.9853964193074747,21.185185185185187,3.013266015434429,0.3446666666666668,0.07395996838207088,16.103448275862068,3.097750653829403,38.44444444444444,4.568565953534531,0.40870370370370357,0.052200659305307935,0.44566666666666677,0.047784773886507155,10.481481481481481,3.5558226395413266,14.10344827586207,4.6240429711470865,0.7315555555555556,0.095857800667019,11.0,2.581988897471611,18.633333333333333,3.7276537257168316,29.88888888888889,4.022373326717347,12.035714285714286,2.202391677365563,6.444444444444445,1.671787006431081,2.4375,1.6836500287633527,10.551724137931034,2.7332111791359437,17.214285714285715,2.439750182371333,4.592592592592593,9.136820096810569
