Year,Team,Rslt,Rslt_std,Tm,Tm_std,Opp_score,Opp_score_std,OT,OT_std,FG,FG_std,FGA,FGA_std,FG%,FG%_std,3P,3P_std,3PA,3PA_std,3P%,3P%_std,2P,2P_std,2PA,2PA_std,2P%,2P%_std,eFG%,eFG%_std,FT,FT_std,FTA,FTA_std,FT%,FT%_std,ORB,ORB_std,DRB,DRB_std,TRB,TRB_std,AST,AST_std,STL,STL_std,BLK,BLK_std,TOV,TOV_std,PF,PF_std,FG_opp,FG_opp_std,FGA_opp,FGA_opp_std,FG%_opp,FG%_opp_std,3P_opp,3P_opp_std,3PA_opp,3PA_opp_std,3P%_opp,3P%_opp_std,2P_opp,2P_opp_std,2PA_opp,2PA_opp_std,2P%_opp,2P%_opp_std,eFG%_opp,eFG%_opp_std,FT_opp,FT_opp_std,FTA_opp,FTA_opp_std,FT%_opp,FT%_opp_std,ORB_opp,ORB_opp_std,DRB_opp,DRB_opp_std,TRB_opp,TRB_opp_std,AST_opp,AST_opp_std,STL_opp,STL_opp_std,BLK_opp,BLK_opp_std,TOV_opp,TOV_opp_std,PF_opp,PF_opp_std,Spread,Spread_std
2012,colorado,0.6764705882352942,0.47485807993381707,66.6896551724138,8.477295088629653,62.857142857142854,8.876578777527454,0.0,0.0,23.25,3.074687578227047,52.32142857142857,4.000496000993909,0.44753571428571437,0.04497034590240563,5.290322580645161,1.8653605261378075,15.928571428571429,3.090350231003688,0.33889285714285716,0.08119219962794014,17.633333333333333,3.528048530956116,36.07142857142857,4.054522590780996,0.4900357142857143,0.05411338038330203,0.5020357142857143,0.05274079322347427,15.724137931034482,4.455306240269156,22.366666666666667,5.196041818029628,0.6963214285714285,0.10454559649278275,8.464285714285714,2.0089087300607478,24.321428571428573,4.51379426030237,32.42857142857143,5.776251324611781,11.266666666666667,2.9235468932072233,5.793103448275862,2.0244807155139033,3.25,1.524001524002286,12.933333333333334,3.2476339751858747,17.774193548387096,3.8876700598975287,22.571428571428573,3.38218175726164,54.93333333333333,4.51001439965079,0.40689285714285717,0.05096137919358315,6.0,1.7928429140015905,19.344827586206897,2.424220965720822,0.32135714285714284,0.0904557245023116,15.833333333333334,3.363939945067835,35.55172413793103,4.363699338999224,0.4506071428571429,0.05555200385472276,0.4631785714285715,0.06356918282698784,11.586206896551724,4.633089384134447,16.933333333333334,6.9922781711677136,0.6428666666666666,0.07947228245219158,8.428571428571429,2.8729720245711157,21.310344827586206,3.2961389563706858,29.7,4.928103783054059,10.10344827586207,2.335209192009005,5.625,2.6365911520798604,3.6551724137931036,1.395806527448903,11.833333333333334,3.3018629363701204,17.448275862068964,2.9950698405469103,3.857142857142857,10.401973764678424
