Year,Team,Rslt,Rslt_std,Tm,Tm_std,Opp_score,Opp_score_std,OT,OT_std,FG,FG_std,FGA,FGA_std,FG%,FG%_std,3P,3P_std,3PA,3PA_std,3P%,3P%_std,2P,2P_std,2PA,2PA_std,2P%,2P%_std,eFG%,eFG%_std,FT,FT_std,FTA,FTA_std,FT%,FT%_std,ORB,ORB_std,DRB,DRB_std,TRB,TRB_std,AST,AST_std,STL,STL_std,BLK,BLK_std,TOV,TOV_std,PF,PF_std,FG_opp,FG_opp_std,FGA_opp,FGA_opp_std,FG%_opp,FG%_opp_std,3P_opp,3P_opp_std,3PA_opp,3PA_opp_std,3P%_opp,3P%_opp_std,2P_opp,2P_opp_std,2PA_opp,2PA_opp_std,2P%_opp,2P%_opp_std,eFG%_opp,eFG%_opp_std,FT_opp,FT_opp_std,FTA_opp,FTA_opp_std,FT%_opp,FT%_opp_std,ORB_opp,ORB_opp_std,DRB_opp,DRB_opp_std,TRB_opp,TRB_opp_std,AST_opp,AST_opp_std,STL_opp,STL_opp_std,BLK_opp,BLK_opp_std,TOV_opp,TOV_opp_std,PF_opp,PF_opp_std,Spread,Spread_std
2012,long-beach-state,0.7575757575757576,0.4351941398892446,73.78571428571429,4.8637521170475635,63.74074074074074,9.489235166523383,0.0,0.0,25.77777777777778,3.343574012862162,55.06896551724138,4.942028462099044,0.46725925925925926,0.05178846960516968,6.321428571428571,1.2781227967601094,18.037037037037038,2.752362362680208,0.3542962962962963,0.04821411763789875,19.0,3.8103173776627215,37.724137931034484,5.317736842224586,0.5181851851851851,0.05701014554582979,0.5300714285714285,0.060474009459484494,15.148148148148149,4.646783036961441,23.074074074074073,5.9931109548696755,0.6569259259259259,0.07730206780293582,10.5,2.6034165586355513,23.20689655172414,3.706936647738241,34.035714285714285,4.702104673418953,13.758620689655173,2.947822106643105,6.714285714285714,2.7060582630001377,2.6551724137931036,1.203443335628631,12.444444444444445,2.722178614686481,15.258064516129032,3.86408887005707,23.0,3.3806170189140663,55.58620689655172,4.633089384134447,0.4226666666666666,0.05069820206188473,5.9,1.7684982914598906,17.714285714285715,3.113377859033769,0.34282142857142855,0.07309965474480384,17.214285714285715,3.4032353109960796,38.714285714285715,4.206319257156035,0.4577777777777778,0.06283637685616712,0.48021428571428576,0.05776283384274853,10.870967741935484,5.389755315929602,15.25,6.386472973170484,0.6941111111111112,0.08711810433293475,9.25925925925926,2.04925113137219,20.17241379310345,3.3281157852158563,29.107142857142858,4.184090553108734,11.733333333333333,2.9235468932072233,5.387096774193548,2.431425087677851,2.3870967741935485,1.6867605906952476,14.75,2.8883546514568796,18.962962962962962,2.6382027898010345,10.444444444444445,8.824499695268559
