Year,Team,Rslt,Rslt_std,Tm,Tm_std,Opp_score,Opp_score_std,OT,OT_std,FG,FG_std,FGA,FGA_std,FG%,FG%_std,3P,3P_std,3PA,3PA_std,3P%,3P%_std,2P,2P_std,2PA,2PA_std,2P%,2P%_std,eFG%,eFG%_std,FT,FT_std,FTA,FTA_std,FT%,FT%_std,ORB,ORB_std,DRB,DRB_std,TRB,TRB_std,AST,AST_std,STL,STL_std,BLK,BLK_std,TOV,TOV_std,PF,PF_std,FG_opp,FG_opp_std,FGA_opp,FGA_opp_std,FG%_opp,FG%_opp_std,3P_opp,3P_opp_std,3PA_opp,3PA_opp_std,3P%_opp,3P%_opp_std,2P_opp,2P_opp_std,2PA_opp,2PA_opp_std,2P%_opp,2P%_opp_std,eFG%_opp,eFG%_opp_std,FT_opp,FT_opp_std,FTA_opp,FTA_opp_std,FT%_opp,FT%_opp_std,ORB_opp,ORB_opp_std,DRB_opp,DRB_opp_std,TRB_opp,TRB_opp_std,AST_opp,AST_opp_std,STL_opp,STL_opp_std,BLK_opp,BLK_opp_std,TOV_opp,TOV_opp_std,PF_opp,PF_opp_std,Spread,Spread_std
2012,kansas-state,0.6774193548387096,0.4751909633114914,71.84,6.053098380168622,63.48,7.506219643291377,0.0,0.0,24.807692307692307,2.60797593193236,55.8,3.8944404818493075,0.4503599999999999,0.04347593203907958,5.653846153846154,2.0580050085907504,16.076923076923077,3.333743564500148,0.33468000000000003,0.10964933500330344,19.53846153846154,2.8316888138461715,39.888888888888886,4.610467466148119,0.4899600000000002,0.0505267915730523,0.4986799999999999,0.057022451718599404,15.807692307692308,4.280366627000363,23.92,5.81606969238391,0.6739599999999999,0.07645994594121377,12.107142857142858,3.1779248495215158,21.56,3.7758001359535265,34.08,4.526956299030656,14.56,2.5344295873693814,5.923076923076923,2.133974262695348,4.481481481481482,1.7839103627526194,14.035714285714286,2.645501322750992,19.77777777777778,3.308884698613409,21.52,3.4655446902326914,53.61538461538461,6.073397224466208,0.4051600000000001,0.05999699992499625,5.346153846153846,1.4125808349912636,16.4,3.6742346141747673,0.32787999999999995,0.06625727632997501,15.923076923076923,3.783364396122339,36.892857142857146,6.332393413963345,0.43904000000000015,0.07221523384992948,0.4559199999999998,0.06808200937105192,14.074074074074074,4.419588615783548,21.153846153846153,4.82238370677662,0.6746399999999998,0.09780119290342698,9.62962962962963,2.789377489804272,19.2,2.9011491975882016,28.814814814814813,4.498179435462556,11.423076923076923,2.9144203804266393,6.961538461538462,1.6119744223968129,2.7586206896551726,1.8449772049268,16.0,2.6770630673681683,21.59259259259259,3.8456694851707924,6.96,8.700957801682907
