Year,Team,Rslt,Rslt_std,Tm,Tm_std,Opp_score,Opp_score_std,OT,OT_std,FG,FG_std,FGA,FGA_std,FG%,FG%_std,3P,3P_std,3PA,3PA_std,3P%,3P%_std,2P,2P_std,2PA,2PA_std,2P%,2P%_std,eFG%,eFG%_std,FT,FT_std,FTA,FTA_std,FT%,FT%_std,ORB,ORB_std,DRB,DRB_std,TRB,TRB_std,AST,AST_std,STL,STL_std,BLK,BLK_std,TOV,TOV_std,PF,PF_std,FG_opp,FG_opp_std,FGA_opp,FGA_opp_std,FG%_opp,FG%_opp_std,3P_opp,3P_opp_std,3PA_opp,3PA_opp_std,3P%_opp,3P%_opp_std,2P_opp,2P_opp_std,2PA_opp,2PA_opp_std,2P%_opp,2P%_opp_std,eFG%_opp,eFG%_opp_std,FT_opp,FT_opp_std,FTA_opp,FTA_opp_std,FT%_opp,FT%_opp_std,ORB_opp,ORB_opp_std,DRB_opp,DRB_opp_std,TRB_opp,TRB_opp_std,AST_opp,AST_opp_std,STL_opp,STL_opp_std,BLK_opp,BLK_opp_std,TOV_opp,TOV_opp_std,PF_opp,PF_opp_std,Spread,Spread_std
2012,florida,0.696969696969697,0.46669372215943755,75.55555555555556,9.536703725539445,66.22222222222223,6.332658533551616,0.0,0.0,25.962962962962962,3.469443332443555,56.888888888888886,5.611343821864731,0.4616666666666666,0.04784671036035489,9.655172413793103,2.1921265290151073,24.733333333333334,3.0164301043970245,0.39088888888888895,0.07464445640363973,16.5,2.7148426050823593,31.535714285714285,5.27384983323303,0.5195185185185186,0.05092329855952318,0.5506666666666666,0.0597983791907954,13.407407407407407,4.797910276353969,19.357142857142858,7.207065903805719,0.7126666666666667,0.10766686512643453,10.0,3.595632271043777,21.40740740740741,3.079201435678004,31.333333333333332,4.673986932604096,14.851851851851851,3.5809721896939974,6.25,2.7356664576921537,3.1333333333333333,1.4793599112881346,10.464285714285714,3.0969775332200657,15.344827586206897,2.9794038481952048,23.88888888888889,2.5318484177091665,55.370370370370374,4.2530364550893625,0.43555555555555553,0.04888316788593087,6.241379310344827,1.7658501071679955,17.714285714285715,3.750132272799463,0.36374074074074075,0.07910635129251517,17.892857142857142,3.3036375654755417,38.142857142857146,4.941991544234007,0.47566666666666674,0.05796550698475777,0.49111111111111105,0.0490771240249885,11.214285714285714,4.067551295924066,16.892857142857142,5.737074268651328,0.680607142857143,0.09569060454894096,8.1,2.3975562270922794,20.88888888888889,2.3094010767585034,29.48148148148148,2.8334590218476827,12.333333333333334,2.660248687044705,4.774193548387097,2.1711698447205032,3.0,1.5153535218873173,12.555555555555555,2.6937724952954465,17.607142857142858,3.583287190548239,9.851851851851851,11.792121567136723
