Year,Team,Rslt,Rslt_std,Tm,Tm_std,Opp_score,Opp_score_std,OT,OT_std,FG,FG_std,FGA,FGA_std,FG%,FG%_std,3P,3P_std,3PA,3PA_std,3P%,3P%_std,2P,2P_std,2PA,2PA_std,2P%,2P%_std,eFG%,eFG%_std,FT,FT_std,FTA,FTA_std,FT%,FT%_std,ORB,ORB_std,DRB,DRB_std,TRB,TRB_std,AST,AST_std,STL,STL_std,BLK,BLK_std,TOV,TOV_std,PF,PF_std,FG_opp,FG_opp_std,FGA_opp,FGA_opp_std,FG%_opp,FG%_opp_std,3P_opp,3P_opp_std,3PA_opp,3PA_opp_std,3P%_opp,3P%_opp_std,2P_opp,2P_opp_std,2PA_opp,2PA_opp_std,2P%_opp,2P%_opp_std,eFG%_opp,eFG%_opp_std,FT_opp,FT_opp_std,FTA_opp,FTA_opp_std,FT%_opp,FT%_opp_std,ORB_opp,ORB_opp_std,DRB_opp,DRB_opp_std,TRB_opp,TRB_opp_std,AST_opp,AST_opp_std,STL_opp,STL_opp_std,BLK_opp,BLK_opp_std,TOV_opp,TOV_opp_std,PF_opp,PF_opp_std,Spread,Spread_std
2012,virginia-commonwealth,0.8235294117647058,0.3869529949759475,67.75,6.461423991660043,59.206896551724135,8.226174733064953,0.0,0.0,23.103448275862068,2.439918435202978,56.6551724137931,4.125494447153885,0.41000000000000003,0.04200264541933308,7.548387096774194,1.785846385282888,21.655172413793103,2.5393455578296082,0.34007142857142864,0.05401366670090256,15.714285714285714,2.8526419574783897,35.2,3.8631771809010367,0.4526071428571428,0.05773524457043952,0.4789642857142857,0.05240969810089023,14.413793103448276,3.950743522963298,20.93103448275862,5.202547689647274,0.6917586206896551,0.08458582081970857,10.827586206896552,3.140393122766199,20.517241379310345,3.601792110039235,31.071428571428573,2.9555794246559732,11.862068965517242,2.761005742362664,10.533333333333333,2.7257815498442395,3.515151515151515,1.5025231304628084,11.142857142857142,2.3525287531487336,18.107142857142858,2.7262684538650412,21.129032258064516,3.4228831461588145,49.827586206896555,4.833432420704488,0.42367857142857146,0.04854936668269737,4.793103448275862,1.7602619599047422,14.964285714285714,3.21434450269578,0.3094642857142858,0.08004326706959558,15.451612903225806,2.861686095963,34.714285714285715,4.250116711749463,0.46596428571428566,0.05827424444930681,0.47221428571428575,0.057696111392721,12.32258064516129,4.085642314040666,18.357142857142858,4.652472745272416,0.6909285714285716,0.07904894338152439,8.931034482758621,2.4484839986460227,22.655172413793103,2.991366888576018,32.6,4.846612752470924,9.655172413793103,1.89502849712771,5.571428571428571,1.5498762538075104,4.0,2.0,17.285714285714285,3.3094381626464866,18.724137931034484,2.603521677104439,10.133333333333333,8.471995788695729
