Year,Team,Rslt,Rslt_std,Tm,Tm_std,Opp_score,Opp_score_std,OT,OT_std,FG,FG_std,FGA,FGA_std,FG%,FG%_std,3P,3P_std,3PA,3PA_std,3P%,3P%_std,2P,2P_std,2PA,2PA_std,2P%,2P%_std,eFG%,eFG%_std,FT,FT_std,FTA,FTA_std,FT%,FT%_std,ORB,ORB_std,DRB,DRB_std,TRB,TRB_std,AST,AST_std,STL,STL_std,BLK,BLK_std,TOV,TOV_std,PF,PF_std,FG_opp,FG_opp_std,FGA_opp,FGA_opp_std,FG%_opp,FG%_opp_std,3P_opp,3P_opp_std,3PA_opp,3PA_opp_std,3P%_opp,3P%_opp_std,2P_opp,2P_opp_std,2PA_opp,2PA_opp_std,2P%_opp,2P%_opp_std,eFG%_opp,eFG%_opp_std,FT_opp,FT_opp_std,FTA_opp,FTA_opp_std,FT%_opp,FT%_opp_std,ORB_opp,ORB_opp_std,DRB_opp,DRB_opp_std,TRB_opp,TRB_opp_std,AST_opp,AST_opp_std,STL_opp,STL_opp_std,BLK_opp,BLK_opp_std,TOV_opp,TOV_opp_std,PF_opp,PF_opp_std,Spread,Spread_std
2012,brigham-young,0.7575757575757576,0.43519413988924455,78.66666666666667,8.147675458964684,65.71428571428571,9.556293806845378,0.0,0.0,28.25,3.9311199045187752,59.44444444444444,5.872578606300599,0.4733703703703704,0.0539181346317289,6.333333333333333,3.1549996812211796,18.928571428571427,4.674030471291436,0.32851851851851854,0.10559478803075112,21.22222222222222,3.343574012862162,40.148148148148145,4.82544301436669,0.5304814814814814,0.05242164142821635,0.5263703703703704,0.06635982806357156,14.571428571428571,4.483951394230329,21.22222222222222,5.32290647422377,0.6933333333333335,0.05911462138539383,8.962962962962964,2.793969900744782,25.103448275862068,4.677795784235859,35.0,5.298497341140606,16.642857142857142,3.773340063934768,8.166666666666666,2.6403152023605236,4.225806451612903,1.453952714026029,13.074074074074074,1.8381831733854432,17.586206896551722,3.590833979725425,23.964285714285715,3.3052387469898714,57.55555555555556,4.517771177279391,0.41714814814814827,0.06051300159323913,6.0,1.8126539343499315,20.62962962962963,3.4322917679921647,0.30788888888888893,0.08509557221299126,17.428571428571427,2.6307099651301207,36.37931034482759,4.229267017745411,0.4734814814814815,0.06952551848636385,0.47381481481481474,0.07487632728349053,11.678571428571429,5.077572848492283,18.178571428571427,6.170740824896337,0.6452592592592592,0.09814847175133452,7.966666666666667,2.760351468542558,22.866666666666667,3.7941273435205853,30.25,4.274168751759635,13.714285714285714,2.760262237369417,6.517241379310345,2.3697602298118747,2.6451612903225805,1.3050769350699647,15.214285714285714,3.083494204297538,18.77777777777778,3.0424349222966556,11.925925925925926,13.490526379437606
