Year,Team,Rslt,Rslt_std,Tm,Tm_std,Opp_score,Opp_score_std,OT,OT_std,FG,FG_std,FGA,FGA_std,FG%,FG%_std,3P,3P_std,3PA,3PA_std,3P%,3P%_std,2P,2P_std,2PA,2PA_std,2P%,2P%_std,eFG%,eFG%_std,FT,FT_std,FTA,FTA_std,FT%,FT%_std,ORB,ORB_std,DRB,DRB_std,TRB,TRB_std,AST,AST_std,STL,STL_std,BLK,BLK_std,TOV,TOV_std,PF,PF_std,FG_opp,FG_opp_std,FGA_opp,FGA_opp_std,FG%_opp,FG%_opp_std,3P_opp,3P_opp_std,3PA_opp,3PA_opp_std,3P%_opp,3P%_opp_std,2P_opp,2P_opp_std,2PA_opp,2PA_opp_std,2P%_opp,2P%_opp_std,eFG%_opp,eFG%_opp_std,FT_opp,FT_opp_std,FTA_opp,FTA_opp_std,FT%_opp,FT%_opp_std,ORB_opp,ORB_opp_std,DRB_opp,DRB_opp_std,TRB_opp,TRB_opp_std,AST_opp,AST_opp_std,STL_opp,STL_opp_std,BLK_opp,BLK_opp_std,TOV_opp,TOV_opp_std,PF_opp,PF_opp_std,Spread,Spread_std
2012,texas,0.6060606060606061,0.49619766344887317,72.14814814814815,5.848758604009675,66.62962962962963,10.426106833507113,0.0,0.0,23.866666666666667,3.329422993742965,56.7037037037037,4.222784487978143,0.43885185185185194,0.03987065983489006,5.833333333333333,2.1509153357603816,17.857142857142858,3.6282256219839972,0.3330714285714286,0.09736602516865345,18.607142857142858,2.586851163441558,38.851851851851855,3.46081030644674,0.4899629629629628,0.0595550692032699,0.4891851851851851,0.05122577253765699,17.62962962962963,4.4475416558618965,24.11111111111111,5.597618541248888,0.7205555555555555,0.05622026279481401,11.178571428571429,2.294172511653715,21.074074074074073,3.3846477594929216,31.566666666666666,4.680725948215603,12.464285714285714,2.673354708381474,6.548387096774194,1.9465989088222457,3.206896551724138,1.497123679040856,12.0,2.491364395612199,19.607142857142858,4.637522372626762,22.59259259259259,3.2611850047686097,54.81481481481482,4.6660561261176206,0.4202962962962963,0.05914962436633104,5.888888888888889,1.7614096918559583,16.607142857142858,3.881001070879692,0.3821333333333333,0.08196245285593227,16.964285714285715,3.305238746989871,37.82142857142857,4.922010816342288,0.4492592592592593,0.061493334593516726,0.4724444444444445,0.060810761530741574,14.74074074074074,6.149375156454093,22.0,8.530488307783486,0.6643928571428572,0.08768603051279006,9.966666666666667,3.6811105270887583,20.285714285714285,3.35390477632822,29.642857142857142,4.347960660443228,10.666666666666666,3.19841914974746,5.964285714285714,1.7529265023814669,3.096774193548387,1.3748900249275071,13.142857142857142,2.6765689163593684,20.88888888888889,3.6829475375170038,4.7407407407407405,8.808180605780377
