Year,Team,Rslt,Rslt_std,Tm,Tm_std,Opp_score,Opp_score_std,OT,OT_std,FG,FG_std,FGA,FGA_std,FG%,FG%_std,3P,3P_std,3PA,3PA_std,3P%,3P%_std,2P,2P_std,2PA,2PA_std,2P%,2P%_std,eFG%,eFG%_std,FT,FT_std,FTA,FTA_std,FT%,FT%_std,ORB,ORB_std,DRB,DRB_std,TRB,TRB_std,AST,AST_std,STL,STL_std,BLK,BLK_std,TOV,TOV_std,PF,PF_std,FG_opp,FG_opp_std,FGA_opp,FGA_opp_std,FG%_opp,FG%_opp_std,3P_opp,3P_opp_std,3PA_opp,3PA_opp_std,3P%_opp,3P%_opp_std,2P_opp,2P_opp_std,2PA_opp,2PA_opp_std,2P%_opp,2P%_opp_std,eFG%_opp,eFG%_opp_std,FT_opp,FT_opp_std,FTA_opp,FTA_opp_std,FT%_opp,FT%_opp_std,ORB_opp,ORB_opp_std,DRB_opp,DRB_opp_std,TRB_opp,TRB_opp_std,AST_opp,AST_opp_std,STL_opp,STL_opp_std,BLK_opp,BLK_opp_std,TOV_opp,TOV_opp_std,PF_opp,PF_opp_std,Spread,Spread_std
2012,missouri,0.8823529411764706,0.3270349700838643,80.39285714285714,6.7238617966401915,65.39285714285714,7.243588663057609,0.0,0.0,28.379310344827587,3.3531839145105087,56.0,5.18973345494095,0.510793103448276,0.05504827706551563,8.066666666666666,2.1803722132942687,20.785714285714285,2.699206232527312,0.3885714285714286,0.05894720083916188,19.75,4.142150094746375,34.892857142857146,5.573344535570119,0.5712068965517241,0.09451620394346026,0.5837142857142857,0.059538258563752375,15.67741935483871,4.50471676338031,20.857142857142858,4.758729099823045,0.762448275862069,0.0711329671444846,8.172413793103448,2.522314208324816,21.379310344827587,3.80238452537585,29.258064516129032,5.253365536716972,16.233333333333334,3.2236553821692087,8.03225806451613,2.5492988705098494,2.823529411764706,1.4661966513127955,10.366666666666667,2.059181848467364,13.827586206896552,2.4504950741379554,24.535714285714285,3.0243719012094723,56.310344827586206,4.235086845760427,0.44167857142857153,0.05445627098631939,6.071428571428571,1.741190980836402,16.928571428571427,4.144863590022497,0.36375,0.08555986641376166,18.178571428571427,3.255235912581582,39.0,5.464168999687222,0.4758571428571428,0.05679313618264374,0.5014285714285714,0.0618657019629219,9.827586206896552,3.024530252986656,14.678571428571429,4.447667482146797,0.691689655172414,0.10618047420994256,9.0,3.3273756282434617,19.321428571428573,2.868133622443431,29.275862068965516,4.241769776571853,13.0,3.521363372331802,5.0,1.4383899044561526,2.34375,1.8597498097428884,14.068965517241379,2.6716906696851637,18.862068965517242,3.0905863744491975,14.75,10.59568395708925
