Year,Team,Rslt,Rslt_std,Tm,Tm_std,Opp_score,Opp_score_std,OT,OT_std,FG,FG_std,FGA,FGA_std,FG%,FG%_std,3P,3P_std,3PA,3PA_std,3P%,3P%_std,2P,2P_std,2PA,2PA_std,2P%,2P%_std,eFG%,eFG%_std,FT,FT_std,FTA,FTA_std,FT%,FT%_std,ORB,ORB_std,DRB,DRB_std,TRB,TRB_std,AST,AST_std,STL,STL_std,BLK,BLK_std,TOV,TOV_std,PF,PF_std,FG_opp,FG_opp_std,FGA_opp,FGA_opp_std,FG%_opp,FG%_opp_std,3P_opp,3P_opp_std,3PA_opp,3PA_opp_std,3P%_opp,3P%_opp_std,2P_opp,2P_opp_std,2PA_opp,2PA_opp_std,2P%_opp,2P%_opp_std,eFG%_opp,eFG%_opp_std,FT_opp,FT_opp_std,FTA_opp,FTA_opp_std,FT%_opp,FT%_opp_std,ORB_opp,ORB_opp_std,DRB_opp,DRB_opp_std,TRB_opp,TRB_opp_std,AST_opp,AST_opp_std,STL_opp,STL_opp_std,BLK_opp,BLK_opp_std,TOV_opp,TOV_opp_std,PF_opp,PF_opp_std,Spread,Spread_std
2012,davidson,0.78125,0.42001344064515445,77.65384615384616,7.042399066751657,67.34615384615384,9.444330818823778,0.0,0.0,26.46153846153846,2.901458519169547,58.81481481481482,4.420555456196714,0.45018518518518524,0.04380730272545631,7.592592592592593,2.274596485926498,22.653846153846153,4.48055628414426,0.33403846153846156,0.06517268186547535,18.692307692307693,3.3077996404768024,36.42307692307692,4.355897858518512,0.5214615384615385,0.06394449516212057,0.5130384615384614,0.0439513192240968,17.11111111111111,5.563157192522781,21.923076923076923,6.170400809821527,0.7683846153846154,0.09448093010680067,10.285714285714286,1.9787227990155458,24.62962962962963,3.7018513886572624,35.23076923076923,3.8189809353563664,13.444444444444445,3.355057414771059,5.407407407407407,1.4480559715929826,3.142857142857143,1.4835963740378315,11.75,2.9767618499152917,20.346153846153847,3.005891650639559,23.862068965517242,3.824023105233493,55.61538461538461,4.010754772627448,0.4247307692307692,0.05459051763250295,5.37037037037037,1.8635810883711157,15.384615384615385,3.1378581622109447,0.34085185185185185,0.08915617399722446,18.23076923076923,2.888704793608268,39.925925925925924,4.150309774591678,0.45742307692307704,0.05496338641453823,0.4720384615384616,0.06076017167140381,15.333333333333334,4.028742884668769,23.642857142857142,5.882896022238164,0.663423076923077,0.0671560410250176,7.571428571428571,2.999118036141458,21.033333333333335,3.6717310897453124,28.692307692307693,3.749871792680179,10.4,2.7990146049316516,6.038461538461538,2.1629751590024187,3.392857142857143,1.8326116905841259,11.928571428571429,1.903769582785329,19.551724137931036,4.363699338999224,11.076923076923077,10.680535855182836
