Year,Team,Rslt,Rslt_std,Tm,Tm_std,Opp_score,Opp_score_std,OT,OT_std,FG,FG_std,FGA,FGA_std,FG%,FG%_std,3P,3P_std,3PA,3PA_std,3P%,3P%_std,2P,2P_std,2PA,2PA_std,2P%,2P%_std,eFG%,eFG%_std,FT,FT_std,FTA,FTA_std,FT%,FT%_std,ORB,ORB_std,DRB,DRB_std,TRB,TRB_std,AST,AST_std,STL,STL_std,BLK,BLK_std,TOV,TOV_std,PF,PF_std,FG_opp,FG_opp_std,FGA_opp,FGA_opp_std,FG%_opp,FG%_opp_std,3P_opp,3P_opp_std,3PA_opp,3PA_opp_std,3P%_opp,3P%_opp_std,2P_opp,2P_opp_std,2PA_opp,2PA_opp_std,2P%_opp,2P%_opp_std,eFG%_opp,eFG%_opp_std,FT_opp,FT_opp_std,FTA_opp,FTA_opp_std,FT%_opp,FT%_opp_std,ORB_opp,ORB_opp_std,DRB_opp,DRB_opp_std,TRB_opp,TRB_opp_std,AST_opp,AST_opp_std,STL_opp,STL_opp_std,BLK_opp,BLK_opp_std,TOV_opp,TOV_opp_std,PF_opp,PF_opp_std,Spread,Spread_std
2012,saint-louis,0.78125,0.42001344064515445,68.8076923076923,5.306744619966035,58.370370370370374,9.794614486260956,0.0,0.0,24.413793103448278,2.383233718220902,53.65384615384615,4.362955949283079,0.45523076923076916,0.045722911274159,6.75,1.7347216662217773,19.11111111111111,2.546994206349807,0.3755185185185186,0.08328143683197187,17.115384615384617,2.0065278084676144,34.035714285714285,4.122945215337848,0.5021923076923078,0.04651453040138681,0.5206923076923077,0.05696438833570969,13.777777777777779,4.1540835639657345,18.703703703703702,4.802361717184375,0.7166296296296296,0.06737618167831906,8.384615384615385,2.0214237176193035,20.93103448275862,3.104501736910894,29.48148148148148,2.9660952104949017,13.5,2.23606797749979,7.071428571428571,1.8444826922788955,3.0344827586206895,1.917639147878931,10.814814814814815,2.7878450050316235,16.214285714285715,3.3261828066857757,20.233333333333334,3.766305546721398,49.03846153846154,3.8933868981211637,0.41557692307692307,0.06328928697776462,3.870967741935484,1.7462709885900864,12.037037037037036,2.009237924447236,0.3291481481481482,0.0986445459148474,16.192307692307693,2.5458865767230203,36.26923076923077,3.181920078288483,0.44746153846153847,0.06610914052941895,0.45676923076923076,0.07226966594211305,13.148148148148149,5.340006508953853,17.692307692307693,5.0340379876932255,0.7112857142857143,0.07771546256500776,7.483870967741935,3.0753966437077724,20.37037037037037,4.087016479499894,27.178571428571427,5.084861857102915,8.777777777777779,1.9676876967127865,4.821428571428571,2.07370792308477,3.5,1.6557111192308964,14.962962962962964,3.168128317640723,18.423076923076923,3.0089609757931646,10.357142857142858,10.360946209164796
