Year,Team,Rslt,Rslt_std,Tm,Tm_std,Opp_score,Opp_score_std,OT,OT_std,FG,FG_std,FGA,FGA_std,FG%,FG%_std,3P,3P_std,3PA,3PA_std,3P%,3P%_std,2P,2P_std,2PA,2PA_std,2P%,2P%_std,eFG%,eFG%_std,FT,FT_std,FTA,FTA_std,FT%,FT%_std,ORB,ORB_std,DRB,DRB_std,TRB,TRB_std,AST,AST_std,STL,STL_std,BLK,BLK_std,TOV,TOV_std,PF,PF_std,FG_opp,FG_opp_std,FGA_opp,FGA_opp_std,FG%_opp,FG%_opp_std,3P_opp,3P_opp_std,3PA_opp,3PA_opp_std,3P%_opp,3P%_opp_std,2P_opp,2P_opp_std,2PA_opp,2PA_opp_std,2P%_opp,2P%_opp_std,eFG%_opp,eFG%_opp_std,FT_opp,FT_opp_std,FTA_opp,FTA_opp_std,FT%_opp,FT%_opp_std,ORB_opp,ORB_opp_std,DRB_opp,DRB_opp_std,TRB_opp,TRB_opp_std,AST_opp,AST_opp_std,STL_opp,STL_opp_std,BLK_opp,BLK_opp_std,TOV_opp,TOV_opp_std,PF_opp,PF_opp_std,Spread,Spread_std
2012,wichita-state,0.84375,0.36890203262847354,77.46153846153847,7.747158287944137,62.46153846153846,7.859927578448898,0.0,0.0,27.88888888888889,3.682947537517004,56.51851851851852,5.213668207925796,0.4910769230769231,0.06463802167574319,7.035714285714286,2.268661587109324,19.14814814814815,3.779537046372252,0.37757692307692314,0.10029642987740814,20.53846153846154,3.2769591908446984,38.32142857142857,5.430050619971212,0.5492692307692307,0.06364058937018588,0.5533461538461538,0.07812602245484782,15.74074074074074,4.319834332583676,20.185185185185187,5.717967881612898,0.7476666666666667,0.07233628730822768,9.296296296296296,2.770931734644987,25.296296296296298,2.034600977980975,35.111111111111114,3.5554220060388952,14.75,3.2730662937012083,5.857142857142857,2.1724586807524604,3.607142857142857,1.8122890316921123,11.535714285714286,2.5163486606610346,17.074074074074073,2.7305384919170166,22.03846153846154,3.0394837618354766,55.65384615384615,4.019376147536408,0.3948461538461539,0.05636501915741166,5.793103448275862,2.0420457240023437,18.346153846153847,3.005891650639559,0.3067692307692308,0.08498955591944586,16.0,2.8956200345721097,37.851851851851855,4.49532837598959,0.42614814814814816,0.07830988919950498,0.447423076923077,0.06752668988003074,13.0,3.4529808749943753,18.384615384615383,3.567373522096312,0.6900769230769229,0.07644915857060722,7.615384615384615,1.9814524587165463,19.0,3.5409690112258168,26.666666666666668,4.160251471689218,11.148148148148149,3.2546263368615134,5.5,1.772004514666935,2.433333333333333,1.7356968854500254,12.346153846153847,3.248905141025914,18.444444444444443,3.166329266775808,14.23076923076923,10.984744666336827
