Year,Team,Rslt,Rslt_std,Tm,Tm_std,Opp_score,Opp_score_std,OT,OT_std,FG,FG_std,FGA,FGA_std,FG%,FG%_std,3P,3P_std,3PA,3PA_std,3P%,3P%_std,2P,2P_std,2PA,2PA_std,2P%,2P%_std,eFG%,eFG%_std,FT,FT_std,FTA,FTA_std,FT%,FT%_std,ORB,ORB_std,DRB,DRB_std,TRB,TRB_std,AST,AST_std,STL,STL_std,BLK,BLK_std,TOV,TOV_std,PF,PF_std,FG_opp,FG_opp_std,FGA_opp,FGA_opp_std,FG%_opp,FG%_opp_std,3P_opp,3P_opp_std,3PA_opp,3PA_opp_std,3P%_opp,3P%_opp_std,2P_opp,2P_opp_std,2PA_opp,2PA_opp_std,2P%_opp,2P%_opp_std,eFG%_opp,eFG%_opp_std,FT_opp,FT_opp_std,FTA_opp,FTA_opp_std,FT%_opp,FT%_opp_std,ORB_opp,ORB_opp_std,DRB_opp,DRB_opp_std,TRB_opp,TRB_opp_std,AST_opp,AST_opp_std,STL_opp,STL_opp_std,BLK_opp,BLK_opp_std,TOV_opp,TOV_opp_std,PF_opp,PF_opp_std,Spread,Spread_std
2012,lehigh,0.7878787878787878,0.4151487502672805,76.48148148148148,6.053418426300518,64.17857142857143,9.444000923292704,0.0,0.0,25.833333333333332,3.2809096019384554,58.32142857142857,4.578966173377045,0.45062962962962955,0.05061099618139259,7.620689655172414,1.2075297424153717,20.724137931034484,2.864768149732913,0.3660740740740741,0.07636497683237838,18.555555555555557,3.0801265375272306,36.62068965517241,4.304597153073247,0.5020740740740741,0.06532282315600899,0.5162592592592593,0.05882149828904956,16.285714285714285,5.530100413375021,20.964285714285715,6.973399951121897,0.7773333333333332,0.07276093626496187,8.592592592592593,1.9267201956305726,21.533333333333335,4.256705325704971,31.074074074074073,3.6260375271290486,13.035714285714286,2.456769074559977,7.3,2.321563088183001,2.857142857142857,1.2084359562332878,11.25,2.9517728508411625,16.82758620689655,3.6456330580694307,22.857142857142858,3.262744649141677,55.81481481481482,4.523758112939668,0.41051851851851856,0.04776736121789436,6.103448275862069,2.288867898363214,17.666666666666668,3.430631249381193,0.31646428571428575,0.07359472713743738,17.185185185185187,3.5195829848810765,37.111111111111114,5.109066852426586,0.44522222222222213,0.059331748754409816,0.4636666666666668,0.053437958275137955,12.214285714285714,5.209372912123506,17.814814814814813,6.195761808483635,0.7006296296296298,0.08984351701629645,8.275862068965518,3.057736694776265,22.103448275862068,3.3630856110997542,29.666666666666668,4.242640687119285,13.379310344827585,2.90828610676765,5.444444444444445,2.006400016357911,3.466666666666667,1.8705214713316296,14.333333333333334,2.2702083943651856,18.689655172413794,3.752175067076448,11.678571428571429,9.622710680809273
