Year,Team,Rslt,Rslt_std,Tm,Tm_std,Opp_score,Opp_score_std,OT,OT_std,FG,FG_std,FGA,FGA_std,FG%,FG%_std,3P,3P_std,3PA,3PA_std,3P%,3P%_std,2P,2P_std,2PA,2PA_std,2P%,2P%_std,eFG%,eFG%_std,FT,FT_std,FTA,FTA_std,FT%,FT%_std,ORB,ORB_std,DRB,DRB_std,TRB,TRB_std,AST,AST_std,STL,STL_std,BLK,BLK_std,TOV,TOV_std,PF,PF_std,FG_opp,FG_opp_std,FGA_opp,FGA_opp_std,FG%_opp,FG%_opp_std,3P_opp,3P_opp_std,3PA_opp,3PA_opp_std,3P%_opp,3P%_opp_std,2P_opp,2P_opp_std,2PA_opp,2PA_opp_std,2P%_opp,2P%_opp_std,eFG%_opp,eFG%_opp_std,FT_opp,FT_opp_std,FTA_opp,FTA_opp_std,FT%_opp,FT%_opp_std,ORB_opp,ORB_opp_std,DRB_opp,DRB_opp_std,TRB_opp,TRB_opp_std,AST_opp,AST_opp_std,STL_opp,STL_opp_std,BLK_opp,BLK_opp_std,TOV_opp,TOV_opp_std,PF_opp,PF_opp_std,Spread,Spread_std
2012,north-carolina-state,0.6470588235294118,0.48507125007266594,73.5,7.601043485533122,69.66666666666667,9.862269911946841,0.0,0.0,26.620689655172413,3.519474322592674,58.13793103448276,5.076023035036065,0.4635357142857143,0.03821332145349233,5.413793103448276,1.7220677226460377,14.724137931034482,3.358321771830792,0.3482142857142857,0.07486202476104124,21.310344827586206,3.5767448117353666,42.357142857142854,5.579156219983818,0.5016428571428573,0.04946395192139968,0.5080714285714285,0.043780537339501095,13.633333333333333,4.888292370434749,20.774193548387096,5.987262465263819,0.7005714285714288,0.10244038142271704,10.766666666666667,2.68692021278732,23.275862068965516,3.5040441097612782,34.285714285714285,4.633670194446242,15.785714285714286,3.071459332933196,6.612903225806452,2.5778210353557482,3.870967741935484,1.8392378037993704,12.933333333333334,2.490441497119479,16.966666666666665,3.458954728829499,23.82758620689655,3.1060880945703278,57.44827586206897,4.067170013803488,0.42103571428571424,0.05232695087963552,6.46875,2.4360779557418955,18.586206896551722,3.5808742086985084,0.3430357142857143,0.09832353327544324,17.571428571428573,2.616593366681351,38.37931034482759,3.7072688551725,0.4565714285714287,0.056498724057325596,0.47746428571428556,0.05885794709729466,12.793103448275861,4.761297169775927,18.392857142857142,5.513211645266545,0.6968620689655175,0.09468735174922144,9.357142857142858,2.0405933362679503,20.178571428571427,2.919329849894796,29.862068965517242,4.572621457662322,11.172413793103448,2.739512020118617,6.533333333333333,1.8332810859848756,3.212121212121212,2.1324512854572983,12.071428571428571,2.308255256257923,17.903225806451612,3.2797849391860785,4.678571428571429,10.388931330021109
