Year,Team,Rslt,Rslt_std,Tm,Tm_std,Opp_score,Opp_score_std,OT,OT_std,FG,FG_std,FGA,FGA_std,FG%,FG%_std,3P,3P_std,3PA,3PA_std,3P%,3P%_std,2P,2P_std,2PA,2PA_std,2P%,2P%_std,eFG%,eFG%_std,FT,FT_std,FTA,FTA_std,FT%,FT%_std,ORB,ORB_std,DRB,DRB_std,TRB,TRB_std,AST,AST_std,STL,STL_std,BLK,BLK_std,TOV,TOV_std,PF,PF_std,FG_opp,FG_opp_std,FGA_opp,FGA_opp_std,FG%_opp,FG%_opp_std,3P_opp,3P_opp_std,3PA_opp,3PA_opp_std,3P%_opp,3P%_opp_std,2P_opp,2P_opp_std,2PA_opp,2PA_opp_std,2P%_opp,2P%_opp_std,eFG%_opp,eFG%_opp_std,FT_opp,FT_opp_std,FTA_opp,FTA_opp_std,FT%_opp,FT%_opp_std,ORB_opp,ORB_opp_std,DRB_opp,DRB_opp_std,TRB_opp,TRB_opp_std,AST_opp,AST_opp_std,STL_opp,STL_opp_std,BLK_opp,BLK_opp_std,TOV_opp,TOV_opp_std,PF_opp,PF_opp_std,Spread,Spread_std
2012,montana,0.8064516129032258,0.40160966445124946,70.64,6.682564378041312,61.36,6.7446274915669,0.0,0.0,24.0,3.562626515972126,53.19230769230769,3.677164459408698,0.4658,0.06058809013879433,5.814814814814815,1.8405065573000245,16.307692307692307,2.796701353655492,0.36544444444444446,0.0864431041576496,18.333333333333332,2.9612887007569473,36.888888888888886,3.092588327615327,0.50964,0.07363020213653271,0.5252,0.06885068385039227,14.8,4.672615256292062,20.8,5.887840577551898,0.7078076923076926,0.05947572226094896,7.444444444444445,2.577018750615843,22.28,2.5742312768410427,29.107142857142858,4.516138023300733,13.64,2.9137604568666933,6.962962962962963,3.0944302505467105,3.75,1.8584142981864145,12.925925925925926,2.8679384974352615,18.0,3.0413812651491097,21.37037037037037,2.8031321512818224,53.111111111111114,5.07128669254152,0.40616,0.04786150157833885,4.724137931034483,1.7707252695705131,14.615384615384615,2.829514772209865,0.32334615384615384,0.0859976475527987,15.851851851851851,2.4290502053858214,37.407407407407405,4.676119851553943,0.4345384615384616,0.06608917053147559,0.4550800000000001,0.051193196162511036,13.0,3.8574603043971822,19.08,5.098365751231794,0.6942400000000001,0.06444266185274058,9.555555555555555,2.1000610491736684,21.076923076923077,3.751512515485741,31.85185185185185,4.520923184344812,9.392857142857142,2.362347948691689,5.769230769230769,2.025985040570484,3.740740740740741,1.8100699644912284,14.392857142857142,3.7941405674411492,18.076923076923077,3.0056357320617133,9.44,7.8160092118676525
