Year,Team,Rslt,Rslt_std,Tm,Tm_std,Opp_score,Opp_score_std,OT,OT_std,FG,FG_std,FGA,FGA_std,FG%,FG%_std,3P,3P_std,3PA,3PA_std,3P%,3P%_std,2P,2P_std,2PA,2PA_std,2P%,2P%_std,eFG%,eFG%_std,FT,FT_std,FTA,FTA_std,FT%,FT%_std,ORB,ORB_std,DRB,DRB_std,TRB,TRB_std,AST,AST_std,STL,STL_std,BLK,BLK_std,TOV,TOV_std,PF,PF_std,FG_opp,FG_opp_std,FGA_opp,FGA_opp_std,FG%_opp,FG%_opp_std,3P_opp,3P_opp_std,3PA_opp,3PA_opp_std,3P%_opp,3P%_opp_std,2P_opp,2P_opp_std,2PA_opp,2PA_opp_std,2P%_opp,2P%_opp_std,eFG%_opp,eFG%_opp_std,FT_opp,FT_opp_std,FTA_opp,FTA_opp_std,FT%_opp,FT%_opp_std,ORB_opp,ORB_opp_std,DRB_opp,DRB_opp_std,TRB_opp,TRB_opp_std,AST_opp,AST_opp_std,STL_opp,STL_opp_std,BLK_opp,BLK_opp_std,TOV_opp,TOV_opp_std,PF_opp,PF_opp_std,Spread,Spread_std
2013,iowa-state,0.6666666666666666,0.47871355387816905,79.53571428571429,6.8771341084039905,70.85185185185185,8.930086155599996,0.0,0.0,27.296296296296298,2.2155883888556347,59.925925925925924,6.075967323593744,0.4585555555555555,0.04996793843851147,10.172413793103448,2.3614306425984557,26.5,3.853810043561028,0.3662592592592593,0.07141729622038487,17.655172413793103,3.1990608227702158,33.629629629629626,5.379077331148245,0.5336666666666665,0.06541112584733108,0.5405925925925924,0.06325300799126489,14.481481481481481,5.308703813770004,19.85185185185185,6.7007674859141995,0.7274814814814812,0.08614628451757125,10.892857142857142,2.739820022668233,24.77777777777778,3.4788739704916165,35.37931034482759,4.483412229728031,16.0,3.2841611235921855,6.033333333333333,2.141274730450151,3.0,1.7525491637693282,13.148148148148149,3.0847478852686674,16.964285714285715,2.1684973950597572,25.285714285714285,3.1252513126460353,60.25,4.410635294796397,0.4306666666666666,0.04263710915297937,6.0344827586206895,2.078508370042078,20.517241379310345,3.1579908809147765,0.298962962962963,0.08000311603618059,19.448275862068964,3.3229312242630398,40.0,4.251696493980147,0.4848148148148148,0.04359078681506789,0.48500000000000004,0.0603410062647039,13.25925925925926,4.364124659720898,18.06896551724138,4.810190332459076,0.7251785714285713,0.12118735222218668,8.857142857142858,2.8246833413386323,21.925925925925927,3.561826734501509,31.535714285714285,4.566237959253668,13.962962962962964,2.7383526979875144,6.607142857142857,2.0428608428574924,2.7333333333333334,1.436790804568276,13.071428571428571,2.44840948264562,17.62962962962963,3.6389785987506493,6.75,11.755613316388237
