Year,Team,Rslt,Rslt_std,Tm,Tm_std,Opp_score,Opp_score_std,OT,OT_std,FG,FG_std,FGA,FGA_std,FG%,FG%_std,3P,3P_std,3PA,3PA_std,3P%,3P%_std,2P,2P_std,2PA,2PA_std,2P%,2P%_std,eFG%,eFG%_std,FT,FT_std,FTA,FTA_std,FT%,FT%_std,ORB,ORB_std,DRB,DRB_std,TRB,TRB_std,AST,AST_std,STL,STL_std,BLK,BLK_std,TOV,TOV_std,PF,PF_std,FG_opp,FG_opp_std,FGA_opp,FGA_opp_std,FG%_opp,FG%_opp_std,3P_opp,3P_opp_std,3PA_opp,3PA_opp_std,3P%_opp,3P%_opp_std,2P_opp,2P_opp_std,2PA_opp,2PA_opp_std,2P%_opp,2P%_opp_std,eFG%_opp,eFG%_opp_std,FT_opp,FT_opp_std,FTA_opp,FTA_opp_std,FT%_opp,FT%_opp_std,ORB_opp,ORB_opp_std,DRB_opp,DRB_opp_std,TRB_opp,TRB_opp_std,AST_opp,AST_opp_std,STL_opp,STL_opp_std,BLK_opp,BLK_opp_std,TOV_opp,TOV_opp_std,PF_opp,PF_opp_std,Spread,Spread_std
2013,california,0.6451612903225806,0.48637345711392,68.42307692307692,6.210784664907177,64.52,7.4784133789639275,0.0,0.0,25.607142857142858,3.2011489339539483,56.08,5.290872643839893,0.44976,0.04494096127142809,4.153846153846154,1.8042684432712932,12.142857142857142,4.292234898427674,0.2976,0.07903163923391694,21.16,2.764054992217051,43.2,5.204164998665331,0.49556,0.05946923574420643,0.4885769230769231,0.05155360167974538,12.6,4.564354645876384,17.56,5.642694391866354,0.7291199999999999,0.09882110098556889,9.28,2.821347195933177,24.72,3.5061850112812545,33.75,4.986091767217197,13.962962962962964,2.915231637207496,4.785714285714286,2.643750742679421,4.592592592592593,1.500237398118128,12.555555555555555,2.805671910932366,16.703703703703702,3.349107973255598,23.32,2.5449295995501853,58.76923076923077,4.1212395446777155,0.40000000000000013,0.04788353927325479,5.379310344827586,2.440927708642297,16.84,3.064310689208912,0.32888,0.09240595218923942,17.615384615384617,3.4649897324745202,39.7037037037037,5.475925034709203,0.42124,0.0637627634281953,0.44948,0.053435412727266686,11.73076923076923,3.6612314027681157,17.346153846153847,5.447511782032658,0.6905999999999999,0.08795074379067713,9.96,3.335166162777101,21.384615384615383,3.213433342416464,31.576923076923077,3.9209496494913263,11.851851851851851,2.4448329139652833,5.384615384615385,2.0411158335954003,3.1538461538461537,1.433661262427292,10.428571428571429,3.3491687352134436,17.0,4.189935029992179,3.28,9.066973034039531
