Year,Team,Rslt,Rslt_std,Tm,Tm_std,Opp_score,Opp_score_std,OT,OT_std,FG,FG_std,FGA,FGA_std,FG%,FG%_std,3P,3P_std,3PA,3PA_std,3P%,3P%_std,2P,2P_std,2PA,2PA_std,2P%,2P%_std,eFG%,eFG%_std,FT,FT_std,FTA,FTA_std,FT%,FT%_std,ORB,ORB_std,DRB,DRB_std,TRB,TRB_std,AST,AST_std,STL,STL_std,BLK,BLK_std,TOV,TOV_std,PF,PF_std,FG_opp,FG_opp_std,FGA_opp,FGA_opp_std,FG%_opp,FG%_opp_std,3P_opp,3P_opp_std,3PA_opp,3PA_opp_std,3P%_opp,3P%_opp_std,2P_opp,2P_opp_std,2PA_opp,2PA_opp_std,2P%_opp,2P%_opp_std,eFG%_opp,eFG%_opp_std,FT_opp,FT_opp_std,FTA_opp,FTA_opp_std,FT%_opp,FT%_opp_std,ORB_opp,ORB_opp_std,DRB_opp,DRB_opp_std,TRB_opp,TRB_opp_std,AST_opp,AST_opp_std,STL_opp,STL_opp_std,BLK_opp,BLK_opp_std,TOV_opp,TOV_opp_std,PF_opp,PF_opp_std,Spread,Spread_std
2013,san-diego-state,0.6875,0.47092907485988494,69.53846153846153,7.61698506880915,61.592592592592595,6.946273263463816,0.0,0.0,24.576923076923077,3.3126796032586907,56.19230769230769,4.32683931542858,0.4423461538461539,0.06393680774495537,6.071428571428571,2.522910891228496,17.807692307692307,2.2630816294465523,0.33488888888888896,0.11473525825647271,18.444444444444443,2.8733969890027824,37.76923076923077,3.797975169036178,0.49426923076923085,0.07619373081418586,0.4951153846153845,0.07618783468406327,13.807692307692308,3.5667265751019466,20.23076923076923,5.4133737525332,0.6868846153846154,0.08948802240437628,9.74074074074074,3.0330562473238443,24.037037037037038,2.8485013803683006,33.25925925925926,3.514722798924028,12.037037037037036,3.5461949432453057,6.576923076923077,1.724484315337821,4.535714285714286,2.099067568251355,12.142857142857142,2.2886885410853175,14.88888888888889,2.750291359856727,22.214285714285715,2.793605699491753,56.629629629629626,4.8130283777723735,0.3891923076923077,0.04030188008594064,5.703703703703703,1.8147857431243208,18.074074074074073,3.087517373678006,0.3180000000000001,0.07014442244398339,15.88888888888889,2.4703368398993897,37.73076923076923,5.731022193694192,0.4185769230769231,0.0534828369306813,0.4406153846153845,0.04684192730712683,10.962962962962964,4.0618438545290605,16.0,4.963869458396343,0.684307692307692,0.08456938889729271,8.925925925925926,2.8679384974352615,21.5,4.235563716909474,30.5,5.581052602166382,11.821428571428571,2.776269431750449,4.448275862068965,2.1808616727037,2.7777777777777777,1.908147174886057,12.10344827586207,2.9074390742444374,17.653846153846153,3.405199643983391,7.481481481481482,10.631485786497109
