Year,Team,Rslt,Rslt_std,Tm,Tm_std,Opp_score,Opp_score_std,OT,OT_std,FG,FG_std,FGA,FGA_std,FG%,FG%_std,3P,3P_std,3PA,3PA_std,3P%,3P%_std,2P,2P_std,2PA,2PA_std,2P%,2P%_std,eFG%,eFG%_std,FT,FT_std,FTA,FTA_std,FT%,FT%_std,ORB,ORB_std,DRB,DRB_std,TRB,TRB_std,AST,AST_std,STL,STL_std,BLK,BLK_std,TOV,TOV_std,PF,PF_std,FG_opp,FG_opp_std,FGA_opp,FGA_opp_std,FG%_opp,FG%_opp_std,3P_opp,3P_opp_std,3PA_opp,3PA_opp_std,3P%_opp,3P%_opp_std,2P_opp,2P_opp_std,2PA_opp,2PA_opp_std,2P%_opp,2P%_opp_std,eFG%_opp,eFG%_opp_std,FT_opp,FT_opp_std,FTA_opp,FTA_opp_std,FT%_opp,FT%_opp_std,ORB_opp,ORB_opp_std,DRB_opp,DRB_opp_std,TRB_opp,TRB_opp_std,AST_opp,AST_opp_std,STL_opp,STL_opp_std,BLK_opp,BLK_opp_std,TOV_opp,TOV_opp_std,PF_opp,PF_opp_std,Spread,Spread_std
2013,duke,0.84375,0.36890203262847354,77.85185185185185,7.341681340148515,64.70370370370371,9.281142232484164,0.0,0.0,26.892857142857142,3.130959925152357,57.92857142857143,5.753765732615476,0.4813076923076922,0.04255891843622837,7.666666666666667,2.385855756810896,19.115384615384617,3.326582908354134,0.41246153846153855,0.10228596414727908,19.25925925925926,2.7399128648777333,38.074074074074076,5.030108776358053,0.5181153846153845,0.06336391839088042,0.5503461538461539,0.054132387575419064,15.296296296296296,4.401178293408524,21.307692307692307,4.057282152074029,0.7463703703703701,0.10067737815882212,8.333333333333334,2.7174648819470297,23.178571428571427,3.055699852292693,31.666666666666668,4.076197322920545,14.296296296296296,2.9458551692272112,6.346153846153846,1.787563877287918,3.3793103448275863,1.6778769132330866,10.777777777777779,2.778119637083457,17.555555555555557,2.577018750615843,24.074074074074073,3.075035033270427,57.666666666666664,5.151549430847145,0.4189999999999999,0.05224710518296684,3.9655172413793105,1.9361736680645165,15.37037037037037,3.6177781977781733,0.2831851851851852,0.09140486312472113,19.26923076923077,2.458579952862096,41.73076923076923,4.895366726264273,0.46284615384615396,0.06503887594827717,0.45788461538461545,0.05747996306406395,12.653846153846153,3.2117572472689484,17.96153846153846,4.142277337221826,0.7189615384615384,0.0979103593167672,10.714285714285714,3.1606040545152108,21.807692307692307,3.3825343252565023,32.30769230769231,4.086751578153296,9.222222222222221,2.7362710916828927,4.612903225806452,2.26093519522105,3.0357142857142856,1.8950646008170384,13.666666666666666,2.922064602034243,19.535714285714285,3.225846347252866,13.26923076923077,9.084305993559187
