Year,Team,Rslt,Rslt_std,Tm,Tm_std,Opp_score,Opp_score_std,OT,OT_std,FG,FG_std,FGA,FGA_std,FG%,FG%_std,3P,3P_std,3PA,3PA_std,3P%,3P%_std,2P,2P_std,2PA,2PA_std,2P%,2P%_std,eFG%,eFG%_std,FT,FT_std,FTA,FTA_std,FT%,FT%_std,ORB,ORB_std,DRB,DRB_std,TRB,TRB_std,AST,AST_std,STL,STL_std,BLK,BLK_std,TOV,TOV_std,PF,PF_std,FG_opp,FG_opp_std,FGA_opp,FGA_opp_std,FG%_opp,FG%_opp_std,3P_opp,3P_opp_std,3PA_opp,3PA_opp_std,3P%_opp,3P%_opp_std,2P_opp,2P_opp_std,2PA_opp,2PA_opp_std,2P%_opp,2P%_opp_std,eFG%_opp,eFG%_opp_std,FT_opp,FT_opp_std,FTA_opp,FTA_opp_std,FT%_opp,FT%_opp_std,ORB_opp,ORB_opp_std,DRB_opp,DRB_opp_std,TRB_opp,TRB_opp_std,AST_opp,AST_opp_std,STL_opp,STL_opp_std,BLK_opp,BLK_opp_std,TOV_opp,TOV_opp_std,PF_opp,PF_opp_std,Spread,Spread_std
2013,saint-louis,0.8181818181818182,0.39167472590032015,68.4074074074074,5.3006477054097925,57.592592592592595,7.050691505962426,0.0,0.0,22.517241379310345,3.100929464982722,51.214285714285715,5.166538656888352,0.45151851851851854,0.05304234184583133,5.6,1.975714624094803,18.033333333333335,4.604969829047393,0.3495925925925926,0.07042030916589292,17.178571428571427,3.443228151868549,34.392857142857146,5.659075213772325,0.49966666666666676,0.06652761138747637,0.5083571428571428,0.06298513304048015,16.107142857142858,3.937843795354732,23.607142857142858,4.924160283475194,0.7011481481481481,0.060991615882653984,7.448275862068965,2.3081564519972537,21.866666666666667,3.213477365971199,29.555555555555557,3.7244858533487375,13.0,2.5092421756969365,7.214285714285714,2.4091975436299955,3.0357142857142856,1.3738872361173378,11.433333333333334,2.7753015783108532,17.22222222222222,2.9000442083279374,20.892857142857142,3.1191082024892918,50.55172413793103,3.960395064136835,0.41151851851851856,0.05015696160774492,4.344827586206897,1.5873576892110792,13.3,3.6591877749596007,0.3309629629629629,0.11750825878716305,16.785714285714285,2.9104809689979887,36.7037037037037,4.79434614788659,0.44562962962962954,0.03771976440515803,0.45322222222222214,0.058148571867728704,11.592592592592593,4.190274997945189,17.464285714285715,5.600807764871744,0.6488888888888887,0.10584434628748782,7.724137931034483,2.4333479541590126,21.586206896551722,3.959773093961954,29.62962962962963,3.387172046550702,11.0,2.6246692913372702,5.75,1.8978545391709691,3.21875,2.7207017002853298,15.10344827586207,2.857881677874202,21.20689655172414,2.756541704289577,11.222222222222221,8.233764132817493
