Year,Team,Rslt,Rslt_std,Tm,Tm_std,Opp_score,Opp_score_std,OT,OT_std,FG,FG_std,FGA,FGA_std,FG%,FG%_std,3P,3P_std,3PA,3PA_std,3P%,3P%_std,2P,2P_std,2PA,2PA_std,2P%,2P%_std,eFG%,eFG%_std,FT,FT_std,FTA,FTA_std,FT%,FT%_std,ORB,ORB_std,DRB,DRB_std,TRB,TRB_std,AST,AST_std,STL,STL_std,BLK,BLK_std,TOV,TOV_std,PF,PF_std,FG_opp,FG_opp_std,FGA_opp,FGA_opp_std,FG%_opp,FG%_opp_std,3P_opp,3P_opp_std,3PA_opp,3PA_opp_std,3P%_opp,3P%_opp_std,2P_opp,2P_opp_std,2PA_opp,2PA_opp_std,2P%_opp,2P%_opp_std,eFG%_opp,eFG%_opp_std,FT_opp,FT_opp_std,FTA_opp,FTA_opp_std,FT%_opp,FT%_opp_std,ORB_opp,ORB_opp_std,DRB_opp,DRB_opp_std,TRB_opp,TRB_opp_std,AST_opp,AST_opp_std,STL_opp,STL_opp_std,BLK_opp,BLK_opp_std,TOV_opp,TOV_opp_std,PF_opp,PF_opp_std,Spread,Spread_std
2013,ucla,0.7352941176470589,0.4478110755198991,73.55172413793103,9.15574061487636,68.96428571428571,7.661747904517672,0.11764705882352941,0.3270349700838643,27.20689655172414,3.5191243872875493,60.607142857142854,4.4417154319965135,0.45296428571428576,0.056048578230791214,4.758620689655173,2.011665486495369,13.633333333333333,3.8370546654624462,0.3517241379310346,0.10515597141923588,22.310344827586206,3.1179600505534526,46.214285714285715,5.028490259085155,0.4890714285714285,0.05488906561246533,0.49307142857142855,0.06062265104815047,14.0,4.174754056057845,19.0,5.89564421328621,0.7372333333333331,0.06856141638043917,8.892857142857142,1.4991179064218054,24.551724137931036,3.650696674183785,33.43333333333333,3.9713051214702824,16.071428571428573,3.999338569652361,8.5,2.080285126346038,3.193548387096774,1.5794377657615948,11.172413793103448,2.536434019828983,15.161290322580646,2.5703018524879964,26.0,2.7516228977511745,60.83870967741935,6.011637459647459,0.4220344827586207,0.04387440089832785,6.275862068965517,1.9253302448473972,19.266666666666666,4.242098808237565,0.3185357142857143,0.08712931306837668,19.928571428571427,3.1260976908098654,43.107142857142854,5.775678800666257,0.4740357142857143,0.04844736138735345,0.4737857142857144,0.050743623677417284,10.275862068965518,3.2938964304575946,14.827586206896552,4.3758180093819625,0.6596785714285713,0.06988352933243766,11.172413793103448,2.8669167798630113,23.535714285714285,3.3827683475404715,35.310344827586206,5.7077857119893824,13.344827586206897,2.5811938277383746,6.103448275862069,1.7391464981052978,3.129032258064516,1.8928274350623542,14.137931034482758,2.5735486607716602,16.137931034482758,3.3028573985374985,5.035714285714286,8.621601393129387
