Year,Team,Rslt,Rslt_std,Tm,Tm_std,Opp_score,Opp_score_std,OT,OT_std,FG,FG_std,FGA,FGA_std,FG%,FG%_std,3P,3P_std,3PA,3PA_std,3P%,3P%_std,2P,2P_std,2PA,2PA_std,2P%,2P%_std,eFG%,eFG%_std,FT,FT_std,FTA,FTA_std,FT%,FT%_std,ORB,ORB_std,DRB,DRB_std,TRB,TRB_std,AST,AST_std,STL,STL_std,BLK,BLK_std,TOV,TOV_std,PF,PF_std,FG_opp,FG_opp_std,FGA_opp,FGA_opp_std,FG%_opp,FG%_opp_std,3P_opp,3P_opp_std,3PA_opp,3PA_opp_std,3P%_opp,3P%_opp_std,2P_opp,2P_opp_std,2PA_opp,2PA_opp_std,2P%_opp,2P%_opp_std,eFG%_opp,eFG%_opp_std,FT_opp,FT_opp_std,FTA_opp,FTA_opp_std,FT%_opp,FT%_opp_std,ORB_opp,ORB_opp_std,DRB_opp,DRB_opp_std,TRB_opp,TRB_opp_std,AST_opp,AST_opp_std,STL_opp,STL_opp_std,BLK_opp,BLK_opp_std,TOV_opp,TOV_opp_std,PF_opp,PF_opp_std,Spread,Spread_std
2013,northwestern-state,0.7419354838709677,0.44480272297456935,80.48,10.540082226118225,70.1923076923077,9.32102668494938,0.0,0.0,29.192307692307693,4.595817496543837,63.2,5.259911279353166,0.4598000000000001,0.04316827538829875,6.142857142857143,2.5778872445284815,18.346153846153847,3.110528028387562,0.30972000000000005,0.08261785521302281,22.535714285714285,4.670491629742212,43.76923076923077,5.580736097022989,0.52108,0.06360550290658819,0.5021538461538461,0.05317269397553019,16.884615384615383,3.777056240798361,24.846153846153847,4.730262637040846,0.6948400000000001,0.07643225758801057,12.4,2.753785273643051,23.12,4.003331945600648,35.72,5.7265463704866075,15.192307692307692,3.9295723000777656,9.148148148148149,3.0971910810591896,4.8076923076923075,1.789284343400585,13.884615384615385,3.4793898669384324,18.40740740740741,3.2729574870827016,25.92,3.390181902690965,58.888888888888886,6.941144515098874,0.42853846153846153,0.04679079462392642,5.0,1.8547236990991407,16.576923076923077,4.071098887750843,0.3213461538461538,0.08787579521469711,20.51851851851852,3.5122901839373033,43.53846153846154,6.923760649998058,0.46275999999999995,0.056905096432569205,0.46760000000000007,0.04783826919945997,14.0,4.354308211415448,22.703703703703702,6.414015991529888,0.6181923076923076,0.07439140769243137,12.36,3.0397368307141326,22.64,2.0992061991778384,35.16,3.996665276619163,12.5,2.353720459187964,6.538461538461538,2.3018387298986736,2.259259259259259,1.0594843663344553,16.48,3.831013790978397,20.36,2.4131583730317687,8.6,11.037813793198964
