Year,Team,Rslt,Rslt_std,Tm,Tm_std,Opp_score,Opp_score_std,OT,OT_std,FG,FG_std,FGA,FGA_std,FG%,FG%_std,3P,3P_std,3PA,3PA_std,3P%,3P%_std,2P,2P_std,2PA,2PA_std,2P%,2P%_std,eFG%,eFG%_std,FT,FT_std,FTA,FTA_std,FT%,FT%_std,ORB,ORB_std,DRB,DRB_std,TRB,TRB_std,AST,AST_std,STL,STL_std,BLK,BLK_std,TOV,TOV_std,PF,PF_std,FG_opp,FG_opp_std,FGA_opp,FGA_opp_std,FG%_opp,FG%_opp_std,3P_opp,3P_opp_std,3PA_opp,3PA_opp_std,3P%_opp,3P%_opp_std,2P_opp,2P_opp_std,2PA_opp,2PA_opp_std,2P%_opp,2P%_opp_std,eFG%_opp,eFG%_opp_std,FT_opp,FT_opp_std,FTA_opp,FTA_opp_std,FT%_opp,FT%_opp_std,ORB_opp,ORB_opp_std,DRB_opp,DRB_opp_std,TRB_opp,TRB_opp_std,AST_opp,AST_opp_std,STL_opp,STL_opp_std,BLK_opp,BLK_opp_std,TOV_opp,TOV_opp_std,PF_opp,PF_opp_std,Spread,Spread_std
2013,middle-tennessee,0.8484848484848485,0.36410954062720957,71.25925925925925,8.117372597813771,58.275862068965516,5.160956111060776,0.0,0.0,25.22222222222222,3.1784530990033657,53.642857142857146,4.356470587394798,0.46885185185185174,0.041630890623803075,5.241379310344827,2.429802643569948,13.777777777777779,3.017045591727792,0.37664285714285717,0.09641392794946953,19.555555555555557,2.292686253374032,39.925925925925924,2.7585660422920104,0.4982962962962963,0.05202130836701941,0.5158518518518518,0.05261522425459976,15.714285714285714,4.987815842461195,22.275862068965516,5.049020780056112,0.67675,0.09142113581702031,10.4,2.685850536319599,23.79310344827586,3.2113560814355977,34.233333333333334,4.320626817020191,13.777777777777779,3.166329266775808,7.074074074074074,2.3846613358315025,3.857142857142857,1.1773883752795364,12.689655172413794,3.3605213060291503,20.642857142857142,2.751622897751175,19.62962962962963,1.8428270119605354,50.51851851851852,3.214993364873765,0.3924074074074074,0.029018905322166548,4.8,1.323527157987714,15.931034482758621,2.840158879896367,0.299037037037037,0.06142567834476034,14.777777777777779,1.7831116564834573,34.55555555555556,2.991440781415863,0.43648148148148147,0.055989951275873105,0.44066666666666665,0.0345487392623144,13.642857142857142,3.0210898905832195,21.11111111111111,4.509249752822894,0.6391111111111111,0.0624686588085044,8.464285714285714,2.2849287671390264,18.517241379310345,2.6270663928633997,27.555555555555557,3.7244858533487375,9.222222222222221,2.2417941532712202,6.333333333333333,2.0,2.433333333333333,1.6333450621206846,15.518518518518519,2.8198522925087675,19.857142857142858,2.798336618544637,12.925925925925926,10.321470996556815
