Year,Team,Rslt,Rslt_std,Tm,Tm_std,Opp_score,Opp_score_std,OT,OT_std,FG,FG_std,FGA,FGA_std,FG%,FG%_std,3P,3P_std,3PA,3PA_std,3P%,3P%_std,2P,2P_std,2PA,2PA_std,2P%,2P%_std,eFG%,eFG%_std,FT,FT_std,FTA,FTA_std,FT%,FT%_std,ORB,ORB_std,DRB,DRB_std,TRB,TRB_std,AST,AST_std,STL,STL_std,BLK,BLK_std,TOV,TOV_std,PF,PF_std,FG_opp,FG_opp_std,FGA_opp,FGA_opp_std,FG%_opp,FG%_opp_std,3P_opp,3P_opp_std,3PA_opp,3PA_opp_std,3P%_opp,3P%_opp_std,2P_opp,2P_opp_std,2PA_opp,2PA_opp_std,2P%_opp,2P%_opp_std,eFG%_opp,eFG%_opp_std,FT_opp,FT_opp_std,FTA_opp,FTA_opp_std,FT%_opp,FT%_opp_std,ORB_opp,ORB_opp_std,DRB_opp,DRB_opp_std,TRB_opp,TRB_opp_std,AST_opp,AST_opp_std,STL_opp,STL_opp_std,BLK_opp,BLK_opp_std,TOV_opp,TOV_opp_std,PF_opp,PF_opp_std,Spread,Spread_std
2013,boise-state,0.6774193548387096,0.47519096331149147,72.4,7.937253933193772,65.32,7.346881424568295,0.0,0.0,25.08,3.2005207909547058,56.26923076923077,3.790067992083438,0.45411999999999997,0.050644446882160736,7.703703703703703,2.4932958541906367,19.64,2.8413611761501443,0.39020000000000005,0.07759349199514093,17.53846153846154,2.7015664971385656,36.73076923076923,4.0846805731434355,0.49156,0.0695695575185967,0.52452,0.0648209842566433,14.153846153846153,4.679250433069875,18.56,5.447323501806491,0.7384,0.07405403432629447,7.9655172413793105,3.110842313823996,21.703703703703702,4.176995744227356,29.925925925925927,4.929705295653514,12.68,3.0375428666385376,6.64,1.7048949136725895,1.6,1.3544307876819286,12.25925925925926,3.058312664407672,19.2,2.160246899469287,22.384615384615383,2.6694856894454118,51.38461538461539,4.639628632353439,0.4344400000000001,0.055708377586619166,6.384615384615385,1.8989875845180892,19.4,3.8297084310253524,0.32748000000000005,0.07283549958639673,15.68,2.882707061079915,31.03846153846154,5.07133725347285,0.5004,0.08114647250497091,0.4987999999999999,0.06755738301621814,14.222222222222221,4.543239553559292,21.26923076923077,5.280588545286916,0.70552,0.09712711602156561,5.884615384615385,2.026364687353648,19.76923076923077,3.558737892092558,26.296296296296298,4.538847827493185,12.16,3.064310689208912,6.035714285714286,2.301080951416865,2.84,1.2138094304022082,13.16,2.32163735324878,17.571428571428573,3.0602417167732625,6.6,9.535023160258536
