Year,Team,Rslt,Rslt_std,Tm,Tm_std,Opp_score,Opp_score_std,OT,OT_std,FG,FG_std,FGA,FGA_std,FG%,FG%_std,3P,3P_std,3PA,3PA_std,3P%,3P%_std,2P,2P_std,2PA,2PA_std,2P%,2P%_std,eFG%,eFG%_std,FT,FT_std,FTA,FTA_std,FT%,FT%_std,ORB,ORB_std,DRB,DRB_std,TRB,TRB_std,AST,AST_std,STL,STL_std,BLK,BLK_std,TOV,TOV_std,PF,PF_std,FG_opp,FG_opp_std,FGA_opp,FGA_opp_std,FG%_opp,FG%_opp_std,3P_opp,3P_opp_std,3PA_opp,3PA_opp_std,3P%_opp,3P%_opp_std,2P_opp,2P_opp_std,2PA_opp,2PA_opp_std,2P%_opp,2P%_opp_std,eFG%_opp,eFG%_opp_std,FT_opp,FT_opp_std,FTA_opp,FTA_opp_std,FT%_opp,FT%_opp_std,ORB_opp,ORB_opp_std,DRB_opp,DRB_opp_std,TRB_opp,TRB_opp_std,AST_opp,AST_opp_std,STL_opp,STL_opp_std,BLK_opp,BLK_opp_std,TOV_opp,TOV_opp_std,PF_opp,PF_opp_std,Spread,Spread_std
2013,north-carolina-state,0.7058823529411765,0.4624972900628803,78.28571428571429,8.484657800372268,69.64285714285714,7.987092762304116,0.0,0.0,28.25,3.3843320912262294,56.75,3.6375103410824114,0.4990333333333334,0.052973958034916155,5.645161290322581,1.5609481540989587,13.833333333333334,3.074739499291891,0.3995517241379311,0.0632774989385736,22.586206896551722,3.5508272816678166,43.035714285714285,3.8918922642880798,0.5318571428571428,0.06529744722235789,0.5469642857142857,0.048534433857224175,15.892857142857142,4.491467513327957,23.321428571428573,5.987972954666722,0.6766428571428571,0.07137756379813347,9.517241379310345,1.8635735574269363,23.75862068965517,2.9719542922580313,34.0,3.513520682478886,14.566666666666666,3.2555875928490456,6.620689655172414,1.9714714066882033,3.933333333333333,1.8925139881655562,12.310344827586206,1.6712580435934667,15.451612903225806,3.810850383465781,25.310344827586206,3.3391984525359852,61.25,5.125282286715389,0.42024999999999996,0.03984007381370524,5.774193548387097,2.0446626032894337,19.82758620689655,2.493834762501337,0.2947142857142858,0.06767233536346277,20.387096774193548,3.7298562917342064,41.714285714285715,5.339282396346583,0.4739999999999999,0.052635011583967994,0.4671071428571429,0.043944695281526794,12.035714285714286,4.582431368681614,16.321428571428573,5.987972954666722,0.7277857142857144,0.06770926800331675,10.448275862068966,3.202523635426908,19.666666666666668,3.5460841281162745,30.96551724137931,4.0043080249427225,11.357142857142858,2.2805828643261794,5.625,1.930234817739257,3.1333333333333333,1.2242755305537407,11.517241379310345,2.733661720831765,18.24137931034483,3.3236723709711,7.75,8.95513508800646
