Year,Team,Rslt,Rslt_std,Tm,Tm_std,Opp_score,Opp_score_std,OT,OT_std,FG,FG_std,FGA,FGA_std,FG%,FG%_std,3P,3P_std,3PA,3PA_std,3P%,3P%_std,2P,2P_std,2PA,2PA_std,2P%,2P%_std,eFG%,eFG%_std,FT,FT_std,FTA,FTA_std,FT%,FT%_std,ORB,ORB_std,DRB,DRB_std,TRB,TRB_std,AST,AST_std,STL,STL_std,BLK,BLK_std,TOV,TOV_std,PF,PF_std,FG_opp,FG_opp_std,FGA_opp,FGA_opp_std,FG%_opp,FG%_opp_std,3P_opp,3P_opp_std,3PA_opp,3PA_opp_std,3P%_opp,3P%_opp_std,2P_opp,2P_opp_std,2PA_opp,2PA_opp_std,2P%_opp,2P%_opp_std,eFG%_opp,eFG%_opp_std,FT_opp,FT_opp_std,FTA_opp,FTA_opp_std,FT%_opp,FT%_opp_std,ORB_opp,ORB_opp_std,DRB_opp,DRB_opp_std,TRB_opp,TRB_opp_std,AST_opp,AST_opp_std,STL_opp,STL_opp_std,BLK_opp,BLK_opp_std,TOV_opp,TOV_opp_std,PF_opp,PF_opp_std,Spread,Spread_std
2013,new-mexico,0.8529411764705882,0.35949062795357095,67.67857142857143,7.418962548160308,59.607142857142854,6.261814230741555,0.0,0.0,22.20689655172414,3.16655863613152,51.51724137931034,4.264644430456847,0.42225000000000007,0.05143109378000246,5.96875,2.6333392881380884,17.75862068965517,3.1583808285461834,0.34875000000000006,0.09646669930123075,15.285714285714286,2.290999181291266,33.42857142857143,3.3491687352134436,0.46082142857142866,0.06099972894379885,0.48167857142857146,0.06162614498759229,16.714285714285715,5.6032870171735265,22.193548387096776,7.444995432453085,0.7066071428571427,0.07561419584811185,7.866666666666666,1.8332810859848756,24.0,3.4747768380248645,32.035714285714285,4.272930669685212,14.482758620689655,2.9594966953276316,6.344827586206897,1.6096996629576925,3.5625,1.7215428189328765,10.909090909090908,3.485358987640624,14.96551724137931,2.8844751765849845,21.724137931034484,2.4038147023330874,56.6,4.005169073877509,0.3848214285714286,0.0388987799212916,7.310344827586207,2.156442975229978,21.892857142857142,2.643500565177779,0.33535714285714274,0.0740906423269719,13.7,2.667169492823483,34.035714285714285,4.442906479931576,0.4173928571428572,0.06302753030795018,0.45267857142857154,0.050139105438568546,9.551724137931034,3.766261948409777,13.964285714285714,4.558119681014862,0.668285714285714,0.08042104807539488,8.535714285714286,2.5601235915933445,21.428571428571427,3.011442024808558,29.5,4.79762872462119,12.392857142857142,2.469657131912515,5.21875,2.043626993930786,2.8,1.5624913792865636,12.357142857142858,2.7245697684736254,19.096774193548388,3.8240888998529434,7.678571428571429,5.040969714387864
