Year,Team,Rslt,Rslt_std,Tm,Tm_std,Opp_score,Opp_score_std,OT,OT_std,FG,FG_std,FGA,FGA_std,FG%,FG%_std,3P,3P_std,3PA,3PA_std,3P%,3P%_std,2P,2P_std,2PA,2PA_std,2P%,2P%_std,eFG%,eFG%_std,FT,FT_std,FTA,FTA_std,FT%,FT%_std,ORB,ORB_std,DRB,DRB_std,TRB,TRB_std,AST,AST_std,STL,STL_std,BLK,BLK_std,TOV,TOV_std,PF,PF_std,FG_opp,FG_opp_std,FGA_opp,FGA_opp_std,FG%_opp,FG%_opp_std,3P_opp,3P_opp_std,3PA_opp,3PA_opp_std,3P%_opp,3P%_opp_std,2P_opp,2P_opp_std,2PA_opp,2PA_opp_std,2P%_opp,2P%_opp_std,eFG%_opp,eFG%_opp_std,FT_opp,FT_opp_std,FTA_opp,FTA_opp_std,FT%_opp,FT%_opp_std,ORB_opp,ORB_opp_std,DRB_opp,DRB_opp_std,TRB_opp,TRB_opp_std,AST_opp,AST_opp_std,STL_opp,STL_opp_std,BLK_opp,BLK_opp_std,TOV_opp,TOV_opp_std,PF_opp,PF_opp_std,Spread,Spread_std
2013,florida,0.7878787878787878,0.41514875026728054,72.65517241379311,7.7748489285688995,53.58620689655172,7.971006574630827,0.0,0.0,26.428571428571427,3.03593992314262,54.857142857142854,3.8269442961065745,0.48014814814814816,0.04634212546477117,8.535714285714286,2.0089087300607478,21.607142857142858,5.013605826772123,0.3840740740740741,0.07057506964814456,18.035714285714285,2.4264307403192324,33.13793103448276,4.240317861493695,0.5583703703703704,0.07172122749182751,0.5568888888888889,0.06165245851566376,10.518518518518519,3.490320355259125,14.96551724137931,4.724425578240701,0.6924074074074075,0.10563043677742306,9.148148148148149,2.3155611332511525,22.551724137931036,4.058379399434422,31.37037037037037,4.243983507436853,14.666666666666666,3.6689969285267137,6.777777777777778,2.606697488177674,2.896551724137931,1.5662700822155002,11.1,2.7835724998765463,14.129032258064516,3.019292803332937,18.82758620689655,2.841892798787976,51.44444444444444,4.022373326717347,0.3811481481481482,0.04419337202629067,4.758620689655173,1.7658501071679955,17.032258064516128,4.316509940277693,0.3077857142857144,0.1002280204566372,14.11111111111111,2.650592580092426,34.44444444444444,4.6684978092392635,0.41299999999999987,0.05530119548637464,0.4295185185185186,0.05407997665165801,9.777777777777779,3.029766852331575,15.0,4.044396476254876,0.6500000000000001,0.10306452491665741,7.857142857142857,2.2724482753235913,18.857142857142858,3.217018238867531,26.75,4.325848236237948,9.551724137931034,2.501231223911132,5.413793103448276,2.1797319851517516,2.1666666666666665,1.57749984061059,13.296296296296296,3.4397541819014963,15.444444444444445,2.2072142786315223,18.074074074074073,11.041620303079567
