Year,Team,Rslt,Rslt_std,Tm,Tm_std,Opp_score,Opp_score_std,OT,OT_std,FG,FG_std,FGA,FGA_std,FG%,FG%_std,3P,3P_std,3PA,3PA_std,3P%,3P%_std,2P,2P_std,2PA,2PA_std,2P%,2P%_std,eFG%,eFG%_std,FT,FT_std,FTA,FTA_std,FT%,FT%_std,ORB,ORB_std,DRB,DRB_std,TRB,TRB_std,AST,AST_std,STL,STL_std,BLK,BLK_std,TOV,TOV_std,PF,PF_std,FG_opp,FG_opp_std,FGA_opp,FGA_opp_std,FG%_opp,FG%_opp_std,3P_opp,3P_opp_std,3PA_opp,3PA_opp_std,3P%_opp,3P%_opp_std,2P_opp,2P_opp_std,2PA_opp,2PA_opp_std,2P%_opp,2P%_opp_std,eFG%_opp,eFG%_opp_std,FT_opp,FT_opp_std,FTA_opp,FTA_opp_std,FT%_opp,FT%_opp_std,ORB_opp,ORB_opp_std,DRB_opp,DRB_opp_std,TRB_opp,TRB_opp_std,AST_opp,AST_opp_std,STL_opp,STL_opp_std,BLK_opp,BLK_opp_std,TOV_opp,TOV_opp_std,PF_opp,PF_opp_std,Spread,Spread_std
2013,akron,0.8125,0.39655776945626603,71.70370370370371,7.5386941065352175,61.76923076923077,7.926198040966134,0.125,0.3360107525161235,25.464285714285715,2.9247620081355,57.25925925925926,6.418678228376167,0.4630769230769231,0.050842441386639244,7.2592592592592595,1.992149835896128,20.444444444444443,4.317525407108294,0.3352692307692307,0.05604752104584657,18.88888888888889,3.2025630761017427,36.51851851851852,4.956505983750204,0.5311111111111112,0.07639841587832792,0.5264615384615385,0.05761682446593583,13.076923076923077,3.599145197660988,20.73076923076923,5.325844100667554,0.6375555555555557,0.09464644059841193,10.379310344827585,3.599740001558131,23.48148148148148,3.786315139575988,34.42307692307692,5.485785828288063,14.62962962962963,3.2361913529540356,6.678571428571429,1.588233853211413,5.678571428571429,1.8866700319673837,13.038461538461538,2.1629751590024187,17.807692307692307,3.394339178918109,21.346153846153847,2.4321563714910717,54.55555555555556,4.163331998932265,0.3864814814814815,0.05075231739337348,5.0,2.0939473213563384,15.962962962962964,4.4331051930245975,0.32421428571428573,0.08339302623958927,16.413793103448278,2.6392266369865456,38.241379310344826,3.906543708169968,0.42381481481481487,0.045339774554966156,0.4362692307692307,0.0581099355995566,12.892857142857142,5.230532057875719,18.448275862068964,6.951804528818151,0.7164999999999999,0.06528231000814846,9.392857142857142,2.4394790839558764,19.46153846153846,2.3871450602050848,28.615384615384617,3.213433342416464,10.37037037037037,2.420237562213647,6.481481481481482,1.888637489554723,2.793103448275862,1.7602619599047422,13.444444444444445,2.1720839573894737,19.22222222222222,2.9395621512438956,10.653846153846153,8.639177311259713
