Year,Team,Rslt,Rslt_std,Tm,Tm_std,Opp_score,Opp_score_std,OT,OT_std,FG,FG_std,FGA,FGA_std,FG%,FG%_std,3P,3P_std,3PA,3PA_std,3P%,3P%_std,2P,2P_std,2PA,2PA_std,2P%,2P%_std,eFG%,eFG%_std,FT,FT_std,FTA,FTA_std,FT%,FT%_std,ORB,ORB_std,DRB,DRB_std,TRB,TRB_std,AST,AST_std,STL,STL_std,BLK,BLK_std,TOV,TOV_std,PF,PF_std,FG_opp,FG_opp_std,FGA_opp,FGA_opp_std,FG%_opp,FG%_opp_std,3P_opp,3P_opp_std,3PA_opp,3PA_opp_std,3P%_opp,3P%_opp_std,2P_opp,2P_opp_std,2PA_opp,2PA_opp_std,2P%_opp,2P%_opp_std,eFG%_opp,eFG%_opp_std,FT_opp,FT_opp_std,FTA_opp,FTA_opp_std,FT%_opp,FT%_opp_std,ORB_opp,ORB_opp_std,DRB_opp,DRB_opp_std,TRB_opp,TRB_opp_std,AST_opp,AST_opp_std,STL_opp,STL_opp_std,BLK_opp,BLK_opp_std,TOV_opp,TOV_opp_std,PF_opp,PF_opp_std,Spread,Spread_std
2013,belmont,0.8125,0.39655776945626603,75.77777777777777,7.697818538807619,63.2962962962963,9.067332806097072,0.0,0.0,27.423076923076923,1.6290629680421054,55.58620689655172,5.704116567252801,0.5013461538461538,0.041725716106681555,8.035714285714286,2.6031625048112206,21.53846153846154,3.501208582541397,0.3814615384615386,0.07867768718981552,18.75,2.590938625858004,34.0,3.6110940170535577,0.5723846153846154,0.06148630866986693,0.5759615384615385,0.048357403378784324,12.107142857142858,4.491467513327957,17.153846153846153,5.738935843463021,0.7345769230769228,0.09012842973309723,8.241379310344827,2.785872169329089,21.357142857142858,3.592319850008056,29.576923076923077,4.272452007202205,15.88888888888889,2.044379411823348,9.366666666666667,3.022710970171545,2.75,2.3691566486423925,13.038461538461538,2.4409960136103335,17.785714285714285,2.7400614058696764,21.85185185185185,3.4719059685036195,53.275862068965516,5.430709975448737,0.4126538461538462,0.059326177903311655,6.535714285714286,2.3801982932822874,19.464285714285715,3.666486287049454,0.33057692307692316,0.08641211631567558,14.851851851851851,2.5973907573637716,33.53846153846154,4.692383353740564,0.45696153846153853,0.06813661615855648,0.4757692307692307,0.0755864049640186,14.185185185185185,3.8832682214562615,19.576923076923077,5.061012364522157,0.7238846153846155,0.08346464014087733,10.038461538461538,2.5374123705975613,19.96153846153846,3.5718988701335785,31.214285714285715,4.4167789743133525,12.037037037037036,2.90200834279511,6.428571428571429,1.970684623068309,3.888888888888889,1.6012815380508714,16.925925925925927,3.1613765979873376,17.185185185185187,3.942246889948743,13.846153846153847,11.491535346305325
