Year,Team,Rslt,Rslt_std,Tm,Tm_std,Opp_score,Opp_score_std,OT,OT_std,FG,FG_std,FGA,FGA_std,FG%,FG%_std,3P,3P_std,3PA,3PA_std,3P%,3P%_std,2P,2P_std,2PA,2PA_std,2P%,2P%_std,eFG%,eFG%_std,FT,FT_std,FTA,FTA_std,FT%,FT%_std,ORB,ORB_std,DRB,DRB_std,TRB,TRB_std,AST,AST_std,STL,STL_std,BLK,BLK_std,TOV,TOV_std,PF,PF_std,FG_opp,FG_opp_std,FGA_opp,FGA_opp_std,FG%_opp,FG%_opp_std,3P_opp,3P_opp_std,3PA_opp,3PA_opp_std,3P%_opp,3P%_opp_std,2P_opp,2P_opp_std,2PA_opp,2PA_opp_std,2P%_opp,2P%_opp_std,eFG%_opp,eFG%_opp_std,FT_opp,FT_opp_std,FTA_opp,FTA_opp_std,FT%_opp,FT%_opp_std,ORB_opp,ORB_opp_std,DRB_opp,DRB_opp_std,TRB_opp,TRB_opp_std,AST_opp,AST_opp_std,STL_opp,STL_opp_std,BLK_opp,BLK_opp_std,TOV_opp,TOV_opp_std,PF_opp,PF_opp_std,Spread,Spread_std
2013,michigan-state,0.7575757575757576,0.4351941398892446,67.35714285714286,6.987895808516884,59.51851851851852,7.2820663295859935,0.0,0.0,24.103448275862068,2.69052341676441,53.41379310344828,6.3612512323739665,0.459,0.04587608728537542,4.814814814814815,1.4152204785294067,14.0,2.8803291992923823,0.3458928571428571,0.09176473109542616,19.555555555555557,2.4072539946735563,38.43333333333333,6.484375562595184,0.505074074074074,0.07041630379717356,0.5057037037037038,0.05275328266476724,14.464285714285714,4.66255487789881,20.071428571428573,5.925016464603293,0.7341785714285715,0.07197739026246165,9.74074074074074,2.5052651109919037,23.75862068965517,3.699953401384103,33.32142857142857,5.048311572738923,13.11111111111111,3.0676141234282404,7.962962962962963,2.472642334418812,3.6774193548387095,1.8688159669372397,12.821428571428571,2.722384186953719,16.107142857142858,2.2826119819884982,21.225806451612904,3.5469205180396024,53.92857142857143,3.9714590231408375,0.39899999999999997,0.05960704656330491,5.793103448275862,1.8396294336637393,18.185185185185187,4.279081830316092,0.3102142857142857,0.0718936236511495,15.857142857142858,3.002644337225609,35.55555555555556,4.932882862316247,0.44214814814814823,0.07770838173963343,0.4517037037037038,0.063082250834687,11.321428571428571,3.507173299149124,16.962962962962962,4.08073788087665,0.6477500000000002,0.0848618157817624,8.222222222222221,2.1543039806456377,19.413793103448278,3.438409530367517,27.142857142857142,3.6688305303348994,10.517241379310345,2.861326985548244,7.206896551724138,2.623782851762312,3.2142857142857144,1.8329725474726455,12.516129032258064,3.6685234790210943,16.892857142857142,3.0470299529856177,7.851851851851852,8.596527490811908
