Year,Team,Rslt,Rslt_std,Tm,Tm_std,Opp_score,Opp_score_std,OT,OT_std,FG,FG_std,FGA,FGA_std,FG%,FG%_std,3P,3P_std,3PA,3PA_std,3P%,3P%_std,2P,2P_std,2PA,2PA_std,2P%,2P%_std,eFG%,eFG%_std,FT,FT_std,FTA,FTA_std,FT%,FT%_std,ORB,ORB_std,DRB,DRB_std,TRB,TRB_std,AST,AST_std,STL,STL_std,BLK,BLK_std,TOV,TOV_std,PF,PF_std,FG_opp,FG_opp_std,FGA_opp,FGA_opp_std,FG%_opp,FG%_opp_std,3P_opp,3P_opp_std,3PA_opp,3PA_opp_std,3P%_opp,3P%_opp_std,2P_opp,2P_opp_std,2PA_opp,2PA_opp_std,2P%_opp,2P%_opp_std,eFG%_opp,eFG%_opp_std,FT_opp,FT_opp_std,FTA_opp,FTA_opp_std,FT%_opp,FT%_opp_std,ORB_opp,ORB_opp_std,DRB_opp,DRB_opp_std,TRB_opp,TRB_opp_std,AST_opp,AST_opp_std,STL_opp,STL_opp_std,BLK_opp,BLK_opp_std,TOV_opp,TOV_opp_std,PF_opp,PF_opp_std,Spread,Spread_std
2013,syracuse,0.7428571428571429,0.44343957363115993,71.17241379310344,10.457632091707818,59.758620689655174,6.764693913536839,0.0,0.0,25.310344827586206,3.8739371655412245,57.0,6.933012813104175,0.4382068965517241,0.05318994219529588,5.866666666666666,2.4457328544635244,18.103448275862068,3.677584878948672,0.3258620689655173,0.0961411626344791,19.8,3.9775230552659795,40.16129032258065,6.455471964122366,0.489448275862069,0.06730558574086687,0.4949666666666666,0.06993074570889615,14.419354838709678,5.264815245561089,20.966666666666665,6.728648649147774,0.6770000000000003,0.08208619163502993,12.0,3.9740537802445326,21.862068965517242,4.564804313839239,33.4,5.781063021207468,14.419354838709678,4.088799282172271,8.433333333333334,2.344227441791981,6.0,2.138089935299395,12.6,3.3794510878502755,16.103448275862068,3.166169695684664,20.4375,2.184069891354803,54.51724137931034,5.822497559682813,0.38463333333333344,0.04508878852414104,6.393939393939394,2.2211961014759867,20.866666666666667,3.1264536848765503,0.29103448275862065,0.06945526965435107,13.533333333333333,2.7003618318641127,32.6551724137931,6.269403378249945,0.42656666666666665,0.06763680049802176,0.44348275862068953,0.0495678616283166,12.206896551724139,4.427021816920229,18.366666666666667,7.341348806510325,0.6834999999999999,0.10578630052757466,10.67741935483871,2.8912176993347,20.0,2.900653909629392,30.413793103448278,3.7082652989091267,13.419354838709678,2.473515629603434,6.774193548387097,2.5391557313321664,2.8666666666666667,1.407696414502182,14.303030303030303,4.134344328947824,18.24137931034483,3.247583413795041,11.03448275862069,12.445546416922141
