Year,Team,Rslt,Rslt_std,Tm,Tm_std,Opp_score,Opp_score_std,OT,OT_std,FG,FG_std,FGA,FGA_std,FG%,FG%_std,3P,3P_std,3PA,3PA_std,3P%,3P%_std,2P,2P_std,2PA,2PA_std,2P%,2P%_std,eFG%,eFG%_std,FT,FT_std,FTA,FTA_std,FT%,FT%_std,ORB,ORB_std,DRB,DRB_std,TRB,TRB_std,AST,AST_std,STL,STL_std,BLK,BLK_std,TOV,TOV_std,PF,PF_std,FG_opp,FG_opp_std,FGA_opp,FGA_opp_std,FG%_opp,FG%_opp_std,3P_opp,3P_opp_std,3PA_opp,3PA_opp_std,3P%_opp,3P%_opp_std,2P_opp,2P_opp_std,2PA_opp,2PA_opp_std,2P%_opp,2P%_opp_std,eFG%_opp,eFG%_opp_std,FT_opp,FT_opp_std,FTA_opp,FTA_opp_std,FT%_opp,FT%_opp_std,ORB_opp,ORB_opp_std,DRB_opp,DRB_opp_std,TRB_opp,TRB_opp_std,AST_opp,AST_opp_std,STL_opp,STL_opp_std,BLK_opp,BLK_opp_std,TOV_opp,TOV_opp_std,PF_opp,PF_opp_std,Spread,Spread_std
2013,western-kentucky,0.5714285714285714,0.5020964452534339,67.03448275862068,7.636766137858025,65.1,7.447980517771476,0.0,0.0,23.032258064516128,3.8339176740225906,54.4375,6.14311836332383,0.4300689655172414,0.051123052554234806,6.129032258064516,1.7270772127860212,19.166666666666668,3.1413080224572094,0.32848275862068965,0.07384860028156795,17.424242424242426,3.8326745151909183,34.10344827586207,5.3073051245174385,0.49289655172413793,0.07379573392024491,0.48430000000000006,0.06332137515660993,13.793103448275861,4.100342410308364,20.17241379310345,5.412082814784773,0.6781379310344829,0.06985327691358868,10.548387096774194,2.5011825160300925,22.033333333333335,3.478835847029105,32.93103448275862,4.37469210739256,10.966666666666667,3.3371816865725785,5.774193548387097,1.7834363350818896,3.375,1.6214290789499601,14.10344827586207,2.6096637384127113,18.677419354838708,3.1663553893416485,23.580645161290324,2.6302622625685967,53.70967741935484,4.180857554673816,0.4257241379310345,0.049968487606636455,6.09375,1.6725367058029144,17.482758620689655,3.066182941788098,0.3285172413793104,0.06322839590928338,17.551724137931036,2.3388978921179295,36.86206896551724,3.7864810079604685,0.47913333333333347,0.06512996732440575,0.4759310344827586,0.05898119012174424,14.266666666666667,4.989183703070925,20.310344827586206,5.54915339923811,0.6761724137931033,0.07607424426436378,9.0625,2.285120170483029,20.838709677419356,3.6886923987916402,29.633333333333333,3.398613645686088,10.137931034482758,2.6420248989179616,5.655172413793103,1.9689711248874102,3.515151515151515,2.0174428759139027,13.419354838709678,2.579072101207294,19.333333333333332,3.6890642990193125,2.5,9.988786816674262
