Year,Team,Rslt,Rslt_std,Tm,Tm_std,Opp_score,Opp_score_std,OT,OT_std,FG,FG_std,FGA,FGA_std,FG%,FG%_std,3P,3P_std,3PA,3PA_std,3P%,3P%_std,2P,2P_std,2PA,2PA_std,2P%,2P%_std,eFG%,eFG%_std,FT,FT_std,FTA,FTA_std,FT%,FT%_std,ORB,ORB_std,DRB,DRB_std,TRB,TRB_std,AST,AST_std,STL,STL_std,BLK,BLK_std,TOV,TOV_std,PF,PF_std,FG_opp,FG_opp_std,FGA_opp,FGA_opp_std,FG%_opp,FG%_opp_std,3P_opp,3P_opp_std,3PA_opp,3PA_opp_std,3P%_opp,3P%_opp_std,2P_opp,2P_opp_std,2PA_opp,2PA_opp_std,2P%_opp,2P%_opp_std,eFG%_opp,eFG%_opp_std,FT_opp,FT_opp_std,FTA_opp,FTA_opp_std,FT%_opp,FT%_opp_std,ORB_opp,ORB_opp_std,DRB_opp,DRB_opp_std,TRB_opp,TRB_opp_std,AST_opp,AST_opp_std,STL_opp,STL_opp_std,BLK_opp,BLK_opp_std,TOV_opp,TOV_opp_std,PF_opp,PF_opp_std,Spread,Spread_std
2013,minnesota,0.625,0.4918693768379647,69.55555555555556,10.990672035634208,60.96153846153846,8.946421717002924,0.0,0.0,23.846153846153847,3.926243066263806,53.25925925925926,5.133544229212052,0.44000000000000006,0.05183898147147569,5.222222222222222,1.6012815380508714,16.11111111111111,2.805671910932366,0.3261153846153846,0.0805438151185189,18.346153846153847,3.321954938795019,37.38461538461539,3.6340272214382003,0.4883461538461539,0.057046607126238325,0.4883076923076923,0.0570990502413266,15.481481481481481,3.3324785228734943,22.53846153846154,3.982268391063257,0.6867692307692307,0.07105395566317625,12.461538461538462,2.9964081061266565,22.307692307692307,3.0035875984459754,35.035714285714285,3.795534831362328,14.285714285714286,3.942711445816641,7.666666666666667,3.1255768698323148,5.571428571428571,1.9327311596416445,13.222222222222221,3.017045591727792,17.642857142857142,3.0455101830616615,21.51851851851852,3.3783287899648564,54.111111111111114,5.733392963315429,0.3976538461538462,0.059847100051843655,6.074074074074074,1.8381831733854432,18.5,4.374928570845472,0.3447307692307693,0.09287133365783337,14.62962962962963,3.5642255405212087,34.69230769230769,5.555316234161514,0.4261923076923078,0.05834862070744723,0.45669230769230773,0.06840980586481399,12.666666666666666,4.411523371981436,18.692307692307693,4.953941709541853,0.6842307692307692,0.0978522591225395,9.148148148148149,2.5676044462869654,16.517241379310345,3.460188781546592,25.714285714285715,3.7894311393385105,11.428571428571429,2.5737790550741964,7.517241379310345,2.5017235438103813,3.533333333333333,1.50248835748162,11.74074074074074,3.1451133352771077,18.962962962962962,2.503558720662703,7.1923076923076925,12.383922579761974
