Year,Team,Rslt,Rslt_std,Tm,Tm_std,Opp_score,Opp_score_std,OT,OT_std,FG,FG_std,FGA,FGA_std,FG%,FG%_std,3P,3P_std,3PA,3PA_std,3P%,3P%_std,2P,2P_std,2PA,2PA_std,2P%,2P%_std,eFG%,eFG%_std,FT,FT_std,FTA,FTA_std,FT%,FT%_std,ORB,ORB_std,DRB,DRB_std,TRB,TRB_std,AST,AST_std,STL,STL_std,BLK,BLK_std,TOV,TOV_std,PF,PF_std,FG_opp,FG_opp_std,FGA_opp,FGA_opp_std,FG%_opp,FG%_opp_std,3P_opp,3P_opp_std,3PA_opp,3PA_opp_std,3P%_opp,3P%_opp_std,2P_opp,2P_opp_std,2PA_opp,2PA_opp_std,2P%_opp,2P%_opp_std,eFG%_opp,eFG%_opp_std,FT_opp,FT_opp_std,FTA_opp,FTA_opp_std,FT%_opp,FT%_opp_std,ORB_opp,ORB_opp_std,DRB_opp,DRB_opp_std,TRB_opp,TRB_opp_std,AST_opp,AST_opp_std,STL_opp,STL_opp_std,BLK_opp,BLK_opp_std,TOV_opp,TOV_opp_std,PF_opp,PF_opp_std,Spread,Spread_std
2013,colorado,0.65625,0.48255870443481425,67.88461538461539,9.065657937852821,63.07692307692308,8.4091525229268,0.0,0.0,23.14814814814815,2.6847676264394296,54.17857142857143,4.216840764333654,0.4343846153846154,0.047975057622124374,5.357142857142857,1.8300837000548225,16.142857142857142,3.407119840637486,0.35553846153846147,0.09201488173952332,17.85185185185185,2.3648662948658625,38.407407407407405,2.7352296944647048,0.47234615384615375,0.056882294122295944,0.4833846153846154,0.0553317824929412,14.923076923076923,4.279467975560298,22.076923076923077,5.160798984057231,0.6913846153846155,0.09219808107464145,9.807692307692308,2.383597797770937,24.37037037037037,4.516194348786531,33.214285714285715,4.475092739425076,9.392857142857142,2.5289331041968364,6.535714285714286,1.8354965592579082,2.925925925925926,1.491667263524686,12.884615384615385,2.405442546841193,15.461538461538462,2.5016917352986434,22.928571428571427,3.005286347712316,58.15384615384615,3.7061279815171813,0.40303846153846157,0.04402315824129911,6.714285714285714,2.3704530408864084,20.76923076923077,4.273712131697149,0.31807692307692303,0.06539597729336144,16.615384615384617,2.6088606413823343,36.7037037037037,5.46185946651036,0.44515384615384607,0.060266536192279924,0.46832142857142856,0.05489927043394926,9.423076923076923,3.5119575956788194,13.148148148148149,5.375898520274067,0.7573103448275862,0.1415644990425303,10.0,2.511511956509924,21.785714285714285,3.270033897855142,31.307692307692307,4.487932537543146,10.851851851851851,2.298891098964952,6.333333333333333,2.0568833780186058,3.586206896551724,1.8228165290347154,12.0,2.1773242158072694,17.884615384615383,2.930213959108421,3.4814814814814814,8.505068038304124
