Year,Team,Rslt,Rslt_std,Tm,Tm_std,Opp_score,Opp_score_std,OT,OT_std,FG,FG_std,FGA,FGA_std,FG%,FG%_std,3P,3P_std,3PA,3PA_std,3P%,3P%_std,2P,2P_std,2PA,2PA_std,2P%,2P%_std,eFG%,eFG%_std,FT,FT_std,FTA,FTA_std,FT%,FT%_std,ORB,ORB_std,DRB,DRB_std,TRB,TRB_std,AST,AST_std,STL,STL_std,BLK,BLK_std,TOV,TOV_std,PF,PF_std,FG_opp,FG_opp_std,FGA_opp,FGA_opp_std,FG%_opp,FG%_opp_std,3P_opp,3P_opp_std,3PA_opp,3PA_opp_std,3P%_opp,3P%_opp_std,2P_opp,2P_opp_std,2PA_opp,2PA_opp_std,2P%_opp,2P%_opp_std,eFG%_opp,eFG%_opp_std,FT_opp,FT_opp_std,FTA_opp,FTA_opp_std,FT%_opp,FT%_opp_std,ORB_opp,ORB_opp_std,DRB_opp,DRB_opp_std,TRB_opp,TRB_opp_std,AST_opp,AST_opp_std,STL_opp,STL_opp_std,BLK_opp,BLK_opp_std,TOV_opp,TOV_opp_std,PF_opp,PF_opp_std,Spread,Spread_std
2013,cincinnati,0.6666666666666666,0.47871355387816905,65.85185185185185,10.610965676722953,59.5,5.547772325697746,0.0,0.0,22.25,4.493822920904254,57.689655172413794,6.882189478625565,0.39299999999999996,0.05449841211518847,6.793103448275862,2.381165836080355,21.214285714285715,4.103811623511713,0.3118148148148147,0.07827664797520151,15.642857142857142,4.465624137990002,35.925925925925924,6.5099091682539925,0.4417142857142857,0.0707954053451876,0.4537777777777779,0.0580446335777864,14.068965517241379,5.070439784270328,20.814814814814813,6.3672058661009645,0.6508518518518519,0.08193088255151115,12.407407407407407,2.4535572175808373,22.928571428571427,3.886620653706779,36.25,5.960518247415889,11.862068965517242,3.7675696782923835,6.066666666666666,2.5179813114988505,5.758620689655173,2.230553621442013,12.214285714285714,2.5727509827124,17.896551724137932,2.3956035264954916,20.785714285714285,1.912089081628954,54.32142857142857,6.067848306342461,0.3967037037037037,0.04672819509165978,5.107142857142857,2.131584104287418,16.48148148148148,3.5122901839373033,0.28875,0.11031793279560806,15.88888888888889,2.926448797451027,37.57142857142857,5.391547372395338,0.4266296296296296,0.0705779155631715,0.44381481481481483,0.0477904375992303,11.333333333333334,3.802832952094854,17.620689655172413,5.759549790834648,0.6661111111111112,0.07794294428684717,8.928571428571429,2.8274916436143527,20.11111111111111,2.8193470784417354,29.40740740740741,4.465760847047224,11.206896551724139,1.7602619599047422,5.451612903225806,2.292578020154303,2.8666666666666667,1.4558640835892125,12.392857142857142,3.6952350269992174,19.3,4.027063617489839,6.888888888888889,10.134986369894571
