Year,Team,Rslt,Rslt_std,Tm,Tm_std,Opp_score,Opp_score_std,OT,OT_std,FG,FG_std,FGA,FGA_std,FG%,FG%_std,3P,3P_std,3PA,3PA_std,3P%,3P%_std,2P,2P_std,2PA,2PA_std,2P%,2P%_std,eFG%,eFG%_std,FT,FT_std,FTA,FTA_std,FT%,FT%_std,ORB,ORB_std,DRB,DRB_std,TRB,TRB_std,AST,AST_std,STL,STL_std,BLK,BLK_std,TOV,TOV_std,PF,PF_std,FG_opp,FG_opp_std,FGA_opp,FGA_opp_std,FG%_opp,FG%_opp_std,3P_opp,3P_opp_std,3PA_opp,3PA_opp_std,3P%_opp,3P%_opp_std,2P_opp,2P_opp_std,2PA_opp,2PA_opp_std,2P%_opp,2P%_opp_std,eFG%_opp,eFG%_opp_std,FT_opp,FT_opp_std,FTA_opp,FTA_opp_std,FT%_opp,FT%_opp_std,ORB_opp,ORB_opp_std,DRB_opp,DRB_opp_std,TRB_opp,TRB_opp_std,AST_opp,AST_opp_std,STL_opp,STL_opp_std,BLK_opp,BLK_opp_std,TOV_opp,TOV_opp_std,PF_opp,PF_opp_std,Spread,Spread_std
2013,georgetown,0.8064516129032258,0.4016096644512494,64.56,7.714056433982491,55.2,8.010409893798611,0.0,0.0,23.153846153846153,3.5854406445212024,50.80769230769231,4.010179355283061,0.45064000000000015,0.05279589630517383,5.518518518518518,2.154965114305715,16.4,3.109126351029605,0.35631999999999997,0.08359561392002972,16.46153846153846,3.313376154085367,33.72,3.323151115031234,0.49244000000000004,0.06393947659049663,0.51188,0.059982164015647176,12.615384615384615,3.868611358892729,17.92,5.461379557096052,0.6897692307692308,0.07416269018438189,7.37037037037037,2.203984994855876,22.115384615384617,3.8711954027346445,29.884615384615383,4.217363376109989,15.038461538461538,2.599704125176851,7.4,2.041241452319315,3.5925925925925926,1.4743775546952598,12.0,2.4657656011875906,16.62962962962963,3.200338301205865,19.12,2.934280150224242,51.52,5.462905209989767,0.37260000000000004,0.041640325006736756,5.346153846153846,2.13433470088096,17.76923076923077,3.8189809353563664,0.29768,0.0967491257497107,13.8,2.101586702153082,33.46153846153846,4.743254319395233,0.41291999999999995,0.04101820733934302,0.42356,0.05544071909105557,10.73076923076923,3.0273115770622923,16.153846153846153,3.936417738932774,0.67596,0.07145656023067441,8.52,1.9604421270043484,19.653846153846153,3.1361416765485286,28.0,3.8157568056677826,10.923076923076923,2.398717606106678,6.24,1.3316656236958786,2.7857142857142856,1.912089081628954,13.16,2.910899059282773,17.214285714285715,3.4785814782076185,9.56,7.648965071607182
