Year,Team,Rslt,Rslt_std,Tm,Tm_std,Opp_score,Opp_score_std,OT,OT_std,FG,FG_std,FGA,FGA_std,FG%,FG%_std,3P,3P_std,3PA,3PA_std,3P%,3P%_std,2P,2P_std,2PA,2PA_std,2P%,2P%_std,eFG%,eFG%_std,FT,FT_std,FTA,FTA_std,FT%,FT%_std,ORB,ORB_std,DRB,DRB_std,TRB,TRB_std,AST,AST_std,STL,STL_std,BLK,BLK_std,TOV,TOV_std,PF,PF_std,FG_opp,FG_opp_std,FGA_opp,FGA_opp_std,FG%_opp,FG%_opp_std,3P_opp,3P_opp_std,3PA_opp,3PA_opp_std,3P%_opp,3P%_opp_std,2P_opp,2P_opp_std,2PA_opp,2PA_opp_std,2P%_opp,2P%_opp_std,eFG%_opp,eFG%_opp_std,FT_opp,FT_opp_std,FTA_opp,FTA_opp_std,FT%_opp,FT%_opp_std,ORB_opp,ORB_opp_std,DRB_opp,DRB_opp_std,TRB_opp,TRB_opp_std,AST_opp,AST_opp_std,STL_opp,STL_opp_std,BLK_opp,BLK_opp_std,TOV_opp,TOV_opp_std,PF_opp,PF_opp_std,Spread,Spread_std
2013,new-mexico-state,0.7058823529411765,0.4624972900628803,68.21428571428571,7.866276557451235,61.92857142857143,7.527375084408618,0.0,0.0,24.433333333333334,3.775450037877041,51.607142857142854,4.021601723602229,0.4627857142857143,0.06446782553414168,3.5483870967741935,1.5240015240022857,12.535714285714286,2.755225914742717,0.3228275862068966,0.09360901550198694,20.0,3.796550158163102,38.964285714285715,4.05044252595746,0.5081428571428572,0.07537251404202909,0.5020357142857143,0.0678519532964053,16.344827586206897,4.168554580503942,24.4,6.1956603277255065,0.6559285714285713,0.06524933862098675,10.607142857142858,3.3921399966118377,24.107142857142858,3.1779248495215158,35.0,3.9440531887330774,11.392857142857142,2.871820763445118,5.2727272727272725,1.9408878006070969,4.935483870967742,2.0483405294850714,14.413793103448276,3.0649777601070354,14.862068965517242,2.9486575387433818,22.466666666666665,2.9211869733608857,55.464285714285715,5.080697989793535,0.4020000000000001,0.03892442820532,5.645161290322581,1.9069764392317345,16.75,3.351340251523483,0.3298571428571429,0.07740548084992732,16.75862068965517,2.6002084039250324,38.58620689655172,4.444235764121161,0.42864285714285716,0.062014463238777226,0.45182142857142854,0.04504981076248212,11.892857142857142,3.6952350269992174,17.17241379310345,5.106501217056837,0.7092857142857144,0.07883731826567131,8.5,2.886751345948129,18.928571428571427,3.7011366765377227,26.96551724137931,4.6864756680465245,10.413793103448276,2.9582480502982835,5.933333333333334,2.362542951017462,2.6451612903225805,2.0091189959245686,12.4,2.6986586706528217,20.483870967741936,3.3948094471996066,6.142857142857143,8.691052383594954
