Year,Team,Rslt,Rslt_std,Tm,Tm_std,Opp_score,Opp_score_std,OT,OT_std,FG,FG_std,FGA,FGA_std,FG%,FG%_std,3P,3P_std,3PA,3PA_std,3P%,3P%_std,2P,2P_std,2PA,2PA_std,2P%,2P%_std,eFG%,eFG%_std,FT,FT_std,FTA,FTA_std,FT%,FT%_std,ORB,ORB_std,DRB,DRB_std,TRB,TRB_std,AST,AST_std,STL,STL_std,BLK,BLK_std,TOV,TOV_std,PF,PF_std,FG_opp,FG_opp_std,FGA_opp,FGA_opp_std,FG%_opp,FG%_opp_std,3P_opp,3P_opp_std,3PA_opp,3PA_opp_std,3P%_opp,3P%_opp_std,2P_opp,2P_opp_std,2PA_opp,2PA_opp_std,2P%_opp,2P%_opp_std,eFG%_opp,eFG%_opp_std,FT_opp,FT_opp_std,FTA_opp,FTA_opp_std,FT%_opp,FT%_opp_std,ORB_opp,ORB_opp_std,DRB_opp,DRB_opp_std,TRB_opp,TRB_opp_std,AST_opp,AST_opp_std,STL_opp,STL_opp_std,BLK_opp,BLK_opp_std,TOV_opp,TOV_opp_std,PF_opp,PF_opp_std,Spread,Spread_std
2013,michigan,0.7878787878787878,0.41514875026728054,75.11111111111111,8.51845658344882,63.75,8.369366540921499,0.0,0.0,28.178571428571427,3.345019198622549,56.93103448275862,5.277519943000545,0.4828148148148148,0.04768247302330526,7.137931034482759,2.5735486607716602,19.607142857142858,2.845910460504046,0.37392592592592594,0.08158286298459703,20.62962962962963,2.5592689483244135,38.758620689655174,5.349600602006212,0.5392222222222222,0.05634395287553958,0.5419999999999999,0.06214916345791404,11.481481481481481,3.9454976323591384,16.40740740740741,5.025008681655411,0.6924074074074075,0.0696078351354983,8.413793103448276,2.0962081647467024,22.642857142857142,4.33943404497497,31.85185185185185,5.149336803479601,14.11111111111111,3.1784530990033666,5.586206896551724,1.9733445390885846,2.4827586206896552,1.4046018667013391,9.148148148148149,2.6990554430949145,13.074074074074074,3.338884266959271,24.379310344827587,3.27778009703702,56.535714285714285,4.068689322648364,0.41792592592592603,0.049455439092585714,6.966666666666667,1.6078113916950483,20.333333333333332,3.51679059540855,0.33007407407407413,0.05964505648863754,17.214285714285715,3.0228407396960457,36.51851851851852,4.602427205544503,0.46592857142857147,0.05226494368718232,0.4781111111111111,0.05471276980273601,8.071428571428571,4.180453381654971,12.518518518518519,5.0182004924411086,0.644,0.12013911689124157,8.766666666666667,2.5822114731280283,20.178571428571427,3.27791229210133,28.79310344827586,4.857831014710957,12.407407407407407,2.135042050734495,4.892857142857143,2.183087954222875,3.103448275862069,1.6112290691582287,12.0,2.5092421756969365,15.714285714285714,2.7060582630001373,12.222222222222221,10.735753828046276
