Year,Team,Rslt,Rslt_std,Tm,Tm_std,Opp_score,Opp_score_std,OT,OT_std,FG,FG_std,FGA,FGA_std,FG%,FG%_std,3P,3P_std,3PA,3PA_std,3P%,3P%_std,2P,2P_std,2PA,2PA_std,2P%,2P%_std,eFG%,eFG%_std,FT,FT_std,FTA,FTA_std,FT%,FT%_std,ORB,ORB_std,DRB,DRB_std,TRB,TRB_std,AST,AST_std,STL,STL_std,BLK,BLK_std,TOV,TOV_std,PF,PF_std,FG_opp,FG_opp_std,FGA_opp,FGA_opp_std,FG%_opp,FG%_opp_std,3P_opp,3P_opp_std,3PA_opp,3PA_opp_std,3P%_opp,3P%_opp_std,2P_opp,2P_opp_std,2PA_opp,2PA_opp_std,2P%_opp,2P%_opp_std,eFG%_opp,eFG%_opp_std,FT_opp,FT_opp_std,FTA_opp,FTA_opp_std,FT%_opp,FT%_opp_std,ORB_opp,ORB_opp_std,DRB_opp,DRB_opp_std,TRB_opp,TRB_opp_std,AST_opp,AST_opp_std,STL_opp,STL_opp_std,BLK_opp,BLK_opp_std,TOV_opp,TOV_opp_std,PF_opp,PF_opp_std,Spread,Spread_std
2013,illinois,0.6470588235294118,0.48507125007266594,68.75,8.167800374823258,65.96551724137932,8.31729162056242,0.0,0.0,23.566666666666666,3.654787444485358,57.37931034482759,5.233230312855452,0.41728571428571437,0.048890548312385644,7.620689655172414,2.3515009356252246,24.285714285714285,2.904111298463341,0.3186428571428571,0.06820080062835925,16.551724137931036,2.759220993797133,33.857142857142854,4.377673030734612,0.4850357142857142,0.06216017669004463,0.48300000000000004,0.060823971882437565,12.586206896551724,2.9702962981026264,17.25,2.9011491975882016,0.7425714285714285,0.09719222212876934,10.275862068965518,2.5340051827117187,19.689655172413794,4.209711970770362,30.214285714285715,5.665732882913657,9.866666666666667,2.6875618143118354,6.724137931034483,1.830233235022597,3.5483870967741935,1.8590088699343592,10.838709677419354,3.184302898003983,18.633333333333333,3.671731089745313,22.857142857142858,2.717764409628507,53.07142857142857,4.512768481218527,0.4295,0.04858097478551774,6.4,1.6103115997457953,18.0,3.0285993120753774,0.3435714285714286,0.0741327281007611,16.25,2.5184504348095857,34.07142857142857,3.877079575111405,0.4715862068965517,0.060445676462056945,0.4958620689655172,0.05880945267674177,12.566666666666666,4.85431435077004,19.03448275862069,5.996920391933856,0.6956785714285715,0.07301093452933309,8.620689655172415,2.6106073883218426,22.17241379310345,3.475104988313728,30.821428571428573,4.513794260302371,12.344827586206897,2.159296546645384,5.21875,2.3103466434505506,2.59375,1.864081110653926,13.9,2.186951901777827,16.066666666666666,2.242740523883952,3.8214285714285716,11.537550839111365
