Year,Team,Rslt,Rslt_std,Tm,Tm_std,Opp_score,Opp_score_std,OT,OT_std,FG,FG_std,FGA,FGA_std,FG%,FG%_std,3P,3P_std,3PA,3PA_std,3P%,3P%_std,2P,2P_std,2PA,2PA_std,2P%,2P%_std,eFG%,eFG%_std,FT,FT_std,FTA,FTA_std,FT%,FT%_std,ORB,ORB_std,DRB,DRB_std,TRB,TRB_std,AST,AST_std,STL,STL_std,BLK,BLK_std,TOV,TOV_std,PF,PF_std,FG_opp,FG_opp_std,FGA_opp,FGA_opp_std,FG%_opp,FG%_opp_std,3P_opp,3P_opp_std,3PA_opp,3PA_opp_std,3P%_opp,3P%_opp_std,2P_opp,2P_opp_std,2PA_opp,2PA_opp_std,2P%_opp,2P%_opp_std,eFG%_opp,eFG%_opp_std,FT_opp,FT_opp_std,FTA_opp,FTA_opp_std,FT%_opp,FT%_opp_std,ORB_opp,ORB_opp_std,DRB_opp,DRB_opp_std,TRB_opp,TRB_opp_std,AST_opp,AST_opp_std,STL_opp,STL_opp_std,BLK_opp,BLK_opp_std,TOV_opp,TOV_opp_std,PF_opp,PF_opp_std,Spread,Spread_std
2013,indiana,0.8181818181818182,0.39167472590032015,80.25925925925925,9.023868318531662,62.0,7.405818917996433,0.0,0.0,26.444444444444443,3.682947537517004,54.81481481481482,5.269922178939626,0.4841111111111113,0.0466684981325596,7.214285714285714,1.6410733356927392,17.566666666666666,3.4409635111487993,0.4091851851851853,0.0621796634062178,19.296296296296298,2.9718527608057625,37.535714285714285,6.34491422384389,0.5279642857142857,0.08518497613270876,0.5544814814814815,0.05539603593869147,19.037037037037038,5.155142924837154,25.14814814814815,7.042200834440367,0.7458888888888888,0.07662312029735256,10.592592592592593,2.2232903415928256,24.75,4.088149087663385,35.111111111111114,4.782446536219185,14.464285714285714,3.64622730297681,7.678571428571429,2.2286613060156126,3.7586206896551726,1.4797483476638156,13.0,2.3570226039551585,17.0,1.8810798862519205,22.03448275862069,3.499824063136089,58.214285714285715,5.0358503114954045,0.38759259259259266,0.04526950005608229,6.161290322580645,3.0778431213383652,19.333333333333332,4.341215710622296,0.2906666666666667,0.08940874161357533,17.035714285714285,3.0121008155025826,39.07142857142857,5.543956144798562,0.4308518518518519,0.04708805475154926,0.43659259259259264,0.057130255529501156,10.928571428571429,3.11422746414142,15.962962962962964,3.5244364686645184,0.7158518518518519,0.07575451431265624,9.033333333333333,2.141274730450151,16.88888888888889,2.9132764179149713,26.107142857142858,4.349025311954526,10.285714285714286,2.7736477233278367,6.214285714285714,1.872948613266394,3.8,1.9896282792660474,14.357142857142858,3.1881062033786085,20.482758620689655,4.049873804516916,17.037037037037038,13.614137113483519
