Year,Team,Rslt,Rslt_std,Tm,Tm_std,Opp_score,Opp_score_std,OT,OT_std,FG,FG_std,FGA,FGA_std,FG%,FG%_std,3P,3P_std,3PA,3PA_std,3P%,3P%_std,2P,2P_std,2PA,2PA_std,2P%,2P%_std,eFG%,eFG%_std,FT,FT_std,FTA,FTA_std,FT%,FT%_std,ORB,ORB_std,DRB,DRB_std,TRB,TRB_std,AST,AST_std,STL,STL_std,BLK,BLK_std,TOV,TOV_std,PF,PF_std,FG_opp,FG_opp_std,FGA_opp,FGA_opp_std,FG%_opp,FG%_opp_std,3P_opp,3P_opp_std,3PA_opp,3PA_opp_std,3P%_opp,3P%_opp_std,2P_opp,2P_opp_std,2PA_opp,2PA_opp_std,2P%_opp,2P%_opp_std,eFG%_opp,eFG%_opp_std,FT_opp,FT_opp_std,FTA_opp,FTA_opp_std,FT%_opp,FT%_opp_std,ORB_opp,ORB_opp_std,DRB_opp,DRB_opp_std,TRB_opp,TRB_opp_std,AST_opp,AST_opp_std,STL_opp,STL_opp_std,BLK_opp,BLK_opp_std,TOV_opp,TOV_opp_std,PF_opp,PF_opp_std,Spread,Spread_std
2013,montana,0.8064516129032258,0.4016096644512494,70.56,6.513319686099657,64.12,7.666594202556091,0.12903225806451613,0.3407771005482389,24.103448275862068,3.298753309814903,50.76,4.789572005931219,0.4741599999999999,0.024205164738129753,6.96,1.593737745050923,18.53846153846154,3.036191946906773,0.38004000000000004,0.05722869326948968,17.074074074074073,2.854496128592251,32.03703703703704,4.318844944243965,0.5268400000000001,0.0439769636665986,0.5402800000000001,0.03302716053997578,14.481481481481481,4.191294736349565,19.64,4.290299134870046,0.7640799999999999,0.06783000810850608,6.111111111111111,2.2758486723609677,21.85185185185185,2.670403364859723,28.2,3.1754264805429413,12.607142857142858,3.224205738705681,5.7407407407407405,2.6688025634181187,3.1153846153846154,1.3660724161455886,12.23076923076923,2.3204774044612853,16.03846153846154,2.778211931883804,23.285714285714285,3.808928524918328,53.65384615384615,3.416926194020675,0.42492,0.04941737211413276,5.346153846153846,1.7191232112285073,16.6,2.4664414311581235,0.33153846153846156,0.08990894539220479,17.666666666666668,3.198557367121814,37.76,3.608785575970583,0.46616,0.0577658203438677,0.4703461538461538,0.05614904615944411,12.52,3.5014282800023193,17.72,4.138437708443449,0.7182000000000002,0.09825095419383977,9.26923076923077,2.554332669135989,20.692307692307693,2.37939876051461,29.48,2.931438782122754,10.692307692307692,2.634679954290172,5.592592592592593,1.9662392697982782,2.566666666666667,1.7749858344909906,11.6,2.5,17.40740740740741,3.177556623707294,7.16,6.974238309665077
