Year,Team,Rslt,Rslt_std,Tm,Tm_std,Opp_score,Opp_score_std,OT,OT_std,FG,FG_std,FGA,FGA_std,FG%,FG%_std,3P,3P_std,3PA,3PA_std,3P%,3P%_std,2P,2P_std,2PA,2PA_std,2P%,2P%_std,eFG%,eFG%_std,FT,FT_std,FTA,FTA_std,FT%,FT%_std,ORB,ORB_std,DRB,DRB_std,TRB,TRB_std,AST,AST_std,STL,STL_std,BLK,BLK_std,TOV,TOV_std,PF,PF_std,FG_opp,FG_opp_std,FGA_opp,FGA_opp_std,FG%_opp,FG%_opp_std,3P_opp,3P_opp_std,3PA_opp,3PA_opp_std,3P%_opp,3P%_opp_std,2P_opp,2P_opp_std,2PA_opp,2PA_opp_std,2P%_opp,2P%_opp_std,eFG%_opp,eFG%_opp_std,FT_opp,FT_opp_std,FTA_opp,FTA_opp_std,FT%_opp,FT%_opp_std,ORB_opp,ORB_opp_std,DRB_opp,DRB_opp_std,TRB_opp,TRB_opp_std,AST_opp,AST_opp_std,STL_opp,STL_opp_std,BLK_opp,BLK_opp_std,TOV_opp,TOV_opp_std,PF_opp,PF_opp_std,Spread,Spread_std
2014,syracuse,0.84375,0.36890203262847354,66.28571428571429,8.810167286666445,58.69230769230769,6.709809122586012,0.0,0.0,23.5,3.7564758898615485,55.0,5.336665625650533,0.4389615384615385,0.05944037736705969,4.5,1.8757714462371258,14.814814814814815,3.3516590270518622,0.33250000000000013,0.11417254648281422,18.74074074074074,2.9689753813083084,40.23076923076923,4.827485410088299,0.4727307692307692,0.060666008731287226,0.4857692307692307,0.06876412302490753,14.407407407407407,4.700730379086434,21.153846153846153,5.8425494961861135,0.7041538461538462,0.08573992876493065,11.461538461538462,3.3374333758835606,19.96153846153846,3.4232238516435847,31.576923076923077,5.193635157945363,11.296296296296296,2.7289729656582247,8.11111111111111,2.325995788959303,4.884615384615385,1.5576115838532552,8.653846153846153,1.671940374350896,15.846153846153847,3.245825721659223,20.0,2.4819347291981715,49.07692307692308,3.6102418414624458,0.4120740740740742,0.043232756389932216,7.178571428571429,2.277971342917518,19.46153846153846,4.3195441354917925,0.3462692307692308,0.0561259709527115,13.26923076923077,3.1439808181055087,29.214285714285715,5.80776710364308,0.4531153846153846,0.05468698340415344,0.48399999999999993,0.05291066491302545,12.0,4.308131845707603,17.923076923076923,5.754463150794012,0.657392857142857,0.09083005673426174,8.5,2.2847319317591723,18.74074074074074,2.876865182165003,27.620689655172413,4.118024778800843,12.464285714285714,2.8993248621161194,4.214285714285714,1.3153549825650601,3.111111111111111,1.4500221041639685,12.607142857142858,3.348181216767913,17.22222222222222,2.8329562343320847,9.038461538461538,6.849705215442598
