Year,Team,Rslt,Rslt_std,Tm,Tm_std,Opp_score,Opp_score_std,OT,OT_std,FG,FG_std,FGA,FGA_std,FG%,FG%_std,3P,3P_std,3PA,3PA_std,3P%,3P%_std,2P,2P_std,2PA,2PA_std,2P%,2P%_std,eFG%,eFG%_std,FT,FT_std,FTA,FTA_std,FT%,FT%_std,ORB,ORB_std,DRB,DRB_std,TRB,TRB_std,AST,AST_std,STL,STL_std,BLK,BLK_std,TOV,TOV_std,PF,PF_std,FG_opp,FG_opp_std,FGA_opp,FGA_opp_std,FG%_opp,FG%_opp_std,3P_opp,3P_opp_std,3PA_opp,3PA_opp_std,3P%_opp,3P%_opp_std,2P_opp,2P_opp_std,2PA_opp,2PA_opp_std,2P%_opp,2P%_opp_std,eFG%_opp,eFG%_opp_std,FT_opp,FT_opp_std,FTA_opp,FTA_opp_std,FT%_opp,FT%_opp_std,ORB_opp,ORB_opp_std,DRB_opp,DRB_opp_std,TRB_opp,TRB_opp_std,AST_opp,AST_opp_std,STL_opp,STL_opp_std,BLK_opp,BLK_opp_std,TOV_opp,TOV_opp_std,PF_opp,PF_opp_std,Spread,Spread_std
2014,massachusetts,0.75,0.43994134506405985,75.25925925925925,8.216271813123182,70.92592592592592,9.70299686427591,0.0,0.0,27.346153846153847,3.0058916506395597,58.7037037037037,4.672462822956308,0.4617692307692307,0.046121845316342405,5.357142857142857,2.0039643250000774,15.23076923076923,3.203843845229568,0.34338461538461534,0.08357563133979996,21.653846153846153,2.5759240313690572,42.96153846153846,4.228292981625273,0.5011538461538462,0.04895605564805426,0.5071538461538462,0.05302278175101137,14.758620689655173,5.468449587104146,23.23076923076923,6.074916903515256,0.6824074074074074,0.06723567005418574,10.178571428571429,3.0191189716669604,24.23076923076923,3.037205193037735,34.74074074074074,4.28407240289848,14.961538461538462,4.00480480653696,6.551724137931035,1.804482650364913,5.464285714285714,1.9145087921824533,13.551724137931034,2.131166798066793,19.73076923076923,3.2318130182012985,25.074074074074073,2.934226748171758,59.84615384615385,5.073005481505477,0.42907142857142855,0.044627618563220894,4.962962962962963,1.5561659364130875,15.814814814814815,3.616596753824247,0.3064814814814815,0.07144463718387954,20.0,3.088439984597651,43.7037037037037,5.628326809813257,0.4579629629629629,0.055423184180714,0.4637307692307692,0.04260474874218385,14.037037037037036,4.949603569840265,21.73076923076923,5.452028556841516,0.6670384615384617,0.07238534700848274,9.925925925925926,2.5256518720752825,21.884615384615383,3.1664102460284336,31.785714285714285,3.3150291083817036,14.107142857142858,2.9102537208251653,5.724137931034483,1.9801975320684178,5.62962962962963,2.544196233181409,13.153846153846153,2.257295863502305,19.20689655172414,3.638870609178736,5.148148148148148,6.212293665997495
