Year,Team,Rslt,Rslt_std,Tm,Tm_std,Opp_score,Opp_score_std,OT,OT_std,FG,FG_std,FGA,FGA_std,FG%,FG%_std,3P,3P_std,3PA,3PA_std,3P%,3P%_std,2P,2P_std,2PA,2PA_std,2P%,2P%_std,eFG%,eFG%_std,FT,FT_std,FTA,FTA_std,FT%,FT%_std,ORB,ORB_std,DRB,DRB_std,TRB,TRB_std,AST,AST_std,STL,STL_std,BLK,BLK_std,TOV,TOV_std,PF,PF_std,FG_opp,FG_opp_std,FGA_opp,FGA_opp_std,FG%_opp,FG%_opp_std,3P_opp,3P_opp_std,3PA_opp,3PA_opp_std,3P%_opp,3P%_opp_std,2P_opp,2P_opp_std,2PA_opp,2PA_opp_std,2P%_opp,2P%_opp_std,eFG%_opp,eFG%_opp_std,FT_opp,FT_opp_std,FTA_opp,FTA_opp_std,FT%_opp,FT%_opp_std,ORB_opp,ORB_opp_std,DRB_opp,DRB_opp_std,TRB_opp,TRB_opp_std,AST_opp,AST_opp_std,STL_opp,STL_opp_std,BLK_opp,BLK_opp_std,TOV_opp,TOV_opp_std,PF_opp,PF_opp_std,Spread,Spread_std
2014,louisville,0.8529411764705882,0.3594906279535709,80.66666666666667,9.382056731108971,61.214285714285715,7.685277617854287,0.0,0.0,28.689655172413794,4.036471658302069,61.17857142857143,4.05566427338515,0.47160714285714284,0.049183209484925806,7.758620689655173,3.1356837077854225,22.70967741935484,4.873011036221833,0.3573214285714285,0.09467881517175869,20.678571428571427,3.209402522318531,39.13793103448276,4.998029168232461,0.5235714285714286,0.05894217415552207,0.5402142857142856,0.06480818257828659,15.392857142857142,3.654923475049185,24.285714285714285,4.890331677437014,0.6414137931034485,0.07707812235526243,12.571428571428571,2.0625150312102587,22.82758620689655,3.094568577330765,35.67857142857143,4.208048473778785,15.571428571428571,3.0602417167732625,9.633333333333333,2.760351468542558,4.451612903225806,1.4796105270739177,10.344827586206897,2.30334945659833,19.178571428571427,3.055699852292693,21.107142857142858,3.1427669539729046,53.10344827586207,5.094428522458957,0.3941785714285714,0.05771581307895679,4.482758620689655,1.3789408372052498,16.103448275862068,3.8853647336254666,0.2805357142857142,0.06573768418261416,15.633333333333333,3.5572493570883874,36.642857142857146,4.572172558506722,0.43458620689655164,0.07319275785865476,0.4438620689655173,0.06440703385385961,13.821428571428571,3.781569059301251,20.75862068965517,5.282418090865159,0.6706428571428572,0.08642668238785653,10.033333333333333,3.4188456746578133,22.344827586206897,2.5673201991426993,32.333333333333336,3.77225198753626,9.806451612903226,2.856797214115949,4.448275862068965,1.660167953993806,2.689655172413793,1.3390681268239724,16.6,3.4700690642038854,20.178571428571427,2.6812596739505556,20.03448275862069,13.446940062495072
