Year,Team,Rslt,Rslt_std,Tm,Tm_std,Opp_score,Opp_score_std,OT,OT_std,FG,FG_std,FGA,FGA_std,FG%,FG%_std,3P,3P_std,3PA,3PA_std,3P%,3P%_std,2P,2P_std,2PA,2PA_std,2P%,2P%_std,eFG%,eFG%_std,FT,FT_std,FTA,FTA_std,FT%,FT%_std,ORB,ORB_std,DRB,DRB_std,TRB,TRB_std,AST,AST_std,STL,STL_std,BLK,BLK_std,TOV,TOV_std,PF,PF_std,FG_opp,FG_opp_std,FGA_opp,FGA_opp_std,FG%_opp,FG%_opp_std,3P_opp,3P_opp_std,3PA_opp,3PA_opp_std,3P%_opp,3P%_opp_std,2P_opp,2P_opp_std,2PA_opp,2PA_opp_std,2P%_opp,2P%_opp_std,eFG%_opp,eFG%_opp_std,FT_opp,FT_opp_std,FTA_opp,FTA_opp_std,FT%_opp,FT%_opp_std,ORB_opp,ORB_opp_std,DRB_opp,DRB_opp_std,TRB_opp,TRB_opp_std,AST_opp,AST_opp_std,STL_opp,STL_opp_std,BLK_opp,BLK_opp_std,TOV_opp,TOV_opp_std,PF_opp,PF_opp_std,Spread,Spread_std
2014,texas-southern,0.5757575757575758,0.5018903659106632,75.0,6.545697353693787,73.22222222222223,9.299848358289479,0.0,0.0,24.413793103448278,3.1681139204277176,54.592592592592595,5.479045812907848,0.4631481481481481,0.05735094641007291,6.103448275862069,1.77974371321521,17.586206896551722,2.6120222239717195,0.36207407407407416,0.07570028245345431,18.689655172413794,3.9470011064085284,36.5,5.398902494780597,0.5098214285714285,0.07889986789240622,0.524962962962963,0.06795670651314674,19.642857142857142,4.029651999626672,26.413793103448278,5.233936250084705,0.7184074074074075,0.06661615607877905,9.535714285714286,2.5015867980017217,22.93103448275862,4.705096283231913,31.928571428571427,5.429197958832454,13.5,3.5118845842842465,4.548387096774194,2.110903592894432,3.4827586206896552,1.595097168002457,13.0,3.051285766293647,15.931034482758621,3.390438598710441,27.642857142857142,4.539654789569974,61.0,5.7512540438519215,0.4528518518518518,0.05296639261304047,6.666666666666667,3.0663168216240657,17.964285714285715,3.6053678381931085,0.3515555555555555,0.09943545774224734,20.892857142857142,3.871446142992982,43.77777777777778,5.220767209559363,0.48718518518518517,0.058995460736097224,0.5066666666666667,0.06118823416311341,11.620689655172415,3.4786470389613946,18.379310344827587,5.447239098213282,0.6884074074074074,0.08187761000385282,9.0,2.0727509006864033,21.20689655172414,3.9313693574415702,29.62962962962963,4.36901809201096,14.142857142857142,4.213859721990488,6.4375,2.16924990752341,3.5714285714285716,1.425393290199597,11.241379310344827,2.230553621442013,21.59259259259259,2.721131824178756,2.5185185185185186,8.710605253060425
