Year,Team,Rslt,Rslt_std,Tm,Tm_std,Opp_score,Opp_score_std,OT,OT_std,FG,FG_std,FGA,FGA_std,FG%,FG%_std,3P,3P_std,3PA,3PA_std,3P%,3P%_std,2P,2P_std,2PA,2PA_std,2P%,2P%_std,eFG%,eFG%_std,FT,FT_std,FTA,FTA_std,FT%,FT%_std,ORB,ORB_std,DRB,DRB_std,TRB,TRB_std,AST,AST_std,STL,STL_std,BLK,BLK_std,TOV,TOV_std,PF,PF_std,FG_opp,FG_opp_std,FGA_opp,FGA_opp_std,FG%_opp,FG%_opp_std,3P_opp,3P_opp_std,3PA_opp,3PA_opp_std,3P%_opp,3P%_opp_std,2P_opp,2P_opp_std,2PA_opp,2PA_opp_std,2P%_opp,2P%_opp_std,eFG%_opp,eFG%_opp_std,FT_opp,FT_opp_std,FTA_opp,FTA_opp_std,FT%_opp,FT%_opp_std,ORB_opp,ORB_opp_std,DRB_opp,DRB_opp_std,TRB_opp,TRB_opp_std,AST_opp,AST_opp_std,STL_opp,STL_opp_std,BLK_opp,BLK_opp_std,TOV_opp,TOV_opp_std,PF_opp,PF_opp_std,Spread,Spread_std
2014,saint-josephs,0.7272727272727273,0.45226701686664544,71.5925925925926,7.212485218005166,66.74074074074075,7.654021530152994,0.0,0.0,24.964285714285715,2.645501322750992,52.03703703703704,3.6213202169871854,0.46900000000000003,0.05075734126515781,7.0,2.433737233777904,19.074074074074073,3.8821675738207224,0.3692222222222222,0.08700147360968324,17.17241379310345,2.376506522446662,33.5,4.185512933741636,0.5292142857142859,0.059204202267555024,0.5354444444444445,0.06672523068717269,14.714285714285714,4.090251670760459,21.892857142857142,4.916633037280739,0.6423214285714286,0.0979644884909374,8.413793103448276,2.6795154329962396,24.17241379310345,3.3495091913084964,32.55555555555556,4.003203845127179,13.607142857142858,3.1545297908021412,4.233333333333333,1.813423763803275,4.392857142857143,1.7917358790618276,12.03448275862069,2.9091328926661495,16.0,3.832708594768691,24.14814814814815,2.8243951524544113,57.370370370370374,3.9433307685074492,0.4222962962962964,0.03655113890134964,6.655172413793103,2.6223743612688852,19.48148148148148,4.135869087073853,0.33366666666666667,0.08259772766477669,17.666666666666668,2.6017745423519636,38.2962962962963,4.564198596896155,0.46481481481481485,0.0530421001419098,0.4787407407407407,0.05038054614828457,11.033333333333333,4.230295769665589,16.928571428571427,5.76019914411769,0.6812592592592592,0.06363090238156095,7.814814814814815,2.77401454487115,22.142857142857142,2.8894993250053456,29.75,4.274168751759635,13.407407407407407,2.2232903415928256,6.222222222222222,2.2245714078711765,2.4827586206896552,1.4545664463330747,10.107142857142858,2.2826119819884987,19.482758620689655,3.4081906558756407,4.925925925925926,8.434936167402109
