Year,Team,Rslt,Rslt_std,Tm,Tm_std,Opp_score,Opp_score_std,OT,OT_std,FG,FG_std,FGA,FGA_std,FG%,FG%_std,3P,3P_std,3PA,3PA_std,3P%,3P%_std,2P,2P_std,2PA,2PA_std,2P%,2P%_std,eFG%,eFG%_std,FT,FT_std,FTA,FTA_std,FT%,FT%_std,ORB,ORB_std,DRB,DRB_std,TRB,TRB_std,AST,AST_std,STL,STL_std,BLK,BLK_std,TOV,TOV_std,PF,PF_std,FG_opp,FG_opp_std,FGA_opp,FGA_opp_std,FG%_opp,FG%_opp_std,3P_opp,3P_opp_std,3PA_opp,3PA_opp_std,3P%_opp,3P%_opp_std,2P_opp,2P_opp_std,2PA_opp,2PA_opp_std,2P%_opp,2P%_opp_std,eFG%_opp,eFG%_opp_std,FT_opp,FT_opp_std,FTA_opp,FTA_opp_std,FT%_opp,FT%_opp_std,ORB_opp,ORB_opp_std,DRB_opp,DRB_opp_std,TRB_opp,TRB_opp_std,AST_opp,AST_opp_std,STL_opp,STL_opp_std,BLK_opp,BLK_opp_std,TOV_opp,TOV_opp_std,PF_opp,PF_opp_std,Spread,Spread_std
2014,louisiana-lafayette,0.6764705882352942,0.47485807993381707,80.82142857142857,9.718457320913268,74.5,7.078920193865101,0.11764705882352941,0.3270349700838643,27.928571428571427,3.5790395093549625,60.17857142857143,5.0629633500152735,0.46625,0.05447773925259816,7.178571428571429,2.0914919613373186,20.161290322580644,4.427917299691044,0.36607142857142855,0.0681033683680094,21.06896551724138,4.2336326387863465,41.833333333333336,5.994729485906382,0.5125714285714286,0.06351985899521886,0.5254285714285715,0.0604492003264379,17.214285714285715,3.984759325016616,26.06896551724138,6.8657068852728305,0.6673928571428572,0.06315257203390337,11.724137931034482,2.6712296756916216,22.896551724137932,4.0562546727792315,35.357142857142854,4.923220007078217,13.571428571428571,2.5593484620630598,7.1,2.5910988216292092,4.035714285714286,1.752926502381467,13.517241379310345,2.746695282584047,21.071428571428573,2.609506430251477,25.322580645161292,3.17686529747164,57.0,5.897941529526576,0.4442142857142857,0.050375153445484266,5.517241379310345,1.7852708809104016,17.4,4.173809968742278,0.32775,0.07901412203828807,19.482758620689655,3.699620537058713,40.5,5.691796880084349,0.4909642857142857,0.07546227026007257,0.4936785714285715,0.05087898028577848,17.6,4.839492706386943,25.428571428571427,4.947341758580104,0.6961785714285714,0.07175630237976961,9.321428571428571,3.2324004545248872,21.714285714285715,2.9421224746914696,30.964285714285715,3.834368390280328,11.344827586206897,1.9323535255701143,6.068965517241379,1.5102278560998341,4.866666666666666,2.5014938065819425,13.666666666666666,3.133064307355179,21.178571428571427,3.055699852292693,6.535714285714286,11.641185324836805
