Year,Team,Rslt,Rslt_std,Tm,Tm_std,Opp_score,Opp_score_std,OT,OT_std,FG,FG_std,FGA,FGA_std,FG%,FG%_std,3P,3P_std,3PA,3PA_std,3P%,3P%_std,2P,2P_std,2PA,2PA_std,2P%,2P%_std,eFG%,eFG%_std,FT,FT_std,FTA,FTA_std,FT%,FT%_std,ORB,ORB_std,DRB,DRB_std,TRB,TRB_std,AST,AST_std,STL,STL_std,BLK,BLK_std,TOV,TOV_std,PF,PF_std,FG_opp,FG_opp_std,FGA_opp,FGA_opp_std,FG%_opp,FG%_opp_std,3P_opp,3P_opp_std,3PA_opp,3PA_opp_std,3P%_opp,3P%_opp_std,2P_opp,2P_opp_std,2PA_opp,2PA_opp_std,2P%_opp,2P%_opp_std,eFG%_opp,eFG%_opp_std,FT_opp,FT_opp_std,FTA_opp,FTA_opp_std,FT%_opp,FT%_opp_std,ORB_opp,ORB_opp_std,DRB_opp,DRB_opp_std,TRB_opp,TRB_opp_std,AST_opp,AST_opp_std,STL_opp,STL_opp_std,BLK_opp,BLK_opp_std,TOV_opp,TOV_opp_std,PF_opp,PF_opp_std,Spread,Spread_std
2014,oklahoma-state,0.6363636363636364,0.48850421045919723,79.58620689655173,9.314034116702256,70.03571428571429,9.480905343772088,0.12121212121212122,0.33143398263980844,26.035714285714285,3.1208040613627106,57.93103448275862,5.541602620714637,0.46396296296296313,0.03613168381764923,7.142857142857143,2.3367322183591046,18.785714285714285,3.7649174193603736,0.362888888888889,0.07988613691870995,18.892857142857142,3.1779248495215158,37.333333333333336,4.657500154837109,0.5197037037037037,0.06212197357730677,0.526148148148148,0.044701319636091016,20.296296296296298,5.13520889257393,28.0,7.430631582462269,0.7230740740740741,0.044436580500863083,8.703703703703704,2.3666726856791165,24.62962962962963,3.1150768375280413,33.18518518518518,4.566070832674725,13.448275862068966,3.4182932969596695,7.448275862068965,2.7721343878029088,4.7407407407407405,1.8520797580556378,10.193548387096774,2.088370255146497,19.37037037037037,3.341443126142081,23.483870967741936,3.940143548501209,58.035714285714285,4.5985677549455986,0.4077777777777778,0.04418086370759084,6.037037037037037,1.870447940621577,18.925925925925927,3.4298006886017096,0.32189285714285715,0.08640573510017178,17.40740740740741,3.054117765842589,38.55555555555556,3.7655659839507765,0.4486296296296296,0.05411252389387546,0.4583703703703704,0.04928500173492334,15.206896551724139,4.639729905507336,22.88888888888889,5.8265528358299425,0.6961851851851854,0.05971795055285821,9.633333333333333,3.112636462410353,23.25,3.192874010111336,34.370370370370374,4.369018092010959,10.5,2.3804761428476167,6.068965517241379,1.5568061280060033,3.2758620689655173,1.7299164249866013,14.166666666666666,3.9311605142127872,22.0,4.949747468305833,9.88888888888889,12.768149475379781
