Year,Team,Rslt,Rslt_std,Tm,Tm_std,Opp_score,Opp_score_std,OT,OT_std,FG,FG_std,FGA,FGA_std,FG%,FG%_std,3P,3P_std,3PA,3PA_std,3P%,3P%_std,2P,2P_std,2PA,2PA_std,2P%,2P%_std,eFG%,eFG%_std,FT,FT_std,FTA,FTA_std,FT%,FT%_std,ORB,ORB_std,DRB,DRB_std,TRB,TRB_std,AST,AST_std,STL,STL_std,BLK,BLK_std,TOV,TOV_std,PF,PF_std,FG_opp,FG_opp_std,FGA_opp,FGA_opp_std,FG%_opp,FG%_opp_std,3P_opp,3P_opp_std,3PA_opp,3PA_opp_std,3P%_opp,3P%_opp_std,2P_opp,2P_opp_std,2PA_opp,2PA_opp_std,2P%_opp,2P%_opp_std,eFG%_opp,eFG%_opp_std,FT_opp,FT_opp_std,FTA_opp,FTA_opp_std,FT%_opp,FT%_opp_std,ORB_opp,ORB_opp_std,DRB_opp,DRB_opp_std,TRB_opp,TRB_opp_std,AST_opp,AST_opp_std,STL_opp,STL_opp_std,BLK_opp,BLK_opp_std,TOV_opp,TOV_opp_std,PF_opp,PF_opp_std,Spread,Spread_std
2014,manhattan,0.78125,0.42001344064515445,77.07692307692308,6.467908947553773,69.92307692307692,7.0479675193523805,0.15625,0.36890203262847354,24.5,3.4372685107240044,55.42307692307692,6.753802347851628,0.4520384615384616,0.037583486553783976,6.0,2.1773242158072694,17.0,3.878143885933063,0.35903846153846164,0.08577994207003442,18.678571428571427,3.0313616477011514,38.44444444444444,5.976449507688383,0.4935000000000001,0.04269730670662965,0.5146666666666667,0.059912115122582155,20.423076923076923,5.360396081806471,30.724137931034484,7.439741507242123,0.6627692307692309,0.09094099524078575,10.222222222222221,2.7642405179408036,22.76923076923077,2.902518800045124,32.89655172413793,4.514617746721728,13.038461538461538,2.306178990985205,8.192307692307692,2.209420390405244,5.903225806451613,2.5865657889651983,13.928571428571429,2.7879179995987635,24.321428571428573,3.991227152129302,22.37037037037037,2.404293405686332,55.03703703703704,4.40700038820652,0.41342307692307695,0.035373632074666095,4.928571428571429,1.7623337101185195,15.038461538461538,3.671302430808655,0.3296538461538461,0.06061151198093795,17.77777777777778,2.650592580092426,39.148148148148145,5.193958796256279,0.44230769230769224,0.04356491178071567,0.4598846153846154,0.03864228453192376,20.59259259259259,5.017348819226063,29.03846153846154,6.508337847596845,0.6977307692307695,0.06334764885443354,9.481481481481481,2.6219542091050854,22.142857142857142,2.990284090483535,31.25925925925926,4.238945737876456,11.642857142857142,2.5993487177779278,5.857142857142857,1.6035674514745464,4.2592592592592595,1.913365793822149,15.23076923076923,3.2287172971035085,23.74074074074074,3.6752037368182062,7.384615384615385,7.105360923004112
