Year,Team,Rslt,Rslt_std,Tm,Tm_std,Opp_score,Opp_score_std,OT,OT_std,FG,FG_std,FGA,FGA_std,FG%,FG%_std,3P,3P_std,3PA,3PA_std,3P%,3P%_std,2P,2P_std,2PA,2PA_std,2P%,2P%_std,eFG%,eFG%_std,FT,FT_std,FTA,FTA_std,FT%,FT%_std,ORB,ORB_std,DRB,DRB_std,TRB,TRB_std,AST,AST_std,STL,STL_std,BLK,BLK_std,TOV,TOV_std,PF,PF_std,FG_opp,FG_opp_std,FGA_opp,FGA_opp_std,FG%_opp,FG%_opp_std,3P_opp,3P_opp_std,3PA_opp,3PA_opp_std,3P%_opp,3P%_opp_std,2P_opp,2P_opp_std,2PA_opp,2PA_opp_std,2P%_opp,2P%_opp_std,eFG%_opp,eFG%_opp_std,FT_opp,FT_opp_std,FTA_opp,FTA_opp_std,FT%_opp,FT%_opp_std,ORB_opp,ORB_opp_std,DRB_opp,DRB_opp_std,TRB_opp,TRB_opp_std,AST_opp,AST_opp_std,STL_opp,STL_opp_std,BLK_opp,BLK_opp_std,TOV_opp,TOV_opp_std,PF_opp,PF_opp_std,Spread,Spread_std
2014,mount-st-marys,0.5,0.508000508000762,75.76923076923077,7.839937205400014,77.53846153846153,7.859927578448897,0.0,0.0,25.73076923076923,3.1312322469940463,58.857142857142854,5.053156591121191,0.4392307692307692,0.0578185490598356,8.703703703703704,1.8147857431243208,24.51851851851852,3.609499969315699,0.3458518518518519,0.07129284336922967,17.285714285714285,2.839628860166776,32.535714285714285,3.7661468948863948,0.507576923076923,0.06268727020818378,0.5121153846153847,0.06333550468612494,15.692307692307692,3.6635417919737807,21.464285714285715,5.466952179923119,0.7458461538461538,0.06896358013194634,8.444444444444445,2.5318484177091665,20.307692307692307,3.630638850331779,28.642857142857142,4.398773277768059,11.444444444444445,2.485857433459767,6.962962962962963,1.9509658649673514,3.0,1.5634719199411433,11.678571428571429,2.3102600691916892,18.413793103448278,3.7082652989091267,29.14814814814815,4.320823494371839,58.55555555555556,5.486580365087538,0.4897037037037038,0.05922890069942779,4.785714285714286,1.6634890342878028,14.481481481481481,3.0175177058988574,0.33103846153846156,0.08313385869510966,24.620689655172413,4.546692621357138,45.48148148148148,4.172901318400115,0.5429615384615384,0.0739099347959289,0.5331153846153845,0.060873197335495316,14.653846153846153,4.857508066425069,20.214285714285715,7.067699834626606,0.7477037037037034,0.0785747144760053,9.222222222222221,2.4547181153120263,23.40740740740741,4.0312172170093055,32.48148148148148,4.388537257362556,12.407407407407407,3.054117765842589,5.75,1.3505828645714688,2.740740740740741,1.3471506281091268,12.357142857142858,3.0937725468153876,18.25925925925926,2.9034805716931236,-1.8518518518518519,11.488133354779965
