Year,Team,Rslt,Rslt_std,Tm,Tm_std,Opp_score,Opp_score_std,OT,OT_std,FG,FG_std,FGA,FGA_std,FG%,FG%_std,3P,3P_std,3PA,3PA_std,3P%,3P%_std,2P,2P_std,2PA,2PA_std,2P%,2P%_std,eFG%,eFG%_std,FT,FT_std,FTA,FTA_std,FT%,FT%_std,ORB,ORB_std,DRB,DRB_std,TRB,TRB_std,AST,AST_std,STL,STL_std,BLK,BLK_std,TOV,TOV_std,PF,PF_std,FG_opp,FG_opp_std,FGA_opp,FGA_opp_std,FG%_opp,FG%_opp_std,3P_opp,3P_opp_std,3PA_opp,3PA_opp_std,3P%_opp,3P%_opp_std,2P_opp,2P_opp_std,2PA_opp,2PA_opp_std,2P%_opp,2P%_opp_std,eFG%_opp,eFG%_opp_std,FT_opp,FT_opp_std,FTA_opp,FTA_opp_std,FT%_opp,FT%_opp_std,ORB_opp,ORB_opp_std,DRB_opp,DRB_opp_std,TRB_opp,TRB_opp_std,AST_opp,AST_opp_std,STL_opp,STL_opp_std,BLK_opp,BLK_opp_std,TOV_opp,TOV_opp_std,PF_opp,PF_opp_std,Spread,Spread_std
2014,arizona,0.8823529411764706,0.3270349700838643,71.96551724137932,7.452146184732334,58.37931034482759,7.321269372292955,0.0,0.0,25.870967741935484,3.9135826338865085,56.107142857142854,4.1663491942545585,0.4693571428571429,0.05120851657011917,5.178571428571429,1.7649587431663567,14.714285714285714,2.462415899780552,0.3463214285714286,0.08700704678631606,21.0,3.1622776601683795,41.285714285714285,4.943062050375499,0.5135357142857143,0.058097288865703305,0.5172142857142857,0.0639509981058166,15.758620689655173,3.312909515535865,23.214285714285715,5.152181435564313,0.659413793103448,0.081579285379045,10.357142857142858,2.5271017759962473,24.689655172413794,3.808856673932688,35.32142857142857,3.2438382777948056,15.0,2.341256389522831,5.821428571428571,1.2781227967601094,4.068965517241379,1.579580289705343,10.448275862068966,2.6670771441056664,16.517241379310345,2.354641156390812,20.666666666666668,3.209182228343016,52.793103448275865,3.9222743979994528,0.38525000000000004,0.041382251518504165,4.0,1.4142135623730951,13.482758620689655,3.0192322777153184,0.311625,0.10223115805574812,16.066666666666666,3.7410429426632588,39.724137931034484,4.4952081766837155,0.40574999999999994,0.05922313424355072,0.42614285714285716,0.04422142457603997,12.714285714285714,3.9894039548965097,18.551724137931036,5.647921279402284,0.7225714285714285,0.08909064404943347,6.793103448275862,2.161006880811872,19.5,3.2942149067496875,26.633333333333333,4.627379785381887,8.928571428571429,2.5375487067548947,4.516129032258065,1.567821583002681,2.896551724137931,1.5432995169489228,12.107142857142858,2.424249188302252,18.5,2.6457513110645907,14.357142857142858,10.674352389807963
