Year,Team,Rslt,Rslt_std,Tm,Tm_std,Opp_score,Opp_score_std,OT,OT_std,FG,FG_std,FGA,FGA_std,FG%,FG%_std,3P,3P_std,3PA,3PA_std,3P%,3P%_std,2P,2P_std,2PA,2PA_std,2P%,2P%_std,eFG%,eFG%_std,FT,FT_std,FTA,FTA_std,FT%,FT%_std,ORB,ORB_std,DRB,DRB_std,TRB,TRB_std,AST,AST_std,STL,STL_std,BLK,BLK_std,TOV,TOV_std,PF,PF_std,FG_opp,FG_opp_std,FGA_opp,FGA_opp_std,FG%_opp,FG%_opp_std,3P_opp,3P_opp_std,3PA_opp,3PA_opp_std,3P%_opp,3P%_opp_std,2P_opp,2P_opp_std,2PA_opp,2PA_opp_std,2P%_opp,2P%_opp_std,eFG%_opp,eFG%_opp_std,FT_opp,FT_opp_std,FTA_opp,FTA_opp_std,FT%_opp,FT%_opp_std,ORB_opp,ORB_opp_std,DRB_opp,DRB_opp_std,TRB_opp,TRB_opp_std,AST_opp,AST_opp_std,STL_opp,STL_opp_std,BLK_opp,BLK_opp_std,TOV_opp,TOV_opp_std,PF_opp,PF_opp_std,Spread,Spread_std
2014,virginia,0.8235294117647058,0.3869529949759475,66.67857142857143,6.622372694572551,54.357142857142854,8.36312136356988,0.0,0.0,22.766666666666666,3.3700847562587826,50.3,4.268166044018244,0.4556785714285713,0.0463321771010238,5.766666666666667,1.9945327571990963,14.678571428571429,3.2209220146316215,0.3578928571428572,0.09254842147470867,17.466666666666665,3.2241901772151365,35.48275862068966,4.925304121539621,0.48964285714285716,0.06674562784167092,0.5119285714285715,0.055127413743361345,13.5,4.703263723753157,20.862068965517242,6.566822116470005,0.6634642857142857,0.094201707204337,9.166666666666666,2.364731279234177,23.321428571428573,3.8398839819334376,32.827586206896555,4.675689143379534,12.862068965517242,3.2811598333846446,5.166666666666667,2.2296332361660047,3.71875,1.7640564507096486,9.466666666666667,2.255007199825395,15.689655172413794,3.0484591924898488,19.392857142857142,2.845910460504046,50.142857142857146,3.931961019684384,0.38417857142857137,0.05328195690115868,5.290322580645161,2.1477670324796523,16.821428571428573,3.5071732991491236,0.32237931034482764,0.08606410143985845,14.233333333333333,2.7753015783108532,32.724137931034484,4.795061087977756,0.4182857142857143,0.05514550258204612,0.4385714285714286,0.06370733347601625,10.133333333333333,4.739659040067329,16.25,5.488202836117701,0.65575,0.1101724658080331,6.928571428571429,2.4332354840078514,18.821428571428573,2.8160067790923695,26.137931034482758,3.9885921068810597,9.678571428571429,2.1091260508591465,4.896551724137931,1.6975786871349376,3.4838709677419355,1.9810934311121469,10.931034482758621,3.337353897099131,18.214285714285715,3.634782003317422,12.172413793103448,8.55264773337658
