Year,Team,Rslt,Rslt_std,Tm,Tm_std,Opp_score,Opp_score_std,OT,OT_std,FG,FG_std,FGA,FGA_std,FG%,FG%_std,3P,3P_std,3PA,3PA_std,3P%,3P%_std,2P,2P_std,2PA,2PA_std,2P%,2P%_std,eFG%,eFG%_std,FT,FT_std,FTA,FTA_std,FT%,FT%_std,ORB,ORB_std,DRB,DRB_std,TRB,TRB_std,AST,AST_std,STL,STL_std,BLK,BLK_std,TOV,TOV_std,PF,PF_std,FG_opp,FG_opp_std,FGA_opp,FGA_opp_std,FG%_opp,FG%_opp_std,3P_opp,3P_opp_std,3PA_opp,3PA_opp_std,3P%_opp,3P%_opp_std,2P_opp,2P_opp_std,2PA_opp,2PA_opp_std,2P%_opp,2P%_opp_std,eFG%_opp,eFG%_opp_std,FT_opp,FT_opp_std,FTA_opp,FTA_opp_std,FT%_opp,FT%_opp_std,ORB_opp,ORB_opp_std,DRB_opp,DRB_opp_std,TRB_opp,TRB_opp_std,AST_opp,AST_opp_std,STL_opp,STL_opp_std,BLK_opp,BLK_opp_std,TOV_opp,TOV_opp_std,PF_opp,PF_opp_std,Spread,Spread_std
2014,wofford,0.625,0.4918693768379647,67.07692307692308,8.004614054021976,62.11538461538461,6.653281434461784,0.0,0.0,24.423076923076923,3.9514359609952123,54.84615384615385,3.7597053894400574,0.4506538461538461,0.05559636125337147,5.923076923076923,1.5472059183722617,16.037037037037038,3.6425000024442373,0.3772307692307692,0.08625835968405972,18.384615384615383,3.430182771537669,38.26923076923077,4.162284875475895,0.4799615384615385,0.06148461971532768,0.5041538461538462,0.06457410769507685,11.846153846153847,2.2395054399095833,17.962962962962962,3.2043417838623687,0.6702307692307693,0.07367241420901459,9.233333333333333,2.7251489466833174,21.115384615384617,3.7558160027021885,30.11111111111111,4.846357342084825,12.407407407407407,2.9646540758027387,6.37037037037037,1.8841065654196818,1.5,1.0747894741730137,10.321428571428571,3.0191189716669604,17.571428571428573,2.807774542871611,21.428571428571427,3.1672931711077887,50.18518518518518,5.015645038945156,0.44453846153846155,0.06222554508831934,4.103448275862069,1.588908600855292,14.423076923076923,3.3725133289352844,0.32648148148148154,0.08653161732985695,16.928571428571427,3.2309678796226744,35.148148148148145,4.17597251412727,0.4950769230769231,0.0698878662297959,0.49153846153846165,0.06753560884110293,13.571428571428571,3.563483225498992,20.25,5.46114219500592,0.6992592592592594,0.0806657837064059,7.222222222222222,2.606697488177674,21.285714285714285,2.650746126368013,28.892857142857142,4.085559807639455,9.185185185185185,3.4645128088735655,5.538461538461538,1.8161667154921488,3.1481481481481484,1.4859263804028813,12.25925925925926,2.9559925131657114,17.185185185185187,1.9021655075817185,4.846153846153846,12.562459337859949
