Year,Team,Rslt,Rslt_std,Tm,Tm_std,Opp_score,Opp_score_std,OT,OT_std,FG,FG_std,FGA,FGA_std,FG%,FG%_std,3P,3P_std,3PA,3PA_std,3P%,3P%_std,2P,2P_std,2PA,2PA_std,2P%,2P%_std,eFG%,eFG%_std,FT,FT_std,FTA,FTA_std,FT%,FT%_std,ORB,ORB_std,DRB,DRB_std,TRB,TRB_std,AST,AST_std,STL,STL_std,BLK,BLK_std,TOV,TOV_std,PF,PF_std,FG_opp,FG_opp_std,FGA_opp,FGA_opp_std,FG%_opp,FG%_opp_std,3P_opp,3P_opp_std,3PA_opp,3PA_opp_std,3P%_opp,3P%_opp_std,2P_opp,2P_opp_std,2PA_opp,2PA_opp_std,2P%_opp,2P%_opp_std,eFG%_opp,eFG%_opp_std,FT_opp,FT_opp_std,FTA_opp,FTA_opp_std,FT%_opp,FT%_opp_std,ORB_opp,ORB_opp_std,DRB_opp,DRB_opp_std,TRB_opp,TRB_opp_std,AST_opp,AST_opp_std,STL_opp,STL_opp_std,BLK_opp,BLK_opp_std,TOV_opp,TOV_opp_std,PF_opp,PF_opp_std,Spread,Spread_std
2014,eastern-kentucky,0.7272727272727273,0.45226701686664544,78.55555555555556,8.441351210346022,71.0,6.696727099572883,0.0,0.0,25.535714285714285,3.511696254235349,53.074074074074076,3.5940755302829848,0.4866666666666666,0.06098675770513313,8.74074074074074,2.280225909735744,23.137931034482758,4.619246521202925,0.38507407407407407,0.07974282023428428,16.689655172413794,3.1521358776443957,28.964285714285715,4.185354915320297,0.5702592592592592,0.09098418822588081,0.5707037037037038,0.08131364480767561,17.51851851851852,4.660557661996869,23.59259259259259,5.924260805945844,0.7483703703703704,0.06396402122596742,5.620689655172414,1.6778769132330866,17.40740740740741,2.7770939329181346,23.11111111111111,3.4231489476721157,14.037037037037036,3.2755678483806023,8.310344827586206,1.7748933222643886,1.8125,1.3781123134153823,10.296296296296296,1.9770766067180876,20.344827586206897,2.7938179466836814,22.620689655172413,3.1100504486428266,47.75,4.142150094746375,0.49214285714285716,0.05764175074172737,6.178571428571429,2.126613921821912,16.666666666666668,3.6794648440311994,0.3540740740740741,0.07172700699711046,16.20689655172414,3.2113560814355977,29.964285714285715,4.426202643493613,0.5698620689655172,0.06376952033799478,0.5525185185185185,0.05554718740395438,18.571428571428573,3.6558281366989016,25.642857142857142,4.547806029564111,0.7083333333333335,0.06155297905681926,7.714285714285714,1.9599157740244455,21.40740740740741,3.2136638479522603,28.857142857142858,4.05256467231313,13.107142857142858,2.199987974955111,5.3,1.7049623314678062,3.533333333333333,1.978040363127335,16.714285714285715,2.9920529661723827,19.814814814814813,3.282084668633607,7.518518518518518,9.21691743217693
