Year,Team,Rslt,Rslt_std,Tm,Tm_std,Opp_score,Opp_score_std,OT,OT_std,FG,FG_std,FGA,FGA_std,FG%,FG%_std,3P,3P_std,3PA,3PA_std,3P%,3P%_std,2P,2P_std,2PA,2PA_std,2P%,2P%_std,eFG%,eFG%_std,FT,FT_std,FTA,FTA_std,FT%,FT%_std,ORB,ORB_std,DRB,DRB_std,TRB,TRB_std,AST,AST_std,STL,STL_std,BLK,BLK_std,TOV,TOV_std,PF,PF_std,FG_opp,FG_opp_std,FGA_opp,FGA_opp_std,FG%_opp,FG%_opp_std,3P_opp,3P_opp_std,3PA_opp,3PA_opp_std,3P%_opp,3P%_opp_std,2P_opp,2P_opp_std,2PA_opp,2PA_opp_std,2P%_opp,2P%_opp_std,eFG%_opp,eFG%_opp_std,FT_opp,FT_opp_std,FTA_opp,FTA_opp_std,FT%_opp,FT%_opp_std,ORB_opp,ORB_opp_std,DRB_opp,DRB_opp_std,TRB_opp,TRB_opp_std,AST_opp,AST_opp_std,STL_opp,STL_opp_std,BLK_opp,BLK_opp_std,TOV_opp,TOV_opp_std,PF_opp,PF_opp_std,Spread,Spread_std
2014,cincinnati,0.8181818181818182,0.39167472590032015,68.07407407407408,9.135416818943755,57.51851851851852,5.625288849816927,0.0,0.0,23.40740740740741,4.263072738505546,54.7037037037037,4.842240540007636,0.42429629629629634,0.048980227419466706,5.387096774193548,1.7450390512313987,17.103448275862068,3.6678606803480625,0.336,0.0604775864394278,17.666666666666668,4.169486225497739,37.925925925925924,6.2568481001338165,0.47028571428571425,0.06761539225532356,0.47818518518518516,0.05767017429182092,14.821428571428571,4.776900990054438,21.142857142857142,5.529143565818179,0.6962592592592592,0.0834255045823207,11.481481481481481,3.166779125308557,20.642857142857142,3.743777906857325,32.42857142857143,4.557684365166896,12.10344827586207,3.4676549052453187,7.851851851851852,1.8543857308409266,5.225806451612903,2.2167495335792125,10.666666666666666,2.6311740579210876,17.862068965517242,3.1021206793675207,20.48148148148148,2.1549651143057154,51.7037037037037,4.94442043593518,0.39303703703703713,0.04558211650120411,4.931034482758621,2.3593436509025527,16.59259259259259,3.4223165710159997,0.3055185185185184,0.0894230956100829,15.517241379310345,3.1238791093214817,34.758620689655174,4.88916566365873,0.42859259259259264,0.05757687787729434,0.44274074074074066,0.057106912280383636,12.0,3.385489397640829,18.5,5.0074019285527775,0.6826999999999999,0.11425716607723123,8.413793103448276,2.4277744273203674,19.185185185185187,2.922552059640776,27.962962962962962,3.67404075897036,10.785714285714286,2.6155821228303733,5.185185185185185,1.6180956764770178,3.689655172413793,1.3121260903005056,13.482758620689655,3.2800336415432043,18.666666666666668,3.174416966455899,10.518518518518519,9.463981802970226
