Year,Team,Rslt,Rslt_std,Tm,Tm_std,Opp_score,Opp_score_std,OT,OT_std,FG,FG_std,FGA,FGA_std,FG%,FG%_std,3P,3P_std,3PA,3PA_std,3P%,3P%_std,2P,2P_std,2PA,2PA_std,2P%,2P%_std,eFG%,eFG%_std,FT,FT_std,FTA,FTA_std,FT%,FT%_std,ORB,ORB_std,DRB,DRB_std,TRB,TRB_std,AST,AST_std,STL,STL_std,BLK,BLK_std,TOV,TOV_std,PF,PF_std,FG_opp,FG_opp_std,FGA_opp,FGA_opp_std,FG%_opp,FG%_opp_std,3P_opp,3P_opp_std,3PA_opp,3PA_opp_std,3P%_opp,3P%_opp_std,2P_opp,2P_opp_std,2PA_opp,2PA_opp_std,2P%_opp,2P%_opp_std,eFG%_opp,eFG%_opp_std,FT_opp,FT_opp_std,FTA_opp,FTA_opp_std,FT%_opp,FT%_opp_std,ORB_opp,ORB_opp_std,DRB_opp,DRB_opp_std,TRB_opp,TRB_opp_std,AST_opp,AST_opp_std,STL_opp,STL_opp_std,BLK_opp,BLK_opp_std,TOV_opp,TOV_opp_std,PF_opp,PF_opp_std,Spread,Spread_std
2014,michigan,0.7575757575757576,0.43519413988924455,74.03703703703704,7.127851556133011,65.74074074074075,7.573194593649126,0.0,0.0,25.555555555555557,3.5445877847928333,53.407407407407405,4.352357975054435,0.47692592592592575,0.0530050258327714,8.25925925925926,2.2970314051734855,20.666666666666668,5.067362323688749,0.3857037037037036,0.08974185834715671,17.0,3.3166247903554,32.785714285714285,4.786997379918222,0.5405,0.07881318746579483,0.5567037037037037,0.07009269402003147,14.666666666666666,2.731581677625339,19.22222222222222,4.079341324408346,0.7676296296296294,0.07518292980772254,7.222222222222222,2.516611478423583,21.566666666666666,3.829858495030074,29.11111111111111,4.440489693485248,14.137931034482758,3.38825848578624,5.037037037037037,1.870447940621577,2.375,1.87943024997368,9.148148148148149,1.5860862257990627,14.407407407407407,1.8658728470829629,24.733333333333334,2.9235468932072233,54.357142857142854,4.555942685835036,0.4468148148148148,0.044711930121128694,5.233333333333333,1.9596504497122622,18.137931034482758,3.0790088610626736,0.3222592592592592,0.0887418869932486,18.5,2.6597131563524052,36.392857142857146,5.328743064316636,0.5109259259259259,0.06435713212877385,0.4966296296296296,0.051588719807686756,11.11111111111111,2.8599802760661093,15.464285714285714,3.1679195516480982,0.7286666666666667,0.08878539380915171,8.37037037037037,2.436077366274095,20.428571428571427,2.6024001945294217,28.892857142857142,4.121661708352013,11.793103448275861,3.0750065080631193,4.925925925925926,1.491667263524686,2.4074074074074074,0.9710921393049906,10.862068965517242,2.545642466353526,17.11111111111111,2.2245714078711765,7.888888888888889,11.496933816435023
