Year,Team,Rslt,Rslt_std,Tm,Tm_std,Opp_score,Opp_score_std,OT,OT_std,FG,FG_std,FGA,FGA_std,FG%,FG%_std,3P,3P_std,3PA,3PA_std,3P%,3P%_std,2P,2P_std,2PA,2PA_std,2P%,2P%_std,eFG%,eFG%_std,FT,FT_std,FTA,FTA_std,FT%,FT%_std,ORB,ORB_std,DRB,DRB_std,TRB,TRB_std,AST,AST_std,STL,STL_std,BLK,BLK_std,TOV,TOV_std,PF,PF_std,FG_opp,FG_opp_std,FGA_opp,FGA_opp_std,FG%_opp,FG%_opp_std,3P_opp,3P_opp_std,3PA_opp,3PA_opp_std,3P%_opp,3P%_opp_std,2P_opp,2P_opp_std,2PA_opp,2PA_opp_std,2P%_opp,2P%_opp_std,eFG%_opp,eFG%_opp_std,FT_opp,FT_opp_std,FTA_opp,FTA_opp_std,FT%_opp,FT%_opp_std,ORB_opp,ORB_opp_std,DRB_opp,DRB_opp_std,TRB_opp,TRB_opp_std,AST_opp,AST_opp_std,STL_opp,STL_opp_std,BLK_opp,BLK_opp_std,TOV_opp,TOV_opp_std,PF_opp,PF_opp_std,Spread,Spread_std
2014,george-washington,0.75,0.43994134506405985,73.25925925925925,8.202216363663743,66.53846153846153,7.33883243700669,0.0,0.0,24.714285714285715,3.1488639086730816,55.06896551724138,4.415322625995253,0.4659999999999999,0.052786361875014655,5.592592592592593,1.9267201956305726,15.185185185185185,3.186957037158668,0.3618965517241379,0.1015337188283444,19.535714285714285,3.2487278747584885,39.11538461538461,4.121426190792921,0.49938461538461554,0.0740708185039571,0.5183461538461538,0.06049458971358831,16.846153846153847,4.124970862367952,26.0,4.2895221179054435,0.6393333333333335,0.07370784323154593,10.5,1.5811388300841898,23.884615384615383,3.0374584517576277,34.61538461538461,3.4185016960876076,13.535714285714286,3.084995262102645,7.1,2.440322194668791,3.689655172413793,1.9475891374404053,13.0,3.693623849670827,18.107142857142858,2.3779743280283547,23.76923076923077,2.2681744607977987,57.23076923076923,3.755611186560103,0.4145185185185185,0.04898301932645825,6.222222222222222,2.0254787341673333,20.59259259259259,4.12552336315564,0.30423076923076925,0.07342495907649262,17.607142857142858,2.9481857034113275,36.888888888888886,4.135524646591302,0.47215384615384615,0.053348433759721425,0.4710384615384615,0.05318833012549334,12.678571428571429,3.963290546713924,19.185185185185187,4.224808025106331,0.6708846153846152,0.1223115127608442,10.10344827586207,2.8951292542846474,20.93103448275862,3.5449262986773347,30.615384615384617,3.0209524733358264,12.074074074074074,2.9078927861667214,6.7,3.086678831186775,3.2962962962962963,1.137298242963249,12.517241379310345,3.1009294649827215,21.884615384615383,2.0654669801654655,6.346153846153846,9.10359185241653
