Year,Team,Rslt,Rslt_std,Tm,Tm_std,Opp_score,Opp_score_std,OT,OT_std,FG,FG_std,FGA,FGA_std,FG%,FG%_std,3P,3P_std,3PA,3PA_std,3P%,3P%_std,2P,2P_std,2PA,2PA_std,2P%,2P%_std,eFG%,eFG%_std,FT,FT_std,FTA,FTA_std,FT%,FT%_std,ORB,ORB_std,DRB,DRB_std,TRB,TRB_std,AST,AST_std,STL,STL_std,BLK,BLK_std,TOV,TOV_std,PF,PF_std,FG_opp,FG_opp_std,FGA_opp,FGA_opp_std,FG%_opp,FG%_opp_std,3P_opp,3P_opp_std,3PA_opp,3PA_opp_std,3P%_opp,3P%_opp_std,2P_opp,2P_opp_std,2PA_opp,2PA_opp_std,2P%_opp,2P%_opp_std,eFG%_opp,eFG%_opp_std,FT_opp,FT_opp_std,FTA_opp,FTA_opp_std,FT%_opp,FT%_opp_std,ORB_opp,ORB_opp_std,DRB_opp,DRB_opp_std,TRB_opp,TRB_opp_std,AST_opp,AST_opp_std,STL_opp,STL_opp_std,BLK_opp,BLK_opp_std,TOV_opp,TOV_opp_std,PF_opp,PF_opp_std,Spread,Spread_std
2014,dayton,0.696969696969697,0.46669372215943755,73.0,8.670939117834076,68.07407407407408,9.084754456382601,0.0,0.0,25.551724137931036,3.2578060857900732,54.67857142857143,4.891819107437865,0.4705555555555555,0.043925928328120506,6.310344827586207,1.8146910062806456,17.22222222222222,3.4343662872314296,0.38559259259259265,0.06825983122162374,19.14814814814815,2.6990554430949145,37.407407407407405,4.525647078759178,0.5122962962962962,0.0715029933826414,0.5311851851851853,0.04287014115732538,15.555555555555555,4.03192389020555,22.85185185185185,4.9201602827527084,0.6708620689655171,0.10020611762688053,10.03448275862069,3.178979605164095,22.566666666666666,4.082623677484127,32.96666666666667,4.254679641356645,12.75,2.619372274250285,5.5,1.5986105077709065,2.3,1.368361718663398,11.642857142857142,2.512403095080348,19.733333333333334,3.590536731881252,22.666666666666668,3.906964015203103,51.82142857142857,4.562760465856505,0.43459259259259264,0.049106837420887554,5.379310344827586,1.8976262070478678,16.928571428571427,4.429936638862753,0.3555172413793104,0.0856323623277585,17.392857142857142,3.4247388190686863,35.57142857142857,4.220133150686576,0.4844814814814817,0.06182317860726197,0.4887037037037037,0.04969662952107502,15.481481481481481,4.75855804250349,22.14814814814815,5.965952781626133,0.6938214285714287,0.0945582530904269,8.296296296296296,2.5391521118856675,19.4,2.5270945563139744,28.571428571428573,3.293411733531179,11.88888888888889,3.0170455917277916,4.6,1.7340405277052027,4.310344827586207,1.7748933222643886,12.407407407407407,2.5908011718869344,19.535714285714285,2.58889570133309,5.962962962962963,8.035888163451416
