Year,Team,Rslt,Rslt_std,Tm,Tm_std,Opp_score,Opp_score_std,OT,OT_std,FG,FG_std,FGA,FGA_std,FG%,FG%_std,3P,3P_std,3PA,3PA_std,3P%,3P%_std,2P,2P_std,2PA,2PA_std,2P%,2P%_std,eFG%,eFG%_std,FT,FT_std,FTA,FTA_std,FT%,FT%_std,ORB,ORB_std,DRB,DRB_std,TRB,TRB_std,AST,AST_std,STL,STL_std,BLK,BLK_std,TOV,TOV_std,PF,PF_std,FG_opp,FG_opp_std,FGA_opp,FGA_opp_std,FG%_opp,FG%_opp_std,3P_opp,3P_opp_std,3PA_opp,3PA_opp_std,3P%_opp,3P%_opp_std,2P_opp,2P_opp_std,2PA_opp,2PA_opp_std,2P%_opp,2P%_opp_std,eFG%_opp,eFG%_opp_std,FT_opp,FT_opp_std,FTA_opp,FTA_opp_std,FT%_opp,FT%_opp_std,ORB_opp,ORB_opp_std,DRB_opp,DRB_opp_std,TRB_opp,TRB_opp_std,AST_opp,AST_opp_std,STL_opp,STL_opp_std,BLK_opp,BLK_opp_std,TOV_opp,TOV_opp_std,PF_opp,PF_opp_std,Spread,Spread_std
2014,tennessee,0.6363636363636364,0.48850421045919723,71.66666666666667,8.987170342729172,61.964285714285715,7.724334528963897,0.0,0.0,24.892857142857142,3.3592248412976966,56.03448275862069,5.381733381280804,0.45259259259259255,0.05206302339048708,5.344827586206897,2.2721271039170934,17.428571428571427,3.655828136698902,0.33160714285714293,0.11476621624648253,18.482758620689655,3.042798167748754,38.2962962962963,3.9205063920838557,0.5004444444444444,0.05184617286768273,0.5052592592592593,0.061520223436995834,15.74074074074074,4.425386489793358,22.892857142857142,5.645970609822913,0.7095555555555556,0.08259927981308933,12.096774193548388,3.599581815615785,24.0,3.150543750835072,35.785714285714285,3.2926083643928625,12.185185185185185,2.9487551093905195,5.0,1.647508942095828,4.857142857142857,2.1031596285780174,10.793103448275861,3.2113560814355977,17.074074074074073,2.7305384919170166,22.25,2.9642936826564665,53.1,4.253598881920563,0.4106666666666668,0.0487860320489064,4.709677419354839,2.0525358037818613,14.964285714285714,2.5601235915933445,0.34903571428571434,0.09549267264612782,16.642857142857142,3.2227695211174168,38.592592592592595,3.9346513799168386,0.4359259259259259,0.06879899704430287,0.45833333333333326,0.05646373921512678,12.296296296296296,3.2911865386071377,17.814814814814813,4.332675821254086,0.691814814814815,0.07833460628171013,8.068965517241379,2.644820200245305,18.535714285714285,2.9997795333452837,26.285714285714285,3.4625738966003294,10.035714285714286,1.855565060331136,5.166666666666667,2.19848432637882,3.5,1.5028708160235107,10.931034482758621,2.1865013554397583,19.25925925925926,2.850001249562379,9.74074074074074,11.976234776848667
