Year,Team,Rslt,Rslt_std,Tm,Tm_std,Opp_score,Opp_score_std,OT,OT_std,FG,FG_std,FGA,FGA_std,FG%,FG%_std,3P,3P_std,3PA,3PA_std,3P%,3P%_std,2P,2P_std,2PA,2PA_std,2P%,2P%_std,eFG%,eFG%_std,FT,FT_std,FTA,FTA_std,FT%,FT%_std,ORB,ORB_std,DRB,DRB_std,TRB,TRB_std,AST,AST_std,STL,STL_std,BLK,BLK_std,TOV,TOV_std,PF,PF_std,FG_opp,FG_opp_std,FGA_opp,FGA_opp_std,FG%_opp,FG%_opp_std,3P_opp,3P_opp_std,3PA_opp,3PA_opp_std,3P%_opp,3P%_opp_std,2P_opp,2P_opp_std,2PA_opp,2PA_opp_std,2P%_opp,2P%_opp_std,eFG%_opp,eFG%_opp_std,FT_opp,FT_opp_std,FTA_opp,FTA_opp_std,FT%_opp,FT%_opp_std,ORB_opp,ORB_opp_std,DRB_opp,DRB_opp_std,TRB_opp,TRB_opp_std,AST_opp,AST_opp_std,STL_opp,STL_opp_std,BLK_opp,BLK_opp_std,TOV_opp,TOV_opp_std,PF_opp,PF_opp_std,Spread,Spread_std
2014,michigan-state,0.7647058823529411,0.4305615452020462,76.21428571428571,10.264491626953006,66.83333333333333,8.73393434801306,0.0,0.0,26.966666666666665,3.899454721680556,56.689655172413794,5.285448002878565,0.47296428571428567,0.05160568597932621,8.241379310344827,2.5164483533883493,20.428571428571427,4.031621045431757,0.394,0.08695550160432208,19.06896551724138,3.2942702907880026,36.82142857142857,4.243108324562107,0.5193571428571429,0.06868242229475553,0.5409285714285714,0.05844904623080693,12.551724137931034,4.500684129714946,18.5,6.368324391514267,0.705551724137931,0.08949604388977862,9.586206896551724,2.2283440581246223,23.733333333333334,3.7410429426632588,33.86666666666667,5.042805276576845,16.419354838709676,4.137424267571851,7.103448275862069,2.3806485848879637,4.533333333333333,1.591644851508443,11.033333333333333,2.6971675223608487,18.75,3.2159901418680676,21.714285714285715,2.1918560181345863,53.55172413793103,5.3558126427312045,0.40689285714285706,0.045767803081880595,6.571428571428571,1.9134721480532872,19.821428571428573,4.595114728173756,0.3341428571428571,0.08000727480150803,14.875,3.6256256412269843,34.17857142857143,4.092029935705383,0.4406071428571429,0.058155818336166565,0.47155172413793106,0.0530273421432597,15.551724137931034,5.117101627292486,20.24137931034483,7.2439885048313055,0.740241379310345,0.09478232775772293,7.607142857142857,1.8122890316921123,20.310344827586206,3.117960050553453,27.928571428571427,3.474015409980656,11.068965517241379,2.016557081526379,5.741935483870968,2.4354019782571674,2.8333333333333335,1.5104996509110151,12.366666666666667,2.772815490999435,17.5,3.4694433324435545,9.464285714285714,8.569896247512084
