Year,Team,Rslt,Rslt_std,Tm,Tm_std,Opp_score,Opp_score_std,OT,OT_std,FG,FG_std,FGA,FGA_std,FG%,FG%_std,3P,3P_std,3PA,3PA_std,3P%,3P%_std,2P,2P_std,2PA,2PA_std,2P%,2P%_std,eFG%,eFG%_std,FT,FT_std,FTA,FTA_std,FT%,FT%_std,ORB,ORB_std,DRB,DRB_std,TRB,TRB_std,AST,AST_std,STL,STL_std,BLK,BLK_std,TOV,TOV_std,PF,PF_std,FG_opp,FG_opp_std,FGA_opp,FGA_opp_std,FG%_opp,FG%_opp_std,3P_opp,3P_opp_std,3PA_opp,3PA_opp_std,3P%_opp,3P%_opp_std,2P_opp,2P_opp_std,2PA_opp,2PA_opp_std,2P%_opp,2P%_opp_std,eFG%_opp,eFG%_opp_std,FT_opp,FT_opp_std,FTA_opp,FTA_opp_std,FT%_opp,FT%_opp_std,ORB_opp,ORB_opp_std,DRB_opp,DRB_opp_std,TRB_opp,TRB_opp_std,AST_opp,AST_opp_std,STL_opp,STL_opp_std,BLK_opp,BLK_opp_std,TOV_opp,TOV_opp_std,PF_opp,PF_opp_std,Spread,Spread_std
2014,north-dakota-state,0.8064516129032258,0.4016096644512494,76.96153846153847,9.202090063592157,65.76923076923077,9.407689162839905,0.0,0.0,27.5,3.0099833886584824,53.23076923076923,4.624350266212042,0.51068,0.05175158612706152,5.576923076923077,2.0233255185081203,14.607142857142858,3.1191082024892918,0.36644000000000004,0.10269902628554957,22.08,2.6758176320519302,38.96,3.931496746363485,0.56344,0.05535497568722556,0.5637600000000001,0.06411596265101746,16.0,4.242640687119285,21.0,4.578209256903839,0.7435600000000002,0.06176911310139827,8.037037037037036,2.3774822086446097,22.72,3.385262175962151,30.84,4.412859994757746,11.8,2.4664414311581235,6.571428571428571,2.150427544545183,4.148148148148148,1.5860862257990629,9.444444444444445,3.2502465389724766,17.46153846153846,2.6264922498384684,21.92,2.998888683051329,51.44,4.042276586281547,0.42924,0.0543187199161885,6.32,1.9519221295943137,17.4,4.406434688800762,0.3886666666666667,0.08253763710248518,15.153846153846153,2.9757998278420237,33.53846153846154,4.6323278746718195,0.4573600000000001,0.05991096171263932,0.49163999999999997,0.06929338592775887,14.84,3.73809220503365,19.56,4.123913998456644,0.7479200000000001,0.076671333191313,7.62962962962963,2.0408924923283354,18.296296296296298,3.3376041016874876,25.76,3.608785575970583,11.357142857142858,2.9213680929303543,4.96,2.009975124224178,1.5862068965517242,1.3233410471581375,11.24,2.420055095791554,17.703703703703702,3.349107973255598,10.08,10.214042621149897
