Year,Team,Rslt,Rslt_std,Tm,Tm_std,Opp_score,Opp_score_std,OT,OT_std,FG,FG_std,FGA,FGA_std,FG%,FG%_std,3P,3P_std,3PA,3PA_std,3P%,3P%_std,2P,2P_std,2PA,2PA_std,2P%,2P%_std,eFG%,eFG%_std,FT,FT_std,FTA,FTA_std,FT%,FT%_std,ORB,ORB_std,DRB,DRB_std,TRB,TRB_std,AST,AST_std,STL,STL_std,BLK,BLK_std,TOV,TOV_std,PF,PF_std,FG_opp,FG_opp_std,FGA_opp,FGA_opp_std,FG%_opp,FG%_opp_std,3P_opp,3P_opp_std,3PA_opp,3PA_opp_std,3P%_opp,3P%_opp_std,2P_opp,2P_opp_std,2PA_opp,2PA_opp_std,2P%_opp,2P%_opp_std,eFG%_opp,eFG%_opp_std,FT_opp,FT_opp_std,FTA_opp,FTA_opp_std,FT%_opp,FT%_opp_std,ORB_opp,ORB_opp_std,DRB_opp,DRB_opp_std,TRB_opp,TRB_opp_std,AST_opp,AST_opp_std,STL_opp,STL_opp_std,BLK_opp,BLK_opp_std,TOV_opp,TOV_opp_std,PF_opp,PF_opp_std,Spread,Spread_std
2014,villanova,0.875,0.3360107525161235,78.07407407407408,8.579608767868534,65.57692307692308,8.971836275470377,0.125,0.3360107525161235,25.88888888888889,4.069902033722994,55.73076923076923,4.423190633989833,0.45557692307692305,0.051657466509245756,8.642857142857142,2.4375805508329242,24.724137931034484,4.2585758159619,0.35942307692307696,0.062412289223788664,16.576923076923077,3.7220755169456403,30.321428571428573,5.12115128425147,0.533923076923077,0.07663624368504662,0.5353076923076924,0.05833953666649692,17.48148148148148,4.335633840365305,24.62962962962963,4.8607386914727915,0.7030000000000002,0.06979283630860693,9.518518518518519,2.20785956859667,24.22222222222222,2.5012817227194253,33.96296296296296,4.441772701224673,15.576923076923077,2.9417420270727606,6.884615384615385,2.2329697369543204,4.0,1.9051586888313607,11.607142857142858,3.1545297908021412,19.642857142857142,3.291001037782855,22.115384615384617,3.0110054543547156,55.23076923076923,5.2177212827646695,0.4066296296296295,0.04708841777251693,6.1,2.868977950901439,17.142857142857142,4.648490680690411,0.330037037037037,0.09329501655479844,16.074074074074073,2.4167035069399474,37.407407407407405,6.277305027203824,0.43062962962962964,0.05976437590053649,0.45715384615384613,0.057323427886121624,14.807692307692308,4.195418746864067,21.153846153846153,4.805765767844353,0.6989615384615385,0.07937026182102754,7.961538461538462,2.8352180759972483,20.40740740740741,2.721131824178756,28.037037037037038,3.513506701961638,12.074074074074074,3.049917097560899,5.866666666666666,2.112905065565406,1.8620689655172413,1.2456821978060995,13.035714285714286,3.3827683475404715,20.346153846153847,3.058657322320468,14.148148148148149,9.159709869874968
