Year,Team,Rslt,Rslt_std,Tm,Tm_std,Opp_score,Opp_score_std,OT,OT_std,FG,FG_std,FGA,FGA_std,FG%,FG%_std,3P,3P_std,3PA,3PA_std,3P%,3P%_std,2P,2P_std,2PA,2PA_std,2P%,2P%_std,eFG%,eFG%_std,FT,FT_std,FTA,FTA_std,FT%,FT%_std,ORB,ORB_std,DRB,DRB_std,TRB,TRB_std,AST,AST_std,STL,STL_std,BLK,BLK_std,TOV,TOV_std,PF,PF_std,FG_opp,FG_opp_std,FGA_opp,FGA_opp_std,FG%_opp,FG%_opp_std,3P_opp,3P_opp_std,3PA_opp,3PA_opp_std,3P%_opp,3P%_opp_std,2P_opp,2P_opp_std,2PA_opp,2PA_opp_std,2P%_opp,2P%_opp_std,eFG%_opp,eFG%_opp_std,FT_opp,FT_opp_std,FTA_opp,FTA_opp_std,FT%_opp,FT%_opp_std,ORB_opp,ORB_opp_std,DRB_opp,DRB_opp_std,TRB_opp,TRB_opp_std,AST_opp,AST_opp_std,STL_opp,STL_opp_std,BLK_opp,BLK_opp_std,TOV_opp,TOV_opp_std,PF_opp,PF_opp_std,Spread,Spread_std
2015,new-mexico-state,0.696969696969697,0.46669372215943755,68.55555555555556,8.79830986100492,59.2962962962963,8.488973911061223,0.0,0.0,23.814814814814813,3.374531728620193,50.392857142857146,5.144859251678001,0.46885185185185196,0.044243820693015086,5.133333333333334,1.7759569219172369,13.074074074074074,2.673602092336881,0.3667407407407407,0.09038107042814825,19.037037037037038,3.2043417838623687,37.57142857142857,5.138298979440219,0.5004814814814814,0.04678376639092665,0.5144444444444446,0.04988936477796363,15.714285714285714,5.0468702649166115,21.964285714285715,5.686124390304048,0.6988148148148148,0.07919257785591012,10.7,3.302559091329652,21.482758620689655,2.8737816008971824,32.333333333333336,4.1137667560372115,11.785714285714286,3.1193202352690133,5.931034482758621,1.9627064856387653,3.5,1.4323840748664567,13.709677419354838,3.662363065809622,15.964285714285714,4.290231305662278,22.0,3.8200252083713524,52.111111111111114,4.069902033722994,0.4244814814814815,0.06281374810952577,3.4285714285714284,1.3991683092723182,12.464285714285714,2.5601235915933445,0.29170370370370374,0.0959317926023945,18.571428571428573,3.5005668475217346,39.285714285714285,4.5935312234194186,0.46251851851851844,0.06580938112362586,0.4592592592592592,0.06730561331750558,11.037037037037036,4.108916022893493,17.413793103448278,6.532978107698282,0.6914074074074072,0.08835603643096025,8.133333333333333,2.8735816091365525,16.821428571428573,2.931989230294144,25.444444444444443,3.7757661813743524,11.071428571428571,2.7477744722346755,5.1,2.656806483290639,1.935483870967742,1.6918527097232339,12.758620689655173,3.124273314523293,19.035714285714285,3.060890004401925,8.74074074074074,10.013808130594139
