Year,Team,Rslt,Rslt_std,Tm,Tm_std,Opp_score,Opp_score_std,OT,OT_std,FG,FG_std,FGA,FGA_std,FG%,FG%_std,3P,3P_std,3PA,3PA_std,3P%,3P%_std,2P,2P_std,2PA,2PA_std,2P%,2P%_std,eFG%,eFG%_std,FT,FT_std,FTA,FTA_std,FT%,FT%_std,ORB,ORB_std,DRB,DRB_std,TRB,TRB_std,AST,AST_std,STL,STL_std,BLK,BLK_std,TOV,TOV_std,PF,PF_std,FG_opp,FG_opp_std,FGA_opp,FGA_opp_std,FG%_opp,FG%_opp_std,3P_opp,3P_opp_std,3PA_opp,3PA_opp_std,3P%_opp,3P%_opp_std,2P_opp,2P_opp_std,2PA_opp,2PA_opp_std,2P%_opp,2P%_opp_std,eFG%_opp,eFG%_opp_std,FT_opp,FT_opp_std,FTA_opp,FTA_opp_std,FT%_opp,FT%_opp_std,ORB_opp,ORB_opp_std,DRB_opp,DRB_opp_std,TRB_opp,TRB_opp_std,AST_opp,AST_opp_std,STL_opp,STL_opp_std,BLK_opp,BLK_opp_std,TOV_opp,TOV_opp_std,PF_opp,PF_opp_std,Spread,Spread_std
2015,providence,0.6666666666666666,0.47871355387816905,70.44444444444444,5.982881562831726,65.25925925925925,6.436629508539343,0.0,0.0,24.785714285714285,2.166361394855829,56.0,5.0771820705759385,0.44633333333333336,0.05007225548375837,4.814814814814815,1.798226413335716,15.703703703703704,3.790827135384885,0.29962962962962963,0.07765166209927915,19.5,3.115589278406918,38.93103448275862,5.861076415537378,0.4988888888888888,0.0641202796033381,0.4872592592592593,0.052106099297928504,15.928571428571429,3.980773900457152,22.896551724137932,5.621037191951365,0.7077037037037036,0.056895190289361706,9.678571428571429,3.453967889239009,21.892857142857142,3.1779248495215158,32.58620689655172,5.335308542285001,14.285714285714286,2.208688950102952,7.142857142857143,2.383807811577872,4.592592592592593,1.4743775546952598,11.518518518518519,1.8265219232690137,18.310344827586206,2.4363826856906132,22.451612903225808,2.8733106303521416,53.206896551724135,3.629042675267991,0.4244444444444444,0.050030247261288255,6.586206896551724,2.0444566406908766,19.037037037037038,2.993344945059617,0.3277037037037037,0.06744502879257974,16.3125,3.1565344410317073,34.22222222222222,4.200122098347338,0.47944444444444445,0.061866688770995173,0.48140740740740745,0.05974513772250828,14.25,3.81638766568791,20.714285714285715,4.798588857826332,0.6763333333333333,0.07529735923451969,7.689655172413793,2.0018464383067887,20.703703703703702,3.098570573851692,28.5,4.307615994440028,11.785714285714286,2.2337005147105082,5.428571428571429,1.2889436222642408,2.793103448275862,1.5207918601088706,12.925925925925926,2.0925862894794514,19.48148148148148,2.4078456756446824,4.703703703703703,9.562807822354973
