Year,Team,Rslt,Rslt_std,Tm,Tm_std,Opp_score,Opp_score_std,OT,OT_std,FG,FG_std,FGA,FGA_std,FG%,FG%_std,3P,3P_std,3PA,3PA_std,3P%,3P%_std,2P,2P_std,2PA,2PA_std,2P%,2P%_std,eFG%,eFG%_std,FT,FT_std,FTA,FTA_std,FT%,FT%_std,ORB,ORB_std,DRB,DRB_std,TRB,TRB_std,AST,AST_std,STL,STL_std,BLK,BLK_std,TOV,TOV_std,PF,PF_std,FG_opp,FG_opp_std,FGA_opp,FGA_opp_std,FG%_opp,FG%_opp_std,3P_opp,3P_opp_std,3PA_opp,3PA_opp_std,3P%_opp,3P%_opp_std,2P_opp,2P_opp_std,2PA_opp,2PA_opp_std,2P%_opp,2P%_opp_std,eFG%_opp,eFG%_opp_std,FT_opp,FT_opp_std,FTA_opp,FTA_opp_std,FT%_opp,FT%_opp_std,ORB_opp,ORB_opp_std,DRB_opp,DRB_opp_std,TRB_opp,TRB_opp_std,AST_opp,AST_opp_std,STL_opp,STL_opp_std,BLK_opp,BLK_opp_std,TOV_opp,TOV_opp_std,PF_opp,PF_opp_std,Spread,Spread_std
2015,north-florida,0.6764705882352942,0.47485807993381707,75.46428571428571,7.7530502616575605,67.35714285714286,7.334415504568226,0.0,0.0,25.5,3.5118845842842465,54.892857142857146,4.605466041598554,0.4657142857142857,0.054835009864851,9.0,2.289405885889356,23.448275862068964,4.075941669431843,0.39521428571428574,0.0691934256900911,16.714285714285715,3.172300752370756,31.571428571428573,4.581998362582532,0.5238214285714285,0.07581852288655071,0.5468571428571427,0.06607331185647151,15.551724137931034,5.032652005344354,21.033333333333335,6.272453918596734,0.7284285714285713,0.08023042212852077,8.266666666666667,2.545223157120065,23.233333333333334,3.2976829204273357,31.724137931034484,3.663493178103359,13.793103448275861,2.730506367806261,6.129032258064516,2.2471008801545596,3.935483870967742,1.5041162160544144,12.275862068965518,2.6308139930466106,15.793103448275861,2.7173951595603407,24.533333333333335,3.05956198502823,58.214285714285715,4.103811623511713,0.43221428571428583,0.04501469483760555,4.857142857142857,1.4835963740378315,15.806451612903226,3.824651224523265,0.30871428571428566,0.0811837682840864,20.071428571428573,3.19639347029292,41.86206896551724,4.904255717020783,0.4741428571428571,0.05387414296694919,0.4758928571428571,0.05409890755774833,12.137931034482758,3.870438678819555,18.137931034482758,5.145900850823154,0.676344827586207,0.09577476399719922,9.10344827586207,2.30441854435912,21.25,2.823512391016236,31.466666666666665,4.125056600099323,11.89655172413793,3.5990557053820864,6.285714285714286,1.7182493859684491,2.6785714285714284,1.1239339452243238,11.870967741935484,2.9859887863583925,18.392857142857142,3.5625551142121217,8.0,11.336600836164186
