Year,Team,Rslt,Rslt_std,Tm,Tm_std,Opp_score,Opp_score_std,OT,OT_std,FG,FG_std,FGA,FGA_std,FG%,FG%_std,3P,3P_std,3PA,3PA_std,3P%,3P%_std,2P,2P_std,2PA,2PA_std,2P%,2P%_std,eFG%,eFG%_std,FT,FT_std,FTA,FTA_std,FT%,FT%_std,ORB,ORB_std,DRB,DRB_std,TRB,TRB_std,AST,AST_std,STL,STL_std,BLK,BLK_std,TOV,TOV_std,PF,PF_std,FG_opp,FG_opp_std,FGA_opp,FGA_opp_std,FG%_opp,FG%_opp_std,3P_opp,3P_opp_std,3PA_opp,3PA_opp_std,3P%_opp,3P%_opp_std,2P_opp,2P_opp_std,2PA_opp,2PA_opp_std,2P%_opp,2P%_opp_std,eFG%_opp,eFG%_opp_std,FT_opp,FT_opp_std,FTA_opp,FTA_opp_std,FT%_opp,FT%_opp_std,ORB_opp,ORB_opp_std,DRB_opp,DRB_opp_std,TRB_opp,TRB_opp_std,AST_opp,AST_opp_std,STL_opp,STL_opp_std,BLK_opp,BLK_opp_std,TOV_opp,TOV_opp_std,PF_opp,PF_opp_std,Spread,Spread_std
2015,dayton,0.7575757575757576,0.4351941398892446,67.75862068965517,7.904136224669212,60.851851851851855,7.091184688393066,0.0,0.0,22.62962962962963,2.5742534115313176,48.827586206896555,3.79914431641466,0.4612222222222223,0.05381187553614861,6.068965517241379,2.548543484350545,17.928571428571427,3.332539588034943,0.34562962962962956,0.08793710521125013,16.40740740740741,2.1707719162202905,30.703703703703702,3.7806675724595644,0.5221111111111111,0.04478266606051028,0.5271111111111111,0.07001941122801554,16.25925925925926,3.93790839242389,23.896551724137932,5.8452962016247785,0.6848888888888889,0.07044055504375157,6.137931034482759,1.6415179806472353,22.620689655172413,3.649009582881441,28.785714285714285,3.994043183589901,14.071428571428571,3.3657157229989476,6.766666666666667,2.4166567578076683,2.4642857142857144,1.1379690439434391,11.071428571428571,1.5617789341495933,16.29032258064516,3.3285987881499204,21.962962962962962,3.2043417838623687,52.370370370370374,5.38622279630132,0.4217407407407408,0.05853768844651254,5.571428571428571,1.8344152651674497,16.928571428571427,3.9527634161860257,0.3227407407407407,0.08754321684068284,16.51851851851852,2.966095210494902,35.2962962962963,5.383842028306084,0.4745555555555556,0.0683865333871951,0.4732962962962964,0.0649992987032078,10.964285714285714,3.2601084151154973,16.214285714285715,4.094776644359954,0.6787037037037037,0.10016594493247954,7.464285714285714,2.3957082438014004,21.517241379310345,3.2029081612895447,29.689655172413794,4.675952525390354,11.571428571428571,2.300218531141181,5.241379310344827,1.7455079574601344,3.4642857142857144,1.5748519708717803,13.296296296296296,2.6137920406774584,20.482758620689655,3.054512933527004,7.964285714285714,8.569896247512084
