Year,Team,Rslt,Rslt_std,Tm,Tm_std,Opp_score,Opp_score_std,OT,OT_std,FG,FG_std,FGA,FGA_std,FG%,FG%_std,3P,3P_std,3PA,3PA_std,3P%,3P%_std,2P,2P_std,2PA,2PA_std,2P%,2P%_std,eFG%,eFG%_std,FT,FT_std,FTA,FTA_std,FT%,FT%_std,ORB,ORB_std,DRB,DRB_std,TRB,TRB_std,AST,AST_std,STL,STL_std,BLK,BLK_std,TOV,TOV_std,PF,PF_std,FG_opp,FG_opp_std,FGA_opp,FGA_opp_std,FG%_opp,FG%_opp_std,3P_opp,3P_opp_std,3PA_opp,3PA_opp_std,3P%_opp,3P%_opp_std,2P_opp,2P_opp_std,2PA_opp,2PA_opp_std,2P%_opp,2P%_opp_std,eFG%_opp,eFG%_opp_std,FT_opp,FT_opp_std,FTA_opp,FTA_opp_std,FT%_opp,FT%_opp_std,ORB_opp,ORB_opp_std,DRB_opp,DRB_opp_std,TRB_opp,TRB_opp_std,AST_opp,AST_opp_std,STL_opp,STL_opp_std,BLK_opp,BLK_opp_std,TOV_opp,TOV_opp_std,PF_opp,PF_opp_std,Spread,Spread_std
2015,north-carolina,0.6857142857142857,0.47100821595360554,77.86206896551724,7.1099735680191545,67.96551724137932,8.604329303241519,0.0,0.0,28.896551724137932,3.5289094590883665,61.06896551724138,4.1051451556270795,0.4776551724137931,0.04653667974379302,4.875,1.7180258738522556,13.4,3.2863353450309964,0.3431034482758621,0.09706711405281333,23.862068965517242,3.870438678819555,47.06666666666667,4.2176422023598015,0.5116551724137931,0.0608565502179798,0.5192068965517241,0.05205243188386716,15.166666666666666,3.8781735243613675,20.966666666666665,6.30535258842579,0.7034137931034483,0.053863927262115995,12.0,2.6909811055347133,25.79310344827586,3.668196426669453,37.3448275862069,5.0728680396579655,17.586206896551722,3.2460662058571574,6.470588235294118,2.489192325107192,4.241379310344827,1.7658501071679955,12.133333333333333,3.3808113016658097,19.0,2.7516228977511745,23.096774193548388,3.4093483122113666,58.55172413793103,4.874028891529878,0.39241379310344826,0.05748696575335224,6.6875,2.038935522402837,21.433333333333334,3.8478236870257945,0.30010344827586205,0.07699273844590161,16.566666666666666,2.7628487713469467,37.3125,5.468015503671062,0.45534482758620676,0.06547315472884886,0.4468275862068966,0.06532122219436436,14.931034482758621,3.8259549179888097,21.4,5.190176397241501,0.6921034482758621,0.08449528508721918,9.5,3.298379957619738,18.586206896551722,3.223986456229421,27.966666666666665,5.5428321736948805,11.966666666666667,3.4087446706793774,6.466666666666667,2.1452969143162246,3.9696969696969697,1.991934494480938,12.096774193548388,2.7731430869403693,18.137931034482758,3.2920264919416002,8.689655172413794,12.13349392701242
