Year,Team,Rslt,Rslt_std,Tm,Tm_std,Opp_score,Opp_score_std,OT,OT_std,FG,FG_std,FGA,FGA_std,FG%,FG%_std,3P,3P_std,3PA,3PA_std,3P%,3P%_std,2P,2P_std,2PA,2PA_std,2P%,2P%_std,eFG%,eFG%_std,FT,FT_std,FTA,FTA_std,FT%,FT%_std,ORB,ORB_std,DRB,DRB_std,TRB,TRB_std,AST,AST_std,STL,STL_std,BLK,BLK_std,TOV,TOV_std,PF,PF_std,FG_opp,FG_opp_std,FGA_opp,FGA_opp_std,FG%_opp,FG%_opp_std,3P_opp,3P_opp_std,3PA_opp,3PA_opp_std,3P%_opp,3P%_opp_std,2P_opp,2P_opp_std,2PA_opp,2PA_opp_std,2P%_opp,2P%_opp_std,eFG%_opp,eFG%_opp_std,FT_opp,FT_opp_std,FTA_opp,FTA_opp_std,FT%_opp,FT%_opp_std,ORB_opp,ORB_opp_std,DRB_opp,DRB_opp_std,TRB_opp,TRB_opp_std,AST_opp,AST_opp_std,STL_opp,STL_opp_std,BLK_opp,BLK_opp_std,TOV_opp,TOV_opp_std,PF_opp,PF_opp_std,Spread,Spread_std
2015,xavier,0.6176470588235294,0.4932702180563817,73.07142857142857,7.634854634569363,67.8,10.276857160798153,0.11764705882352941,0.3270349700838643,25.551724137931036,3.7185462491270096,55.275862068965516,6.070399796931111,0.4722857142857143,0.052996056556898756,6.096774193548387,2.241351358885638,17.714285714285715,2.719710535484502,0.3587241379310346,0.08591478192776014,19.967741935483872,4.743303145613066,36.51724137931034,5.865277302269034,0.5320357142857142,0.0732572747710308,0.53075,0.062236481501042704,15.310344827586206,4.818887306925458,20.607142857142858,5.4319990571256325,0.7204285714285715,0.07356147772639565,8.107142857142858,2.0788046015507495,23.75,3.050500869620521,31.571428571428573,2.8858347714382973,15.866666666666667,2.9563879794535546,5.966666666666667,1.9910720268468325,2.5517241379310347,1.3518824678560455,11.892857142857142,2.3623479486916894,17.857142857142858,3.0877810049275736,24.0,2.9814239699997196,54.55172413793103,4.792749038887149,0.4364642857142857,0.04724050533086351,7.035714285714286,2.3957082438014004,19.964285714285715,3.3497611065416995,0.3453928571428571,0.08302982029488597,16.642857142857142,2.2805828643261794,34.827586206896555,4.899482228600731,0.4954642857142857,0.05665063965697982,0.5022142857142857,0.061865659200882904,12.517241379310345,4.800451538696069,18.25,5.392896562454479,0.6591785714285715,0.11012284506536782,8.266666666666667,2.1485092399203194,20.466666666666665,4.1166887709397715,28.79310344827586,4.7236434964731835,12.620689655172415,2.258536079338755,6.258064516129032,2.250447984076117,3.533333333333333,1.8332810859848758,13.0,2.5773740789526736,19.892857142857142,3.705244388543889,5.7,10.567190603059041
