Year,Team,Rslt,Rslt_std,Tm,Tm_std,Opp_score,Opp_score_std,OT,OT_std,FG,FG_std,FGA,FGA_std,FG%,FG%_std,3P,3P_std,3PA,3PA_std,3P%,3P%_std,2P,2P_std,2PA,2PA_std,2P%,2P%_std,eFG%,eFG%_std,FT,FT_std,FTA,FTA_std,FT%,FT%_std,ORB,ORB_std,DRB,DRB_std,TRB,TRB_std,AST,AST_std,STL,STL_std,BLK,BLK_std,TOV,TOV_std,PF,PF_std,FG_opp,FG_opp_std,FGA_opp,FGA_opp_std,FG%_opp,FG%_opp_std,3P_opp,3P_opp_std,3PA_opp,3PA_opp_std,3P%_opp,3P%_opp_std,2P_opp,2P_opp_std,2PA_opp,2PA_opp_std,2P%_opp,2P%_opp_std,eFG%_opp,eFG%_opp_std,FT_opp,FT_opp_std,FTA_opp,FTA_opp_std,FT%_opp,FT%_opp_std,ORB_opp,ORB_opp_std,DRB_opp,DRB_opp_std,TRB_opp,TRB_opp_std,AST_opp,AST_opp_std,STL_opp,STL_opp_std,BLK_opp,BLK_opp_std,TOV_opp,TOV_opp_std,PF_opp,PF_opp_std,Spread,Spread_std
2015,wichita-state,0.875,0.3360107525161235,69.23076923076923,6.958779733876866,55.84615384615385,6.745026657870569,0.0,0.0,24.346153846153847,2.8417221214229613,54.75,5.83492041901998,0.44630769230769235,0.04668941570057971,7.428571428571429,2.7274811528502703,19.25,4.502057142964594,0.36050000000000004,0.0894540105305514,17.25,3.417005403262618,35.0,4.931531202375181,0.4937307692307692,0.06001103744632828,0.5074230769230769,0.05393416214380126,13.384615384615385,3.9807227793648035,19.296296296296298,4.975438247530136,0.6766153846153848,0.085263392812192,10.153846153846153,2.921538056466938,21.88888888888889,3.250246538972477,31.74074074074074,4.494377620920409,13.923076923076923,2.6970068879864124,6.851851851851852,1.833527573237818,3.4482758620689653,1.8819861639189237,8.923076923076923,2.096150317569366,16.0,3.6742346141747673,19.03448275862069,3.099340466946034,48.464285714285715,4.558119681014862,0.3977307692307691,0.04749110038085678,5.0,2.4645636680909817,14.538461538461538,3.4897652554952088,0.32238461538461544,0.09320389559372587,14.518518518518519,2.343080982388037,33.57692307692308,4.031605902595906,0.4214444444444445,0.06675519762727401,0.4500769230769231,0.05950658657790621,12.192307692307692,3.805461662077081,17.76923076923077,5.186965913191968,0.6836923076923078,0.07078913432484918,6.269230769230769,1.9911341955316284,19.46153846153846,2.803294764818987,25.653846153846153,3.8672192354952695,8.517241379310345,2.230001435860723,4.074074074074074,1.3566340112409978,3.4074074074074074,1.646891226599593,12.846153846153847,2.3098451496549752,17.75862068965517,3.5822496165497646,13.26923076923077,7.96270151296753
