Year,Team,Rslt,Rslt_std,Tm,Tm_std,Opp_score,Opp_score_std,OT,OT_std,FG,FG_std,FGA,FGA_std,FG%,FG%_std,3P,3P_std,3PA,3PA_std,3P%,3P%_std,2P,2P_std,2PA,2PA_std,2P%,2P%_std,eFG%,eFG%_std,FT,FT_std,FTA,FTA_std,FT%,FT%_std,ORB,ORB_std,DRB,DRB_std,TRB,TRB_std,AST,AST_std,STL,STL_std,BLK,BLK_std,TOV,TOV_std,PF,PF_std,FG_opp,FG_opp_std,FGA_opp,FGA_opp_std,FG%_opp,FG%_opp_std,3P_opp,3P_opp_std,3PA_opp,3PA_opp_std,3P%_opp,3P%_opp_std,2P_opp,2P_opp_std,2PA_opp,2PA_opp_std,2P%_opp,2P%_opp_std,eFG%_opp,eFG%_opp_std,FT_opp,FT_opp_std,FTA_opp,FTA_opp_std,FT%_opp,FT%_opp_std,ORB_opp,ORB_opp_std,DRB_opp,DRB_opp_std,TRB_opp,TRB_opp_std,AST_opp,AST_opp_std,STL_opp,STL_opp_std,BLK_opp,BLK_opp_std,TOV_opp,TOV_opp_std,PF_opp,PF_opp_std,Spread,Spread_std
2015,georgia,0.65625,0.48255870443481425,68.53846153846153,6.807235969059801,63.92307692307692,7.126980156689519,0.0,0.0,22.807692307692307,2.49830711913857,51.96153846153846,6.47753514374577,0.43750000000000006,0.039543646771637034,5.333333333333333,1.8187062180825984,16.26923076923077,2.646623393045445,0.3364615384615385,0.1054306334114448,16.846153846153847,3.5064775224410916,34.57142857142857,5.82732116479536,0.4833846153846154,0.05689223280770542,0.4925769230769231,0.05324221864417228,17.0,3.1749015732775088,24.85185185185185,4.391457649220847,0.6799615384615384,0.061556140729731125,9.153846153846153,2.587544128200448,25.666666666666668,3.328201177351375,34.34615384615385,3.949099215692689,12.692307692307692,2.074015058175437,5.576923076923077,1.5276930823454538,4.703703703703703,1.917827593414663,12.0,3.2885885748774983,18.11111111111111,2.562050460881394,22.03846153846154,2.3234589599262425,57.607142857142854,5.30785082903433,0.38588461538461544,0.041462587399318844,6.269230769230769,1.6865987621883824,20.413793103448278,4.523882982723947,0.3151153846153846,0.05488775959944214,15.678571428571429,3.00682644843451,36.84615384615385,3.885277932836287,0.4345555555555556,0.06327372363441323,0.4472592592592593,0.05452634690791698,13.222222222222221,2.7221786146864813,19.703703703703702,4.295031251026405,0.7092962962962963,0.08525654263854514,8.620689655172415,2.5552997182808723,21.46153846153846,3.408586442861841,30.307692307692307,5.2670236815053775,10.233333333333333,3.103761159195941,5.962962962962963,1.652072858364524,3.7777777777777777,1.1547005383792515,10.518518518518519,2.375684037045887,20.185185185185187,2.689538665574123,3.1481481481481484,7.8725604460815655
