Year,Team,Rslt,Rslt_std,Tm,Tm_std,Opp_score,Opp_score_std,OT,OT_std,FG,FG_std,FGA,FGA_std,FG%,FG%_std,3P,3P_std,3PA,3PA_std,3P%,3P%_std,2P,2P_std,2PA,2PA_std,2P%,2P%_std,eFG%,eFG%_std,FT,FT_std,FTA,FTA_std,FT%,FT%_std,ORB,ORB_std,DRB,DRB_std,TRB,TRB_std,AST,AST_std,STL,STL_std,BLK,BLK_std,TOV,TOV_std,PF,PF_std,FG_opp,FG_opp_std,FGA_opp,FGA_opp_std,FG%_opp,FG%_opp_std,3P_opp,3P_opp_std,3PA_opp,3PA_opp_std,3P%_opp,3P%_opp_std,2P_opp,2P_opp_std,2PA_opp,2PA_opp_std,2P%_opp,2P%_opp_std,eFG%_opp,eFG%_opp_std,FT_opp,FT_opp_std,FTA_opp,FTA_opp_std,FT%_opp,FT%_opp_std,ORB_opp,ORB_opp_std,DRB_opp,DRB_opp_std,TRB_opp,TRB_opp_std,AST_opp,AST_opp_std,STL_opp,STL_opp_std,BLK_opp,BLK_opp_std,TOV_opp,TOV_opp_std,PF_opp,PF_opp_std,Spread,Spread_std
2015,purdue,0.6363636363636364,0.4885042104591972,69.66666666666667,8.494342008292707,64.62962962962963,9.865043756572412,0.0,0.0,23.964285714285715,2.9749838823982055,52.925925925925924,4.531309251503756,0.45085185185185184,0.04192732146107458,5.703703703703703,2.09054308024742,17.178571428571427,3.485988583187903,0.33000000000000007,0.07525444019611581,18.0,3.494894235064305,35.06896551724138,4.992358693062533,0.5089259259259259,0.06014464994809528,0.5042962962962964,0.0486919791332087,15.518518518518519,5.154313879358878,22.925925925925927,7.021537887243386,0.6768888888888889,0.07152586048380487,10.071428571428571,2.387134830379863,22.85185185185185,2.6990554430949145,33.03703703703704,4.274085430569477,15.133333333333333,3.2982057121320114,5.451612903225806,1.9465989088222455,5.344827586206897,2.125959650016325,12.586206896551724,1.93680962592961,19.413793103448278,2.8849020951363613,21.74074074074074,3.4484399214337333,55.32142857142857,4.730152072009802,0.3991851851851854,0.053512785702280845,5.793103448275862,1.9342645399078244,17.107142857142858,2.5580560575661346,0.3435555555555556,0.0903728743056035,16.0,2.988071523335984,38.58620689655172,5.415040175153105,0.4266666666666667,0.07353492106057243,0.4521851851851852,0.06274492749159828,14.482758620689655,5.138236840834832,20.607142857142858,5.958742632184558,0.6956296296296295,0.07937018823605486,8.233333333333333,2.387948670004176,18.285714285714285,1.997352745365222,26.925925925925927,3.185615819295878,11.466666666666667,3.6268475276065506,6.9,1.8818552841132146,3.1379310344827585,1.4072297490113201,11.068965517241379,2.9752675087743747,20.25925925925926,3.47067486889568,4.037037037037037,9.108244285267824
