Year,Team,Rslt,Rslt_std,Tm,Tm_std,Opp_score,Opp_score_std,OT,OT_std,FG,FG_std,FGA,FGA_std,FG%,FG%_std,3P,3P_std,3PA,3PA_std,3P%,3P%_std,2P,2P_std,2PA,2PA_std,2P%,2P%_std,eFG%,eFG%_std,FT,FT_std,FTA,FTA_std,FT%,FT%_std,ORB,ORB_std,DRB,DRB_std,TRB,TRB_std,AST,AST_std,STL,STL_std,BLK,BLK_std,TOV,TOV_std,PF,PF_std,FG_opp,FG_opp_std,FGA_opp,FGA_opp_std,FG%_opp,FG%_opp_std,3P_opp,3P_opp_std,3PA_opp,3PA_opp_std,3P%_opp,3P%_opp_std,2P_opp,2P_opp_std,2PA_opp,2PA_opp_std,2P%_opp,2P%_opp_std,eFG%_opp,eFG%_opp_std,FT_opp,FT_opp_std,FTA_opp,FTA_opp_std,FT%_opp,FT%_opp_std,ORB_opp,ORB_opp_std,DRB_opp,DRB_opp_std,TRB_opp,TRB_opp_std,AST_opp,AST_opp_std,STL_opp,STL_opp_std,BLK_opp,BLK_opp_std,TOV_opp,TOV_opp_std,PF_opp,PF_opp_std,Spread,Spread_std
2015,cincinnati,0.6875,0.47092907485988494,61.88461538461539,7.778570167206429,54.7037037037037,5.482944287759822,0.0,0.0,21.925925925925927,2.6006792888652694,49.30769230769231,3.9776297542051924,0.4567307692307692,0.05440996797816202,4.821428571428571,1.8064405645432993,14.535714285714286,2.847769014472269,0.3354615384615384,0.1088813044628804,17.178571428571427,3.055699852292693,34.53846153846154,5.077249406761651,0.5092692307692308,0.06497541546911889,0.509076923076923,0.060906435178508404,12.384615384615385,3.6119459915887226,17.785714285714285,4.946806997538864,0.6663333333333333,0.08718327291931106,9.444444444444445,1.9871381302561604,21.307692307692307,2.526170711083964,31.076923076923077,3.1231148159883833,11.357142857142858,2.5417154562061937,6.615384615384615,1.981452458716546,5.346153846153846,1.6233867731950435,12.0,2.557041559783794,14.76923076923077,2.5346825017377195,20.384615384615383,2.593482956595984,52.851851851851855,4.435032769835604,0.3911923076923078,0.05174013469697908,5.407407407407407,1.6700819707947838,16.962962962962962,3.3337606563699373,0.3226923076923077,0.08763596030432678,14.642857142857142,3.743777906857325,35.03846153846154,4.685985652822844,0.41303703703703715,0.06736324122105666,0.4458461538461538,0.05563286245210995,8.107142857142858,2.7533048924316086,13.423076923076923,3.276254897569198,0.6567307692307693,0.09755759640020154,8.703703703703704,2.1628829552388353,16.846153846153847,2.476970854770927,25.5,2.8738927014172364,10.923076923076923,2.741139572120718,5.576923076923077,1.8798526947200291,2.3448275862068964,1.696127144597478,11.461538461538462,3.5239837596761903,16.807692307692307,2.2981597989562133,7.538461538461538,8.668244432320858
