Year,Team,Rslt,Rslt_std,Tm,Tm_std,Opp_score,Opp_score_std,OT,OT_std,FG,FG_std,FGA,FGA_std,FG%,FG%_std,3P,3P_std,3PA,3PA_std,3P%,3P%_std,2P,2P_std,2PA,2PA_std,2P%,2P%_std,eFG%,eFG%_std,FT,FT_std,FTA,FTA_std,FT%,FT%_std,ORB,ORB_std,DRB,DRB_std,TRB,TRB_std,AST,AST_std,STL,STL_std,BLK,BLK_std,TOV,TOV_std,PF,PF_std,FG_opp,FG_opp_std,FGA_opp,FGA_opp_std,FG%_opp,FG%_opp_std,3P_opp,3P_opp_std,3PA_opp,3PA_opp_std,3P%_opp,3P%_opp_std,2P_opp,2P_opp_std,2PA_opp,2PA_opp_std,2P%_opp,2P%_opp_std,eFG%_opp,eFG%_opp_std,FT_opp,FT_opp_std,FTA_opp,FTA_opp_std,FT%_opp,FT%_opp_std,ORB_opp,ORB_opp_std,DRB_opp,DRB_opp_std,TRB_opp,TRB_opp_std,AST_opp,AST_opp_std,STL_opp,STL_opp_std,BLK_opp,BLK_opp_std,TOV_opp,TOV_opp_std,PF_opp,PF_opp_std,Spread,Spread_std
2015,louisville,0.75,0.43994134506405985,69.38461538461539,10.874104737685482,60.88461538461539,7.4904041176797564,0.0,0.0,24.384615384615383,4.418840780810488,56.57692307692308,5.52936218327631,0.4272692307692308,0.06366635387223471,5.518518518518518,1.6259995829872296,18.178571428571427,3.9726245772468904,0.307423076923077,0.08758272572918616,18.178571428571427,4.414232632683707,38.30769230769231,5.38716423190703,0.49026923076923085,0.06930602149441718,0.4778461538461538,0.06969975168259486,14.0,3.666060555964672,21.192307692307693,4.947882219853103,0.6783076923076923,0.08492338628706193,11.692307692307692,4.037516372912742,24.666666666666668,3.0884399845976507,35.142857142857146,5.8418305458977615,11.851851851851851,3.7693470532676083,8.307692307692308,2.963366069445093,5.428571428571429,2.2182504188289744,11.482758620689655,2.6808939028291667,17.5,2.9154759474226504,21.26923076923077,2.8221650172545516,54.53846153846154,4.08147786205702,0.39146153846153847,0.04829180532490436,5.035714285714286,1.8354965592579082,16.85185185185185,3.537749216051007,0.2934230769230769,0.08387236640368416,16.076923076923077,3.1358963876133013,36.92307692307692,5.090564423897035,0.43030769230769234,0.07157081485117756,0.43823076923076915,0.05404169330604488,12.892857142857142,4.507929521568474,17.821428571428573,6.371543050671544,0.6439259259259259,0.10060391716105369,9.76923076923077,2.874824409353619,22.678571428571427,3.781569059301251,32.333333333333336,4.906824133482173,11.807692307692308,2.482244641758435,6.037037037037037,1.8497709105866111,2.7241379310344827,1.6668308621910952,14.481481481481481,4.070252027448862,18.48148148148148,3.262495156145775,7.964285714285714,10.152475132830975
