Year,Team,Rslt,Rslt_std,Tm,Tm_std,Opp_score,Opp_score_std,OT,OT_std,FG,FG_std,FGA,FGA_std,FG%,FG%_std,3P,3P_std,3PA,3PA_std,3P%,3P%_std,2P,2P_std,2PA,2PA_std,2P%,2P%_std,eFG%,eFG%_std,FT,FT_std,FTA,FTA_std,FT%,FT%_std,ORB,ORB_std,DRB,DRB_std,TRB,TRB_std,AST,AST_std,STL,STL_std,BLK,BLK_std,TOV,TOV_std,PF,PF_std,FG_opp,FG_opp_std,FGA_opp,FGA_opp_std,FG%_opp,FG%_opp_std,3P_opp,3P_opp_std,3PA_opp,3PA_opp_std,3P%_opp,3P%_opp_std,2P_opp,2P_opp_std,2PA_opp,2PA_opp_std,2P%_opp,2P%_opp_std,eFG%_opp,eFG%_opp_std,FT_opp,FT_opp_std,FTA_opp,FTA_opp_std,FT%_opp,FT%_opp_std,ORB_opp,ORB_opp_std,DRB_opp,DRB_opp_std,TRB_opp,TRB_opp_std,AST_opp,AST_opp_std,STL_opp,STL_opp_std,BLK_opp,BLK_opp_std,TOV_opp,TOV_opp_std,PF_opp,PF_opp_std,Spread,Spread_std
2015,north-dakota-state,0.71875,0.45680340939917435,64.46153846153847,5.672606238622731,61.0,8.583705493549974,0.0,0.0,21.925925925925927,2.555927137608491,51.25925925925926,3.3694623240624537,0.43596153846153857,0.044355365645415,7.107142857142857,2.393498689959111,17.62962962962963,3.6071312717166273,0.3699230769230768,0.07845657299521722,15.137931034482758,2.9727829425717114,33.07142857142857,3.7310367085616996,0.4598846153846154,0.06570316700012378,0.5012307692307691,0.05923195603206613,12.62962962962963,3.6600562012094016,18.615384615384617,4.318119248718572,0.6855384615384614,0.09281690827396946,7.517241379310345,2.7725786045172103,23.884615384615383,2.7470263642990114,31.03846153846154,3.60533792292228,9.607142857142858,2.3466175139152434,4.555555555555555,1.671787006431081,3.466666666666667,1.775956921917237,9.107142857142858,2.249926512615315,14.892857142857142,2.766724038418343,21.142857142857142,3.0997525076150207,52.0,3.4641016151377544,0.4156923076923077,0.052135799010483555,6.310344827586207,2.522802413924728,17.555555555555557,2.693772495295446,0.3623846153846154,0.10232930251812603,15.384615384615385,1.981452458716546,35.370370370370374,4.516194348786531,0.44061538461538474,0.06456505365788952,0.4778846153846156,0.07025344229179205,11.346153846153847,3.9793698766745242,15.535714285714286,5.259785538911631,0.7306153846153844,0.11141744097692315,5.769230769230769,2.103476975061858,22.22222222222222,4.272752070552451,28.14814814814815,5.058912194592094,10.851851851851851,2.9961989215017044,4.233333333333333,1.6750364552560584,2.2962962962962963,0.9120903638942974,10.153846153846153,2.4444599844105883,17.0,2.6017745423519636,3.8076923076923075,8.01508193729412
