Year,Team,Rslt,Rslt_std,Tm,Tm_std,Opp_score,Opp_score_std,OT,OT_std,FG,FG_std,FGA,FGA_std,FG%,FG%_std,3P,3P_std,3PA,3PA_std,3P%,3P%_std,2P,2P_std,2PA,2PA_std,2P%,2P%_std,eFG%,eFG%_std,FT,FT_std,FTA,FTA_std,FT%,FT%_std,ORB,ORB_std,DRB,DRB_std,TRB,TRB_std,AST,AST_std,STL,STL_std,BLK,BLK_std,TOV,TOV_std,PF,PF_std,FG_opp,FG_opp_std,FGA_opp,FGA_opp_std,FG%_opp,FG%_opp_std,3P_opp,3P_opp_std,3PA_opp,3PA_opp_std,3P%_opp,3P%_opp_std,2P_opp,2P_opp_std,2PA_opp,2PA_opp_std,2P%_opp,2P%_opp_std,eFG%_opp,eFG%_opp_std,FT_opp,FT_opp_std,FTA_opp,FTA_opp_std,FT%_opp,FT%_opp_std,ORB_opp,ORB_opp_std,DRB_opp,DRB_opp_std,TRB_opp,TRB_opp_std,AST_opp,AST_opp_std,STL_opp,STL_opp_std,BLK_opp,BLK_opp_std,TOV_opp,TOV_opp_std,PF_opp,PF_opp_std,Spread,Spread_std
2015,georgia-state,0.7272727272727273,0.45226701686664544,71.21428571428571,9.382241471335888,61.392857142857146,11.994873243472984,0.0,0.0,25.88888888888889,2.9785558366085523,53.96296296296296,4.476274906329708,0.47933333333333333,0.05252398719413094,4.6,2.061134605519243,14.535714285714286,2.80848110863615,0.32260714285714276,0.09638977173558455,21.551724137931036,3.449494858428568,39.535714285714285,5.259785538911631,0.5438214285714285,0.053968477473860244,0.5240370370370371,0.06126078020139141,15.37037037037037,4.6916304214415705,21.074074074074073,5.283689896027105,0.716962962962963,0.10445112271793461,8.037037037037036,2.3284442062571356,21.88888888888889,3.662001694463891,29.96551724137931,4.0043080249427225,13.518518518518519,2.5475534322224704,8.962962962962964,2.4096198468363856,4.111111111111111,1.55250005161237,10.413793103448276,2.6392266369865456,18.214285714285715,2.0968608434575238,20.20689655172414,4.909024563748657,53.06896551724138,5.417768613439344,0.3798518518518519,0.07341855964458102,6.892857142857143,2.4089230068456016,21.90625,4.953717242246375,0.32010714285714276,0.07974697917683583,12.607142857142858,3.8426388089271435,31.1,5.208414941889379,0.42029629629629633,0.08979241650984823,0.44781481481481483,0.09040466165526449,14.178571428571429,3.151173460775236,20.555555555555557,3.8960861360456573,0.6961481481481483,0.06427447376064604,9.620689655172415,2.756988433358921,19.571428571428573,2.5881291888954654,29.703703703703702,3.9106837373338306,12.444444444444445,3.856396617542712,4.733333333333333,1.9286109586656035,2.129032258064516,1.7270772127860212,14.555555555555555,3.226492896359205,17.5,3.9457528454328434,8.777777777777779,9.896904462947894
