Year,Team,Rslt,Rslt_std,Tm,Tm_std,Opp_score,Opp_score_std,OT,OT_std,FG,FG_std,FGA,FGA_std,FG%,FG%_std,3P,3P_std,3PA,3PA_std,3P%,3P%_std,2P,2P_std,2PA,2PA_std,2P%,2P%_std,eFG%,eFG%_std,FT,FT_std,FTA,FTA_std,FT%,FT%_std,ORB,ORB_std,DRB,DRB_std,TRB,TRB_std,AST,AST_std,STL,STL_std,BLK,BLK_std,TOV,TOV_std,PF,PF_std,FG_opp,FG_opp_std,FGA_opp,FGA_opp_std,FG%_opp,FG%_opp_std,3P_opp,3P_opp_std,3PA_opp,3PA_opp_std,3P%_opp,3P%_opp_std,2P_opp,2P_opp_std,2PA_opp,2PA_opp_std,2P%_opp,2P%_opp_std,eFG%_opp,eFG%_opp_std,FT_opp,FT_opp_std,FTA_opp,FTA_opp_std,FT%_opp,FT%_opp_std,ORB_opp,ORB_opp_std,DRB_opp,DRB_opp_std,TRB_opp,TRB_opp_std,AST_opp,AST_opp_std,STL_opp,STL_opp_std,BLK_opp,BLK_opp_std,TOV_opp,TOV_opp_std,PF_opp,PF_opp_std,Spread,Spread_std
2015,duke,0.8787878787878788,0.33143398263980844,79.66666666666667,7.3902222304464305,64.81481481481481,8.598018720956935,0.0,0.0,28.25925925925926,2.9429523715086967,57.111111111111114,4.29967202088479,0.5019629629629629,0.05477750905778298,7.413793103448276,1.8995721582073297,19.333333333333332,3.385489397640829,0.3868888888888889,0.0802766051433002,21.11111111111111,2.8599802760661093,37.2962962962963,3.1232972569042725,0.5591111111111112,0.07272833186874464,0.5671481481481481,0.06340025703885271,16.071428571428573,4.008588662956461,22.17241379310345,5.444977800802453,0.6718999999999998,0.11075519758956437,11.125,3.517238652968474,23.93103448275862,2.658289386627082,35.0,3.4862366749614337,15.10344827586207,3.1774296393941586,7.3125,2.442070776496733,3.566666666666667,1.5465943304527225,10.821428571428571,2.4653685988189125,16.0,1.8126539343499315,24.678571428571427,3.289191856487406,57.642857142857146,3.093772546815388,0.43360714285714275,0.04735784911728861,4.892857142857143,2.2167591578746584,16.321428571428573,3.255235912581582,0.3024444444444445,0.10579418819769948,19.666666666666668,2.7595986330234,41.55172413793103,4.4847854455493,0.46948148148148156,0.04494044809126712,0.4723703703703703,0.05314070448285827,9.379310344827585,2.8083268163426354,14.172413793103448,3.4024042499096074,0.6952222222222223,0.09122387226924142,9.321428571428571,3.0435550780670146,19.5,3.024590575292489,28.59259259259259,3.0916669546386397,11.925925925925926,2.8137837367820078,5.133333333333334,2.096521475885848,3.0357142857142856,1.5270921982678656,12.241379310344827,2.339950738397729,19.571428571428573,2.6864346664177816,13.777777777777779,9.740215340114142
