Year,Team,Rslt,Rslt_std,Tm,Tm_std,Opp_score,Opp_score_std,OT,OT_std,FG,FG_std,FGA,FGA_std,FG%,FG%_std,3P,3P_std,3PA,3PA_std,3P%,3P%_std,2P,2P_std,2PA,2PA_std,2P%,2P%_std,eFG%,eFG%_std,FT,FT_std,FTA,FTA_std,FT%,FT%_std,ORB,ORB_std,DRB,DRB_std,TRB,TRB_std,AST,AST_std,STL,STL_std,BLK,BLK_std,TOV,TOV_std,PF,PF_std,FG_opp,FG_opp_std,FGA_opp,FGA_opp_std,FG%_opp,FG%_opp_std,3P_opp,3P_opp_std,3PA_opp,3PA_opp_std,3P%_opp,3P%_opp_std,2P_opp,2P_opp_std,2PA_opp,2PA_opp_std,2P%_opp,2P%_opp_std,eFG%_opp,eFG%_opp_std,FT_opp,FT_opp_std,FTA_opp,FTA_opp_std,FT%_opp,FT%_opp_std,ORB_opp,ORB_opp_std,DRB_opp,DRB_opp_std,TRB_opp,TRB_opp_std,AST_opp,AST_opp_std,STL_opp,STL_opp_std,BLK_opp,BLK_opp_std,TOV_opp,TOV_opp_std,PF_opp,PF_opp_std,Spread,Spread_std
2015,ohio-state,0.696969696969697,0.46669372215943755,76.32142857142857,10.866372086765772,62.370370370370374,6.552440227462814,0.0,0.0,27.703703703703702,4.195371211363733,56.77777777777778,3.7553380809940533,0.48907407407407416,0.07869215869739397,6.964285714285714,1.752926502381467,18.14814814814815,2.160906214882004,0.3705925925925926,0.0775897788962811,21.344827586206897,4.037996869638685,38.56666666666667,3.8208442227749413,0.5439999999999999,0.09012726045388862,0.5492962962962963,0.08738588814730586,13.481481481481481,4.362165749772701,19.703703703703702,5.355190256009834,0.6641785714285715,0.08439635483239019,10.0,2.253202848596432,22.413793103448278,4.960682854631654,32.10344827586207,5.320746641927823,15.785714285714286,4.193090814901412,7.535714285714286,1.9528164438810074,5.142857142857143,1.67142178807469,11.037037037037036,2.17470566499118,16.357142857142858,3.5612553520549017,21.96551724137931,2.8092037334026783,54.892857142857146,4.954154902064609,0.41140740740740744,0.0569920772221619,6.387096774193548,2.060378919112351,21.11111111111111,3.445547107760228,0.31885185185185194,0.06596601905159709,15.74074074074074,2.994772273255676,34.035714285714285,4.826486666818168,0.46637037037037055,0.07326828894714389,0.46860714285714283,0.06301283777824743,9.433333333333334,4.804332336069424,15.107142857142858,6.494095812603971,0.7026666666666667,0.0681519794847685,8.758620689655173,3.1013265872824842,20.37037037037037,2.775554665954844,29.178571428571427,5.106666459447134,12.518518518518519,2.592450138536462,4.888888888888889,1.7831116564834575,2.5555555555555554,1.6251232694862385,14.166666666666666,3.322684138623091,17.678571428571427,3.115713715615085,10.689655172413794,15.007387343466794
