Year,Team,Rslt,Rslt_std,Tm,Tm_std,Opp_score,Opp_score_std,OT,OT_std,FG,FG_std,FGA,FGA_std,FG%,FG%_std,3P,3P_std,3PA,3PA_std,3P%,3P%_std,2P,2P_std,2PA,2PA_std,2P%,2P%_std,eFG%,eFG%_std,FT,FT_std,FTA,FTA_std,FT%,FT%_std,ORB,ORB_std,DRB,DRB_std,TRB,TRB_std,AST,AST_std,STL,STL_std,BLK,BLK_std,TOV,TOV_std,PF,PF_std,FG_opp,FG_opp_std,FGA_opp,FGA_opp_std,FG%_opp,FG%_opp_std,3P_opp,3P_opp_std,3PA_opp,3PA_opp_std,3P%_opp,3P%_opp_std,2P_opp,2P_opp_std,2PA_opp,2PA_opp_std,2P%_opp,2P%_opp_std,eFG%_opp,eFG%_opp_std,FT_opp,FT_opp_std,FTA_opp,FTA_opp_std,FT%_opp,FT%_opp_std,ORB_opp,ORB_opp_std,DRB_opp,DRB_opp_std,TRB_opp,TRB_opp_std,AST_opp,AST_opp_std,STL_opp,STL_opp_std,BLK_opp,BLK_opp_std,TOV_opp,TOV_opp_std,PF_opp,PF_opp_std,Spread,Spread_std
2015,texas,0.6060606060606061,0.49619766344887317,67.67857142857143,7.774857728499775,60.18518518518518,8.810121089873489,0.0,0.0,23.448275862068964,3.960395064136835,54.111111111111114,5.879124302487791,0.44085185185185194,0.05456309241722884,6.178571428571429,1.6789231872789978,18.444444444444443,3.6724895489544265,0.3437777777777778,0.07634049904783041,17.6,3.4601175981610006,35.96296296296296,4.8236714510636265,0.4884074074074074,0.06611717992686532,0.4973703703703704,0.06357681492502905,13.482758620689655,4.563994879607528,19.555555555555557,6.36295367633456,0.7334444444444446,0.07343303246094536,10.620689655172415,3.2994998874661543,26.482758620689655,4.4047108682083,36.10344827586207,4.394353744020412,12.379310344827585,3.004922070577922,3.5172413793103448,1.7033724878934482,7.896551724137931,2.5682794071713637,11.862068965517242,2.773910827836428,16.185185185185187,3.7110752851538558,20.5,3.338884266959271,56.51851851851852,4.060791608791134,0.36759259259259264,0.055286845882500185,5.857142857142857,2.0676393000550832,17.310344827586206,4.089214457184569,0.33682142857142855,0.106292417614466,14.535714285714286,3.282751136844678,39.148148148148145,4.311912869318279,0.3760000000000001,0.059303002907493255,0.4193703703703702,0.06552811971157477,12.892857142857142,5.307850829034329,19.714285714285715,7.169157928015354,0.6737407407407405,0.10855788693049812,8.068965517241379,2.1032463764849436,17.785714285714285,3.6245780633842246,26.48148148148148,4.7098127544878245,9.925925925925926,2.5256518720752825,6.068965517241379,1.9073361094685852,2.888888888888889,1.3681355458414461,8.206896551724139,2.0420457240023437,18.178571428571427,3.6316874093392784,8.071428571428571,13.15978321173621
