Year,Team,Rslt,Rslt_std,Tm,Tm_std,Opp_score,Opp_score_std,OT,OT_std,FG,FG_std,FGA,FGA_std,FG%,FG%_std,3P,3P_std,3PA,3PA_std,3P%,3P%_std,2P,2P_std,2PA,2PA_std,2P%,2P%_std,eFG%,eFG%_std,FT,FT_std,FTA,FTA_std,FT%,FT%_std,ORB,ORB_std,DRB,DRB_std,TRB,TRB_std,AST,AST_std,STL,STL_std,BLK,BLK_std,TOV,TOV_std,PF,PF_std,FG_opp,FG_opp_std,FGA_opp,FGA_opp_std,FG%_opp,FG%_opp_std,3P_opp,3P_opp_std,3PA_opp,3PA_opp_std,3P%_opp,3P%_opp_std,2P_opp,2P_opp_std,2PA_opp,2PA_opp_std,2P%_opp,2P%_opp_std,eFG%_opp,eFG%_opp_std,FT_opp,FT_opp_std,FTA_opp,FTA_opp_std,FT%_opp,FT%_opp_std,ORB_opp,ORB_opp_std,DRB_opp,DRB_opp_std,TRB_opp,TRB_opp_std,AST_opp,AST_opp_std,STL_opp,STL_opp_std,BLK_opp,BLK_opp_std,TOV_opp,TOV_opp_std,PF_opp,PF_opp_std,Spread,Spread_std
2015,michigan-state,0.6764705882352942,0.47485807993381707,71.37931034482759,7.710909679072745,63.0,8.764406130184453,0.20588235294117646,0.41042563012190475,26.193548387096776,3.572294825820042,56.266666666666666,4.9614606673864685,0.47228571428571436,0.05048568344396491,7.620689655172414,2.484434300420007,19.214285714285715,3.059377119576526,0.3818214285714286,0.08984927855660756,18.4,3.7008852622228012,36.75,4.325848236237948,0.5134285714285716,0.0639527768901216,0.5402142857142859,0.06154814865757217,12.064516129032258,4.265641677957864,17.233333333333334,5.34133738472597,0.6266785714285713,0.0814084596438681,10.0,2.596293654566205,24.517241379310345,3.6116941973773824,34.58620689655172,4.3054553548733825,16.896551724137932,3.384257964523885,4.966666666666667,1.7515182248421006,4.67741935483871,2.0393969169698765,10.741935483870968,2.393988887964797,17.64516129032258,3.3321503277090625,21.464285714285715,3.0969775332200653,54.1875,4.525465579327437,0.4056785714285715,0.06291561283675412,5.964285714285714,1.8754188244751535,19.137931034482758,3.2920264919416002,0.3163571428571429,0.08531866813467691,14.866666666666667,2.991174758649452,34.74193548387097,4.739674685991884,0.4467857142857143,0.06976593519967832,0.4656428571428572,0.07731092313495445,13.724137931034482,4.250181103066903,19.607142857142858,5.086942512647861,0.70975,0.07415580444802236,6.8,1.5844067746592754,19.689655172413794,3.2304737409756186,26.448275862068964,3.5008795516938283,10.586206896551724,3.19058034778393,5.566666666666666,1.5013403972802926,2.5357142857142856,1.3738872361173378,10.5,2.776129779337439,18.142857142857142,2.648749330509215,8.035714285714286,10.771987480762977
