Year,Team,Rslt,Rslt_std,Tm,Tm_std,Opp_score,Opp_score_std,OT,OT_std,FG,FG_std,FGA,FGA_std,FG%,FG%_std,3P,3P_std,3PA,3PA_std,3P%,3P%_std,2P,2P_std,2PA,2PA_std,2P%,2P%_std,eFG%,eFG%_std,FT,FT_std,FTA,FTA_std,FT%,FT%_std,ORB,ORB_std,DRB,DRB_std,TRB,TRB_std,AST,AST_std,STL,STL_std,BLK,BLK_std,TOV,TOV_std,PF,PF_std,FG_opp,FG_opp_std,FGA_opp,FGA_opp_std,FG%_opp,FG%_opp_std,3P_opp,3P_opp_std,3PA_opp,3PA_opp_std,3P%_opp,3P%_opp_std,2P_opp,2P_opp_std,2PA_opp,2PA_opp_std,2P%_opp,2P%_opp_std,eFG%_opp,eFG%_opp_std,FT_opp,FT_opp_std,FTA_opp,FTA_opp_std,FT%_opp,FT%_opp_std,ORB_opp,ORB_opp_std,DRB_opp,DRB_opp_std,TRB_opp,TRB_opp_std,AST_opp,AST_opp_std,STL_opp,STL_opp_std,BLK_opp,BLK_opp_std,TOV_opp,TOV_opp_std,PF_opp,PF_opp_std,Spread,Spread_std
2015,arizona,1.0,0.0,76.86206896551724,9.432936741360162,58.17857142857143,5.5381075215848705,0.0,0.0,26.642857142857142,4.5640648363808145,54.214285714285715,3.881171480815047,0.49064285714285727,0.06017826252413142,4.833333333333333,1.5331584108120329,14.379310344827585,2.920540472283564,0.3647586206896552,0.07285732396384328,20.933333333333334,4.306637486111597,40.142857142857146,4.248871621137788,0.529857142857143,0.06957421525659796,0.5380357142857142,0.06261137167027937,17.586206896551722,4.153460187252744,25.103448275862068,5.045116645870871,0.6873333333333332,0.1053743191030755,9.571428571428571,2.2014905965188327,25.586206896551722,2.8600354815395255,35.37931034482759,3.5194743225926737,13.827586206896552,3.3495091913084964,7.15625,2.080778002761033,3.225806451612903,1.4767007690423686,11.241379310344827,2.324637796883529,18.03448275862069,2.5840549339125576,20.03448275862069,2.2753768702080617,51.93103448275862,4.350131644007689,0.3905714285714285,0.03355970751144843,5.172413793103448,1.5134861724140958,15.620689655172415,3.8490610460163643,0.3281428571428572,0.07249915160970495,15.03448275862069,2.9578317181520664,34.724137931034484,4.9921120045537695,0.41393103448275864,0.045144158801462074,0.4419642857142857,0.03846160388679824,12.933333333333334,4.555658348527218,19.20689655172414,5.300803917094811,0.6883928571428573,0.08612236741585876,5.464285714285714,2.0089087300607478,18.928571428571427,2.679532455465725,24.96551724137931,4.507792923852533,9.642857142857142,2.1119463677653987,4.6,1.6733200530681513,2.096774193548387,1.6197703275398323,13.714285714285714,1.940926522874003,20.75862068965517,2.947822106643105,18.035714285714285,9.13877430332951
