Year,Team,Rslt,Rslt_std,Tm,Tm_std,Opp_score,Opp_score_std,OT,OT_std,FG,FG_std,FGA,FGA_std,FG%,FG%_std,3P,3P_std,3PA,3PA_std,3P%,3P%_std,2P,2P_std,2PA,2PA_std,2P%,2P%_std,eFG%,eFG%_std,FT,FT_std,FTA,FTA_std,FT%,FT%_std,ORB,ORB_std,DRB,DRB_std,TRB,TRB_std,AST,AST_std,STL,STL_std,BLK,BLK_std,TOV,TOV_std,PF,PF_std,FG_opp,FG_opp_std,FGA_opp,FGA_opp_std,FG%_opp,FG%_opp_std,3P_opp,3P_opp_std,3PA_opp,3PA_opp_std,3P%_opp,3P%_opp_std,2P_opp,2P_opp_std,2PA_opp,2PA_opp_std,2P%_opp,2P%_opp_std,eFG%_opp,eFG%_opp_std,FT_opp,FT_opp_std,FTA_opp,FTA_opp_std,FT%_opp,FT%_opp_std,ORB_opp,ORB_opp_std,DRB_opp,DRB_opp_std,TRB_opp,TRB_opp_std,AST_opp,AST_opp_std,STL_opp,STL_opp_std,BLK_opp,BLK_opp_std,TOV_opp,TOV_opp_std,PF_opp,PF_opp_std,Spread,Spread_std
2015,oklahoma-state,0.5806451612903226,0.501610310127101,67.0,7.14142842854285,62.48,7.1537868759606384,0.0,0.0,22.17241379310345,3.5261164950900037,52.30769230769231,5.28219068772971,0.44688,0.03991795752957975,6.5,2.2852182001336816,19.84,3.210399767422535,0.337962962962963,0.09951941499081454,15.703703703703704,2.1628829552388353,31.615384615384617,5.138691841914033,0.5080800000000001,0.06205368643360361,0.51544,0.05217045779621515,14.64,5.114358871517198,19.8,5.937171043518958,0.7263200000000001,0.0679458853304108,7.2,2.5,20.928571428571427,4.0178174601214955,28.8,4.627814458971607,11.25925925925926,3.3580281827812692,7.214285714285714,2.6155821228303733,4.866666666666666,2.4597915994335127,12.037037037037036,2.5340979502877197,19.04,3.0342489460600737,21.076923076923077,3.148626073995792,52.36,4.662617290749907,0.39856,0.051515434580327486,6.142857142857143,2.2724482753235913,16.72,3.234192325759246,0.3438888888888889,0.09173219103343641,14.555555555555555,3.366501646120692,35.80769230769231,4.010179355283061,0.4212800000000001,0.07632524702438462,0.45543999999999996,0.060573701664446214,14.346153846153847,3.8256221213528936,21.2,4.396968652757639,0.68404,0.06991392326759147,9.56,2.364318083507378,21.846153846153847,4.360663322865527,32.15384615384615,4.451447474180125,10.851851851851851,2.741472143879911,6.153846153846154,1.8263035386771322,2.7857142857142856,2.378252437418,13.653846153846153,2.3990382688453753,18.24,2.727636339397171,3.769230769230769,12.176395829005207
