Year,Team,Rslt,Rslt_std,Tm,Tm_std,Opp_score,Opp_score_std,OT,OT_std,FG,FG_std,FGA,FGA_std,FG%,FG%_std,3P,3P_std,3PA,3PA_std,3P%,3P%_std,2P,2P_std,2PA,2PA_std,2P%,2P%_std,eFG%,eFG%_std,FT,FT_std,FTA,FTA_std,FT%,FT%_std,ORB,ORB_std,DRB,DRB_std,TRB,TRB_std,AST,AST_std,STL,STL_std,BLK,BLK_std,TOV,TOV_std,PF,PF_std,FG_opp,FG_opp_std,FGA_opp,FGA_opp_std,FG%_opp,FG%_opp_std,3P_opp,3P_opp_std,3PA_opp,3PA_opp_std,3P%_opp,3P%_opp_std,2P_opp,2P_opp_std,2PA_opp,2PA_opp_std,2P%_opp,2P%_opp_std,eFG%_opp,eFG%_opp_std,FT_opp,FT_opp_std,FTA_opp,FTA_opp_std,FT%_opp,FT%_opp_std,ORB_opp,ORB_opp_std,DRB_opp,DRB_opp_std,TRB_opp,TRB_opp_std,AST_opp,AST_opp_std,STL_opp,STL_opp_std,BLK_opp,BLK_opp_std,TOV_opp,TOV_opp_std,PF_opp,PF_opp_std,Spread,Spread_std
2016,southern-california,0.6363636363636364,0.4885042104591972,80.29629629629629,9.670791928493578,75.4074074074074,9.479773038743957,0.0,0.0,28.75862068965517,3.747905819195122,63.392857142857146,6.063486869440142,0.459037037037037,0.034480185482145986,8.071428571428571,2.6656744185703,20.59259259259259,3.4669789471444763,0.38528571428571423,0.08490598597876628,21.037037037037038,2.6382027898010345,42.74074074074074,5.681228148591929,0.4933333333333334,0.048564786229720616,0.5212222222222221,0.04349388403807999,14.206896551724139,5.531593094894787,22.48148148148148,7.175655265550909,0.6721851851851852,0.08110204257934144,10.214285714285714,2.2337005147105082,25.85185185185185,4.276084691034578,35.851851851851855,5.6138818580078365,14.137931034482758,3.367111287683453,6.206896551724138,2.0420457240023437,5.310344827586207,2.237719634485423,11.571428571428571,2.2677868380553634,17.275862068965516,3.4005939788317856,27.333333333333332,2.511511956509924,64.46428571428571,5.871980818272377,0.4223333333333333,0.04578713289191123,7.620689655172414,1.9714714066882033,22.333333333333332,3.762159772503841,0.32822222222222225,0.07281500972344673,19.85185185185185,2.2820992984480775,42.7037037037037,6.0752639373801625,0.4694444444444444,0.06318734862012353,0.4786296296296297,0.04969843531676298,12.962962962962964,4.4934266646828895,18.703703703703702,5.5179066182107,0.7092857142857144,0.0890276100090042,10.962962962962964,2.4726423344188126,23.5,3.458751648060751,35.13793103448276,4.172393437234065,13.857142857142858,3.27407646819324,5.444444444444445,1.9480430680228287,4.172413793103448,1.891125241702134,11.592592592592593,1.9662392697982782,20.035714285714285,3.2940141318047043,5.518518518518518,11.067521334518785
