Year,Team,Rslt,Rslt_std,Tm,Tm_std,Opp_score,Opp_score_std,OT,OT_std,FG,FG_std,FGA,FGA_std,FG%,FG%_std,3P,3P_std,3PA,3PA_std,3P%,3P%_std,2P,2P_std,2PA,2PA_std,2P%,2P%_std,eFG%,eFG%_std,FT,FT_std,FTA,FTA_std,FT%,FT%_std,ORB,ORB_std,DRB,DRB_std,TRB,TRB_std,AST,AST_std,STL,STL_std,BLK,BLK_std,TOV,TOV_std,PF,PF_std,FG_opp,FG_opp_std,FGA_opp,FGA_opp_std,FG%_opp,FG%_opp_std,3P_opp,3P_opp_std,3PA_opp,3PA_opp_std,3P%_opp,3P%_opp_std,2P_opp,2P_opp_std,2PA_opp,2PA_opp_std,2P%_opp,2P%_opp_std,eFG%_opp,eFG%_opp_std,FT_opp,FT_opp_std,FTA_opp,FTA_opp_std,FT%_opp,FT%_opp_std,ORB_opp,ORB_opp_std,DRB_opp,DRB_opp_std,TRB_opp,TRB_opp_std,AST_opp,AST_opp_std,STL_opp,STL_opp_std,BLK_opp,BLK_opp_std,TOV_opp,TOV_opp_std,PF_opp,PF_opp_std,Spread,Spread_std
2016,xavier,0.84375,0.36890203262847354,82.44444444444444,6.835052941854124,70.76923076923077,7.700948992469394,0.0,0.0,27.46153846153846,2.403843076921108,59.84615384615385,4.16357834265006,0.4574615384615384,0.04940787853711654,7.576923076923077,1.701130845598349,20.846153846153847,2.3612252360553443,0.3612692307692307,0.061409808788047984,19.24137931034483,3.031444403648827,39.23076923076923,3.4445051001000686,0.5014615384615385,0.06595224379457049,0.5203076923076922,0.05599912087222029,19.666666666666668,5.0,27.0,5.395471352079548,0.7163703703703703,0.07669878554256061,10.846153846153847,2.4769708547709266,26.653846153846153,3.416926194020675,37.38461538461539,3.9301595191739795,16.185185185185187,3.1260325929330572,7.115384615384615,1.8182832139559135,2.8461538461538463,1.120439474217423,12.461538461538462,2.6567765315249114,19.962962962962962,2.954546450700129,24.346153846153847,3.058657322320468,59.964285714285715,5.897156520430421,0.4125384615384615,0.05014397732069587,7.655172413793103,2.3945751497464536,23.807692307692307,4.372818137258679,0.31684615384615394,0.08025842874499466,16.74074074074074,3.3234897390520173,35.142857142857146,6.3111558236734915,0.48676923076923084,0.06793250043524539,0.47526923076923067,0.05674402713400429,13.925925925925926,4.497229283133252,20.076923076923077,5.4105310417597785,0.6949615384615384,0.07142127457234618,8.074074074074074,2.6879492601370334,21.928571428571427,3.5686761880912834,30.53846153846154,4.456283377261991,12.964285714285714,3.371801835672971,6.038461538461538,1.280024038235821,3.310344827586207,1.3390681268239724,13.214285714285714,2.6577230975953956,23.821428571428573,3.266593779556148,10.37037037037037,8.293408634610186
