Year,Team,Rslt,Rslt_std,Tm,Tm_std,Opp_score,Opp_score_std,OT,OT_std,FG,FG_std,FGA,FGA_std,FG%,FG%_std,3P,3P_std,3PA,3PA_std,3P%,3P%_std,2P,2P_std,2PA,2PA_std,2P%,2P%_std,eFG%,eFG%_std,FT,FT_std,FTA,FTA_std,FT%,FT%_std,ORB,ORB_std,DRB,DRB_std,TRB,TRB_std,AST,AST_std,STL,STL_std,BLK,BLK_std,TOV,TOV_std,PF,PF_std,FG_opp,FG_opp_std,FGA_opp,FGA_opp_std,FG%_opp,FG%_opp_std,3P_opp,3P_opp_std,3PA_opp,3PA_opp_std,3P%_opp,3P%_opp_std,2P_opp,2P_opp_std,2PA_opp,2PA_opp_std,2P%_opp,2P%_opp_std,eFG%_opp,eFG%_opp_std,FT_opp,FT_opp_std,FTA_opp,FTA_opp_std,FT%_opp,FT%_opp_std,ORB_opp,ORB_opp_std,DRB_opp,DRB_opp_std,TRB_opp,TRB_opp_std,AST_opp,AST_opp_std,STL_opp,STL_opp_std,BLK_opp,BLK_opp_std,TOV_opp,TOV_opp_std,PF_opp,PF_opp_std,Spread,Spread_std
2016,tulsa,0.6451612903225806,0.48637345711392,74.42857142857143,8.71536986924089,69.96,9.239769116884542,0.0,0.0,25.444444444444443,3.4006032647315036,57.96153846153846,5.1496079014291505,0.44148,0.05200089742815342,6.642857142857143,1.9286204187389282,21.04,3.8781438859330635,0.3276,0.0674882705858334,18.52,2.365022903342235,37.26923076923077,4.191016032493241,0.50532,0.037186153336961326,0.50204,0.06347997059440613,15.72,3.3481338085566414,22.53846153846154,5.456964498552426,0.6836800000000001,0.07411967799894077,8.24,2.8763402673072833,23.384615384615383,4.364189941576082,31.48,4.0734915408447,13.6,2.48327740429189,6.407407407407407,1.6233692233523571,2.8518518518518516,1.292097391652684,10.222222222222221,2.577018750615843,17.64,3.067028964106252,23.703703703703702,3.6983864965769437,57.07692307692308,4.7237533968070515,0.4194,0.06006801700294981,8.0,2.23606797749979,20.576923076923077,3.3961516682630877,0.3746399999999999,0.09972624194931509,16.06896551724138,3.0581394259857535,36.12,4.558142896692321,0.44864000000000004,0.057086104555603846,0.48944000000000004,0.07400398637911339,13.846153846153847,4.904628896806018,18.653846153846153,6.131507532033588,0.7746428571428572,0.0976851382933261,9.148148148148149,2.878350271405529,24.92,2.6913441499245936,34.32,3.3506218328344164,12.192307692307692,2.8002747117985516,5.12,1.452583904633395,3.0689655172413794,1.4863914712858555,13.961538461538462,3.1302494370994687,20.16,3.19739477283199,4.76,8.39781717670332
