Year,Team,Rslt,Rslt_std,Tm,Tm_std,Opp_score,Opp_score_std,OT,OT_std,FG,FG_std,FGA,FGA_std,FG%,FG%_std,3P,3P_std,3PA,3PA_std,3P%,3P%_std,2P,2P_std,2PA,2PA_std,2P%,2P%_std,eFG%,eFG%_std,FT,FT_std,FTA,FTA_std,FT%,FT%_std,ORB,ORB_std,DRB,DRB_std,TRB,TRB_std,AST,AST_std,STL,STL_std,BLK,BLK_std,TOV,TOV_std,PF,PF_std,FG_opp,FG_opp_std,FGA_opp,FGA_opp_std,FG%_opp,FG%_opp_std,3P_opp,3P_opp_std,3PA_opp,3PA_opp_std,3P%_opp,3P%_opp_std,2P_opp,2P_opp_std,2PA_opp,2PA_opp_std,2P%_opp,2P%_opp_std,eFG%_opp,eFG%_opp_std,FT_opp,FT_opp_std,FTA_opp,FTA_opp_std,FT%_opp,FT%_opp_std,ORB_opp,ORB_opp_std,DRB_opp,DRB_opp_std,TRB_opp,TRB_opp_std,AST_opp,AST_opp_std,STL_opp,STL_opp_std,BLK_opp,BLK_opp_std,TOV_opp,TOV_opp_std,PF_opp,PF_opp_std,Spread,Spread_std
2016,providence,0.696969696969697,0.46669372215943755,74.27586206896552,8.417229573593753,69.66666666666667,4.97686957526825,0.0,0.0,25.11111111111111,3.1419412584889095,59.592592592592595,5.047918529600242,0.42488888888888887,0.05599061276632644,7.2,2.6832815729997477,22.11111111111111,3.9839421270639557,0.3224814814814814,0.08014379882454094,18.185185185185187,2.8828009488241313,37.285714285714285,5.227116922621047,0.4848518518518518,0.06934401627099912,0.484888888888889,0.063498233369328,16.40740740740741,4.59313249284909,22.59259259259259,5.638188874911321,0.7277777777777781,0.07800312288291528,10.0,2.385855756810896,23.571428571428573,4.1314383777061305,33.592592592592595,4.500079138272153,15.357142857142858,3.936667943496695,6.8,2.5515377378330517,3.5,1.6064386578049976,11.206896551724139,2.944478007884633,16.214285714285715,3.083494204297538,26.0,2.4343224778007384,58.785714285714285,3.5731212919792923,0.4398888888888888,0.03535135002680871,6.321428571428571,2.0194163335088504,19.20689655172414,3.6779197375770876,0.31046428571428575,0.07101355225007831,19.296296296296298,3.394733645548134,38.392857142857146,5.493021065250016,0.5038888888888887,0.058621558999118896,0.4966296296296297,0.03478742936989227,11.333333333333334,3.6899030631419865,15.464285714285714,4.9924546241907075,0.7178888888888889,0.08392869378839184,8.535714285714286,2.768635749849358,23.962962962962962,3.7568550829064615,32.86206896551724,5.591601725106747,12.931034482758621,3.150181791610929,5.892857142857143,1.8326116905841263,3.0357142857142856,1.6438920136009396,14.148148148148149,2.5069703398525256,20.689655172413794,3.013107653899898,4.857142857142857,8.889087299372925
