Year,Team,Rslt,Rslt_std,Tm,Tm_std,Opp_score,Opp_score_std,OT,OT_std,FG,FG_std,FGA,FGA_std,FG%,FG%_std,3P,3P_std,3PA,3PA_std,3P%,3P%_std,2P,2P_std,2PA,2PA_std,2P%,2P%_std,eFG%,eFG%_std,FT,FT_std,FTA,FTA_std,FT%,FT%_std,ORB,ORB_std,DRB,DRB_std,TRB,TRB_std,AST,AST_std,STL,STL_std,BLK,BLK_std,TOV,TOV_std,PF,PF_std,FG_opp,FG_opp_std,FGA_opp,FGA_opp_std,FG%_opp,FG%_opp_std,3P_opp,3P_opp_std,3PA_opp,3PA_opp_std,3P%_opp,3P%_opp_std,2P_opp,2P_opp_std,2PA_opp,2PA_opp_std,2P%_opp,2P%_opp_std,eFG%_opp,eFG%_opp_std,FT_opp,FT_opp_std,FTA_opp,FTA_opp_std,FT%_opp,FT%_opp_std,ORB_opp,ORB_opp_std,DRB_opp,DRB_opp_std,TRB_opp,TRB_opp_std,AST_opp,AST_opp_std,STL_opp,STL_opp_std,BLK_opp,BLK_opp_std,TOV_opp,TOV_opp_std,PF_opp,PF_opp_std,Spread,Spread_std
2016,pittsburgh,0.65625,0.48255870443481425,75.74074074074075,12.41151014363619,67.88461538461539,8.585228817344,0.0,0.0,26.884615384615383,4.357310391302626,58.44444444444444,5.315675898360458,0.46046153846153837,0.056973840150883824,6.862068965517241,2.642024898917961,18.535714285714285,3.5116962542353494,0.35535714285714287,0.11895726412384695,20.576923076923077,3.4313038562398046,39.74074074074074,4.434069086174532,0.5143461538461538,0.06192507880185042,0.5124615384615384,0.06627351251849008,15.296296296296296,4.729732589731725,20.333333333333332,5.844129204068485,0.7551923076923077,0.07899317399915981,10.464285714285714,2.645501322750992,23.96153846153846,3.778685160007584,35.0,5.824596632036069,16.51851851851852,4.414751237615602,4.642857142857143,1.6603053202991784,3.2142857142857144,1.685606668612177,10.962962962962964,1.9705813566536357,17.25925925925926,2.4587769409981144,24.384615384615383,3.980722779364804,56.111111111111114,5.645511037257377,0.4390769230769231,0.048527042421250506,7.0344827586206895,2.2117019726363556,18.214285714285715,4.271847053521141,0.3588461538461539,0.08040283194400173,17.785714285714285,3.8331607966692047,37.26923076923077,5.363265365858319,0.48369230769230775,0.04914937983801564,0.5031923076923077,0.0599660031889865,12.285714285714286,3.5886357962750797,18.0,4.5431266766402185,0.6729999999999999,0.09526342425086347,7.703703703703703,2.446580263501483,19.51851851851852,3.906310184721544,27.807692307692307,3.8886422388204425,13.076923076923077,2.464517428188763,5.407407407407407,1.8451445484184714,3.3666666666666667,1.7710961603468631,11.296296296296296,2.4932958541906367,18.153846153846153,2.9623275671985727,5.962962962962963,14.53770027702901
