Year,Team,Rslt,Rslt_std,Tm,Tm_std,Opp_score,Opp_score_std,OT,OT_std,FG,FG_std,FGA,FGA_std,FG%,FG%_std,3P,3P_std,3PA,3PA_std,3P%,3P%_std,2P,2P_std,2PA,2PA_std,2P%,2P%_std,eFG%,eFG%_std,FT,FT_std,FTA,FTA_std,FT%,FT%_std,ORB,ORB_std,DRB,DRB_std,TRB,TRB_std,AST,AST_std,STL,STL_std,BLK,BLK_std,TOV,TOV_std,PF,PF_std,FG_opp,FG_opp_std,FGA_opp,FGA_opp_std,FG%_opp,FG%_opp_std,3P_opp,3P_opp_std,3PA_opp,3PA_opp_std,3P%_opp,3P%_opp_std,2P_opp,2P_opp_std,2PA_opp,2PA_opp_std,2P%_opp,2P%_opp_std,eFG%_opp,eFG%_opp_std,FT_opp,FT_opp_std,FTA_opp,FTA_opp_std,FT%_opp,FT%_opp_std,ORB_opp,ORB_opp_std,DRB_opp,DRB_opp_std,TRB_opp,TRB_opp_std,AST_opp,AST_opp_std,STL_opp,STL_opp_std,BLK_opp,BLK_opp_std,TOV_opp,TOV_opp_std,PF_opp,PF_opp_std,Spread,Spread_std
2016,texas,0.625,0.4918693768379647,69.96153846153847,6.731898806314718,67.33333333333333,10.539303728279354,0.0,0.0,23.607142857142858,2.6852034299690333,57.07692307692308,5.24536425368593,0.432076923076923,0.03694852968866076,6.464285714285714,2.1340648547391443,19.962962962962962,4.484858984846694,0.3371153846153847,0.07271496512992462,17.423076923076923,2.2302121320282864,35.55555555555556,6.116392434291345,0.4937307692307692,0.06030294035438583,0.49588461538461537,0.05311747503266842,14.296296296296296,4.9053723673823235,21.884615384615383,6.147044317894076,0.6665384615384615,0.07333824692163335,9.25925925925926,3.1451133352771077,22.444444444444443,3.355057414771058,31.76923076923077,4.492729168847749,11.407407407407407,2.437830991479915,4.962962962962963,1.4801632311617494,3.8666666666666667,2.2702473408212036,10.464285714285714,2.755225914742717,20.653846153846153,2.5759240313690572,23.115384615384617,3.7237284871689886,55.92857142857143,6.175990377490653,0.41634615384615387,0.06609625847667465,5.925925925925926,2.4167035069399474,17.962962962962962,3.684494344614818,0.33869230769230774,0.09850675884659661,16.884615384615383,3.204083932445255,38.148148148148145,4.785424213200425,0.4608846153846154,0.07063955091764211,0.47046153846153843,0.07322034185619773,14.392857142857142,4.491467513327957,20.73076923076923,4.304023162648568,0.6938888888888889,0.10575200792177507,9.038461538461538,3.6274593779202458,22.962962962962962,3.4360250008211244,32.0,4.729732589731725,11.346153846153847,1.787563877287918,4.178571428571429,2.2616541214516785,3.037037037037037,1.6048359964490377,11.666666666666666,2.1838568563966754,19.428571428571427,3.625307868699863,2.5384615384615383,7.721299213115726
