Year,Team,Rslt,Rslt_std,Tm,Tm_std,Opp_score,Opp_score_std,OT,OT_std,FG,FG_std,FGA,FGA_std,FG%,FG%_std,3P,3P_std,3PA,3PA_std,3P%,3P%_std,2P,2P_std,2PA,2PA_std,2P%,2P%_std,eFG%,eFG%_std,FT,FT_std,FTA,FTA_std,FT%,FT%_std,ORB,ORB_std,DRB,DRB_std,TRB,TRB_std,AST,AST_std,STL,STL_std,BLK,BLK_std,TOV,TOV_std,PF,PF_std,FG_opp,FG_opp_std,FGA_opp,FGA_opp_std,FG%_opp,FG%_opp_std,3P_opp,3P_opp_std,3PA_opp,3PA_opp_std,3P%_opp,3P%_opp_std,2P_opp,2P_opp_std,2PA_opp,2PA_opp_std,2P%_opp,2P%_opp_std,eFG%_opp,eFG%_opp_std,FT_opp,FT_opp_std,FTA_opp,FTA_opp_std,FT%_opp,FT%_opp_std,ORB_opp,ORB_opp_std,DRB_opp,DRB_opp_std,TRB_opp,TRB_opp_std,AST_opp,AST_opp_std,STL_opp,STL_opp_std,BLK_opp,BLK_opp_std,TOV_opp,TOV_opp_std,PF_opp,PF_opp_std,Spread,Spread_std
2016,saint-josephs,0.7941176470588235,0.41042563012190475,77.75,6.13807184105285,68.82758620689656,8.489779424684894,0.0,0.0,26.666666666666668,2.8927177691496317,60.10344827586207,3.6969565435272655,0.4512142857142857,0.040423093090787295,7.096774193548387,2.4543137358492895,21.0,3.6839419880650364,0.32879310344827595,0.07748657916529104,20.17241379310345,3.163056450393256,39.03448275862069,3.620208741226017,0.5218928571428572,0.06185846406692924,0.5119642857142856,0.04995441043284488,15.857142857142858,3.8941008158522505,22.06896551724138,5.496304176982141,0.713,0.09233131336968747,8.071428571428571,1.942289054823399,26.033333333333335,4.895341440195153,34.357142857142854,4.506902407659757,14.9,3.122222903969056,5.258064516129032,1.825152814341562,3.033333333333333,1.2994251602637363,9.689655172413794,2.3161459409338683,15.35483870967742,2.576152002461219,25.8,3.517444213218377,62.25,4.334401577731007,0.4169310344827586,0.04918691103076883,7.566666666666666,2.2078751422302307,25.571428571428573,4.400577162723018,0.3033214285714285,0.059720369111154074,17.82758620689655,3.6749049114738175,35.833333333333336,5.571375941817019,0.49460714285714286,0.07553333298309026,0.4802758620689655,0.056405354705106374,10.0,3.3554819712314443,14.172413793103448,4.400235103436774,0.6657999999999998,0.08605226960079713,7.9655172413793105,1.841636667685444,23.29032258064516,3.407771005482389,32.035714285714285,4.086854652710438,12.620689655172415,2.7440037627974028,4.451612903225806,1.4796105270739177,2.6206896551724137,1.3993312970193064,11.379310344827585,2.194372560883997,20.0,3.5456210417116734,8.448275862068966,8.625486350248611
