Year,Team,Rslt,Rslt_std,Tm,Tm_std,Opp_score,Opp_score_std,OT,OT_std,FG,FG_std,FGA,FGA_std,FG%,FG%_std,3P,3P_std,3PA,3PA_std,3P%,3P%_std,2P,2P_std,2PA,2PA_std,2P%,2P%_std,eFG%,eFG%_std,FT,FT_std,FTA,FTA_std,FT%,FT%_std,ORB,ORB_std,DRB,DRB_std,TRB,TRB_std,AST,AST_std,STL,STL_std,BLK,BLK_std,TOV,TOV_std,PF,PF_std,FG_opp,FG_opp_std,FGA_opp,FGA_opp_std,FG%_opp,FG%_opp_std,3P_opp,3P_opp_std,3PA_opp,3PA_opp_std,3P%_opp,3P%_opp_std,2P_opp,2P_opp_std,2PA_opp,2PA_opp_std,2P%_opp,2P%_opp_std,eFG%_opp,eFG%_opp_std,FT_opp,FT_opp_std,FTA_opp,FTA_opp_std,FT%_opp,FT%_opp_std,ORB_opp,ORB_opp_std,DRB_opp,DRB_opp_std,TRB_opp,TRB_opp_std,AST_opp,AST_opp_std,STL_opp,STL_opp_std,BLK_opp,BLK_opp_std,TOV_opp,TOV_opp_std,PF_opp,PF_opp_std,Spread,Spread_std
2016,villanova,0.8529411764705882,0.35949062795357095,77.60714285714286,6.881748731860647,63.142857142857146,7.942918046281675,0.0,0.0,26.82758620689655,3.2411303750966862,56.48275862068966,4.3311223360296776,0.46399999999999997,0.047318072657283924,8.379310344827585,2.7955806080241348,25.0,5.245687884282703,0.33903571428571444,0.08064943899731734,18.033333333333335,3.2428524409881785,32.17857142857143,3.662154510855005,0.5615714285714285,0.07620412576146245,0.545,0.06277354951345764,14.892857142857142,4.254316202306353,18.4,5.53733410275353,0.7842857142857144,0.08035885124580226,8.285714285714286,2.719710535484502,25.0,2.956474376811127,33.55172413793103,4.725207530563768,16.142857142857142,3.9507550681440136,6.642857142857143,1.7891501337389775,3.515151515151515,1.9059317295159754,10.838709677419354,2.6720376019503465,17.258064516129032,2.8979043225002425,22.275862068965516,3.1723870206623586,55.93103448275862,4.139798429209176,0.39971428571428574,0.05004579913021682,7.172413793103448,1.4897019240976022,21.24137931034483,3.4502088178397994,0.3315714285714286,0.059306753454315846,14.966666666666667,3.3782604514988064,35.8,4.5364424767462435,0.43334482758620696,0.08169467366011997,0.46414285714285725,0.05630585410371827,11.10344827586207,3.8298156202001508,16.896551724137932,4.569657908313792,0.6544333333333334,0.09914624632793487,8.655172413793103,2.318802986594677,20.928571428571427,2.93040979852675,29.285714285714285,3.7599954970140774,12.785714285714286,2.7400614058696764,5.714285714285714,2.1405631459993377,1.90625,1.352640786304403,13.25,3.0261208514214046,19.066666666666666,3.7039897718386126,13.892857142857142,8.812193932543808
