Year,Team,Rslt,Rslt_std,Tm,Tm_std,Opp_score,Opp_score_std,OT,OT_std,FG,FG_std,FGA,FGA_std,FG%,FG%_std,3P,3P_std,3PA,3PA_std,3P%,3P%_std,2P,2P_std,2PA,2PA_std,2P%,2P%_std,eFG%,eFG%_std,FT,FT_std,FTA,FTA_std,FT%,FT%_std,ORB,ORB_std,DRB,DRB_std,TRB,TRB_std,AST,AST_std,STL,STL_std,BLK,BLK_std,TOV,TOV_std,PF,PF_std,FG_opp,FG_opp_std,FGA_opp,FGA_opp_std,FG%_opp,FG%_opp_std,3P_opp,3P_opp_std,3PA_opp,3PA_opp_std,3P%_opp,3P%_opp_std,2P_opp,2P_opp_std,2PA_opp,2PA_opp_std,2P%_opp,2P%_opp_std,eFG%_opp,eFG%_opp_std,FT_opp,FT_opp_std,FTA_opp,FTA_opp_std,FT%_opp,FT%_opp_std,ORB_opp,ORB_opp_std,DRB_opp,DRB_opp_std,TRB_opp,TRB_opp_std,AST_opp,AST_opp_std,STL_opp,STL_opp_std,BLK_opp,BLK_opp_std,TOV_opp,TOV_opp_std,PF_opp,PF_opp_std,Spread,Spread_std
2016,virginia-commonwealth,0.7058823529411765,0.4624972900628803,77.07142857142857,7.610560749421485,67.46428571428571,7.848010565823025,0.0,0.0,28.344827586206897,3.2762768728822738,63.0,4.884377427793931,0.4556785714285715,0.050730262406275047,7.483870967741935,2.378668643617482,20.178571428571427,3.944556224662517,0.3635517241379311,0.08365899584746936,20.689655172413794,3.576744811735366,41.89655172413793,5.665338393538421,0.5032857142857143,0.0652345381952304,0.5136785714285714,0.06518523666724758,13.678571428571429,2.8421897065541435,20.321428571428573,4.922010816342288,0.6978214285714285,0.0746021812666054,11.066666666666666,2.790789448727087,23.266666666666666,4.217642202359801,33.4,5.249630528871072,13.483870967741936,3.424139480628045,8.379310344827585,3.0869979997153068,4.066666666666666,1.6801751413906607,11.275862068965518,3.1723870206623586,19.625,3.562800638135226,23.4,3.682203238504791,55.07142857142857,4.561745697594706,0.4387142857142857,0.04849960453665206,5.133333333333334,1.978040363127335,16.266666666666666,3.9386093584107726,0.3387241379310345,0.09020488447011066,17.79310344827586,3.858009389983644,38.392857142857146,6.069592003582044,0.47903571428571423,0.057179044427946864,0.49431034482758623,0.057874311750474694,13.285714285714286,4.062996001466961,19.892857142857142,5.915073561511745,0.6713571428571428,0.0999671109936827,7.964285714285714,2.6031625048112206,23.321428571428573,3.27791229210133,31.689655172413794,4.343331903009996,12.3,2.890531510603734,5.741935483870968,1.7505759420922755,4.266666666666667,1.6386144974533723,14.75,3.50264450358847,18.333333333333332,3.3356313917471754,10.482758620689655,10.818703017246081
