Year,Team,Rslt,Rslt_std,Tm,Tm_std,Opp_score,Opp_score_std,OT,OT_std,FG,FG_std,FGA,FGA_std,FG%,FG%_std,3P,3P_std,3PA,3PA_std,3P%,3P%_std,2P,2P_std,2PA,2PA_std,2P%,2P%_std,eFG%,eFG%_std,FT,FT_std,FTA,FTA_std,FT%,FT%_std,ORB,ORB_std,DRB,DRB_std,TRB,TRB_std,AST,AST_std,STL,STL_std,BLK,BLK_std,TOV,TOV_std,PF,PF_std,FG_opp,FG_opp_std,FGA_opp,FGA_opp_std,FG%_opp,FG%_opp_std,3P_opp,3P_opp_std,3PA_opp,3PA_opp_std,3P%_opp,3P%_opp_std,2P_opp,2P_opp_std,2PA_opp,2PA_opp_std,2P%_opp,2P%_opp_std,eFG%_opp,eFG%_opp_std,FT_opp,FT_opp_std,FTA_opp,FTA_opp_std,FT%_opp,FT%_opp_std,ORB_opp,ORB_opp_std,DRB_opp,DRB_opp_std,TRB_opp,TRB_opp_std,AST_opp,AST_opp_std,STL_opp,STL_opp_std,BLK_opp,BLK_opp_std,TOV_opp,TOV_opp_std,PF_opp,PF_opp_std,Spread,Spread_std
2016,north-carolina,0.8235294117647058,0.3869529949759475,82.23333333333333,8.576967285474042,69.67857142857143,5.099408618062319,0.0,0.0,30.821428571428573,3.266593779556148,64.75,5.508411076943386,0.4837857142857144,0.04463710227457535,5.633333333333334,1.9205482933595908,16.896551724137932,3.5691618422477895,0.31049999999999994,0.09652882893112717,25.258064516129032,3.678475607598741,47.214285714285715,5.195134068473882,0.54225,0.05347178210497085,0.5259999999999999,0.052364817139698615,15.96774193548387,4.47574106316665,19.833333333333332,4.835809908512158,0.7471785714285716,0.08035479361645363,12.766666666666667,4.057205878462404,25.642857142857142,2.8830832995543703,38.724137931034484,5.6372267227026365,17.857142857142858,3.014953911745102,6.785714285714286,1.8329725474726453,4.633333333333334,1.731718965280638,10.909090909090908,2.389608183934612,17.678571428571427,2.3735201460273903,24.896551724137932,2.1102611142802563,60.54838709677419,4.8016574199430995,0.41078571428571425,0.027177546754978597,7.586206896551724,1.9182812504075164,21.413793103448278,4.515981473605792,0.3678928571428572,0.06783768169830878,16.93103448275862,2.658289386627082,38.44827586206897,6.27117103951858,0.43617857142857147,0.04110154865193405,0.4751428571428571,0.030860155643632238,12.071428571428571,3.915104382777339,17.428571428571427,4.581998362582532,0.70325,0.09524106840597238,9.333333333333334,3.437454283917531,19.535714285714285,1.8152061990235557,28.678571428571427,3.243838277794806,11.379310344827585,1.8976262070478676,5.655172413793103,1.6317357556769663,3.1,1.373392477244478,12.451612903225806,3.8715949312690188,17.96551724137931,2.471014231049522,11.931034482758621,9.391983795019629
