Year,Team,Rslt,Rslt_std,Tm,Tm_std,Opp_score,Opp_score_std,OT,OT_std,FG,FG_std,FGA,FGA_std,FG%,FG%_std,3P,3P_std,3PA,3PA_std,3P%,3P%_std,2P,2P_std,2PA,2PA_std,2P%,2P%_std,eFG%,eFG%_std,FT,FT_std,FTA,FTA_std,FT%,FT%_std,ORB,ORB_std,DRB,DRB_std,TRB,TRB_std,AST,AST_std,STL,STL_std,BLK,BLK_std,TOV,TOV_std,PF,PF_std,FG_opp,FG_opp_std,FGA_opp,FGA_opp_std,FG%_opp,FG%_opp_std,3P_opp,3P_opp_std,3PA_opp,3PA_opp_std,3P%_opp,3P%_opp_std,2P_opp,2P_opp_std,2PA_opp,2PA_opp_std,2P%_opp,2P%_opp_std,eFG%_opp,eFG%_opp_std,FT_opp,FT_opp_std,FTA_opp,FTA_opp_std,FT%_opp,FT%_opp_std,ORB_opp,ORB_opp_std,DRB_opp,DRB_opp_std,TRB_opp,TRB_opp_std,AST_opp,AST_opp_std,STL_opp,STL_opp_std,BLK_opp,BLK_opp_std,TOV_opp,TOV_opp_std,PF_opp,PF_opp_std,Spread,Spread_std
2016,vanderbilt,0.59375,0.49899091723584604,76.6923076923077,8.661497472235299,67.0,6.267375846396959,0.0,0.0,26.037037037037038,3.7568550829064615,57.148148148148145,4.997720278007561,0.46161538461538465,0.04151440899068846,8.310344827586206,2.172941526329526,22.037037037037038,4.3009970354065,0.3923076923076923,0.06594347229606232,18.285714285714285,3.5575391292415404,34.92307692307692,4.97130225935279,0.5092692307692308,0.06836054867673763,0.5373461538461539,0.053194693199748636,16.464285714285715,5.01466104505832,22.576923076923077,6.2748582576697425,0.6892307692307693,0.0686249562140816,8.214285714285714,1.8126539343499315,27.23076923076923,4.420929244470599,35.5,5.67978872846517,15.076923076923077,3.199038317033129,3.8275862068965516,1.9833047009841458,5.333333333333333,2.093947321356338,10.814814814814815,3.150543750835072,19.14814814814815,3.449678956118221,23.666666666666668,3.0634319618061348,61.5,4.159326868617084,0.39173076923076927,0.04865269381426496,5.310344827586207,1.9105617774410537,18.346153846153847,2.3484856004209638,0.29423076923076913,0.08347325688736851,18.25925925925926,3.1205595232092174,42.2962962962963,5.021605740848659,0.4340000000000001,0.05885167797098057,0.4362307692307693,0.053788703417954,13.321428571428571,5.207214165470763,21.03846153846154,5.45879671158961,0.6808461538461539,0.07447828800808586,10.0,2.3151673805580453,23.107142857142858,3.499622050644112,34.03846153846154,3.1557030181025496,10.25,2.6334739765536295,5.0344827586206895,1.8609283132867096,2.9615384615384617,1.3994504415882467,9.206896551724139,2.7435549194537936,20.11111111111111,3.6829475375170047,8.5,12.931357237351383
