Year,Team,Rslt,Rslt_std,Tm,Tm_std,Opp_score,Opp_score_std,OT,OT_std,FG,FG_std,FGA,FGA_std,FG%,FG%_std,3P,3P_std,3PA,3PA_std,3P%,3P%_std,2P,2P_std,2PA,2PA_std,2P%,2P%_std,eFG%,eFG%_std,FT,FT_std,FTA,FTA_std,FT%,FT%_std,ORB,ORB_std,DRB,DRB_std,TRB,TRB_std,AST,AST_std,STL,STL_std,BLK,BLK_std,TOV,TOV_std,PF,PF_std,FG_opp,FG_opp_std,FGA_opp,FGA_opp_std,FG%_opp,FG%_opp_std,3P_opp,3P_opp_std,3PA_opp,3PA_opp_std,3P%_opp,3P%_opp_std,2P_opp,2P_opp_std,2PA_opp,2PA_opp_std,2P%_opp,2P%_opp_std,eFG%_opp,eFG%_opp_std,FT_opp,FT_opp_std,FTA_opp,FTA_opp_std,FT%_opp,FT%_opp_std,ORB_opp,ORB_opp_std,DRB_opp,DRB_opp_std,TRB_opp,TRB_opp_std,AST_opp,AST_opp_std,STL_opp,STL_opp_std,BLK_opp,BLK_opp_std,TOV_opp,TOV_opp_std,PF_opp,PF_opp_std,Spread,Spread_std
2016,oregon-state,0.6129032258064516,0.4951376478541908,72.24,6.280127387243033,70.32,8.424765080799977,0.0,0.0,25.23076923076923,2.5029213700424915,57.44,4.000833246545858,0.44468,0.027593356688401162,7.037037037037037,1.6979961375665382,18.52,2.6,0.36346153846153845,0.06195174300645996,18.115384615384617,3.128282891004879,38.8,4.591659104651971,0.47896000000000016,0.060604922792349684,0.50532,0.032039975031201276,14.407407407407407,4.343512042817064,21.88888888888889,5.611343821864731,0.6700399999999999,0.0917353439702132,8.482758620689655,2.293168264575274,22.576923076923077,3.9311380227417803,30.807692307692307,4.0201415972000865,13.807692307692308,2.6835682330692583,7.37037037037037,2.3558135643249765,3.2222222222222223,1.339728254114167,10.5,1.8358568490953673,19.76923076923077,2.846860619105787,24.03846153846154,3.4348888684295944,55.52,5.058985405526817,0.42628000000000005,0.05879733554053846,7.5,1.8757714462371258,20.714285714285715,3.3868716348423176,0.33036,0.06385587939519222,16.46153846153846,2.7310184068331615,34.28,4.514052133800258,0.4934800000000001,0.06878112628718239,0.48827999999999994,0.06509833587222742,15.08,3.353108010985231,21.8,5.0,0.69336,0.0742893442336562,9.5,2.5179356624028344,23.192307692307693,3.046561744251782,33.03846153846154,4.312593365767463,13.74074074074074,2.6688025634181187,5.076923076923077,1.718675697694639,3.5555555555555554,1.8466879569262398,13.555555555555555,2.4072539946735567,18.74074074074074,3.229581928082864,2.8461538461538463,10.243797372819545
