Year,Team,Rslt,Rslt_std,Tm,Tm_std,Opp_score,Opp_score_std,OT,OT_std,FG,FG_std,FGA,FGA_std,FG%,FG%_std,3P,3P_std,3PA,3PA_std,3P%,3P%_std,2P,2P_std,2PA,2PA_std,2P%,2P%_std,eFG%,eFG%_std,FT,FT_std,FTA,FTA_std,FT%,FT%_std,ORB,ORB_std,DRB,DRB_std,TRB,TRB_std,AST,AST_std,STL,STL_std,BLK,BLK_std,TOV,TOV_std,PF,PF_std,FG_opp,FG_opp_std,FGA_opp,FGA_opp_std,FG%_opp,FG%_opp_std,3P_opp,3P_opp_std,3PA_opp,3PA_opp_std,3P%_opp,3P%_opp_std,2P_opp,2P_opp_std,2PA_opp,2PA_opp_std,2P%_opp,2P%_opp_std,eFG%_opp,eFG%_opp_std,FT_opp,FT_opp_std,FTA_opp,FTA_opp_std,FT%_opp,FT%_opp_std,ORB_opp,ORB_opp_std,DRB_opp,DRB_opp_std,TRB_opp,TRB_opp_std,AST_opp,AST_opp_std,STL_opp,STL_opp_std,BLK_opp,BLK_opp_std,TOV_opp,TOV_opp_std,PF_opp,PF_opp_std,Spread,Spread_std
2016,notre-dame,0.65625,0.48255870443481425,76.8076923076923,7.802662267555764,70.22222222222223,8.880979386970496,0.0,0.0,27.5,3.455430508634199,57.074074074074076,4.159566600259491,0.4734230769230769,0.0486153663583218,7.346153846153846,1.9787330834108514,19.85185185185185,3.1708249800534642,0.3762499999999999,0.08402804866806657,19.807692307692307,3.237520418706029,37.0,3.698648401781386,0.528,0.06151422599691879,0.5386538461538463,0.05739961136292984,13.25925925925926,4.248009421550762,18.107142857142858,5.108738234555217,0.7187692307692307,0.085807835396219,9.333333333333334,2.9980836791401333,23.5,4.159326868617084,32.76923076923077,4.140605678474513,13.555555555555555,3.3204880703958306,5.555555555555555,2.154303980645638,3.888888888888889,1.1208970766356097,9.518518518518519,2.5475534322224704,15.307692307692308,2.258658553553073,26.076923076923077,2.5911090586554155,59.333333333333336,4.9613893835683385,0.4301538461538462,0.05433576524367154,7.333333333333333,2.4400866764329803,20.0,3.269909431820351,0.37592857142857145,0.07921182504849404,18.40740740740741,2.990488244922548,39.285714285714285,4.053870056361259,0.45311538461538464,0.055263967952420445,0.49684615384615366,0.06509666185462495,11.37037037037037,3.628393882317928,16.035714285714285,4.977595305612443,0.710576923076923,0.08196690701834396,9.964285714285714,3.9297737457927133,20.85185185185185,2.397173073943295,31.0,4.85164524037584,13.481481481481481,2.1370427152847387,5.037037037037037,1.870447940621577,2.888888888888889,1.4500221041639685,9.222222222222221,2.6066974881776743,17.0,2.9612887007569473,5.6923076923076925,10.739717801764554
