Year,Team,Rslt,Rslt_std,Tm,Tm_std,Opp_score,Opp_score_std,OT,OT_std,FG,FG_std,FGA,FGA_std,FG%,FG%_std,3P,3P_std,3PA,3PA_std,3P%,3P%_std,2P,2P_std,2PA,2PA_std,2P%,2P%_std,eFG%,eFG%_std,FT,FT_std,FTA,FTA_std,FT%,FT%_std,ORB,ORB_std,DRB,DRB_std,TRB,TRB_std,AST,AST_std,STL,STL_std,BLK,BLK_std,TOV,TOV_std,PF,PF_std,FG_opp,FG_opp_std,FGA_opp,FGA_opp_std,FG%_opp,FG%_opp_std,3P_opp,3P_opp_std,3PA_opp,3PA_opp_std,3P%_opp,3P%_opp_std,2P_opp,2P_opp_std,2PA_opp,2PA_opp_std,2P%_opp,2P%_opp_std,eFG%_opp,eFG%_opp_std,FT_opp,FT_opp_std,FTA_opp,FTA_opp_std,FT%_opp,FT%_opp_std,ORB_opp,ORB_opp_std,DRB_opp,DRB_opp_std,TRB_opp,TRB_opp_std,AST_opp,AST_opp_std,STL_opp,STL_opp_std,BLK_opp,BLK_opp_std,TOV_opp,TOV_opp_std,PF_opp,PF_opp_std,Spread,Spread_std
2016,michigan,0.6470588235294118,0.48507125007266594,73.17857142857143,7.1442987963134135,68.79310344827586,9.619100456698595,0.0,0.0,25.857142857142858,3.1706324373711396,56.3448275862069,4.760521145458203,0.46553571428571444,0.06409684925685571,9.53125,2.8622614001136664,25.0,3.4426518632954815,0.38278571428571423,0.08565925482111048,16.82758620689655,3.048055182257807,31.2,4.596850496019924,0.5266785714285712,0.06156481292488583,0.5493928571428571,0.07976462563471041,11.233333333333333,4.2966172205852695,15.857142857142858,4.034244944860473,0.7256428571428571,0.0979138753401528,6.735294117647059,2.403391839695696,22.571428571428573,3.5634832254989917,29.586206896551722,4.29715222459937,14.133333333333333,3.857221917331207,5.586206896551724,1.7630582475450018,2.0606060606060606,1.3448836831533504,8.774193548387096,1.9614565577542091,15.428571428571429,2.485939295295479,25.066666666666666,3.8945880516370437,55.172413793103445,3.674904911473817,0.45028571428571423,0.05791171898473742,6.838709677419355,2.099154975913695,20.571428571428573,3.4364987719368982,0.3431785714285714,0.08009949996210897,18.137931034482758,3.0673876499513217,35.10344827586207,4.194765680380788,0.5220689655172412,0.09049898619577487,0.5116428571428572,0.06561515988206693,10.633333333333333,3.917100734078655,14.517241379310345,3.6705457910154022,0.7154137931034483,0.11475144482170997,6.931034482758621,2.120158930746847,22.379310344827587,4.312885950459956,29.857142857142858,4.874075682282104,12.966666666666667,3.5475424551743377,4.137931034482759,1.6844697752246314,2.8214285714285716,1.2781227967601092,11.233333333333333,2.896886953781335,16.25,2.5621894572444903,4.607142857142857,13.92131136254448
