Year,Team,Rslt,Rslt_std,Tm,Tm_std,Opp_score,Opp_score_std,OT,OT_std,FG,FG_std,FGA,FGA_std,FG%,FG%_std,3P,3P_std,3PA,3PA_std,3P%,3P%_std,2P,2P_std,2PA,2PA_std,2P%,2P%_std,eFG%,eFG%_std,FT,FT_std,FTA,FTA_std,FT%,FT%_std,ORB,ORB_std,DRB,DRB_std,TRB,TRB_std,AST,AST_std,STL,STL_std,BLK,BLK_std,TOV,TOV_std,PF,PF_std,FG_opp,FG_opp_std,FGA_opp,FGA_opp_std,FG%_opp,FG%_opp_std,3P_opp,3P_opp_std,3PA_opp,3PA_opp_std,3P%_opp,3P%_opp_std,2P_opp,2P_opp_std,2PA_opp,2PA_opp_std,2P%_opp,2P%_opp_std,eFG%_opp,eFG%_opp_std,FT_opp,FT_opp_std,FTA_opp,FTA_opp_std,FT%_opp,FT%_opp_std,ORB_opp,ORB_opp_std,DRB_opp,DRB_opp_std,TRB_opp,TRB_opp_std,AST_opp,AST_opp_std,STL_opp,STL_opp_std,BLK_opp,BLK_opp_std,TOV_opp,TOV_opp_std,PF_opp,PF_opp_std,Spread,Spread_std
2016,cincinnati,0.6875,0.47092907485988494,73.03703703703704,11.924381878776073,61.333333333333336,7.656068482934608,0.0,0.0,25.85185185185185,4.382690635668597,59.65384615384615,4.612524754988813,0.422576923076923,0.044089157920670766,7.814814814814815,1.6878989451394444,21.884615384615383,2.7903680485114943,0.3528461538461539,0.05822486912493135,17.76923076923077,3.723521906020614,37.88461538461539,4.283241044600905,0.469076923076923,0.06774949332765408,0.4883461538461539,0.04963784226389565,13.153846153846153,4.144319559998314,18.884615384615383,5.217868707255276,0.6977307692307693,0.06792911463713197,12.0,2.309401076758503,24.142857142857142,3.407119840637486,36.19230769230769,3.8680147959306543,15.107142857142858,3.5521437003202543,7.814814814814815,2.7321031211115487,5.5,1.575271875417536,10.464285714285714,1.9528164438810074,15.666666666666666,2.631174057921088,22.62962962962963,2.8031321512818224,57.34615384615385,5.1995561940789345,0.3905,0.04167421265003095,7.269230769230769,1.9505423308955343,20.115384615384617,3.547696977780634,0.356,0.06932358905884778,15.461538461538462,3.1013644639838023,37.96296296296296,6.003085626328934,0.4026538461538462,0.06704502505492399,0.453923076923077,0.04835363322599292,10.307692307692308,3.834258528260511,15.73076923076923,4.854339850547691,0.6755769230769231,0.10585317116720618,9.037037037037036,2.9283952218747,21.107142857142858,2.8328664414568285,30.615384615384617,3.9504624850963777,11.666666666666666,2.4337372337779035,5.111111111111111,1.6486202467362574,2.8666666666666667,2.012603963188903,12.37037037037037,3.670549614558353,16.96153846153846,2.763776680280362,7.7407407407407405,10.372272922751579
