Year,Team,Rslt,Rslt_std,Tm,Tm_std,Opp_score,Opp_score_std,OT,OT_std,FG,FG_std,FGA,FGA_std,FG%,FG%_std,3P,3P_std,3PA,3PA_std,3P%,3P%_std,2P,2P_std,2PA,2PA_std,2P%,2P%_std,eFG%,eFG%_std,FT,FT_std,FTA,FTA_std,FT%,FT%_std,ORB,ORB_std,DRB,DRB_std,TRB,TRB_std,AST,AST_std,STL,STL_std,BLK,BLK_std,TOV,TOV_std,PF,PF_std,FG_opp,FG_opp_std,FGA_opp,FGA_opp_std,FG%_opp,FG%_opp_std,3P_opp,3P_opp_std,3PA_opp,3PA_opp_std,3P%_opp,3P%_opp_std,2P_opp,2P_opp_std,2PA_opp,2PA_opp_std,2P%_opp,2P%_opp_std,eFG%_opp,eFG%_opp_std,FT_opp,FT_opp_std,FTA_opp,FTA_opp_std,FT%_opp,FT%_opp_std,ORB_opp,ORB_opp_std,DRB_opp,DRB_opp_std,TRB_opp,TRB_opp_std,AST_opp,AST_opp_std,STL_opp,STL_opp_std,BLK_opp,BLK_opp_std,TOV_opp,TOV_opp_std,PF_opp,PF_opp_std,Spread,Spread_std
2016,texas-tech,0.6129032258064516,0.4951376478541908,72.16,7.391887445030531,69.8,6.278269400612454,0.0,0.0,24.73076923076923,2.5386247033808256,54.76,5.717516943569123,0.4515199999999999,0.053816137604501754,5.892857142857143,1.8922705490198357,16.36,3.225936556516056,0.35248000000000007,0.08717947006033014,18.72,2.6064023736432818,38.53846153846154,5.805037600090247,0.50356,0.05442967940379587,0.5003199999999999,0.06560597025677872,17.03846153846154,4.711524332788863,23.52,5.083633870897208,0.7370399999999998,0.07886194688610386,8.56,2.083266665599966,22.6,3.24037034920393,31.74074074074074,5.07325257974524,12.64,2.196208854670551,5.769230769230769,1.7506042912706985,4.25,1.9930434571835665,11.192307692307692,1.897771973008997,18.56,2.161789382278795,23.96153846153846,2.9186403578484175,57.24,3.7669616403674726,0.42780000000000007,0.04243917215655053,7.653846153846154,1.5733355063001075,21.72,2.85073090043004,0.3524000000000001,0.07500888836220235,16.884615384615383,2.833046742670132,35.64,4.091454509095756,0.47372,0.06059463672636383,0.49463999999999997,0.05114186152263135,13.24,3.3326665999866627,18.88,3.9824615503479754,0.6988,0.07398648525237565,9.153846153846153,2.1107782013713843,21.307692307692307,3.619604738302024,30.423076923076923,4.973313397911513,10.73076923076923,3.1693241211045904,6.2,1.9148542155126762,2.769230769230769,1.478044446089286,12.0,2.925747767665559,20.333333333333332,3.3397374378603706,2.44,8.411698203494147
