Year,Team,Rslt,Rslt_std,Tm,Tm_std,Opp_score,Opp_score_std,OT,OT_std,FG,FG_std,FGA,FGA_std,FG%,FG%_std,3P,3P_std,3PA,3PA_std,3P%,3P%_std,2P,2P_std,2PA,2PA_std,2P%,2P%_std,eFG%,eFG%_std,FT,FT_std,FTA,FTA_std,FT%,FT%_std,ORB,ORB_std,DRB,DRB_std,TRB,TRB_std,AST,AST_std,STL,STL_std,BLK,BLK_std,TOV,TOV_std,PF,PF_std,FG_opp,FG_opp_std,FGA_opp,FGA_opp_std,FG%_opp,FG%_opp_std,3P_opp,3P_opp_std,3PA_opp,3PA_opp_std,3P%_opp,3P%_opp_std,2P_opp,2P_opp_std,2PA_opp,2PA_opp_std,2P%_opp,2P%_opp_std,eFG%_opp,eFG%_opp_std,FT_opp,FT_opp_std,FTA_opp,FTA_opp_std,FT%_opp,FT%_opp_std,ORB_opp,ORB_opp_std,DRB_opp,DRB_opp_std,TRB_opp,TRB_opp_std,AST_opp,AST_opp_std,STL_opp,STL_opp_std,BLK_opp,BLK_opp_std,TOV_opp,TOV_opp_std,PF_opp,PF_opp_std,Spread,Spread_std
2016,purdue,0.7647058823529411,0.43056154520204615,75.9,10.08703503820964,64.85714285714286,8.177268790233379,0.0,0.0,27.178571428571427,3.6621545108550047,57.92857142857143,3.2194843321686415,0.4708214285714285,0.06480172241162442,7.290322580645161,2.747041419261782,20.321428571428573,4.338062132886419,0.3806551724137931,0.08752521100560885,19.866666666666667,2.812942174691993,37.7,4.757208686063564,0.5379999999999999,0.07020327627682343,0.5371785714285714,0.07987307225816266,14.96551724137931,4.31345700454395,20.82758620689655,5.48419134237701,0.7448965517241378,0.07711510173925828,9.206896551724139,2.7951400468980796,27.517241379310345,3.2361870162184516,37.357142857142854,3.8221022498705617,17.82758620689655,4.359463970303503,4.133333333333334,1.6965143440419919,4.32258064516129,2.286002286003429,11.714285714285714,2.9295068837622793,16.892857142857142,2.922952410432095,23.933333333333334,2.5721765013355884,58.89655172413793,4.020881456189558,0.39739285714285716,0.045696534665369104,5.931034482758621,2.3894266270198234,19.82758620689655,4.071406965632759,0.3034642857142858,0.07824722555387065,17.178571428571427,2.294172511653715,39.333333333333336,4.663381438053466,0.43714285714285717,0.06235781710818103,0.44835714285714295,0.04957464576419586,11.10344827586207,3.2770285711536964,16.285714285714285,4.361932487608563,0.7024285714285715,0.08821834384342175,6.758620689655173,2.4002257693480344,19.724137931034484,3.1611091150794564,27.344827586206897,4.584725120822134,11.655172413793103,2.4680220835572175,6.161290322580645,2.4778589439749306,2.8333333333333335,1.8210139906170375,8.586206896551724,1.8995721582073297,20.24137931034483,3.089789317988631,12.678571428571429,11.92586225294383
