Year,Team,Rslt,Rslt_std,Tm,Tm_std,Opp_score,Opp_score_std,OT,OT_std,FG,FG_std,FGA,FGA_std,FG%,FG%_std,3P,3P_std,3PA,3PA_std,3P%,3P%_std,2P,2P_std,2PA,2PA_std,2P%,2P%_std,eFG%,eFG%_std,FT,FT_std,FTA,FTA_std,FT%,FT%_std,ORB,ORB_std,DRB,DRB_std,TRB,TRB_std,AST,AST_std,STL,STL_std,BLK,BLK_std,TOV,TOV_std,PF,PF_std,FG_opp,FG_opp_std,FGA_opp,FGA_opp_std,FG%_opp,FG%_opp_std,3P_opp,3P_opp_std,3PA_opp,3PA_opp_std,3P%_opp,3P%_opp_std,2P_opp,2P_opp_std,2PA_opp,2PA_opp_std,2P%_opp,2P%_opp_std,eFG%_opp,eFG%_opp_std,FT_opp,FT_opp_std,FTA_opp,FTA_opp_std,FT%_opp,FT%_opp_std,ORB_opp,ORB_opp_std,DRB_opp,DRB_opp_std,TRB_opp,TRB_opp_std,AST_opp,AST_opp_std,STL_opp,STL_opp_std,BLK_opp,BLK_opp_std,TOV_opp,TOV_opp_std,PF_opp,PF_opp_std,Spread,Spread_std
2016,virginia,0.7878787878787878,0.41514875026728054,69.77777777777777,6.185176655230655,59.51851851851852,6.9689993232135965,0.0,0.0,25.655172413793103,2.7938179466836814,52.851851851851855,5.06650921932603,0.4937857142857142,0.05657859636061649,5.645161290322581,2.214322877642647,14.964285714285714,3.3052387469898714,0.4038888888888889,0.09855741525914781,19.85185185185185,3.09719108105919,38.370370370370374,4.0396891364421,0.5227407407407408,0.06700550642848609,0.5476296296296297,0.06065358645502794,12.724137931034482,3.9178761714200823,17.11111111111111,4.635426570142115,0.7458620689655173,0.08582029569227409,7.25,1.8584142981864145,20.689655172413794,2.508605877429905,28.310344827586206,3.013107653899898,13.666666666666666,2.70801280154532,5.178571428571429,1.3622848842368127,2.566666666666667,1.4064710873459965,8.74074074074074,1.9727488161795694,16.535714285714285,3.084995262102645,20.607142857142858,2.586851163441558,49.035714285714285,3.1795893382303886,0.42603703703703705,0.04714338315711522,6.25,1.7769095101910528,18.535714285714285,3.9297737457927133,0.3523703703703703,0.07360870984633656,14.555555555555555,2.516611478423583,31.037037037037038,3.6635573452114034,0.46725925925925926,0.07319078997996768,0.49137037037037035,0.05634860461595515,10.862068965517242,2.960744813761691,16.555555555555557,4.012800032715822,0.6996666666666664,0.06852119267900879,6.551724137931035,2.39919937384703,19.25,3.417005403262618,25.703703703703702,3.302852087035069,9.642857142857142,1.7891501337389775,5.206896551724138,1.6339983901204602,2.0344827586206895,1.2095677687472157,11.481481481481481,2.532410988189992,16.74074074074074,2.346725912228036,9.5,8.377659887175248
