Year,Team,Rslt,Rslt_std,Tm,Tm_std,Opp_score,Opp_score_std,OT,OT_std,FG,FG_std,FGA,FGA_std,FG%,FG%_std,3P,3P_std,3PA,3PA_std,3P%,3P%_std,2P,2P_std,2PA,2PA_std,2P%,2P%_std,eFG%,eFG%_std,FT,FT_std,FTA,FTA_std,FT%,FT%_std,ORB,ORB_std,DRB,DRB_std,TRB,TRB_std,AST,AST_std,STL,STL_std,BLK,BLK_std,TOV,TOV_std,PF,PF_std,FG_opp,FG_opp_std,FGA_opp,FGA_opp_std,FG%_opp,FG%_opp_std,3P_opp,3P_opp_std,3PA_opp,3PA_opp_std,3P%_opp,3P%_opp_std,2P_opp,2P_opp_std,2PA_opp,2PA_opp_std,2P%_opp,2P%_opp_std,eFG%_opp,eFG%_opp_std,FT_opp,FT_opp_std,FTA_opp,FTA_opp_std,FT%_opp,FT%_opp_std,ORB_opp,ORB_opp_std,DRB_opp,DRB_opp_std,TRB_opp,TRB_opp_std,AST_opp,AST_opp_std,STL_opp,STL_opp_std,BLK_opp,BLK_opp_std,TOV_opp,TOV_opp_std,PF_opp,PF_opp_std,Spread,Spread_std
2016,iona,0.6875,0.47092907485988494,79.11538461538461,7.050259133262681,72.8076923076923,8.494794786311113,0.0,0.0,27.53846153846154,2.8316888138461715,60.23076923076923,4.3295052124481135,0.45957692307692294,0.040652845486556614,9.666666666666666,1.901416476047427,25.689655172413794,4.5599455532139705,0.3725384615384615,0.06096965197160356,17.884615384615383,2.5349859656719693,34.55555555555556,4.610467466148119,0.5291153846153847,0.07282490064425873,0.5412307692307692,0.05216612517127004,14.0,3.394112549695428,19.14814814814815,4.092241286439345,0.7173846153846154,0.08492588624115828,8.814814814814815,2.60232199623332,24.884615384615383,3.1154700842976886,34.148148148148145,4.460973537276913,16.25,2.9011491975882016,7.576923076923077,1.8368032430955024,4.222222222222222,1.6012815380508714,12.333333333333334,2.6311740579210876,19.555555555555557,2.7781196370834564,25.192307692307693,2.757088765625521,60.148148148148145,4.935769784119126,0.42107692307692307,0.05107556995427311,7.103448275862069,2.335209192009005,21.037037037037038,3.131496097118406,0.3451153846153847,0.0750494913630076,17.25,3.157882553582736,38.76923076923077,4.563399542513825,0.4624615384615384,0.0658192863949349,0.48350000000000004,0.060655255337027474,14.793103448275861,4.49904204362938,21.76923076923077,4.835764198615911,0.6976923076923077,0.08152926798678828,9.884615384615385,2.916531132382071,23.40740740740741,3.201673351657263,33.851851851851855,3.427307798613767,13.25925925925926,2.535783790112917,5.576923076923077,2.138655220891426,2.8518518518518516,1.2311253046174933,13.555555555555555,2.3588350014578308,18.333333333333332,2.7080128015453204,6.576923076923077,8.481382325649879
