Year,Team,Rslt,Rslt_std,Tm,Tm_std,Opp_score,Opp_score_std,OT,OT_std,FG,FG_std,FGA,FGA_std,FG%,FG%_std,3P,3P_std,3PA,3PA_std,3P%,3P%_std,2P,2P_std,2PA,2PA_std,2P%,2P%_std,eFG%,eFG%_std,FT,FT_std,FTA,FTA_std,FT%,FT%_std,ORB,ORB_std,DRB,DRB_std,TRB,TRB_std,AST,AST_std,STL,STL_std,BLK,BLK_std,TOV,TOV_std,PF,PF_std,FG_opp,FG_opp_std,FGA_opp,FGA_opp_std,FG%_opp,FG%_opp_std,3P_opp,3P_opp_std,3PA_opp,3PA_opp_std,3P%_opp,3P%_opp_std,2P_opp,2P_opp_std,2PA_opp,2PA_opp_std,2P%_opp,2P%_opp_std,eFG%_opp,eFG%_opp_std,FT_opp,FT_opp_std,FTA_opp,FTA_opp_std,FT%_opp,FT%_opp_std,ORB_opp,ORB_opp_std,DRB_opp,DRB_opp_std,TRB_opp,TRB_opp_std,AST_opp,AST_opp_std,STL_opp,STL_opp_std,BLK_opp,BLK_opp_std,TOV_opp,TOV_opp_std,PF_opp,PF_opp_std,Spread,Spread_std
2016,dayton,0.78125,0.42001344064515445,72.44444444444444,8.044746653434695,66.1923076923077,9.73660816000821,0.0,0.0,25.26923076923077,3.1055781079559703,55.69230769230769,5.073611973883938,0.4616153846153846,0.0484281545575108,6.172413793103448,2.1055872190307894,20.0,3.5797785985748916,0.3403461538461539,0.07429882492082486,18.923076923076923,2.7845728853535423,36.48148148148148,4.9487400911776005,0.5256923076923076,0.051919760577852615,0.5191923076923076,0.05998334384194948,15.851851851851851,3.313186981926613,22.48148148148148,4.894033811853669,0.6705769230769232,0.0686446927748522,8.555555555555555,2.1543039806456377,27.26923076923077,3.639315235674891,35.22222222222222,4.758258677397188,13.928571428571429,3.1260976908098654,5.793103448275862,2.006761967962098,4.0,1.8516401995451028,12.75,2.7028791233711424,19.22222222222222,3.6514837167011076,23.153846153846153,3.460546866520466,56.607142857142854,4.076484375994205,0.40292307692307694,0.04953457223146119,7.1923076923076925,2.2806881552589475,20.37037037037037,3.6810131146000487,0.35579310344827586,0.10256579049229984,15.333333333333334,2.8823067684915684,36.17857142857143,4.18156068178494,0.42926923076923074,0.05742512181427755,0.46873076923076923,0.061724910817145914,12.192307692307692,4.964024421932114,19.0,5.979966555090421,0.6567307692307693,0.08963149343497862,6.75,2.3353166174426336,23.666666666666668,5.091470997960896,30.0,4.7636443708895495,12.851851851851851,3.6236796396831394,4.769230769230769,1.478044446089286,2.7777777777777777,1.086041978694737,11.964285714285714,2.74175049324255,19.607142857142858,3.247098827207265,6.961538461538462,9.463533248129977
