Year,Team,Rslt,Rslt_std,Tm,Tm_std,Opp_score,Opp_score_std,OT,OT_std,FG,FG_std,FGA,FGA_std,FG%,FG%_std,3P,3P_std,3PA,3PA_std,3P%,3P%_std,2P,2P_std,2PA,2PA_std,2P%,2P%_std,eFG%,eFG%_std,FT,FT_std,FTA,FTA_std,FT%,FT%_std,ORB,ORB_std,DRB,DRB_std,TRB,TRB_std,AST,AST_std,STL,STL_std,BLK,BLK_std,TOV,TOV_std,PF,PF_std,FG_opp,FG_opp_std,FGA_opp,FGA_opp_std,FG%_opp,FG%_opp_std,3P_opp,3P_opp_std,3PA_opp,3PA_opp_std,3P%_opp,3P%_opp_std,2P_opp,2P_opp_std,2PA_opp,2PA_opp_std,2P%_opp,2P%_opp_std,eFG%_opp,eFG%_opp_std,FT_opp,FT_opp_std,FTA_opp,FTA_opp_std,FT%_opp,FT%_opp_std,ORB_opp,ORB_opp_std,DRB_opp,DRB_opp_std,TRB_opp,TRB_opp_std,AST_opp,AST_opp_std,STL_opp,STL_opp_std,BLK_opp,BLK_opp_std,TOV_opp,TOV_opp_std,PF_opp,PF_opp_std,Spread,Spread_std
2016,stony-brook,0.8125,0.39655776945626603,77.06896551724138,8.71751535081101,64.07692307692308,8.676050147033854,0.0,0.0,28.384615384615383,2.8436163324460364,59.38461538461539,4.373345841132832,0.47861538461538455,0.05298458411506269,6.310344827586207,1.910561777441054,17.48148148148148,2.926935524905112,0.37426923076923085,0.09513634749865382,21.75,2.4739382309124798,41.53846153846154,3.1142353055704604,0.524153846153846,0.05472381003379958,0.5361538461538462,0.06183765345334011,12.407407407407407,3.815547740286388,18.5,3.5693136595149495,0.6879285714285713,0.09685763839988105,10.76923076923077,2.518851997362168,25.85185185185185,3.526860705889366,36.46153846153846,4.272992106061225,16.333333333333332,3.6899030631419865,6.0344827586206895,2.5562634368587074,4.448275862068965,1.3518824678560455,10.586206896551724,2.6795154329962396,15.884615384615385,1.925137357736805,23.37037037037037,3.5857425810492667,56.333333333333336,3.3741095691478935,0.404,0.053753511513202554,6.178571428571429,2.653489267173563,19.074074074074073,3.7614024177357233,0.31637037037037036,0.10417520306902663,16.703703703703702,3.1721724515981258,37.46153846153846,3.624701579228494,0.4454615384615386,0.06587031548078742,0.46434615384615374,0.06642767032355856,10.75,3.667929075609792,14.88888888888889,3.925589944232129,0.7029230769230769,0.0902241311742809,7.678571428571429,2.326236372636208,20.53846153846154,3.1398187110821443,28.666666666666668,4.104406637524338,10.961538461538462,2.8632955730174867,5.366666666666666,1.5643293888377885,2.5517241379310347,1.5020511427604522,12.413793103448276,3.479708951081463,17.923076923076923,1.9167279811820337,12.538461538461538,10.389343652919639
