Year,Team,Rslt,Rslt_std,Tm,Tm_std,Opp_score,Opp_score_std,OT,OT_std,FG,FG_std,FGA,FGA_std,FG%,FG%_std,3P,3P_std,3PA,3PA_std,3P%,3P%_std,2P,2P_std,2PA,2PA_std,2P%,2P%_std,eFG%,eFG%_std,FT,FT_std,FTA,FTA_std,FT%,FT%_std,ORB,ORB_std,DRB,DRB_std,TRB,TRB_std,AST,AST_std,STL,STL_std,BLK,BLK_std,TOV,TOV_std,PF,PF_std,FG_opp,FG_opp_std,FGA_opp,FGA_opp_std,FG%_opp,FG%_opp_std,3P_opp,3P_opp_std,3PA_opp,3PA_opp_std,3P%_opp,3P%_opp_std,2P_opp,2P_opp_std,2PA_opp,2PA_opp_std,2P%_opp,2P%_opp_std,eFG%_opp,eFG%_opp_std,FT_opp,FT_opp_std,FTA_opp,FTA_opp_std,FT%_opp,FT%_opp_std,ORB_opp,ORB_opp_std,DRB_opp,DRB_opp_std,TRB_opp,TRB_opp_std,AST_opp,AST_opp_std,STL_opp,STL_opp_std,BLK_opp,BLK_opp_std,TOV_opp,TOV_opp_std,PF_opp,PF_opp_std,Spread,Spread_std
2016,northern-iowa,0.6470588235294118,0.485071250072666,68.13793103448276,9.508357744378042,62.75,9.12312893044275,0.0,0.0,23.79310344827586,3.6779197375770876,51.32142857142857,3.8687118291404463,0.45692857142857146,0.05618944712536304,8.241379310344827,2.18199077537976,21.642857142857142,3.1530618360252536,0.3643793103448277,0.07420406890706556,15.678571428571429,2.982089392164015,29.862068965517242,2.996714128258227,0.5205714285714286,0.08939857840092212,0.532107142857143,0.0690176248481686,13.0,3.973123995763823,16.857142857142858,4.5681204961915,0.7585357142857143,0.09748066556363964,4.28125,1.8532338779688906,23.0,3.5066075195687776,27.17241379310345,3.7231799534157948,11.689655172413794,3.4754593558248024,5.5,1.8155705153742436,2.6451612903225805,1.4730554888117011,9.10344827586207,2.6905234167644103,15.166666666666666,2.3647312792341766,23.392857142857142,3.2011489339539483,55.107142857142854,5.431999057125632,0.42517857142857146,0.05754808203608306,7.068965517241379,2.534491136342174,21.93103448275862,4.199753687358672,0.3209642857142857,0.0820999761550275,16.310344827586206,2.8673463126813425,33.5,3.5538190203821056,0.48585714285714304,0.06840116648654157,0.48721428571428577,0.06875094996938677,9.0,2.788866755113585,12.714285714285714,2.891329860079676,0.7374999999999997,0.11776011397941344,7.5,2.116950987028628,24.035714285714285,2.821637859761634,31.310344827586206,3.665509595013087,12.0,2.659215781283755,4.655172413793103,1.7581618255798037,2.642857142857143,1.0261140545329515,11.142857142857142,2.2560911085209057,18.733333333333334,3.139661011059604,4.0,10.374470089099955
