Year,Team,Rslt,Rslt_std,Tm,Tm_std,Opp_score,Opp_score_std,OT,OT_std,FG,FG_std,FGA,FGA_std,FG%,FG%_std,3P,3P_std,3PA,3PA_std,3P%,3P%_std,2P,2P_std,2PA,2PA_std,2P%,2P%_std,eFG%,eFG%_std,FT,FT_std,FTA,FTA_std,FT%,FT%_std,ORB,ORB_std,DRB,DRB_std,TRB,TRB_std,AST,AST_std,STL,STL_std,BLK,BLK_std,TOV,TOV_std,PF,PF_std,FG_opp,FG_opp_std,FGA_opp,FGA_opp_std,FG%_opp,FG%_opp_std,3P_opp,3P_opp_std,3PA_opp,3PA_opp_std,3P%_opp,3P%_opp_std,2P_opp,2P_opp_std,2PA_opp,2PA_opp_std,2P%_opp,2P%_opp_std,eFG%_opp,eFG%_opp_std,FT_opp,FT_opp_std,FTA_opp,FTA_opp_std,FT%_opp,FT%_opp_std,ORB_opp,ORB_opp_std,DRB_opp,DRB_opp_std,TRB_opp,TRB_opp_std,AST_opp,AST_opp_std,STL_opp,STL_opp_std,BLK_opp,BLK_opp_std,TOV_opp,TOV_opp_std,PF_opp,PF_opp_std,Spread,Spread_std
2017,gonzaga,1.0,0.0,84.55555555555556,8.312795203934963,61.44444444444444,7.3397407905044485,0.0,0.0,30.25925925925926,3.6118671135001694,58.48148148148148,5.666163879152553,0.5177037037037038,0.040740090644903894,7.357142857142857,2.3915636557651396,19.535714285714285,4.324624949331555,0.383037037037037,0.0756278751425392,23.178571428571427,3.0798457324109165,39.25,4.526669939452262,0.5804074074074074,0.0498453448634715,0.5786296296296297,0.043694875732082875,16.074074074074073,4.7711144152632485,21.428571428571427,6.244574364575138,0.74375,0.07801833830011448,7.571428571428571,2.167582224141151,28.77777777777778,3.640935354604673,37.357142857142854,3.5923198500080566,16.392857142857142,3.7941405674411492,6.925925925925926,1.9792369533178482,4.5,1.9340994650588013,11.266666666666667,2.765967229134083,16.06896551724138,3.2396101450059716,22.06896551724138,3.2063668188995313,61.03703703703704,3.5353324452695394,0.3695925925925926,0.043217036579481595,6.137931034482759,1.8655550290737775,19.40740740740741,4.002492101171846,0.30148148148148146,0.07303759325504934,16.5,3.2716515254078793,41.77777777777778,4.576976944307011,0.39735714285714285,0.057244902270672415,0.42050000000000004,0.05205090101329943,9.233333333333333,3.7295033720723256,15.821428571428571,4.952018454376637,0.6439285714285715,0.09008182641207632,8.25925925925926,3.229581928082864,20.5,2.5018511664883785,29.214285714285715,4.121822168582481,9.866666666666667,2.5014938065819425,5.185185185185185,1.5941488454063948,2.46875,1.9173970090522674,11.464285714285714,2.9749838823982055,19.14814814814815,2.7970273190231487,23.333333333333332,9.55550586351619
