Year,Team,Rslt,Rslt_std,Tm,Tm_std,Opp_score,Opp_score_std,OT,OT_std,FG,FG_std,FGA,FGA_std,FG%,FG%_std,3P,3P_std,3PA,3PA_std,3P%,3P%_std,2P,2P_std,2PA,2PA_std,2P%,2P%_std,eFG%,eFG%_std,FT,FT_std,FTA,FTA_std,FT%,FT%_std,ORB,ORB_std,DRB,DRB_std,TRB,TRB_std,AST,AST_std,STL,STL_std,BLK,BLK_std,TOV,TOV_std,PF,PF_std,FG_opp,FG_opp_std,FGA_opp,FGA_opp_std,FG%_opp,FG%_opp_std,3P_opp,3P_opp_std,3PA_opp,3PA_opp_std,3P%_opp,3P%_opp_std,2P_opp,2P_opp_std,2PA_opp,2PA_opp_std,2P%_opp,2P%_opp_std,eFG%_opp,eFG%_opp_std,FT_opp,FT_opp_std,FTA_opp,FTA_opp_std,FT%_opp,FT%_opp_std,ORB_opp,ORB_opp_std,DRB_opp,DRB_opp_std,TRB_opp,TRB_opp_std,AST_opp,AST_opp_std,STL_opp,STL_opp_std,BLK_opp,BLK_opp_std,TOV_opp,TOV_opp_std,PF_opp,PF_opp_std,Spread,Spread_std
2017,virginia-tech,0.6875,0.47092907485988494,78.84615384615384,8.512072874181976,73.8076923076923,7.709833880281628,0.0,0.0,26.846153846153847,3.378666100014119,55.38461538461539,5.146470037428942,0.4885384615384615,0.05411264604081436,8.962962962962964,2.1027725558539183,22.333333333333332,3.6899030631419865,0.4004615384615384,0.0927324024359256,17.74074074074074,4.015284189507278,32.92307692307692,4.325950318004837,0.5483461538461539,0.05920131235551611,0.5653461538461539,0.06305422574748962,16.115384615384617,2.7470263642990114,22.48148148148148,4.2820768718207685,0.7429615384615386,0.0830505777315153,6.407407407407407,2.240522934482711,23.142857142857142,4.015841646153907,29.23076923076923,4.658821244114802,15.148148148148149,2.837980101080882,3.923076923076923,1.1286479317511524,2.8620689655172415,1.2456821978060995,11.821428571428571,2.762896647288473,16.551724137931036,3.32293122426304,27.076923076923077,2.348158034257097,60.785714285714285,5.586737886427124,0.44634615384615384,0.03777823956479953,7.888888888888889,2.118296364340808,21.185185185185187,3.8931600476598898,0.35861538461538456,0.06420908155273795,19.23076923076923,2.6878644654475017,39.88461538461539,4.9906065609456585,0.48923076923076925,0.044635687688044136,0.5123846153846154,0.048994756391333896,11.5,3.9420806688854046,16.192307692307693,4.955959893051846,0.7001923076923077,0.09449445242161858,9.068965517241379,3.9454407184818003,23.115384615384617,3.011005454354715,32.333333333333336,5.015361019293243,12.714285714285714,2.826555852874305,5.206896551724138,2.51253017529609,3.7586206896551726,1.6616509091389697,11.407407407407407,2.1884181020028577,19.0,2.0,4.884615384615385,9.021427483838345
