Year,Team,Rslt,Rslt_std,Tm,Tm_std,Opp_score,Opp_score_std,OT,OT_std,FG,FG_std,FGA,FGA_std,FG%,FG%_std,3P,3P_std,3PA,3PA_std,3P%,3P%_std,2P,2P_std,2PA,2PA_std,2P%,2P%_std,eFG%,eFG%_std,FT,FT_std,FTA,FTA_std,FT%,FT%_std,ORB,ORB_std,DRB,DRB_std,TRB,TRB_std,AST,AST_std,STL,STL_std,BLK,BLK_std,TOV,TOV_std,PF,PF_std,FG_opp,FG_opp_std,FGA_opp,FGA_opp_std,FG%_opp,FG%_opp_std,3P_opp,3P_opp_std,3PA_opp,3PA_opp_std,3P%_opp,3P%_opp_std,2P_opp,2P_opp_std,2PA_opp,2PA_opp_std,2P%_opp,2P%_opp_std,eFG%_opp,eFG%_opp_std,FT_opp,FT_opp_std,FTA_opp,FTA_opp_std,FT%_opp,FT%_opp_std,ORB_opp,ORB_opp_std,DRB_opp,DRB_opp_std,TRB_opp,TRB_opp_std,AST_opp,AST_opp_std,STL_opp,STL_opp_std,BLK_opp,BLK_opp_std,TOV_opp,TOV_opp_std,PF_opp,PF_opp_std,Spread,Spread_std
2017,kansas,0.875,0.3360107525161235,82.57692307692308,6.15904588015434,71.88461538461539,7.339356500821706,0.0,0.0,29.74074074074074,3.193654677548936,60.57692307692308,3.0616737503931004,0.486076923076923,0.04605989411791831,8.75,2.488864087178013,21.77777777777778,2.9785558366085523,0.39039285714285726,0.08841205686410536,20.807692307692307,3.4643236658168157,39.666666666666664,4.123105625617661,0.5331923076923076,0.05960672393666286,0.5561153846153847,0.05016080296253394,14.192307692307692,3.959992229984607,21.26923076923077,3.6393152356748906,0.6533846153846155,0.10764908803072211,10.655172413793103,2.2083585059134743,25.392857142857142,3.603900003897894,35.888888888888886,4.457779141208644,16.296296296296298,2.8259078162167612,7.0,1.8397324220155997,4.25,1.6914819275153699,12.814814814814815,2.418471180105905,17.40740740740741,2.9646540758027387,26.25,2.9891780116254676,61.75,4.711098008367523,0.4205384615384616,0.040280249025278644,6.714285714285714,2.123190172343614,20.384615384615383,3.6994802129696334,0.3537692307692308,0.05124943526893361,18.620689655172413,3.075406977753958,41.148148148148145,5.005410178410063,0.4504615384615385,0.051822181173108314,0.47892307692307684,0.047293909186636784,12.777777777777779,3.935375393425573,18.384615384615383,5.099622912152804,0.7185384615384616,0.07113661828860339,9.862068965517242,2.850114508113596,21.333333333333332,3.8430756913220914,30.964285714285715,5.814936978462627,12.555555555555555,2.7362710916828923,7.0,2.143033502442879,3.6666666666666665,1.6172150801252798,12.068965517241379,2.877635866008745,18.22222222222222,1.9676876967127865,8.88888888888889,7.2022076387587495
