Year,Team,Rslt,Rslt_std,Tm,Tm_std,Opp_score,Opp_score_std,OT,OT_std,FG,FG_std,FGA,FGA_std,FG%,FG%_std,3P,3P_std,3PA,3PA_std,3P%,3P%_std,2P,2P_std,2PA,2PA_std,2P%,2P%_std,eFG%,eFG%_std,FT,FT_std,FTA,FTA_std,FT%,FT%_std,ORB,ORB_std,DRB,DRB_std,TRB,TRB_std,AST,AST_std,STL,STL_std,BLK,BLK_std,TOV,TOV_std,PF,PF_std,FG_opp,FG_opp_std,FGA_opp,FGA_opp_std,FG%_opp,FG%_opp_std,3P_opp,3P_opp_std,3PA_opp,3PA_opp_std,3P%_opp,3P%_opp_std,2P_opp,2P_opp_std,2PA_opp,2PA_opp_std,2P%_opp,2P%_opp_std,eFG%_opp,eFG%_opp_std,FT_opp,FT_opp_std,FTA_opp,FTA_opp_std,FT%_opp,FT%_opp_std,ORB_opp,ORB_opp_std,DRB_opp,DRB_opp_std,TRB_opp,TRB_opp_std,AST_opp,AST_opp_std,STL_opp,STL_opp_std,BLK_opp,BLK_opp_std,TOV_opp,TOV_opp_std,PF_opp,PF_opp_std,Spread,Spread_std
2017,southern-california,0.7272727272727273,0.45226701686664544,78.66666666666667,6.883648406522183,72.81481481481481,7.504035001953369,0.0,0.0,27.428571428571427,3.360209114178058,59.2,5.0814062674787595,0.4574444444444445,0.06315873368763533,7.535714285714286,2.3957082438014004,21.071428571428573,3.681068397933479,0.3605555555555555,0.06717390366305455,19.071428571428573,3.2194843321686415,38.357142857142854,5.313952882562588,0.5104814814814815,0.0761493322211088,0.522,0.07604199244749321,16.555555555555557,3.273827838776608,22.59259259259259,3.7237208362197163,0.7467037037037038,0.0616421526697031,9.0,2.4784787961282104,23.03448275862069,3.0877957767023214,32.793103448275865,3.745276170866324,14.785714285714286,2.9858573166418916,6.925925925925926,2.5256518720752825,5.464285714285714,2.1855102439602123,10.74074074074074,1.992149835896128,16.0,2.6246692913372702,27.107142857142858,3.0591609320965136,62.793103448275865,4.506973250616583,0.42796296296296293,0.04202149768637796,8.333333333333334,2.0568833780186058,22.25,3.7577081273524118,0.35714285714285715,0.07131604893695974,19.06896551724138,3.442704859375615,40.25,5.125282286715389,0.46666666666666656,0.055794954279727874,0.4963703703703704,0.04710475082045919,10.428571428571429,2.5448360411214073,14.785714285714286,3.552329886011098,0.7143703703703704,0.10695259487201583,9.74074074074074,1.6312475780728874,22.321428571428573,3.1629050339787717,32.111111111111114,3.7960843523631573,14.185185185185185,3.113704657663712,5.714285714285714,1.652319197418807,2.8666666666666667,2.012603963188903,12.392857142857142,2.9732048516621066,18.962962962962962,2.227131329785911,6.407407407407407,9.212279678021986
