Year,Team,Rslt,Rslt_std,Tm,Tm_std,Opp_score,Opp_score_std,OT,OT_std,FG,FG_std,FGA,FGA_std,FG%,FG%_std,3P,3P_std,3PA,3PA_std,3P%,3P%_std,2P,2P_std,2PA,2PA_std,2P%,2P%_std,eFG%,eFG%_std,FT,FT_std,FTA,FTA_std,FT%,FT%_std,ORB,ORB_std,DRB,DRB_std,TRB,TRB_std,AST,AST_std,STL,STL_std,BLK,BLK_std,TOV,TOV_std,PF,PF_std,FG_opp,FG_opp_std,FGA_opp,FGA_opp_std,FG%_opp,FG%_opp_std,3P_opp,3P_opp_std,3PA_opp,3PA_opp_std,3P%_opp,3P%_opp_std,2P_opp,2P_opp_std,2PA_opp,2PA_opp_std,2P%_opp,2P%_opp_std,eFG%_opp,eFG%_opp_std,FT_opp,FT_opp_std,FTA_opp,FTA_opp_std,FT%_opp,FT%_opp_std,ORB_opp,ORB_opp_std,DRB_opp,DRB_opp_std,TRB_opp,TRB_opp_std,AST_opp,AST_opp_std,STL_opp,STL_opp_std,BLK_opp,BLK_opp_std,TOV_opp,TOV_opp_std,PF_opp,PF_opp_std,Spread,Spread_std
2017,louisville,0.75,0.43994134506405985,77.26923076923077,8.85689648717966,64.85185185185185,7.779181802456446,0.0,0.0,27.923076923076923,3.751512515485741,61.03846153846154,3.2184563906415664,0.45419230769230773,0.04669819630843934,7.115384615384615,2.1785669248737447,19.333333333333332,3.7003118371709824,0.3533846153846154,0.07862776961001852,21.535714285714285,3.7562998229359117,41.65384615384615,4.058988127031738,0.5077307692307692,0.059064410734253635,0.5112692307692308,0.053104845498171016,14.333333333333334,2.1838568563966754,21.071428571428573,4.302700025940399,0.7074444444444447,0.09121122288121775,11.961538461538462,2.5215990042950005,25.703703703703702,4.0174122441692655,37.69230769230769,5.1050502898148284,13.423076923076923,2.6256134814260372,7.137931034482759,2.012889499682244,4.793103448275862,2.2261323016906567,11.192307692307692,2.1729101365538477,19.26923076923077,2.822165017254552,22.642857142857142,2.7109419671410064,55.407407407407405,3.8755571238136874,0.3961538461538462,0.05288908568519014,6.037037037037037,1.9509658649673516,19.857142857142858,5.296499792590391,0.2992692307692308,0.07188911333007672,15.74074074074074,2.4587769409981144,36.44444444444444,4.854287029431054,0.4480769230769232,0.06353450909666217,0.4507307692307692,0.061757951839294487,15.518518518518519,4.20960778705068,21.666666666666668,5.784594926314068,0.695423076923077,0.0821180482363886,8.296296296296296,2.034600977980975,21.413793103448278,2.9822958723022,30.73076923076923,3.6283075096545203,10.576923076923077,2.0624854311839766,5.1,1.953776184548871,2.966666666666667,1.9910720268468325,13.0,2.674667484725186,18.423076923076923,2.157277486520025,11.88888888888889,12.834249051578698
