Year,Team,Rslt,Rslt_std,Tm,Tm_std,Opp_score,Opp_score_std,OT,OT_std,FG,FG_std,FGA,FGA_std,FG%,FG%_std,3P,3P_std,3PA,3PA_std,3P%,3P%_std,2P,2P_std,2PA,2PA_std,2P%,2P%_std,eFG%,eFG%_std,FT,FT_std,FTA,FTA_std,FT%,FT%_std,ORB,ORB_std,DRB,DRB_std,TRB,TRB_std,AST,AST_std,STL,STL_std,BLK,BLK_std,TOV,TOV_std,PF,PF_std,FG_opp,FG_opp_std,FGA_opp,FGA_opp_std,FG%_opp,FG%_opp_std,3P_opp,3P_opp_std,3PA_opp,3PA_opp_std,3P%_opp,3P%_opp_std,2P_opp,2P_opp_std,2PA_opp,2PA_opp_std,2P%_opp,2P%_opp_std,eFG%_opp,eFG%_opp_std,FT_opp,FT_opp_std,FTA_opp,FTA_opp_std,FT%_opp,FT%_opp_std,ORB_opp,ORB_opp_std,DRB_opp,DRB_opp_std,TRB_opp,TRB_opp_std,AST_opp,AST_opp_std,STL_opp,STL_opp_std,BLK_opp,BLK_opp_std,TOV_opp,TOV_opp_std,PF_opp,PF_opp_std,Spread,Spread_std
2017,purdue,0.78125,0.42001344064515445,79.53846153846153,6.801357330596704,67.11538461538461,8.213778292975398,0.0,0.0,27.59259259259259,3.4558674660669415,58.11538461538461,4.466111714473099,0.4766153846153847,0.04878120697406076,8.62962962962963,2.420237562213647,22.192307692307693,3.3825343252565023,0.40111538461538465,0.07825309037888635,18.75,3.7969285832981723,36.07692307692308,4.655517818014035,0.5278461538461539,0.06868810220566138,0.5504615384615384,0.055248696469133655,15.192307692307692,4.766711493423791,19.692307692307693,5.0340379876932255,0.7666153846153846,0.0956435369162295,8.296296296296296,2.554254592677974,26.357142857142858,3.302235894778249,34.18518518518518,4.616334185318618,18.107142857142858,4.030800726574622,5.379310344827586,1.8402987549278957,2.5517241379310347,1.5256428831468234,12.785714285714286,2.439750182371333,16.037037037037038,3.155964822382208,24.85185185185185,2.6268393365953884,61.11538461538461,3.745150710739668,0.40940740740740733,0.05426945539779987,6.5,1.96468827043885,19.642857142857142,3.9272484544882595,0.3238076923076924,0.08930846286025496,18.73076923076923,3.1312322469940463,42.3448275862069,5.239110216636883,0.4637307692307692,0.06810436561179185,0.46096296296296296,0.06132666723343211,10.428571428571429,4.39215269440912,13.961538461538462,4.959683612737968,0.6882307692307692,0.11291529841161745,7.615384615384615,1.8347081092516722,21.115384615384617,3.2536370181926944,28.807692307692307,4.098967975178443,12.11111111111111,2.7221786146864813,6.392857142857143,1.7917358790618276,2.6785714285714284,1.1564175661505611,11.807692307692308,2.4003204914216063,19.192307692307693,2.5301261750233843,12.26923076923077,11.421235282779852
