Year,Team,Rslt,Rslt_std,Tm,Tm_std,Opp_score,Opp_score_std,OT,OT_std,FG,FG_std,FGA,FGA_std,FG%,FG%_std,3P,3P_std,3PA,3PA_std,3P%,3P%_std,2P,2P_std,2PA,2PA_std,2P%,2P%_std,eFG%,eFG%_std,FT,FT_std,FTA,FTA_std,FT%,FT%_std,ORB,ORB_std,DRB,DRB_std,TRB,TRB_std,AST,AST_std,STL,STL_std,BLK,BLK_std,TOV,TOV_std,PF,PF_std,FG_opp,FG_opp_std,FGA_opp,FGA_opp_std,FG%_opp,FG%_opp_std,3P_opp,3P_opp_std,3PA_opp,3PA_opp_std,3P%_opp,3P%_opp_std,2P_opp,2P_opp_std,2PA_opp,2PA_opp_std,2P%_opp,2P%_opp_std,eFG%_opp,eFG%_opp_std,FT_opp,FT_opp_std,FTA_opp,FTA_opp_std,FT%_opp,FT%_opp_std,ORB_opp,ORB_opp_std,DRB_opp,DRB_opp_std,TRB_opp,TRB_opp_std,AST_opp,AST_opp_std,STL_opp,STL_opp_std,BLK_opp,BLK_opp_std,TOV_opp,TOV_opp_std,PF_opp,PF_opp_std,Spread,Spread_std
2017,maryland,0.75,0.43994134506405985,73.89285714285714,8.198189889257108,67.25925925925925,6.959180945355525,0.0,0.0,25.142857142857142,3.05158472144709,55.25925925925926,3.849001794597505,0.45207692307692315,0.046147522643732966,8.481481481481481,1.847459177656008,22.46153846153846,4.042086285380551,0.35633333333333334,0.06846222990143487,16.807692307692307,2.3154996138065886,32.88461538461539,4.466111714473099,0.5166153846153846,0.0573815837516372,0.5252692307692306,0.059414178571992514,14.814814814814815,4.930572107833057,21.73076923076923,6.0633831632691155,0.6997692307692307,0.06478537346797204,8.73076923076923,2.5069135175780164,23.925925925925927,2.4483263659696175,32.42307692307692,2.500769112462435,14.0,2.7873339895374523,5.0344827586206895,1.8989237293923262,4.392857142857143,1.8326116905841259,12.666666666666666,2.7174648819470297,18.555555555555557,2.926448797451027,24.153846153846153,2.2395054399095833,58.074074074074076,4.159566600259491,0.41261538461538455,0.04414166007125417,6.333333333333333,1.941450686788302,19.11111111111111,3.4231489476721166,0.3317307692307692,0.07946549323690513,17.666666666666668,2.496150883013531,39.42307692307692,3.3843531366933557,0.4572592592592592,0.06369373389817665,0.46576923076923077,0.05045735442316229,12.5,3.7549966711037173,17.807692307692307,4.874580849830933,0.7075384615384613,0.0829439477089104,9.692307692307692,2.8251616699825273,22.555555555555557,3.58772837207541,32.34615384615385,4.156366756601806,10.620689655172415,2.8462229746938092,5.8076923076923075,1.7440007057161593,3.2142857142857144,1.5719094983170854,12.153846153846153,2.509060504528461,19.74074074074074,3.492768271647891,5.615384615384615,7.909876980469029
