Year,Team,Rslt,Rslt_std,Tm,Tm_std,Opp_score,Opp_score_std,OT,OT_std,FG,FG_std,FGA,FGA_std,FG%,FG%_std,3P,3P_std,3PA,3PA_std,3P%,3P%_std,2P,2P_std,2PA,2PA_std,2P%,2P%_std,eFG%,eFG%_std,FT,FT_std,FTA,FTA_std,FT%,FT%_std,ORB,ORB_std,DRB,DRB_std,TRB,TRB_std,AST,AST_std,STL,STL_std,BLK,BLK_std,TOV,TOV_std,PF,PF_std,FG_opp,FG_opp_std,FGA_opp,FGA_opp_std,FG%_opp,FG%_opp_std,3P_opp,3P_opp_std,3PA_opp,3PA_opp_std,3P%_opp,3P%_opp_std,2P_opp,2P_opp_std,2PA_opp,2PA_opp_std,2P%_opp,2P%_opp_std,eFG%_opp,eFG%_opp_std,FT_opp,FT_opp_std,FTA_opp,FTA_opp_std,FT%_opp,FT%_opp_std,ORB_opp,ORB_opp_std,DRB_opp,DRB_opp_std,TRB_opp,TRB_opp_std,AST_opp,AST_opp_std,STL_opp,STL_opp_std,BLK_opp,BLK_opp_std,TOV_opp,TOV_opp_std,PF_opp,PF_opp_std,Spread,Spread_std
2017,north-carolina,0.7941176470588235,0.4104256301219048,85.75,9.927981406852796,70.89285714285714,9.761372420637969,0.0,0.0,31.2,4.029203737541786,65.92857142857143,5.141901733712288,0.47382142857142856,0.04947581045425957,7.166666666666667,1.6626388110747186,19.678571428571427,2.994483464127197,0.3753448275862069,0.06439292100737526,24.107142857142858,3.2356725297187787,46.3,5.2335126991738345,0.5153214285714285,0.05800897348937495,0.5297142857142857,0.05478432943208077,15.392857142857142,5.459204159299234,21.892857142857142,7.109405797508734,0.6915172413793103,0.07419020954356596,13.857142857142858,3.7089909350945787,26.766666666666666,3.6547874444853585,40.1,5.652890624609068,18.266666666666666,3.571277500909968,6.733333333333333,2.7029145614385928,3.1379310344827585,1.355521458201721,11.620689655172415,2.527192020284403,17.413793103448278,3.812734689538191,24.5,3.4913686675018716,58.892857142857146,5.613075249505726,0.41639285714285723,0.055030186521321446,8.275862068965518,1.9981518554500364,23.928571428571427,3.0420335721303693,0.33571428571428574,0.06373606290229822,16.517241379310345,2.6941827498622235,35.689655172413794,4.706404817418357,0.46782142857142867,0.06255963292697354,0.4835714285714286,0.06144219118116522,12.535714285714286,5.560989406086221,18.0,6.896053621859067,0.7230344827586208,0.09752563134106289,7.483870967741935,2.6940795304016234,19.571428571428573,2.986743196298423,27.862068965517242,4.298871429398937,11.379310344827585,2.610607388321842,6.2,1.8080280742403807,4.620689655172414,1.8010670072298864,12.964285714285714,2.7686357498493575,18.896551724137932,3.667860680348062,13.9,15.001953895731555
