Year,Team,Rslt,Rslt_std,Tm,Tm_std,Opp_score,Opp_score_std,OT,OT_std,FG,FG_std,FGA,FGA_std,FG%,FG%_std,3P,3P_std,3PA,3PA_std,3P%,3P%_std,2P,2P_std,2PA,2PA_std,2P%,2P%_std,eFG%,eFG%_std,FT,FT_std,FTA,FTA_std,FT%,FT%_std,ORB,ORB_std,DRB,DRB_std,TRB,TRB_std,AST,AST_std,STL,STL_std,BLK,BLK_std,TOV,TOV_std,PF,PF_std,FG_opp,FG_opp_std,FGA_opp,FGA_opp_std,FG%_opp,FG%_opp_std,3P_opp,3P_opp_std,3PA_opp,3PA_opp_std,3P%_opp,3P%_opp_std,2P_opp,2P_opp_std,2PA_opp,2PA_opp_std,2P%_opp,2P%_opp_std,eFG%_opp,eFG%_opp_std,FT_opp,FT_opp_std,FTA_opp,FTA_opp_std,FT%_opp,FT%_opp_std,ORB_opp,ORB_opp_std,DRB_opp,DRB_opp_std,TRB_opp,TRB_opp_std,AST_opp,AST_opp_std,STL_opp,STL_opp_std,BLK_opp,BLK_opp_std,TOV_opp,TOV_opp_std,PF_opp,PF_opp_std,Spread,Spread_std
2017,virginia,0.6875,0.47092907485988494,66.96153846153847,7.507227286985624,55.19230769230769,8.49008471462673,0.0,0.0,25.22222222222222,2.952617265740468,53.30769230769231,3.8446766393987493,0.47115384615384615,0.057360399097420724,7.185185185185185,2.4025153011125178,17.142857142857142,3.884578109646798,0.3934615384615385,0.09159617056153854,17.653846153846153,2.911251383062723,36.22222222222222,4.3794391398313985,0.5023076923076923,0.08560082673935772,0.5380384615384616,0.06665282035696961,10.037037037037036,3.663557345211403,13.592592592592593,4.893160527002966,0.7122692307692307,0.10726958849266,7.678571428571429,1.9446711885935968,22.26923076923077,2.6162215855342574,29.692307692307693,3.5073549095491403,14.076923076923077,3.1102807194602473,5.413793103448276,2.3225177437321634,3.7857142857142856,1.912089081628954,9.444444444444445,2.3912232681095924,16.346153846153847,2.3141703946305716,18.923076923076923,3.0973934451157725,47.96153846153846,4.284677530277108,0.3981538461538461,0.052514144614716755,5.769230769230769,1.5825976698502322,19.185185185185187,3.101327718612404,0.30800000000000005,0.08043979114841111,13.25925925925926,3.481739094548459,28.93103448275862,4.689890605507299,0.4518846153846154,0.07965341269428546,0.4597692307692307,0.060211166866160425,11.222222222222221,3.993584598918364,15.75,5.4407583894023315,0.6738965517241379,0.1096287061036955,6.310344827586207,2.1398172197620404,19.923076923076923,3.719387873541311,26.192307692307693,4.673493175509991,9.576923076923077,2.24807610054601,5.0,1.9611613513818404,2.6451612903225805,1.2529534999824532,12.423076923076923,2.08178917132503,14.555555555555555,2.7362710916828923,10.153846153846153,11.864880303457959
