Year,Team,Rslt,Rslt_std,Tm,Tm_std,Opp_score,Opp_score_std,OT,OT_std,FG,FG_std,FGA,FGA_std,FG%,FG%_std,3P,3P_std,3PA,3PA_std,3P%,3P%_std,2P,2P_std,2PA,2PA_std,2P%,2P%_std,eFG%,eFG%_std,FT,FT_std,FTA,FTA_std,FT%,FT%_std,ORB,ORB_std,DRB,DRB_std,TRB,TRB_std,AST,AST_std,STL,STL_std,BLK,BLK_std,TOV,TOV_std,PF,PF_std,FG_opp,FG_opp_std,FGA_opp,FGA_opp_std,FG%_opp,FG%_opp_std,3P_opp,3P_opp_std,3PA_opp,3PA_opp_std,3P%_opp,3P%_opp_std,2P_opp,2P_opp_std,2PA_opp,2PA_opp_std,2P%_opp,2P%_opp_std,eFG%_opp,eFG%_opp_std,FT_opp,FT_opp_std,FTA_opp,FTA_opp_std,FT%_opp,FT%_opp_std,ORB_opp,ORB_opp_std,DRB_opp,DRB_opp_std,TRB_opp,TRB_opp_std,AST_opp,AST_opp_std,STL_opp,STL_opp_std,BLK_opp,BLK_opp_std,TOV_opp,TOV_opp_std,PF_opp,PF_opp_std,Spread,Spread_std
2017,duke,0.7714285714285715,0.4260429614980358,80.13333333333334,8.881337788843538,69.23333333333333,10.118890948270394,0.0,0.0,27.266666666666666,3.5905367318812527,58.241379310344826,4.9110311138278515,0.47789655172413803,0.04658428983158701,7.818181818181818,2.3512569172485365,21.82758620689655,4.062625519091611,0.37786666666666663,0.06126467921682304,19.620689655172413,3.499120227218839,35.833333333333336,5.193386599110073,0.5361034482758621,0.06760988137183278,0.5506896551724138,0.055667445890930756,16.93103448275862,3.8259549179888097,22.0,5.656854249492381,0.7651379310344828,0.07835939370159004,9.137931034482758,2.773910827836428,24.483870967741936,3.0969981997835205,33.44827586206897,4.4044312661596985,12.666666666666666,3.594376194819493,5.59375,2.3398287089222523,4.617647058823529,1.82598592517316,11.06060606060606,2.66855993397415,17.93103448275862,2.4484839986460227,26.03448275862069,3.7175525610722673,59.724137931034484,4.2333417374468905,0.43910344827586206,0.05503203276766971,4.875,1.8447834036687378,16.566666666666666,3.784572433676904,0.2843666666666667,0.08388435526050889,20.766666666666666,4.352433590638637,42.935483870967744,5.853406323791118,0.48875862068965514,0.07367721840783127,0.47934482758620695,0.055092957718276346,12.433333333333334,4.005886473276746,18.413793103448278,4.3054553548733825,0.6821333333333333,0.09767671283312647,9.068965517241379,2.1535856227423973,21.533333333333335,3.0369373562434783,30.8,3.468081055410406,11.827586206896552,2.7395120201186165,4.78125,1.4969727517075382,2.03125,1.3556185351724968,11.033333333333333,3.4489711942622217,19.733333333333334,2.7534722071236346,9.344827586206897,11.059178030903192
