Year,Team,Rslt,Rslt_std,Tm,Tm_std,Opp_score,Opp_score_std,OT,OT_std,FG,FG_std,FGA,FGA_std,FG%,FG%_std,3P,3P_std,3PA,3PA_std,3P%,3P%_std,2P,2P_std,2PA,2PA_std,2P%,2P%_std,eFG%,eFG%_std,FT,FT_std,FTA,FTA_std,FT%,FT%_std,ORB,ORB_std,DRB,DRB_std,TRB,TRB_std,AST,AST_std,STL,STL_std,BLK,BLK_std,TOV,TOV_std,PF,PF_std,FG_opp,FG_opp_std,FGA_opp,FGA_opp_std,FG%_opp,FG%_opp_std,3P_opp,3P_opp_std,3PA_opp,3PA_opp_std,3P%_opp,3P%_opp_std,2P_opp,2P_opp_std,2PA_opp,2PA_opp_std,2P%_opp,2P%_opp_std,eFG%_opp,eFG%_opp_std,FT_opp,FT_opp_std,FTA_opp,FTA_opp_std,FT%_opp,FT%_opp_std,ORB_opp,ORB_opp_std,DRB_opp,DRB_opp_std,TRB_opp,TRB_opp_std,AST_opp,AST_opp_std,STL_opp,STL_opp_std,BLK_opp,BLK_opp_std,TOV_opp,TOV_opp_std,PF_opp,PF_opp_std,Spread,Spread_std
2017,florida-state,0.7575757575757576,0.4351941398892446,81.21428571428571,10.836690566490418,70.85714285714286,7.725447539304093,0.0,0.0,29.40740740740741,4.281078757467016,61.74074074074074,5.185724432684202,0.48244444444444445,0.0520527346014326,6.444444444444445,2.2072142786315223,19.17241379310345,4.5831131459276,0.3432592592592594,0.08251973777531726,22.814814814814813,3.1260325929330572,42.96551724137931,5.480372501812326,0.5451851851851851,0.07326088107002737,0.5325925925925927,0.0536385762870051,15.851851851851851,5.096784081870447,22.74074074074074,6.4066827645501565,0.7036296296296295,0.07310800658464589,10.758620689655173,2.558671145254241,24.62962962962963,3.306731457870889,35.22222222222222,3.662001694463891,13.925925925925926,3.50741989245575,7.275862068965517,2.4333479541590126,4.793103448275862,1.2922657385059222,11.678571428571429,2.5100327787231285,19.185185185185187,2.5725927812682707,24.5,3.391164991562634,59.32142857142857,4.346591439606113,0.41970370370370375,0.03848857454323777,7.035714285714286,2.0454492009977745,21.22222222222222,3.226492896359205,0.33522222222222225,0.084622388987482,16.862068965517242,3.4920740657649545,37.148148148148145,4.4089393779849635,0.45329629629629636,0.04663839192274539,0.47614285714285726,0.049065877322843406,16.0,4.337604732431807,21.88888888888889,5.168940773306337,0.7032962962962961,0.06516772137210192,9.5,3.0123203803835463,20.51851851851852,3.285988557150009,29.214285714285715,4.49985302523063,11.321428571428571,2.8291285325994386,4.9655172413793105,1.7419766814227708,2.6451612903225805,1.906976439231735,13.814814814814815,2.1668310259816512,19.142857142857142,3.4287918800378887,9.851851851851851,11.27182909088543
