Year,Team,Rslt,Rslt_std,Tm,Tm_std,Opp_score,Opp_score_std,OT,OT_std,FG,FG_std,FGA,FGA_std,FG%,FG%_std,3P,3P_std,3PA,3PA_std,3P%,3P%_std,2P,2P_std,2PA,2PA_std,2P%,2P%_std,eFG%,eFG%_std,FT,FT_std,FTA,FTA_std,FT%,FT%_std,ORB,ORB_std,DRB,DRB_std,TRB,TRB_std,AST,AST_std,STL,STL_std,BLK,BLK_std,TOV,TOV_std,PF,PF_std,FG_opp,FG_opp_std,FGA_opp,FGA_opp_std,FG%_opp,FG%_opp_std,3P_opp,3P_opp_std,3PA_opp,3PA_opp_std,3P%_opp,3P%_opp_std,2P_opp,2P_opp_std,2PA_opp,2PA_opp_std,2P%_opp,2P%_opp_std,eFG%_opp,eFG%_opp_std,FT_opp,FT_opp_std,FTA_opp,FTA_opp_std,FT%_opp,FT%_opp_std,ORB_opp,ORB_opp_std,DRB_opp,DRB_opp_std,TRB_opp,TRB_opp_std,AST_opp,AST_opp_std,STL_opp,STL_opp_std,BLK_opp,BLK_opp_std,TOV_opp,TOV_opp_std,PF_opp,PF_opp_std,Spread,Spread_std
2017,jacksonville-state,0.5882352941176471,0.4995541684356422,69.17241379310344,7.181667959450851,67.5,8.06225774829855,0.0,0.0,24.533333333333335,2.687561814311836,54.0,5.388602512436507,0.45949999999999996,0.04279364784984212,7.413793103448276,2.163285222910984,19.714285714285715,3.3206106405983564,0.3663571428571428,0.07565722617844163,17.214285714285715,2.3310646567314333,34.107142857142854,5.566695180993408,0.5137857142857143,0.05785765235911268,0.5283928571428572,0.055829329399196805,12.633333333333333,4.552250927370671,18.785714285714285,5.619787414307642,0.7076428571428571,0.07546655589200463,8.785714285714286,2.60138343332846,23.266666666666666,3.7410429426632588,32.607142857142854,5.101483340669876,13.862068965517242,2.9727829425717114,4.451612903225806,1.501970032488872,3.3666666666666667,1.6709141279516746,12.9375,2.9939455034150764,18.586206896551722,2.413018876536644,23.516129032258064,3.1714451778533133,55.67857142857143,4.0738876821239005,0.4203103448275862,0.052825253327954444,7.517241379310345,2.293168264575274,19.928571428571427,4.4549479061556765,0.3730357142857143,0.07702884603635915,15.366666666666667,2.5928726358514265,35.206896551724135,5.016966288397427,0.44825,0.06462692077523802,0.48717857142857135,0.06550547252876611,13.392857142857142,3.665042930517961,18.75,4.888573222132215,0.7284285714285713,0.07497773920078796,8.344827586206897,2.482450719823997,20.103448275862068,2.9319036671249097,28.033333333333335,4.122966234971206,11.321428571428571,3.0191189716669604,5.586206896551724,1.93680962592961,2.5,2.1402441826320477,10.862068965517242,2.371318770085457,18.344827586206897,3.6671890954883914,2.3214285714285716,9.862212100397533
