Year,Team,Rslt,Rslt_std,Tm,Tm_std,Opp_score,Opp_score_std,OT,OT_std,FG,FG_std,FGA,FGA_std,FG%,FG%_std,3P,3P_std,3PA,3PA_std,3P%,3P%_std,2P,2P_std,2PA,2PA_std,2P%,2P%_std,eFG%,eFG%_std,FT,FT_std,FTA,FTA_std,FT%,FT%_std,ORB,ORB_std,DRB,DRB_std,TRB,TRB_std,AST,AST_std,STL,STL_std,BLK,BLK_std,TOV,TOV_std,PF,PF_std,FG_opp,FG_opp_std,FGA_opp,FGA_opp_std,FG%_opp,FG%_opp_std,3P_opp,3P_opp_std,3PA_opp,3PA_opp_std,3P%_opp,3P%_opp_std,2P_opp,2P_opp_std,2PA_opp,2PA_opp_std,2P%_opp,2P%_opp_std,eFG%_opp,eFG%_opp_std,FT_opp,FT_opp_std,FTA_opp,FTA_opp_std,FT%_opp,FT%_opp_std,ORB_opp,ORB_opp_std,DRB_opp,DRB_opp_std,TRB_opp,TRB_opp_std,AST_opp,AST_opp_std,STL_opp,STL_opp_std,BLK_opp,BLK_opp_std,TOV_opp,TOV_opp_std,PF_opp,PF_opp_std,Spread,Spread_std
2017,arizona,0.8823529411764706,0.3270349700838643,76.0,8.013876853447538,64.72413793103448,7.195715747801097,0.0,0.0,26.20689655172414,3.5993978697319005,54.96551724137931,4.37103092302597,0.47132142857142856,0.04763989424641415,6.733333333333333,2.4344274032324718,16.892857142857142,2.469657131912515,0.3886071428571429,0.1049805411548446,19.03448275862069,2.6522599342109534,37.75,4.4022300745905625,0.5079285714285714,0.06179052340827664,0.5341071428571429,0.06040133631445109,17.285714285714285,3.808928524918328,23.17241379310345,5.148293514202001,0.7614285714285717,0.06858540421953982,8.535714285714286,2.317120544781307,24.896551724137932,3.4052986819514808,33.206896551724135,4.10904325277819,13.827586206896552,2.8166465055000804,5.275862068965517,1.8496438213909865,2.903225806451613,1.300124063558998,10.827586206896552,2.3765065224466624,17.033333333333335,2.9182343898362566,23.714285714285715,2.323106841457232,57.07142857142857,3.952763416186026,0.4152857142857143,0.034202942414962925,6.064516129032258,2.1281523108237614,20.586206896551722,3.8961266606291205,0.2941785714285715,0.05328265201067797,17.677419354838708,2.6380181547794996,36.17857142857143,3.7815690593012508,0.48557142857142865,0.054806344976977346,0.4707142857142858,0.038676107221917645,11.071428571428571,3.750837648950307,16.79310344827586,4.655099433837719,0.6797142857142857,0.09730816156355183,7.9655172413793105,2.4565184222025875,19.714285714285715,2.088010622527663,27.5,3.23751161874077,12.1,2.3096499212263075,4.75,1.481365736219265,2.9655172413793105,1.917639147878931,11.448275862068966,2.5854842997085496,19.928571428571427,2.5521025671448854,10.964285714285714,6.256742394954854
