Year,Team,Rslt,Rslt_std,Tm,Tm_std,Opp_score,Opp_score_std,OT,OT_std,FG,FG_std,FGA,FGA_std,FG%,FG%_std,3P,3P_std,3PA,3PA_std,3P%,3P%_std,2P,2P_std,2PA,2PA_std,2P%,2P%_std,eFG%,eFG%_std,FT,FT_std,FTA,FTA_std,FT%,FT%_std,ORB,ORB_std,DRB,DRB_std,TRB,TRB_std,AST,AST_std,STL,STL_std,BLK,BLK_std,TOV,TOV_std,PF,PF_std,FG_opp,FG_opp_std,FGA_opp,FGA_opp_std,FG%_opp,FG%_opp_std,3P_opp,3P_opp_std,3PA_opp,3PA_opp_std,3P%_opp,3P%_opp_std,2P_opp,2P_opp_std,2PA_opp,2PA_opp_std,2P%_opp,2P%_opp_std,eFG%_opp,eFG%_opp_std,FT_opp,FT_opp_std,FTA_opp,FTA_opp_std,FT%_opp,FT%_opp_std,ORB_opp,ORB_opp_std,DRB_opp,DRB_opp_std,TRB_opp,TRB_opp_std,AST_opp,AST_opp_std,STL_opp,STL_opp_std,BLK_opp,BLK_opp_std,TOV_opp,TOV_opp_std,PF_opp,PF_opp_std,Spread,Spread_std
2017,nevada,0.8235294117647058,0.3869529949759475,80.0,6.1161595308990595,70.36666666666666,6.37605073603604,0.0,0.0,25.9,2.643795599590444,59.07142857142857,5.603759131343566,0.4553928571428571,0.043225797583382734,9.433333333333334,2.238893404823222,24.03448275862069,3.2676199138635806,0.3938275862068967,0.07903573738032203,17.392857142857142,2.871820763445118,35.214285714285715,5.028490259085155,0.4967500000000001,0.06479576174983005,0.5352142857142858,0.04827341661124424,16.79310344827586,3.9494964447999803,24.766666666666666,5.899639575977229,0.7132857142857142,0.06480332475630321,9.448275862068966,2.3692404885555276,26.75,3.5342242063486493,36.96551724137931,4.419783112169723,15.533333333333333,3.266690124241369,5.064516129032258,2.220142395898181,4.321428571428571,1.3892063129334606,10.89655172413793,2.677216406032404,16.20689655172414,3.098148183590915,26.071428571428573,2.4332354840078514,61.935483870967744,5.157101795071645,0.42275000000000007,0.038369186132161365,6.607142857142857,2.0428608428574924,21.678571428571427,4.18156068178494,0.3043928571428572,0.0701413067318603,19.482758620689655,3.9966118655607383,39.93103448275862,5.54804363513301,0.4867857142857143,0.058811914352801586,0.4788571428571429,0.044286704204672636,11.724137931034482,4.4713097451908235,16.413793103448278,6.097524330059293,0.6843928571428571,0.08605955702010877,8.290322580645162,2.0847629503470615,23.035714285714285,3.0969775332200653,31.655172413793103,3.884730750634606,14.033333333333333,2.4422055229017796,5.451612903225806,2.0467650846709193,1.7741935483870968,1.7264545060007583,11.035714285714286,2.7009208698096923,20.928571428571427,3.310237447324883,10.10344827586207,7.983665590200885
