Year,Team,Rslt,Rslt_std,Tm,Tm_std,Opp_score,Opp_score_std,OT,OT_std,FG,FG_std,FGA,FGA_std,FG%,FG%_std,3P,3P_std,3PA,3PA_std,3P%,3P%_std,2P,2P_std,2PA,2PA_std,2P%,2P%_std,eFG%,eFG%_std,FT,FT_std,FTA,FTA_std,FT%,FT%_std,ORB,ORB_std,DRB,DRB_std,TRB,TRB_std,AST,AST_std,STL,STL_std,BLK,BLK_std,TOV,TOV_std,PF,PF_std,FG_opp,FG_opp_std,FGA_opp,FGA_opp_std,FG%_opp,FG%_opp_std,3P_opp,3P_opp_std,3PA_opp,3PA_opp_std,3P%_opp,3P%_opp_std,2P_opp,2P_opp_std,2PA_opp,2PA_opp_std,2P%_opp,2P%_opp_std,eFG%_opp,eFG%_opp_std,FT_opp,FT_opp_std,FTA_opp,FTA_opp_std,FT%_opp,FT%_opp_std,ORB_opp,ORB_opp_std,DRB_opp,DRB_opp_std,TRB_opp,TRB_opp_std,AST_opp,AST_opp_std,STL_opp,STL_opp_std,BLK_opp,BLK_opp_std,TOV_opp,TOV_opp_std,PF_opp,PF_opp_std,Spread,Spread_std
2017,mount-st-marys,0.5588235294117647,0.5039947372613783,68.64285714285714,8.247173638033397,68.67857142857143,7.649999135456603,0.0,0.0,24.433333333333334,3.8298584950300736,54.9,5.274205284145692,0.44225000000000003,0.056109433418263265,6.548387096774194,2.218688947365378,19.896551724137932,3.7162272303488395,0.3351,0.07668221481520676,17.178571428571427,3.3890189930789316,34.357142857142854,4.580265928833826,0.5014285714285714,0.06384032660934076,0.5039285714285714,0.06578524464268877,11.733333333333333,4.076284086520833,18.142857142857142,4.46147530585589,0.6775357142857142,0.08818981302674998,6.354838709677419,2.106314112326304,21.551724137931036,2.62659756687718,27.928571428571427,3.516401479507049,10.89655172413793,2.6638429220396036,6.310344827586207,2.3161459409338683,3.7857142857142856,1.5481684006675103,12.241379310344827,2.9839471990468445,18.258064516129032,3.265657074622542,25.5,3.7301197170396927,56.74193548387097,4.7255880899311276,0.4506071428571429,0.04609839660240006,5.413793103448276,1.8031171695410133,15.310344827586206,3.3391984525359857,0.34153571428571433,0.08445050364644113,20.413793103448278,3.7178838199333457,41.035714285714285,3.8918922642880798,0.4888571428571429,0.060719582713221316,0.4985357142857142,0.04993438816780598,11.666666666666666,4.301830671520763,19.413793103448278,5.315188757428432,0.6626071428571431,0.109496943737397,9.862068965517242,2.2316575827179364,24.266666666666666,3.768593749739379,34.785714285714285,4.4916147624883385,10.862068965517242,3.45092262954038,6.178571428571429,1.5647404572045482,2.2903225806451615,1.7164604740977243,14.533333333333333,2.9447010659515325,19.17241379310345,2.0189984348193426,-0.35714285714285715,9.031690238899282
