Year,Team,Rslt,Rslt_std,Tm,Tm_std,Opp_score,Opp_score_std,OT,OT_std,FG,FG_std,FGA,FGA_std,FG%,FG%_std,3P,3P_std,3PA,3PA_std,3P%,3P%_std,2P,2P_std,2PA,2PA_std,2P%,2P%_std,eFG%,eFG%_std,FT,FT_std,FTA,FTA_std,FT%,FT%_std,ORB,ORB_std,DRB,DRB_std,TRB,TRB_std,AST,AST_std,STL,STL_std,BLK,BLK_std,TOV,TOV_std,PF,PF_std,FG_opp,FG_opp_std,FGA_opp,FGA_opp_std,FG%_opp,FG%_opp_std,3P_opp,3P_opp_std,3PA_opp,3PA_opp_std,3P%_opp,3P%_opp_std,2P_opp,2P_opp_std,2PA_opp,2PA_opp_std,2P%_opp,2P%_opp_std,eFG%_opp,eFG%_opp_std,FT_opp,FT_opp_std,FTA_opp,FTA_opp_std,FT%_opp,FT%_opp_std,ORB_opp,ORB_opp_std,DRB_opp,DRB_opp_std,TRB_opp,TRB_opp_std,AST_opp,AST_opp_std,STL_opp,STL_opp_std,BLK_opp,BLK_opp_std,TOV_opp,TOV_opp_std,PF_opp,PF_opp_std,Spread,Spread_std
2017,kansas-state,0.6060606060606061,0.49619766344887317,71.70370370370371,7.829013174944036,66.85185185185185,9.944862236365314,0.0,0.0,24.814814814814813,3.627215896068934,53.888888888888886,5.8265528358299425,0.46177777777777773,0.050822718521825634,6.933333333333334,1.779835973328448,19.724137931034484,2.6578260682119503,0.36137037037037034,0.07365624321971741,17.03448275862069,3.7557837171553503,33.37931034482759,5.839604885749967,0.5185925925925926,0.0654706389032867,0.5263703703703704,0.05897988454233172,14.851851851851851,3.602389204015576,20.433333333333334,5.1640890863688655,0.7042413793103447,0.09061876783395281,8.448275862068966,2.4287887471587815,22.137931034482758,3.5629455904894445,30.75,4.291464396527911,15.03225806451613,3.4591315959138447,7.814814814814815,1.7549279414756833,3.586206896551724,1.7220677226460377,12.185185185185185,2.4025153011125178,18.17241379310345,3.0480551822578064,23.48148148148148,3.4123122137158908,56.03448275862069,3.8866323893634784,0.42948148148148146,0.04996719721698224,7.037037037037037,1.5561659364130875,18.357142857142858,2.585060866312374,0.38318518518518524,0.08127542775461201,16.24137931034483,3.8233789507430753,36.82142857142857,3.761929877352368,0.444357142857143,0.06503914165400669,0.49451851851851863,0.05362144402437572,12.392857142857142,4.201757002107797,18.0,4.75612128263908,0.702464285714286,0.08825446464117567,9.703703703703704,2.628465694817398,21.074074074074073,3.037280234860001,30.88888888888889,3.500915631147123,12.758620689655173,2.9719542922580313,6.107142857142857,1.6406702721140958,2.9310344827586206,1.4621665549733924,14.5,3.3166247903554,19.11111111111111,2.3750843439814173,4.535714285714286,10.082923381407989
