Year,Team,Rslt,Rslt_std,Tm,Tm_std,Opp_score,Opp_score_std,OT,OT_std,FG,FG_std,FGA,FGA_std,FG%,FG%_std,3P,3P_std,3PA,3PA_std,3P%,3P%_std,2P,2P_std,2PA,2PA_std,2P%,2P%_std,eFG%,eFG%_std,FT,FT_std,FTA,FTA_std,FT%,FT%_std,ORB,ORB_std,DRB,DRB_std,TRB,TRB_std,AST,AST_std,STL,STL_std,BLK,BLK_std,TOV,TOV_std,PF,PF_std,FG_opp,FG_opp_std,FGA_opp,FGA_opp_std,FG%_opp,FG%_opp_std,3P_opp,3P_opp_std,3PA_opp,3PA_opp_std,3P%_opp,3P%_opp_std,2P_opp,2P_opp_std,2PA_opp,2PA_opp_std,2P%_opp,2P%_opp_std,eFG%_opp,eFG%_opp_std,FT_opp,FT_opp_std,FTA_opp,FTA_opp_std,FT%_opp,FT%_opp_std,ORB_opp,ORB_opp_std,DRB_opp,DRB_opp_std,TRB_opp,TRB_opp_std,AST_opp,AST_opp_std,STL_opp,STL_opp_std,BLK_opp,BLK_opp_std,TOV_opp,TOV_opp_std,PF_opp,PF_opp_std,Spread,Spread_std
2017,florida,0.75,0.43994134506405985,77.65384615384616,7.50435770838415,66.07692307692308,7.081938022451634,0.0,0.0,26.25925925925926,2.7258392157644646,59.0,3.63318042491699,0.44730769230769235,0.04651517535666762,7.703703703703703,2.0534176916848206,21.14814814814815,3.7998350541499084,0.35980769230769233,0.07293834066155837,18.846153846153847,2.2749471676029347,37.96296296296296,4.118265892352504,0.4952222222222223,0.05590536876195574,0.5106153846153847,0.05349772101544283,17.178571428571427,4.513794260302371,24.153846153846153,4.531598461402401,0.7255555555555558,0.06140867724536688,9.785714285714286,2.4997354357366,23.76923076923077,3.479168777828317,33.34615384615385,4.3812537720822124,12.428571428571429,2.9743168705705934,7.5,1.816590212458495,4.392857142857143,1.6630914033428879,11.5,2.1688023662159037,18.22222222222222,3.2383914968977248,23.615384615384617,2.7867819875537174,57.65384615384615,4.1946852820425775,0.4113076923076923,0.0502846053823786,5.538461538461538,1.3335897189396515,17.59259259259259,3.128765537584079,0.31930769230769235,0.06454565468303454,17.96153846153846,3.6053379229222795,39.92307692307692,5.011371683865223,0.46518518518518515,0.07386944670630176,0.4618846153846154,0.05413636627855767,13.5,3.722902093797257,18.285714285714285,5.516689445116739,0.7121153846153846,0.07985152568264524,9.0,2.0727509006864033,22.62962962962963,3.8345408726083106,31.923076923076923,4.2135313163481,9.793103448275861,2.483938553772266,5.241379310344827,1.9576803404210137,2.774193548387097,1.9443881200239634,15.0,3.3110365390558534,20.692307692307693,2.949837022877444,11.153846153846153,10.383418734472025
