Year,Team,Rslt,Rslt_std,Tm,Tm_std,Opp_score,Opp_score_std,OT,OT_std,FG,FG_std,FGA,FGA_std,FG%,FG%_std,3P,3P_std,3PA,3PA_std,3P%,3P%_std,2P,2P_std,2PA,2PA_std,2P%,2P%_std,eFG%,eFG%_std,FT,FT_std,FTA,FTA_std,FT%,FT%_std,ORB,ORB_std,DRB,DRB_std,TRB,TRB_std,AST,AST_std,STL,STL_std,BLK,BLK_std,TOV,TOV_std,PF,PF_std,FG_opp,FG_opp_std,FGA_opp,FGA_opp_std,FG%_opp,FG%_opp_std,3P_opp,3P_opp_std,3PA_opp,3PA_opp_std,3P%_opp,3P%_opp_std,2P_opp,2P_opp_std,2PA_opp,2PA_opp_std,2P%_opp,2P%_opp_std,eFG%_opp,eFG%_opp_std,FT_opp,FT_opp_std,FTA_opp,FTA_opp_std,FT%_opp,FT%_opp_std,ORB_opp,ORB_opp_std,DRB_opp,DRB_opp_std,TRB_opp,TRB_opp_std,AST_opp,AST_opp_std,STL_opp,STL_opp_std,BLK_opp,BLK_opp_std,TOV_opp,TOV_opp_std,PF_opp,PF_opp_std,Spread,Spread_std
2017,creighton,0.7352941176470589,0.4478110755198991,81.78571428571429,8.987057124954518,70.86666666666666,7.784747834745497,0.0,0.0,31.225806451612904,4.1369044580004095,60.241379310344826,4.837761970860028,0.506896551724138,0.045096202586079576,8.517241379310345,2.898530288355172,21.466666666666665,3.5207104821116113,0.3873793103448276,0.09998300348170021,22.733333333333334,3.8050178606072573,38.333333333333336,5.046906415599173,0.5642142857142856,0.06641137628050559,0.5826071428571428,0.05526256470886108,11.586206896551724,4.420061743099058,16.566666666666666,6.273553320437136,0.6866071428571432,0.08089606467822326,6.827586206896552,2.2211477971863585,25.142857142857142,3.658721550793854,31.75,4.195456095807922,17.214285714285715,3.083494204297538,5.862068965517241,1.9950678100010695,2.8666666666666667,1.2793676598989838,12.6875,2.82200454950366,16.464285714285715,2.8216378597616334,26.96551724137931,2.6656915294251995,61.392857142857146,4.763590971294549,0.437,0.03923622664683087,7.258064516129032,2.8162355717693304,22.75862068965517,3.4398419026564193,0.34661290322580646,0.100357918611124,19.285714285714285,2.386026339569975,39.03448275862069,5.519334578297652,0.5022857142857143,0.05954758890093994,0.4986428571428571,0.054585450704115544,10.90625,4.320688229228481,17.137931034482758,5.3232920663481655,0.6784827586206896,0.1027276637834422,8.733333333333333,2.4202213254923226,23.655172413793103,3.1084661131102393,32.8,4.097097374550882,12.642857142857142,2.3603873774083297,6.714285714285714,1.739670953500985,2.892857142857143,1.1333099904225385,13.310344827586206,2.4216795865069423,17.428571428571427,2.7945525240230875,9.107142857142858,10.130040714021089
