Year,Team,Rslt,Rslt_std,Tm,Tm_std,Opp_score,Opp_score_std,OT,OT_std,FG,FG_std,FGA,FGA_std,FG%,FG%_std,3P,3P_std,3PA,3PA_std,3P%,3P%_std,2P,2P_std,2PA,2PA_std,2P%,2P%_std,eFG%,eFG%_std,FT,FT_std,FTA,FTA_std,FT%,FT%_std,ORB,ORB_std,DRB,DRB_std,TRB,TRB_std,AST,AST_std,STL,STL_std,BLK,BLK_std,TOV,TOV_std,PF,PF_std,FG_opp,FG_opp_std,FGA_opp,FGA_opp_std,FG%_opp,FG%_opp_std,3P_opp,3P_opp_std,3PA_opp,3PA_opp_std,3P%_opp,3P%_opp_std,2P_opp,2P_opp_std,2PA_opp,2PA_opp_std,2P%_opp,2P%_opp_std,eFG%_opp,eFG%_opp_std,FT_opp,FT_opp_std,FTA_opp,FTA_opp_std,FT%_opp,FT%_opp_std,ORB_opp,ORB_opp_std,DRB_opp,DRB_opp_std,TRB_opp,TRB_opp_std,AST_opp,AST_opp_std,STL_opp,STL_opp_std,BLK_opp,BLK_opp_std,TOV_opp,TOV_opp_std,PF_opp,PF_opp_std,Spread,Spread_std
2017,east-tennessee-state,0.7941176470588235,0.4104256301219048,78.96428571428571,9.335246402576924,69.75,6.35158189686574,0.0,0.0,26.6,3.7008852622228012,56.03448275862069,4.981987258548036,0.48921428571428577,0.05364378887304741,7.357142857142857,2.2967656117097093,19.035714285714285,2.8736625598591963,0.38096428571428576,0.0744965731962848,19.733333333333334,3.413293821610392,36.214285714285715,4.5814209574561024,0.5526428571428572,0.06987460423830906,0.5556785714285714,0.06035454112923595,17.214285714285715,3.9940431835899015,24.032258064516128,6.353392117432188,0.7013928571428572,0.06481560128018693,8.466666666666667,2.9211869733608857,24.428571428571427,2.754505688377061,33.0,4.705096283231913,14.8,3.367184437253588,8.266666666666667,2.8397830579274808,4.548387096774194,1.6296975113482328,14.466666666666667,2.9211869733608857,20.17241379310345,2.0189984348193426,23.137931034482758,2.099730219593434,55.44827586206897,5.779188072586419,0.42506666666666676,0.043681396129428965,7.733333333333333,2.490441497119479,21.571428571428573,3.0843520410659213,0.34782142857142867,0.06440614967844387,15.321428571428571,2.450299625345491,33.75,4.551149630913376,0.4498928571428572,0.059769519846201734,0.48928571428571427,0.04427093113901428,14.892857142857142,3.6141623250995956,20.5,5.110840405957949,0.7158214285714287,0.07143712779439854,7.758620689655173,2.0642392651634074,20.821428571428573,3.367090968076388,29.344827586206897,5.037543775555742,11.233333333333333,2.2078751422302307,6.516129032258065,1.929956264477436,3.310344827586207,1.6279577099601572,15.310344827586206,3.296138956370686,20.333333333333332,3.497125256188469,10.178571428571429,9.396822045258947
