Year,Team,Rslt,Rslt_std,Tm,Tm_std,Opp_score,Opp_score_std,OT,OT_std,FG,FG_std,FGA,FGA_std,FG%,FG%_std,3P,3P_std,3PA,3PA_std,3P%,3P%_std,2P,2P_std,2PA,2PA_std,2P%,2P%_std,eFG%,eFG%_std,FT,FT_std,FTA,FTA_std,FT%,FT%_std,ORB,ORB_std,DRB,DRB_std,TRB,TRB_std,AST,AST_std,STL,STL_std,BLK,BLK_std,TOV,TOV_std,PF,PF_std,FG_opp,FG_opp_std,FGA_opp,FGA_opp_std,FG%_opp,FG%_opp_std,3P_opp,3P_opp_std,3PA_opp,3PA_opp_std,3P%_opp,3P%_opp_std,2P_opp,2P_opp_std,2PA_opp,2PA_opp_std,2P%_opp,2P%_opp_std,eFG%_opp,eFG%_opp_std,FT_opp,FT_opp_std,FTA_opp,FTA_opp_std,FT%_opp,FT%_opp_std,ORB_opp,ORB_opp_std,DRB_opp,DRB_opp_std,TRB_opp,TRB_opp_std,AST_opp,AST_opp_std,STL_opp,STL_opp_std,BLK_opp,BLK_opp_std,TOV_opp,TOV_opp_std,PF_opp,PF_opp_std,Spread,Spread_std
2017,kent-state,0.6285714285714286,0.4902408943099112,76.7,10.894952959971878,70.96551724137932,7.826159241473841,0.14285714285714285,0.3550358012483632,26.451612903225808,4.2804883652640955,63.3448275862069,6.007589616886802,0.4250344827586207,0.048768756654396714,6.709677419354839,2.253790117218797,22.17241379310345,3.1060880945703278,0.3174137931034483,0.07790998342472791,19.64516129032258,3.0391707980607054,40.833333333333336,5.065660819698639,0.4805,0.062255175660757105,0.48227586206896556,0.06008796917361133,14.5,4.29715222459937,20.566666666666666,5.230437005104623,0.725,0.0969447559916766,12.827586206896552,3.836562500815033,24.103448275862068,2.8201421897562806,36.93333333333333,5.48938369339704,12.133333333333333,2.897482061868645,6.4,1.6525841832592434,3.6470588235294117,1.8567216618998852,12.5,4.536589595862769,19.103448275862068,3.4262101885549336,25.133333333333333,3.4912040540659377,59.43333333333333,6.398724729265945,0.4278620689655172,0.04699523086588607,7.0344827586206895,2.061254101974428,20.633333333333333,4.965281763254302,0.34403448275862075,0.07365580316513748,18.2,2.845444029345496,37.93103448275862,5.2162591582389135,0.4792413793103447,0.06748738250984074,0.4907241379310344,0.06080113753148992,14.068965517241379,4.605362049384536,19.93103448275862,6.064716660928184,0.7113448275862067,0.07051356296186113,9.3125,3.166737407246078,21.375,4.233125894502746,30.93103448275862,4.22518836843619,12.666666666666666,2.8446360088750384,5.931034482758621,2.328872113319459,2.3,1.417866293973521,13.9,2.916658456474487,19.366666666666667,2.8343135559308417,3.5517241379310347,8.95459262412531
