Year,Team,Rslt,Rslt_std,Tm,Tm_std,Opp_score,Opp_score_std,OT,OT_std,FG,FG_std,FGA,FGA_std,FG%,FG%_std,3P,3P_std,3PA,3PA_std,3P%,3P%_std,2P,2P_std,2PA,2PA_std,2P%,2P%_std,eFG%,eFG%_std,FT,FT_std,FTA,FTA_std,FT%,FT%_std,ORB,ORB_std,DRB,DRB_std,TRB,TRB_std,AST,AST_std,STL,STL_std,BLK,BLK_std,TOV,TOV_std,PF,PF_std,FG_opp,FG_opp_std,FGA_opp,FGA_opp_std,FG%_opp,FG%_opp_std,3P_opp,3P_opp_std,3PA_opp,3PA_opp_std,3P%_opp,3P%_opp_std,2P_opp,2P_opp_std,2PA_opp,2PA_opp_std,2P%_opp,2P%_opp_std,eFG%_opp,eFG%_opp_std,FT_opp,FT_opp_std,FTA_opp,FTA_opp_std,FT%_opp,FT%_opp_std,ORB_opp,ORB_opp_std,DRB_opp,DRB_opp_std,TRB_opp,TRB_opp_std,AST_opp,AST_opp_std,STL_opp,STL_opp_std,BLK_opp,BLK_opp_std,TOV_opp,TOV_opp_std,PF_opp,PF_opp_std,Spread,Spread_std
2017,winthrop,0.8125,0.39655776945626603,79.65384615384616,7.188559286490208,69.65384615384616,8.795190993684255,0.15625,0.36890203262847354,26.88888888888889,2.621410855206576,58.77777777777778,4.144814492771321,0.4622142857142858,0.04175533422819098,9.428571428571429,2.1331349114072813,25.26923076923077,3.852871057356499,0.37726923076923075,0.05497167102594404,16.892857142857142,2.6852034299690333,33.51851851851852,4.379764398039715,0.5219615384615384,0.05344790418284389,0.5362307692307693,0.0471926330626361,15.518518518518519,4.3444958136294565,22.076923076923077,5.01934718403162,0.7283703703703702,0.08152967753578029,8.413793103448276,3.235045168367717,25.76923076923077,2.53468250173772,33.96296296296296,3.3567553184297285,12.692307692307692,2.9633660694450934,6.3076923076923075,1.9752312425481886,5.037037037037037,1.652072858364524,12.76923076923077,2.518851997362168,17.74074074074074,3.6225001204288625,24.703703703703702,3.4620449138847094,60.30769230769231,5.870395085642742,0.4072962962962964,0.04739588980460616,6.392857142857143,2.7398200226682325,20.48148148148148,3.8667256111039157,0.29748148148148146,0.08995356510246759,17.620689655172413,4.296292364215654,39.74074074074074,6.549178413491107,0.4524999999999999,0.05744928197984724,0.45992307692307693,0.05363798883397706,14.592592592592593,5.264242653245642,18.714285714285715,7.148463408350714,0.7334285714285713,0.08780467741334386,9.074074074074074,3.3503837429571,23.821428571428573,3.055699852292693,33.07692307692308,4.621022197939126,9.142857142857142,3.1235578682991867,5.846153846153846,1.8908687462075773,3.0,1.387777332977422,13.321428571428571,2.404526155346627,19.307692307692307,2.6947241902537002,9.115384615384615,7.2901408660021
