Year,Team,Rslt,Rslt_std,Tm,Tm_std,Opp_score,Opp_score_std,OT,OT_std,FG,FG_std,FGA,FGA_std,FG%,FG%_std,3P,3P_std,3PA,3PA_std,3P%,3P%_std,2P,2P_std,2PA,2PA_std,2P%,2P%_std,eFG%,eFG%_std,FT,FT_std,FTA,FTA_std,FT%,FT%_std,ORB,ORB_std,DRB,DRB_std,TRB,TRB_std,AST,AST_std,STL,STL_std,BLK,BLK_std,TOV,TOV_std,PF,PF_std,FG_opp,FG_opp_std,FGA_opp,FGA_opp_std,FG%_opp,FG%_opp_std,3P_opp,3P_opp_std,3PA_opp,3PA_opp_std,3P%_opp,3P%_opp_std,2P_opp,2P_opp_std,2PA_opp,2PA_opp_std,2P%_opp,2P%_opp_std,eFG%_opp,eFG%_opp_std,FT_opp,FT_opp_std,FTA_opp,FTA_opp_std,FT%_opp,FT%_opp_std,ORB_opp,ORB_opp_std,DRB_opp,DRB_opp_std,TRB_opp,TRB_opp_std,AST_opp,AST_opp_std,STL_opp,STL_opp_std,BLK_opp,BLK_opp_std,TOV_opp,TOV_opp_std,PF_opp,PF_opp_std,Spread,Spread_std
2017,marquette,0.6129032258064516,0.4951376478541908,82.52,8.1706792863262,75.84,8.03471634014958,0.0,0.0,28.846153846153847,3.5630583233206576,58.88461538461539,3.8086945068033278,0.48616,0.05694710996471492,10.8,1.9148542155126762,24.692307692307693,3.6961518450326767,0.43,0.04444097208657794,18.53846153846154,3.3493971903107487,34.88,3.539303132915669,0.5241599999999998,0.07027249343330101,0.5752799999999999,0.06156738855378985,14.807692307692308,3.1243460854294716,18.72,3.089228598426043,0.7879615384615387,0.06848911199262596,7.296296296296297,2.0534176916848206,22.77777777777778,3.10500010322474,30.76923076923077,3.85027471547361,17.11111111111111,3.7757661813743515,7.5,2.9249881291307074,3.6538461538461537,1.093336460283208,11.666666666666666,1.9215378456610457,19.2,3.2145502536643185,27.192307692307693,3.0596631287673586,58.03448275862069,5.809369025368108,0.4582,0.047472799229313065,7.230769230769231,1.9454087962727484,19.68,3.4607320998116378,0.3736,0.08007236310571415,19.037037037037038,3.3106062828602805,38.30769230769231,4.017653352585121,0.5083999999999999,0.06921885581256021,0.5194000000000001,0.05410406639061429,14.555555555555555,3.682947537517004,20.11111111111111,5.366085332425472,0.70012,0.07398328640082615,8.6,1.9790570145063195,22.307692307692307,2.839284850369625,31.24,2.8907899727698427,15.333333333333334,3.1255768698323148,6.413793103448276,2.2759180467813476,3.5,1.5033296378372907,12.928571428571429,3.3102374473248832,17.115384615384617,2.286078267722662,6.88,11.677328461596
