Year,Team,Rslt,Rslt_std,Tm,Tm_std,Opp_score,Opp_score_std,OT,OT_std,FG,FG_std,FGA,FGA_std,FG%,FG%_std,3P,3P_std,3PA,3PA_std,3P%,3P%_std,2P,2P_std,2PA,2PA_std,2P%,2P%_std,eFG%,eFG%_std,FT,FT_std,FTA,FTA_std,FT%,FT%_std,ORB,ORB_std,DRB,DRB_std,TRB,TRB_std,AST,AST_std,STL,STL_std,BLK,BLK_std,TOV,TOV_std,PF,PF_std,FG_opp,FG_opp_std,FGA_opp,FGA_opp_std,FG%_opp,FG%_opp_std,3P_opp,3P_opp_std,3PA_opp,3PA_opp_std,3P%_opp,3P%_opp_std,2P_opp,2P_opp_std,2PA_opp,2PA_opp_std,2P%_opp,2P%_opp_std,eFG%_opp,eFG%_opp_std,FT_opp,FT_opp_std,FTA_opp,FTA_opp_std,FT%_opp,FT%_opp_std,ORB_opp,ORB_opp_std,DRB_opp,DRB_opp_std,TRB_opp,TRB_opp_std,AST_opp,AST_opp_std,STL_opp,STL_opp_std,BLK_opp,BLK_opp_std,TOV_opp,TOV_opp_std,PF_opp,PF_opp_std,Spread,Spread_std
2017,oregon,0.8529411764705882,0.359490627953571,77.82758620689656,7.171715104279158,64.27586206896552,5.933539967989104,0.0,0.0,27.633333333333333,3.1456958369891037,57.42857142857143,4.049952641959705,0.481,0.04507853229724848,8.428571428571429,2.3321992708929136,21.866666666666667,3.4011492310620572,0.36714285714285716,0.06182395213993568,19.17241379310345,2.8039381172767066,35.36666666666667,4.405978174952859,0.5442857142857144,0.0556203114663973,0.55325,0.0521625841498021,13.4,4.157253735423141,19.25,5.869549633764571,0.7106428571428571,0.06378332203101504,8.827586206896552,2.4938347625013364,23.466666666666665,3.7667632985265262,32.3448275862069,4.707712987890689,16.0,3.6616126785075735,6.655172413793103,1.9870268901222665,6.607142857142857,2.469657131912515,11.129032258064516,3.5283795665420405,15.758620689655173,2.098556858104995,23.066666666666666,2.970351579484679,58.241379310344826,4.248152307716457,0.4016785714285714,0.055131528635939786,6.857142857142857,1.5803020272576052,21.586206896551722,3.698621764342094,0.323,0.0716020749898852,17.03030303030303,4.003786086981051,36.41379310344828,3.2570499511423607,0.45724137931034486,0.08100954757329258,0.45924999999999994,0.05940110050109122,10.366666666666667,3.624469838361937,15.517241379310345,4.740559714204736,0.7107500000000001,0.07405184620200853,8.548387096774194,2.6056184125516073,20.466666666666665,3.501067160790809,29.310344827586206,4.124001595848573,11.321428571428571,1.9446711885935966,4.366666666666666,2.008316044185609,3.1379310344827585,1.5748954144648664,13.137931034482758,2.3102896839239278,18.862068965517242,2.960744813761691,12.785714285714286,9.271050693011064
