Year,Team,Rslt,Rslt_std,Tm,Tm_std,Opp_score,Opp_score_std,OT,OT_std,FG,FG_std,FGA,FGA_std,FG%,FG%_std,3P,3P_std,3PA,3PA_std,3P%,3P%_std,2P,2P_std,2PA,2PA_std,2P%,2P%_std,eFG%,eFG%_std,FT,FT_std,FTA,FTA_std,FT%,FT%_std,ORB,ORB_std,DRB,DRB_std,TRB,TRB_std,AST,AST_std,STL,STL_std,BLK,BLK_std,TOV,TOV_std,PF,PF_std,FG_opp,FG_opp_std,FGA_opp,FGA_opp_std,FG%_opp,FG%_opp_std,3P_opp,3P_opp_std,3PA_opp,3PA_opp_std,3P%_opp,3P%_opp_std,2P_opp,2P_opp_std,2PA_opp,2PA_opp_std,2P%_opp,2P%_opp_std,eFG%_opp,eFG%_opp_std,FT_opp,FT_opp_std,FTA_opp,FTA_opp_std,FT%_opp,FT%_opp_std,ORB_opp,ORB_opp_std,DRB_opp,DRB_opp_std,TRB_opp,TRB_opp_std,AST_opp,AST_opp_std,STL_opp,STL_opp_std,BLK_opp,BLK_opp_std,TOV_opp,TOV_opp_std,PF_opp,PF_opp_std,Spread,Spread_std
2017,new-orleans,0.6451612903225806,0.48637345711392,72.8,6.8129778119898985,68.5,6.586349520030045,0.12903225806451613,0.3407771005482389,25.923076923076923,3.186510027262766,54.84,4.079215610874227,0.47411999999999993,0.04680039173625225,4.222222222222222,1.476308632870234,13.52,2.5514701644346145,0.31139999999999995,0.07175943608102467,21.36,2.4979991993593593,40.92,3.5227829907617076,0.5212,0.05545794202216065,0.51448,0.049768731816941705,17.153846153846153,4.920912985959477,23.52,5.738176249181151,0.7185600000000002,0.08005627187589157,10.23076923076923,2.354700699582727,22.25,3.2044529203154974,32.2962962962963,3.8412219091046733,15.64,1.9765289440498124,8.107142857142858,2.7262684538650417,3.04,1.0984838035522722,16.423076923076923,3.0616737503931004,17.24,2.2781571499789033,24.4,2.449489742783178,56.08,4.152509281546922,0.43896,0.04835414494470286,6.566666666666666,2.1444930810596348,20.384615384615383,2.967516444125263,0.31176923076923074,0.06403705657964469,18.04,2.111081871142535,35.34615384615385,3.7835677098982403,0.5189230769230769,0.05445359351001407,0.49495999999999996,0.05603011095235609,12.88,3.887158345115362,18.384615384615383,4.691071716159736,0.68356,0.0896223930350743,9.807692307692308,3.3108214179472837,19.53846153846154,3.3012818023400454,29.44,5.3313537993021365,12.307692307692308,2.362527981112279,8.16,1.9933221850301406,3.4642857142857144,1.9528164438810074,16.2,3.640054944640259,21.423076923076923,3.6019225635549352,5.76,9.292828776355812
