Year,Team,Rslt,Rslt_std,Tm,Tm_std,Opp_score,Opp_score_std,OT,OT_std,FG,FG_std,FGA,FGA_std,FG%,FG%_std,3P,3P_std,3PA,3PA_std,3P%,3P%_std,2P,2P_std,2PA,2PA_std,2P%,2P%_std,eFG%,eFG%_std,FT,FT_std,FTA,FTA_std,FT%,FT%_std,ORB,ORB_std,DRB,DRB_std,TRB,TRB_std,AST,AST_std,STL,STL_std,BLK,BLK_std,TOV,TOV_std,PF,PF_std,FG_opp,FG_opp_std,FGA_opp,FGA_opp_std,FG%_opp,FG%_opp_std,3P_opp,3P_opp_std,3PA_opp,3PA_opp_std,3P%_opp,3P%_opp_std,2P_opp,2P_opp_std,2PA_opp,2PA_opp_std,2P%_opp,2P%_opp_std,eFG%_opp,eFG%_opp_std,FT_opp,FT_opp_std,FTA_opp,FTA_opp_std,FT%_opp,FT%_opp_std,ORB_opp,ORB_opp_std,DRB_opp,DRB_opp_std,TRB_opp,TRB_opp_std,AST_opp,AST_opp_std,STL_opp,STL_opp_std,BLK_opp,BLK_opp_std,TOV_opp,TOV_opp_std,PF_opp,PF_opp_std,Spread,Spread_std
2017,texas-southern,0.6764705882352942,0.47485807993381707,74.32142857142857,7.967775708154047,72.58620689655173,12.715337311910567,0.0,0.0,24.413793103448278,2.5427381385780388,57.535714285714285,6.4030209470746895,0.4372857142857142,0.0556263041580664,5.821428571428571,1.8064405645432993,19.5,4.299009360478467,0.29203571428571423,0.06172188647344854,18.35483870967742,2.1992178472777417,38.275862068965516,5.270514692433056,0.5096428571428572,0.06644307743988488,0.4864642857142858,0.06264567150833455,18.392857142857142,5.244674799891196,25.655172413793103,6.382318555805817,0.7324285714285714,0.0830918405636436,9.678571428571429,2.5970577572917004,21.379310344827587,3.6976227218448674,31.964285714285715,4.985030501464268,11.607142857142858,2.454614486051175,6.827586206896552,2.686859099889702,2.90625,1.6725367058029144,11.133333333333333,3.0482706610451284,17.344827586206897,2.844491695351932,26.75862068965517,5.578371321540475,59.67857142857143,5.702849004882276,0.4357241379310345,0.06906926986300686,5.566666666666666,2.01174711054387,16.96551724137931,3.3218191941495987,0.3206428571428571,0.08672485836368404,20.928571428571427,4.46325384900242,42.464285714285715,5.487238682596955,0.4898571428571429,0.07901697627524441,0.48660714285714285,0.07568224963657535,12.758620689655173,4.0852974398951405,19.0,4.602736706046218,0.6766785714285716,0.08796887226043362,10.071428571428571,3.102311819327423,22.5,4.247003300803643,33.285714285714285,6.235247138510781,12.5,3.676753801727622,4.931034482758621,2.136937636678756,3.0625,1.9989916813072244,12.433333333333334,3.26616228806133,21.466666666666665,3.4713937709000513,2.857142857142857,11.903047495601271
