Year,Team,Rslt,Rslt_std,Tm,Tm_std,Opp_score,Opp_score_std,OT,OT_std,FG,FG_std,FGA,FGA_std,FG%,FG%_std,3P,3P_std,3PA,3PA_std,3P%,3P%_std,2P,2P_std,2PA,2PA_std,2P%,2P%_std,eFG%,eFG%_std,FT,FT_std,FTA,FTA_std,FT%,FT%_std,ORB,ORB_std,DRB,DRB_std,TRB,TRB_std,AST,AST_std,STL,STL_std,BLK,BLK_std,TOV,TOV_std,PF,PF_std,FG_opp,FG_opp_std,FGA_opp,FGA_opp_std,FG%_opp,FG%_opp_std,3P_opp,3P_opp_std,3PA_opp,3PA_opp_std,3P%_opp,3P%_opp_std,2P_opp,2P_opp_std,2PA_opp,2PA_opp_std,2P%_opp,2P%_opp_std,eFG%_opp,eFG%_opp_std,FT_opp,FT_opp_std,FTA_opp,FTA_opp_std,FT%_opp,FT%_opp_std,ORB_opp,ORB_opp_std,DRB_opp,DRB_opp_std,TRB_opp,TRB_opp_std,AST_opp,AST_opp_std,STL_opp,STL_opp_std,BLK_opp,BLK_opp_std,TOV_opp,TOV_opp_std,PF_opp,PF_opp_std,Spread,Spread_std
2017,kentucky,0.8529411764705882,0.3594906279535709,85.39285714285714,9.616110269728438,70.03333333333333,8.045059882048555,0.0,0.0,29.06451612903226,4.7744841527364175,63.17857142857143,6.377353284916473,0.47646428571428573,0.04210171294382491,7.3,1.8597367258983655,20.310344827586206,3.1747153784221585,0.34542857142857153,0.060973842947689656,22.714285714285715,4.215115154677956,44.06666666666667,6.664022464120214,0.5336071428571428,0.04811124399703045,0.5301428571428571,0.04665929647015637,19.066666666666666,4.084734687989462,26.142857142857142,3.997353621939893,0.7000357142857142,0.0644150213346621,11.466666666666667,3.159368480472371,25.821428571428573,2.982089392164015,36.892857142857146,4.0123816305538975,15.379310344827585,4.056861851088564,5.827586206896552,1.7127456136116106,5.0,1.8937283058959973,12.03125,2.945574865849208,19.275862068965516,2.44798097162507,25.82758620689655,3.4648125646814405,60.642857142857146,4.2270231685815105,0.4234285714285715,0.05180335222345462,5.9393939393939394,2.263009527424072,19.785714285714285,4.349177383752463,0.30275,0.08764686088059413,19.607142857142858,3.1427669539729046,41.035714285714285,4.772468441640555,0.4818571428571429,0.05987252772949859,0.47325,0.05946964678631351,14.357142857142858,2.908662486490562,20.75862068965517,3.6708812917510802,0.6821071428571429,0.08348002168880901,8.233333333333333,2.5008044682673107,22.79310344827586,4.1608662417546425,31.032258064516128,5.582615103860329,11.64516129032258,3.5170857926866503,4.931034482758621,1.9444248962970778,2.935483870967742,1.6316757004373907,14.03448275862069,3.3002462962275327,23.321428571428573,2.9445941860696054,14.214285714285714,9.953064455909649
