Year,Team,Rslt,Rslt_std,Tm,Tm_std,Opp_score,Opp_score_std,OT,OT_std,FG,FG_std,FGA,FGA_std,FG%,FG%_std,3P,3P_std,3PA,3PA_std,3P%,3P%_std,2P,2P_std,2PA,2PA_std,2P%,2P%_std,eFG%,eFG%_std,FT,FT_std,FTA,FTA_std,FT%,FT%_std,ORB,ORB_std,DRB,DRB_std,TRB,TRB_std,AST,AST_std,STL,STL_std,BLK,BLK_std,TOV,TOV_std,PF,PF_std,FG_opp,FG_opp_std,FGA_opp,FGA_opp_std,FG%_opp,FG%_opp_std,3P_opp,3P_opp_std,3PA_opp,3PA_opp_std,3P%_opp,3P%_opp_std,2P_opp,2P_opp_std,2PA_opp,2PA_opp_std,2P%_opp,2P%_opp_std,eFG%_opp,eFG%_opp_std,FT_opp,FT_opp_std,FTA_opp,FTA_opp_std,FT%_opp,FT%_opp_std,ORB_opp,ORB_opp_std,DRB_opp,DRB_opp_std,TRB_opp,TRB_opp_std,AST_opp,AST_opp_std,STL_opp,STL_opp_std,BLK_opp,BLK_opp_std,TOV_opp,TOV_opp_std,PF_opp,PF_opp_std,Spread,Spread_std
2017,florida-gulf-coast,0.7878787878787878,0.41514875026728054,77.67857142857143,8.357979427219243,68.77777777777777,8.550003748687137,0.0,0.0,28.75,3.40614912354874,59.214285714285715,4.817846013691203,0.49888888888888877,0.048798118921290504,6.103448275862069,1.9336277449803092,18.642857142857142,3.3134326579600164,0.3500714285714285,0.08926694405874608,22.571428571428573,3.881853045748006,40.7037037037037,4.401178293408524,0.570925925925926,0.07367440111000143,0.554,0.05136071530774349,13.481481481481481,3.7964595892891326,19.11111111111111,5.337338239907556,0.7097407407407407,0.08941673935205464,9.571428571428571,2.6587183131695373,25.107142857142858,4.012381630553897,34.74074074074074,4.4513834720022505,14.703703703703704,3.603575305964201,5.703703703703703,2.034600977980975,3.59375,1.5420843665469108,12.074074074074074,2.894635966562528,18.214285714285715,2.7400614058696764,23.96551724137931,3.2676199138635806,57.25925925925926,4.174949033245727,0.42222222222222217,0.04782366113235753,6.857142857142857,1.8401748249129448,22.703703703703702,4.312903847889447,0.3065925925925926,0.05401371567927429,17.5,4.077944289667237,34.925925925925924,4.738759379398838,0.48703703703703705,0.07045974381571012,0.4775714285714287,0.04734540422878763,13.037037037037036,4.46767433460788,19.14814814814815,5.252865179365695,0.6769629629629629,0.11158766180813302,8.241379310344827,2.7730227500714437,19.37037037037037,3.0274150962896,27.93103448275862,4.96366105153069,11.666666666666666,2.9517187667799454,5.517241379310345,2.293168264575274,2.1,1.5833182092441613,11.962962962962964,2.623583595617049,17.62962962962963,2.1688023662159037,8.333333333333334,8.389553944317623
