Year,Team,Rslt,Rslt_std,Tm,Tm_std,Opp_score,Opp_score_std,OT,OT_std,FG,FG_std,FGA,FGA_std,FG%,FG%_std,3P,3P_std,3PA,3PA_std,3P%,3P%_std,2P,2P_std,2PA,2PA_std,2P%,2P%_std,eFG%,eFG%_std,FT,FT_std,FTA,FTA_std,FT%,FT%_std,ORB,ORB_std,DRB,DRB_std,TRB,TRB_std,AST,AST_std,STL,STL_std,BLK,BLK_std,TOV,TOV_std,PF,PF_std,FG_opp,FG_opp_std,FGA_opp,FGA_opp_std,FG%_opp,FG%_opp_std,3P_opp,3P_opp_std,3PA_opp,3PA_opp_std,3P%_opp,3P%_opp_std,2P_opp,2P_opp_std,2PA_opp,2PA_opp_std,2P%_opp,2P%_opp_std,eFG%_opp,eFG%_opp_std,FT_opp,FT_opp_std,FTA_opp,FTA_opp_std,FT%_opp,FT%_opp_std,ORB_opp,ORB_opp_std,DRB_opp,DRB_opp_std,TRB_opp,TRB_opp_std,AST_opp,AST_opp_std,STL_opp,STL_opp_std,BLK_opp,BLK_opp_std,TOV_opp,TOV_opp_std,PF_opp,PF_opp_std,Spread,Spread_std
2018,bucknell,0.7352941176470589,0.4478110755198991,80.96428571428571,5.487238682596955,73.27586206896552,10.525128271102103,0.11764705882352941,0.3270349700838643,28.166666666666668,2.478644420024692,58.44827586206897,4.77034145900144,0.471551724137931,0.05443907879908156,7.566666666666666,2.555363977493473,23.071428571428573,3.7011366765377227,0.33964285714285714,0.07361019166841178,19.482758620689655,2.92306944415788,35.275862068965516,4.207956339094328,0.5592857142857144,0.06887662461234159,0.5439642857142857,0.06184956788546746,16.766666666666666,5.67318759351957,24.535714285714285,6.529035677518302,0.7120714285714286,0.06469697375224294,8.172413793103448,1.6490032815795421,26.285714285714285,3.8186398864007307,34.166666666666664,5.356808966059045,14.4,2.6470543159754274,5.484848484848484,1.9059317295159754,4.366666666666666,1.8473342085721576,12.321428571428571,3.115713715615085,18.448275862068964,2.9104026095634423,25.857142857142858,3.3523268393901033,60.62068965517241,5.287544617194046,0.42557142857142843,0.039958708846738446,6.290322580645161,1.6164477182409738,18.96551724137931,3.6004241676769304,0.33103571428571427,0.055959960648370694,19.285714285714285,2.9295068837622797,41.07142857142857,4.404783354731126,0.46614285714285725,0.041264920341540126,0.47760714285714284,0.044084379769738634,14.344827586206897,4.35296173450548,20.75862068965517,5.847192075895386,0.7134285714285715,0.09158174998992392,9.0,2.6150926709046765,23.517241379310345,3.6705457910154027,32.13793103448276,3.492074065764954,12.758620689655173,2.641092474361335,6.387096774193548,2.139741718912802,3.3225806451612905,1.7394845361810212,12.5,2.7386127875258306,21.24137931034483,2.9478221066431054,9.275862068965518,10.639872957499263
