Year,Team,Rslt,Rslt_std,Tm,Tm_std,Opp_score,Opp_score_std,OT,OT_std,FG,FG_std,FGA,FGA_std,FG%,FG%_std,3P,3P_std,3PA,3PA_std,3P%,3P%_std,2P,2P_std,2PA,2PA_std,2P%,2P%_std,eFG%,eFG%_std,FT,FT_std,FTA,FTA_std,FT%,FT%_std,ORB,ORB_std,DRB,DRB_std,TRB,TRB_std,AST,AST_std,STL,STL_std,BLK,BLK_std,TOV,TOV_std,PF,PF_std,FG_opp,FG_opp_std,FGA_opp,FGA_opp_std,FG%_opp,FG%_opp_std,3P_opp,3P_opp_std,3PA_opp,3PA_opp_std,3P%_opp,3P%_opp_std,2P_opp,2P_opp_std,2PA_opp,2PA_opp_std,2P%_opp,2P%_opp_std,eFG%_opp,eFG%_opp_std,FT_opp,FT_opp_std,FTA_opp,FTA_opp_std,FT%_opp,FT%_opp_std,ORB_opp,ORB_opp_std,DRB_opp,DRB_opp_std,TRB_opp,TRB_opp_std,AST_opp,AST_opp_std,STL_opp,STL_opp_std,BLK_opp,BLK_opp_std,TOV_opp,TOV_opp_std,PF_opp,PF_opp_std,Spread,Spread_std
2018,gonzaga,0.8823529411764706,0.3270349700838643,84.65517241379311,10.170952554312155,66.21428571428571,6.15453547217878,0.0,0.0,30.448275862068964,3.490663126690888,61.310344827586206,5.625855162143683,0.5020357142857143,0.04145187494562746,9.225806451612904,2.390392958202408,24.071428571428573,3.770534606250315,0.3642000000000001,0.05962087114309945,21.96551724137931,2.783660983831617,37.172413793103445,5.182863008561701,0.5936071428571429,0.06567729146178772,0.5763214285714285,0.05209681412839025,14.033333333333333,4.230295769665588,19.25,4.410635294796397,0.7240357142857144,0.07613315924423428,9.466666666666667,3.2241901772151365,26.714285714285715,2.967192748075663,36.107142857142854,3.4030409681177556,16.133333333333333,3.588615459970632,6.137931034482759,1.9221293610962238,3.5,1.401057801435388,10.793103448275861,3.352816623429445,17.566666666666666,3.4107672646097296,24.033333333333335,3.2215153141868242,58.25,3.6170890690351176,0.40275000000000005,0.04613075217570484,7.214285714285714,1.9313618848260237,20.714285714285715,2.6226526415648106,0.3581379310344829,0.08150053643028152,16.25,2.5037009642763888,37.535714285714285,3.2940141318047043,0.42803448275862066,0.060739186432425214,0.4657857142857142,0.0594127789863284,11.928571428571429,3.740950279636044,16.892857142857142,4.931676040802819,0.7093448275862069,0.08878275084322765,6.482758620689655,2.261805373324157,20.785714285714285,1.9880595947760098,27.333333333333332,3.6797051356131063,10.586206896551724,2.398172539058355,4.964285714285714,1.6662697940174716,2.2580645161290325,1.237409712140213,11.233333333333333,3.002106540108282,18.178571428571427,2.3890734517113446,17.285714285714285,9.936305084394235
