Year,Team,Rslt,Rslt_std,Tm,Tm_std,Opp_score,Opp_score_std,OT,OT_std,FG,FG_std,FGA,FGA_std,FG%,FG%_std,3P,3P_std,3PA,3PA_std,3P%,3P%_std,2P,2P_std,2PA,2PA_std,2P%,2P%_std,eFG%,eFG%_std,FT,FT_std,FTA,FTA_std,FT%,FT%_std,ORB,ORB_std,DRB,DRB_std,TRB,TRB_std,AST,AST_std,STL,STL_std,BLK,BLK_std,TOV,TOV_std,PF,PF_std,FG_opp,FG_opp_std,FGA_opp,FGA_opp_std,FG%_opp,FG%_opp_std,3P_opp,3P_opp_std,3PA_opp,3PA_opp_std,3P%_opp,3P%_opp_std,2P_opp,2P_opp_std,2PA_opp,2PA_opp_std,2P%_opp,2P%_opp_std,eFG%_opp,eFG%_opp_std,FT_opp,FT_opp_std,FTA_opp,FTA_opp_std,FT%_opp,FT%_opp_std,ORB_opp,ORB_opp_std,DRB_opp,DRB_opp_std,TRB_opp,TRB_opp_std,AST_opp,AST_opp_std,STL_opp,STL_opp_std,BLK_opp,BLK_opp_std,TOV_opp,TOV_opp_std,PF_opp,PF_opp_std,Spread,Spread_std
2018,pennsylvania,0.75,0.43994134506405985,76.5925925925926,9.77539792327681,69.55555555555556,10.674676479815112,0.0,0.0,27.076923076923077,1.895744221630691,58.22222222222222,4.200122098347337,0.4674230769230769,0.05022284187651917,8.74074074074074,2.2462377535746403,24.035714285714285,4.887490781327995,0.3460769230769231,0.07746840547057779,18.966666666666665,2.0758601596203077,33.13333333333333,4.761435116413547,0.5503846153846154,0.06494987416343587,0.5397692307692306,0.0630588979873944,12.346153846153847,3.2365698842114647,18.73076923076923,4.67809954838665,0.6678076923076923,0.06467891107974484,6.846153846153846,1.8042684432712932,26.296296296296298,3.5928862922213263,33.69230769230769,5.1518480627381145,14.413793103448276,3.1568207490098814,5.7407407407407405,1.9333628055519583,2.566666666666667,1.0726484571581119,10.964285714285714,3.084995262102645,16.321428571428573,2.8810179711804214,24.576923076923077,3.5796432998060235,60.0,5.36794325741385,0.4222222222222222,0.05837236789212284,5.777777777777778,1.7171831436157148,19.615384615384617,3.0993795905235366,0.2967692307692308,0.08106309033946717,18.923076923076923,3.211517733696352,39.61538461538461,3.8165630934328663,0.4803076923076924,0.056870919971999216,0.4668076923076923,0.06916011522880468,13.25925925925926,3.9379083924238905,17.384615384615383,4.167271750936558,0.751,0.09324162160752034,7.321428571428571,2.277971342917518,25.423076923076923,3.336741847048728,32.65384615384615,4.390374086041486,9.571428571428571,3.665945094945291,4.655172413793103,1.7983298217466261,2.814814814814815,1.3311948663061213,12.392857142857142,2.9607217052389467,18.444444444444443,2.8193470784417354,5.518518518518518,8.409565846153875
