Year,Team,Rslt,Rslt_std,Tm,Tm_std,Opp_score,Opp_score_std,OT,OT_std,FG,FG_std,FGA,FGA_std,FG%,FG%_std,3P,3P_std,3PA,3PA_std,3P%,3P%_std,2P,2P_std,2PA,2PA_std,2P%,2P%_std,eFG%,eFG%_std,FT,FT_std,FTA,FTA_std,FT%,FT%_std,ORB,ORB_std,DRB,DRB_std,TRB,TRB_std,AST,AST_std,STL,STL_std,BLK,BLK_std,TOV,TOV_std,PF,PF_std,FG_opp,FG_opp_std,FGA_opp,FGA_opp_std,FG%_opp,FG%_opp_std,3P_opp,3P_opp_std,3PA_opp,3PA_opp_std,3P%_opp,3P%_opp_std,2P_opp,2P_opp_std,2PA_opp,2PA_opp_std,2P%_opp,2P%_opp_std,eFG%_opp,eFG%_opp_std,FT_opp,FT_opp_std,FTA_opp,FTA_opp_std,FT%_opp,FT%_opp_std,ORB_opp,ORB_opp_std,DRB_opp,DRB_opp_std,TRB_opp,TRB_opp_std,AST_opp,AST_opp_std,STL_opp,STL_opp_std,BLK_opp,BLK_opp_std,TOV_opp,TOV_opp_std,PF_opp,PF_opp_std,Spread,Spread_std
2018,xavier,0.8484848484848485,0.36410954062720957,84.4074074074074,8.509086813786682,74.03703703703704,8.359616670828327,0.0,0.0,28.814814814814813,2.8559928495525257,58.74074074074074,3.6225001204288625,0.4902962962962963,0.04673231036348227,7.724137931034483,2.491364395612199,20.833333333333332,4.111240548858059,0.3651851851851851,0.07821963015324568,21.516129032258064,3.9231872055080887,37.925925925925924,5.546488327178988,0.5566666666666668,0.051759800261176846,0.5577407407407408,0.05941159728317269,18.892857142857142,4.81770873552122,23.0,5.347204184673762,0.7945185185185186,0.06749607986928424,8.344827586206897,2.7028538101813466,27.333333333333332,3.1008683647302115,36.035714285714285,4.004461797259937,16.233333333333334,3.2661622880613304,5.419354838709677,2.4190107282163518,2.5806451612903225,1.54432711449328,11.89655172413793,2.2415687680443623,16.678571428571427,2.000991817566542,27.551724137931036,3.4494948584285674,62.535714285714285,4.6942213716136445,0.43255555555555564,0.04304767780150939,8.555555555555555,2.4231786710424124,26.107142857142858,4.1663491942545585,0.32833333333333337,0.07052768141768058,18.285714285714285,2.416871912466575,36.592592592592595,4.002492101171846,0.5005925925925925,0.058408547358741986,0.4995555555555555,0.05270989786874315,11.178571428571429,2.9445941860696054,15.785714285714286,3.9002102778747982,0.750925925925926,0.08299116075542481,6.931034482758621,2.926858804769063,21.51851851851852,2.913765345738824,29.142857142857142,3.688965384557791,14.071428571428571,3.2877840272018797,6.433333333333334,2.045741301158181,3.3703703703703702,1.3052600138300812,11.071428571428571,2.8535691936340255,20.88888888888889,3.1905308617042367,9.74074074074074,8.886431284191701
