Year,Team,Rslt,Rslt_std,Tm,Tm_std,Opp_score,Opp_score_std,OT,OT_std,FG,FG_std,FGA,FGA_std,FG%,FG%_std,3P,3P_std,3PA,3PA_std,3P%,3P%_std,2P,2P_std,2PA,2PA_std,2P%,2P%_std,eFG%,eFG%_std,FT,FT_std,FTA,FTA_std,FT%,FT%_std,ORB,ORB_std,DRB,DRB_std,TRB,TRB_std,AST,AST_std,STL,STL_std,BLK,BLK_std,TOV,TOV_std,PF,PF_std,FG_opp,FG_opp_std,FGA_opp,FGA_opp_std,FG%_opp,FG%_opp_std,3P_opp,3P_opp_std,3PA_opp,3PA_opp_std,3P%_opp,3P%_opp_std,2P_opp,2P_opp_std,2PA_opp,2PA_opp_std,2P%_opp,2P%_opp_std,eFG%_opp,eFG%_opp_std,FT_opp,FT_opp_std,FTA_opp,FTA_opp_std,FT%_opp,FT%_opp_std,ORB_opp,ORB_opp_std,DRB_opp,DRB_opp_std,TRB_opp,TRB_opp_std,AST_opp,AST_opp_std,STL_opp,STL_opp_std,BLK_opp,BLK_opp_std,TOV_opp,TOV_opp_std,PF_opp,PF_opp_std,Spread,Spread_std
2018,georgia-state,0.7058823529411765,0.4624972900628803,76.06666666666666,6.877917353853329,65.63333333333334,11.84230678056676,0.0,0.0,26.482758620689655,2.707406371619108,58.766666666666666,5.117133716375249,0.4607857142857144,0.035791947307508884,9.214285714285714,2.266619980845077,23.642857142857142,3.9927182397207726,0.3769655172413793,0.07894006893054137,17.862068965517242,3.481831803714764,34.42857142857143,4.693798678229184,0.5133571428571428,0.06169951934845754,0.5428,0.048205308049403955,12.6,4.613324031616428,17.857142857142858,4.934491498544338,0.6786206896551723,0.07381754233683378,7.285714285714286,1.997352745365222,23.20689655172414,2.756541704289577,31.035714285714285,3.060890004401925,13.0,3.093772546815388,7.25,2.029869545160568,4.28125,2.303354846389739,10.5,2.800861936298699,18.142857142857142,3.4395766935318988,21.857142857142858,3.4930013170707794,55.41379310344828,4.76233167216071,0.3881785714285715,0.04783463302255089,8.551724137931034,2.543706616289248,25.310344827586206,3.5264657365601906,0.33903333333333335,0.09104393912048574,13.392857142857142,2.4394790839558764,30.0,5.3718844791323335,0.43374999999999997,0.06462921309427483,0.46542857142857147,0.06731926617160645,14.225806451612904,6.179048888080618,20.379310344827587,7.108414496232357,0.7016206896551723,0.08743749350785371,9.733333333333333,3.139661011059604,22.64516129032258,3.8518254295573864,33.5,3.7957090783419383,12.266666666666667,3.921060142828488,4.645161290322581,2.042031457426227,3.033333333333333,1.6914252984479938,14.333333333333334,3.1984191497474597,16.75,3.1343379004303404,8.071428571428571,9.455269240064844
