Year,Team,Rslt,Rslt_std,Tm,Tm_std,Opp_score,Opp_score_std,OT,OT_std,FG,FG_std,FGA,FGA_std,FG%,FG%_std,3P,3P_std,3PA,3PA_std,3P%,3P%_std,2P,2P_std,2PA,2PA_std,2P%,2P%_std,eFG%,eFG%_std,FT,FT_std,FTA,FTA_std,FT%,FT%_std,ORB,ORB_std,DRB,DRB_std,TRB,TRB_std,AST,AST_std,STL,STL_std,BLK,BLK_std,TOV,TOV_std,PF,PF_std,FG_opp,FG_opp_std,FGA_opp,FGA_opp_std,FG%_opp,FG%_opp_std,3P_opp,3P_opp_std,3PA_opp,3PA_opp_std,3P%_opp,3P%_opp_std,2P_opp,2P_opp_std,2PA_opp,2PA_opp_std,2P%_opp,2P%_opp_std,eFG%_opp,eFG%_opp_std,FT_opp,FT_opp_std,FTA_opp,FTA_opp_std,FT%_opp,FT%_opp_std,ORB_opp,ORB_opp_std,DRB_opp,DRB_opp_std,TRB_opp,TRB_opp_std,AST_opp,AST_opp_std,STL_opp,STL_opp_std,BLK_opp,BLK_opp_std,TOV_opp,TOV_opp_std,PF_opp,PF_opp_std,Spread,Spread_std
2018,arizona,0.7941176470588235,0.4104256301219048,80.71428571428571,7.859210887054487,70.82142857142857,8.671167939738767,0.11764705882352941,0.3270349700838643,28.517241379310345,3.408190655875641,56.666666666666664,5.990413797999631,0.5063214285714286,0.05844722441936864,6.785714285714286,1.8126539343499315,17.93103448275862,2.8275561694908227,0.37424999999999997,0.10046433861492013,22.4375,4.023619779381777,38.86206896551724,5.40320102168966,0.5709285714285713,0.054022580033159774,0.5655000000000001,0.07176427461565475,16.275862068965516,5.939555970201199,21.517241379310345,7.486276442622825,0.7585000000000003,0.08493374323989696,9.212121212121213,3.189411934016753,26.483870967741936,3.443554053028503,34.93333333333333,4.638172450239525,14.766666666666667,2.5008044682673107,4.75,2.0115407766924083,4.666666666666667,1.2954385047312087,12.0,2.6943012562182536,17.655172413793103,2.8942783713113007,24.862068965517242,2.761005742362664,57.62068965517241,4.254525263960113,0.4282142857142857,0.040147281761088546,7.2,2.5106668986271496,19.5,4.939286560237008,0.36279999999999996,0.07654405988349636,17.96551724137931,2.584054933912557,37.37931034482759,5.002954791945086,0.4768571428571429,0.056892826004634814,0.49067857142857146,0.046370531487963246,13.466666666666667,5.090446314240129,18.428571428571427,5.216984877966508,0.7272857142857143,0.10358888012067746,7.071428571428571,1.942289054823399,18.75,3.627314076201206,26.035714285714285,4.122945215337847,12.233333333333333,3.3392476267332554,5.966666666666667,2.3412836640190138,2.4482758620689653,1.2979711337465902,11.068965517241379,2.93903573208676,19.344827586206897,2.9794038481952048,9.03448275862069,9.552422125979692
