Year,Team,Rslt,Rslt_std,Tm,Tm_std,Opp_score,Opp_score_std,OT,OT_std,FG,FG_std,FGA,FGA_std,FG%,FG%_std,3P,3P_std,3PA,3PA_std,3P%,3P%_std,2P,2P_std,2PA,2PA_std,2P%,2P%_std,eFG%,eFG%_std,FT,FT_std,FTA,FTA_std,FT%,FT%_std,ORB,ORB_std,DRB,DRB_std,TRB,TRB_std,AST,AST_std,STL,STL_std,BLK,BLK_std,TOV,TOV_std,PF,PF_std,FG_opp,FG_opp_std,FGA_opp,FGA_opp_std,FG%_opp,FG%_opp_std,3P_opp,3P_opp_std,3PA_opp,3PA_opp_std,3P%_opp,3P%_opp_std,2P_opp,2P_opp_std,2PA_opp,2PA_opp_std,2P%_opp,2P%_opp_std,eFG%_opp,eFG%_opp_std,FT_opp,FT_opp_std,FTA_opp,FTA_opp_std,FT%_opp,FT%_opp_std,ORB_opp,ORB_opp_std,DRB_opp,DRB_opp_std,TRB_opp,TRB_opp_std,AST_opp,AST_opp_std,STL_opp,STL_opp_std,BLK_opp,BLK_opp_std,TOV_opp,TOV_opp_std,PF_opp,PF_opp_std,Spread,Spread_std
2018,rhode-island,0.78125,0.42001344064515445,77.51851851851852,7.762683766537142,66.5925925925926,6.8683177834014915,0.0,0.0,27.88888888888889,3.4231489476721166,61.51851851851852,5.079145675969611,0.45980769230769236,0.04086271574995401,6.433333333333334,2.3588912259983403,19.384615384615383,3.858257877093475,0.3515000000000001,0.07058285910899331,21.107142857142858,3.9000406998283315,41.80769230769231,4.899136501623369,0.5099615384615385,0.05844962327969669,0.5165,0.04692653833386817,13.2,4.475219123897348,17.928571428571427,4.233277089990085,0.6974444444444445,0.11355694380873185,9.615384615384615,2.593482956595984,21.923076923076923,3.2732012088849887,31.25925925925926,4.784531104689141,15.551724137931034,3.62122914113576,7.620689655172414,3.488898650448799,3.2758620689655173,1.623412449224031,10.655172413793103,2.5533711899168785,18.37037037037037,3.259874326838479,23.035714285714285,2.4717986082584398,52.26923076923077,4.762836905103447,0.4514615384615386,0.04658946728111905,5.230769230769231,1.478044446089286,15.538461538461538,2.8737539105604606,0.32653846153846156,0.07137743664168994,18.448275862068964,2.6536525622587193,35.81481481481482,4.437922565250175,0.5025769230769231,0.05212766871972931,0.5013076923076923,0.05313136115762081,14.620689655172415,4.9382891275612,19.571428571428573,5.480122811739352,0.7267777777777776,0.09323515898948675,7.321428571428571,2.5539159681725576,23.142857142857142,3.4395766935318988,30.23076923076923,2.8327752089806535,11.11111111111111,2.1000610491736684,5.423076923076923,1.1721118350422683,2.967741935483871,1.642840446051532,15.142857142857142,3.9880774697543058,17.296296296296298,2.09054308024742,9.384615384615385,8.452582673133334
