Year,Team,Rslt,Rslt_std,Tm,Tm_std,Opp_score,Opp_score_std,OT,OT_std,FG,FG_std,FGA,FGA_std,FG%,FG%_std,3P,3P_std,3PA,3PA_std,3P%,3P%_std,2P,2P_std,2PA,2PA_std,2P%,2P%_std,eFG%,eFG%_std,FT,FT_std,FTA,FTA_std,FT%,FT%_std,ORB,ORB_std,DRB,DRB_std,TRB,TRB_std,AST,AST_std,STL,STL_std,BLK,BLK_std,TOV,TOV_std,PF,PF_std,FG_opp,FG_opp_std,FGA_opp,FGA_opp_std,FG%_opp,FG%_opp_std,3P_opp,3P_opp_std,3PA_opp,3PA_opp_std,3P%_opp,3P%_opp_std,2P_opp,2P_opp_std,2PA_opp,2PA_opp_std,2P%_opp,2P%_opp_std,eFG%_opp,eFG%_opp_std,FT_opp,FT_opp_std,FTA_opp,FTA_opp_std,FT%_opp,FT%_opp_std,ORB_opp,ORB_opp_std,DRB_opp,DRB_opp_std,TRB_opp,TRB_opp_std,AST_opp,AST_opp_std,STL_opp,STL_opp_std,BLK_opp,BLK_opp_std,TOV_opp,TOV_opp_std,PF_opp,PF_opp_std,Spread,Spread_std
2018,iona,0.6060606060606061,0.49619766344887317,80.82142857142857,8.384525302619377,74.46428571428571,7.8006749131423945,0.12121212121212122,0.33143398263980844,27.892857142857142,3.764741747222567,60.25925925925926,5.761894670976744,0.4662962962962964,0.050546866915623524,9.407407407407407,2.620323809397775,25.107142857142858,5.384059364280379,0.38666666666666666,0.0738459935895697,18.25925925925926,4.416686824659692,35.32142857142857,7.4039707636364325,0.515962962962963,0.0632671268885299,0.5415185185185185,0.06375938565622523,14.172413793103448,5.542491481514437,17.344827586206897,5.588737795583476,0.7391111111111114,0.09014959078081673,6.933333333333334,2.5316388767553026,23.48148148148148,3.017517705898858,31.20689655172414,4.791207052990983,15.870967741935484,3.8187426856132545,6.777777777777778,1.671787006431081,2.966666666666667,1.3256965204630418,11.222222222222221,2.778119637083457,17.535714285714285,2.9997795333452832,27.814814814814813,3.0764244610241067,61.111111111111114,4.660252001549778,0.4561851851851852,0.043129533908410074,7.310344827586207,2.0546714766227936,21.214285714285715,3.9847593250166162,0.3554444444444445,0.06180386677804188,20.428571428571427,3.2252312168457635,39.55172413793103,5.448369394969417,0.510037037037037,0.05034303976143726,0.5228518518518518,0.054325729634169664,11.793103448275861,4.378350230271245,18.5,5.174724898753341,0.6680370370370369,0.07575947845318483,9.703703703703704,2.9718527608057625,24.9,3.9159268071071875,34.925925925925924,3.832311272145007,13.827586206896552,3.349509191308497,4.689655172413793,2.0546714766227936,2.586206896551724,1.350059294446791,13.344827586206897,2.8942783713113007,16.379310344827587,3.1782047167661927,3.2222222222222223,7.407549856180172
