Year,Team,Rslt,Rslt_std,Tm,Tm_std,Opp_score,Opp_score_std,OT,OT_std,FG,FG_std,FGA,FGA_std,FG%,FG%_std,3P,3P_std,3PA,3PA_std,3P%,3P%_std,2P,2P_std,2PA,2PA_std,2P%,2P%_std,eFG%,eFG%_std,FT,FT_std,FTA,FTA_std,FT%,FT%_std,ORB,ORB_std,DRB,DRB_std,TRB,TRB_std,AST,AST_std,STL,STL_std,BLK,BLK_std,TOV,TOV_std,PF,PF_std,FG_opp,FG_opp_std,FGA_opp,FGA_opp_std,FG%_opp,FG%_opp_std,3P_opp,3P_opp_std,3PA_opp,3PA_opp_std,3P%_opp,3P%_opp_std,2P_opp,2P_opp_std,2PA_opp,2PA_opp_std,2P%_opp,2P%_opp_std,eFG%_opp,eFG%_opp_std,FT_opp,FT_opp_std,FTA_opp,FTA_opp_std,FT%_opp,FT%_opp_std,ORB_opp,ORB_opp_std,DRB_opp,DRB_opp_std,TRB_opp,TRB_opp_std,AST_opp,AST_opp_std,STL_opp,STL_opp_std,BLK_opp,BLK_opp_std,TOV_opp,TOV_opp_std,PF_opp,PF_opp_std,Spread,Spread_std
2018,florida,0.625,0.4918693768379647,75.5925925925926,11.378992990659652,69.07692307692308,6.46172160912602,0.0,0.0,25.333333333333332,3.186510027262766,59.96153846153846,3.8933868981211637,0.4298076923076923,0.05046822305631078,9.222222222222221,2.991440781415863,23.925925925925927,3.6786904643858707,0.3677692307692308,0.08456207551488205,16.51851851851852,2.778632347180483,35.333333333333336,3.8129334558134556,0.4662307692307692,0.050535775598922146,0.5042692307692308,0.06518929831946817,13.666666666666666,4.0,19.62962962962963,4.421522085193915,0.706576923076923,0.08420459516056025,9.333333333333334,2.1838568563966754,23.25,3.3623735003053357,31.857142857142858,3.7289089429432174,12.035714285714286,3.976618169184975,6.653846153846154,1.9378814760930594,4.366666666666666,1.6709141279516748,9.074074074074074,2.2689530951846817,17.03846153846154,2.630296853676698,24.857142857142858,2.5050214121105383,57.48148148148148,5.071567580225834,0.43265384615384617,0.03486768395829273,6.571428571428571,2.2014905965188327,19.035714285714285,4.517309448785268,0.3548076923076924,0.06419533891538808,17.74074074074074,2.836473875357227,38.53846153846154,5.045637872307281,0.4693846153846154,0.05062100506554718,0.49599999999999994,0.046581541408588015,12.925925925925926,4.82721392751495,18.115384615384617,5.194819905074078,0.7415000000000002,0.08599127862754453,8.571428571428571,2.999118036141458,24.807692307692307,2.2274511131646553,33.32142857142857,4.6987277350408725,11.857142857142858,2.7983366185446363,3.9310344827586206,2.1865013554397583,2.8518518518518516,1.292097391652684,13.423076923076923,2.7593198716071603,18.115384615384617,2.286078267722662,5.884615384615385,9.407770928660723
