Year,Team,Rslt,Rslt_std,Tm,Tm_std,Opp_score,Opp_score_std,OT,OT_std,FG,FG_std,FGA,FGA_std,FG%,FG%_std,3P,3P_std,3PA,3PA_std,3P%,3P%_std,2P,2P_std,2PA,2PA_std,2P%,2P%_std,eFG%,eFG%_std,FT,FT_std,FTA,FTA_std,FT%,FT%_std,ORB,ORB_std,DRB,DRB_std,TRB,TRB_std,AST,AST_std,STL,STL_std,BLK,BLK_std,TOV,TOV_std,PF,PF_std,FG_opp,FG_opp_std,FGA_opp,FGA_opp_std,FG%_opp,FG%_opp_std,3P_opp,3P_opp_std,3PA_opp,3PA_opp_std,3P%_opp,3P%_opp_std,2P_opp,2P_opp_std,2PA_opp,2PA_opp_std,2P%_opp,2P%_opp_std,eFG%_opp,eFG%_opp_std,FT_opp,FT_opp_std,FTA_opp,FTA_opp_std,FT%_opp,FT%_opp_std,ORB_opp,ORB_opp_std,DRB_opp,DRB_opp_std,TRB_opp,TRB_opp_std,AST_opp,AST_opp_std,STL_opp,STL_opp_std,BLK_opp,BLK_opp_std,TOV_opp,TOV_opp_std,PF_opp,PF_opp_std,Spread,Spread_std
2018,texas,0.5757575757575758,0.5018903659106632,71.48148148148148,7.890453678924886,67.77777777777777,8.688335829557895,0.21212121212121213,0.41514875026728054,25.74074074074074,2.8634647194317235,58.51851851851852,5.879366595727091,0.43851851851851853,0.05309017754318545,6.933333333333334,2.2273121784406165,22.607142857142858,4.271692228772398,0.3147777777777778,0.07110303105804298,18.266666666666666,3.6287485572789446,35.607142857142854,4.340500787921492,0.5109259259259259,0.07161538614546131,0.4967500000000001,0.0624361154983117,13.074074074074074,3.5618267345015098,19.107142857142858,5.013605826772123,0.6786666666666668,0.07732299886738844,8.806451612903226,3.390372200203686,23.62962962962963,3.1640790147207154,33.25925925925926,3.503762731172486,11.37037037037037,2.4674519424538115,5.827586206896552,1.4655317298617343,5.1,2.02314197432505,11.333333333333334,2.7174648819470297,15.666666666666666,2.385855756810896,24.714285714285715,4.27617987059879,59.333333333333336,5.023023913019848,0.41940740740740745,0.05009626061529271,6.206896551724138,2.193811268494489,20.59259259259259,4.413783125786935,0.32525925925925925,0.07867537616570265,18.285714285714285,4.170950179134893,38.666666666666664,4.68220855185637,0.45825925925925937,0.0583250787810425,0.4769999999999999,0.057893801979938306,10.5,3.605551275463989,14.62962962962963,4.180063931680289,0.7254074074074074,0.08303486721726706,9.0,2.1081851067789197,24.071428571428573,3.4633378401058414,32.06896551724138,3.692956949990449,11.413793103448276,3.877750096745261,5.161290322580645,2.083215050405637,2.3333333333333335,1.7287295182088018,11.448275862068966,3.2468248984480614,17.428571428571427,3.2594997506271763,2.642857142857143,8.64190602139017
