Year,Team,Rslt,Rslt_std,Tm,Tm_std,Opp_score,Opp_score_std,OT,OT_std,FG,FG_std,FGA,FGA_std,FG%,FG%_std,3P,3P_std,3PA,3PA_std,3P%,3P%_std,2P,2P_std,2PA,2PA_std,2P%,2P%_std,eFG%,eFG%_std,FT,FT_std,FTA,FTA_std,FT%,FT%_std,ORB,ORB_std,DRB,DRB_std,TRB,TRB_std,AST,AST_std,STL,STL_std,BLK,BLK_std,TOV,TOV_std,PF,PF_std,FG_opp,FG_opp_std,FGA_opp,FGA_opp_std,FG%_opp,FG%_opp_std,3P_opp,3P_opp_std,3PA_opp,3PA_opp_std,3P%_opp,3P%_opp_std,2P_opp,2P_opp_std,2PA_opp,2PA_opp_std,2P%_opp,2P%_opp_std,eFG%_opp,eFG%_opp_std,FT_opp,FT_opp_std,FTA_opp,FTA_opp_std,FT%_opp,FT%_opp_std,ORB_opp,ORB_opp_std,DRB_opp,DRB_opp_std,TRB_opp,TRB_opp_std,AST_opp,AST_opp_std,STL_opp,STL_opp_std,BLK_opp,BLK_opp_std,TOV_opp,TOV_opp_std,PF_opp,PF_opp_std,Spread,Spread_std
2018,long-island-university,0.5294117647058824,0.5066403971048989,77.0,6.582805886043833,76.57142857142857,7.2848323981257845,0.0,0.0,26.482758620689655,2.6270663928633997,58.10344827586207,5.472951851646728,0.4615,0.046963736995607505,7.806451612903226,2.0561996472247808,22.785714285714285,4.067551295924066,0.34725,0.057671242593013566,18.607142857142858,3.01034371993786,35.310344827586206,3.9830305070014758,0.5253448275862069,0.061418515043493056,0.5275,0.05124270499119668,15.758620689655173,4.364263744270808,22.035714285714285,5.972046878193767,0.7008965517241381,0.07892009739856518,9.448275862068966,2.9831216499373814,25.06451612903226,4.057384082311884,34.785714285714285,3.8524368705106435,12.066666666666666,2.5179813114988505,5.21875,2.195807956230499,3.46875,1.950754609987401,14.15625,2.6893982418425515,19.392857142857142,1.8922705490198357,28.24137931034483,2.4150594848307434,62.82142857142857,5.221420066727778,0.4461428571428572,0.050156580223162536,6.387096774193548,2.2312540473141813,20.896551724137932,4.2539462988265955,0.3173571428571429,0.07669043799864023,20.79310344827586,3.0516893488317907,41.206896551724135,5.9123316064502465,0.5006428571428572,0.05550256202676044,0.5017500000000001,0.06271488983811903,13.5,2.3648662948658625,19.93103448275862,3.3480381727082102,0.6978571428571427,0.08389663582436128,9.806451612903226,3.3805261408909875,22.896551724137932,3.4573403029559224,33.214285714285715,4.2977784343657675,12.833333333333334,3.029547972807203,6.625,2.4329724286784833,2.2580645161290325,1.54849909989176,11.8,2.771778963173228,20.071428571428573,2.992937011978695,0.10714285714285714,7.670720115474628
