Year,Team,Rslt,Rslt_std,Tm,Tm_std,Opp_score,Opp_score_std,OT,OT_std,FG,FG_std,FGA,FGA_std,FG%,FG%_std,3P,3P_std,3PA,3PA_std,3P%,3P%_std,2P,2P_std,2PA,2PA_std,2P%,2P%_std,eFG%,eFG%_std,FT,FT_std,FTA,FTA_std,FT%,FT%_std,ORB,ORB_std,DRB,DRB_std,TRB,TRB_std,AST,AST_std,STL,STL_std,BLK,BLK_std,TOV,TOV_std,PF,PF_std,FG_opp,FG_opp_std,FGA_opp,FGA_opp_std,FG%_opp,FG%_opp_std,3P_opp,3P_opp_std,3PA_opp,3PA_opp_std,3P%_opp,3P%_opp_std,2P_opp,2P_opp_std,2PA_opp,2PA_opp_std,2P%_opp,2P%_opp_std,eFG%_opp,eFG%_opp_std,FT_opp,FT_opp_std,FTA_opp,FTA_opp_std,FT%_opp,FT%_opp_std,ORB_opp,ORB_opp_std,DRB_opp,DRB_opp_std,TRB_opp,TRB_opp_std,AST_opp,AST_opp_std,STL_opp,STL_opp_std,BLK_opp,BLK_opp_std,TOV_opp,TOV_opp_std,PF_opp,PF_opp_std,Spread,Spread_std
2018,seton-hall,0.65625,0.48255870443481425,80.58620689655173,7.409054505802392,72.88461538461539,7.240590711133579,0.0,0.0,28.53846153846154,2.0828973902863144,61.2962962962963,3.8009595429698337,0.46930769230769215,0.030054309815092054,7.428571428571429,2.098122113251848,19.59259259259259,3.2611850047686097,0.37211111111111106,0.08165562458055797,21.17241379310345,2.854432211707177,41.370370370370374,3.712226660728946,0.5201923076923077,0.03983768992375861,0.5294615384615384,0.035473066706142864,14.461538461538462,4.159141923337257,20.551724137931036,6.293909793809475,0.691423076923077,0.07590845701339113,10.296296296296296,2.4149345398807047,25.11111111111111,3.1905308617042367,35.62068965517241,4.345883052659052,15.777777777777779,2.5919005995502062,6.222222222222222,1.577079416890439,3.310344827586207,1.734182563215758,12.275862068965518,2.44798097162507,17.03448275862069,2.542253761368467,26.615384615384617,2.829514772209865,60.96296296296296,4.108916022893494,0.4375769230769232,0.042817915014090144,7.37037037037037,2.002846976530162,23.107142857142858,4.184090553108734,0.3325769230769231,0.08430808885364349,18.59259259259259,3.177556623707294,37.73076923076923,5.0561462977860305,0.49949999999999994,0.06548419656680533,0.49976923076923074,0.04910910929129764,12.137931034482758,4.364828076560523,16.884615384615383,4.292569608772098,0.7366923076923076,0.11144856005557693,8.5,1.6309506430300091,22.03846153846154,2.9863793359956032,30.76923076923077,3.70197452511702,13.0,3.0382181012509997,5.777777777777778,1.8045526471705546,3.259259259259259,1.1959094573584699,12.555555555555555,2.8599802760661093,19.51851851851852,2.7367916416907754,6.153846153846154,8.974150913339079
