Year,Team,Rslt,Rslt_std,Tm,Tm_std,Opp_score,Opp_score_std,OT,OT_std,FG,FG_std,FGA,FGA_std,FG%,FG%_std,3P,3P_std,3PA,3PA_std,3P%,3P%_std,2P,2P_std,2PA,2PA_std,2P%,2P%_std,eFG%,eFG%_std,FT,FT_std,FTA,FTA_std,FT%,FT%_std,ORB,ORB_std,DRB,DRB_std,TRB,TRB_std,AST,AST_std,STL,STL_std,BLK,BLK_std,TOV,TOV_std,PF,PF_std,FG_opp,FG_opp_std,FGA_opp,FGA_opp_std,FG%_opp,FG%_opp_std,3P_opp,3P_opp_std,3PA_opp,3PA_opp_std,3P%_opp,3P%_opp_std,2P_opp,2P_opp_std,2PA_opp,2PA_opp_std,2P%_opp,2P%_opp_std,eFG%_opp,eFG%_opp_std,FT_opp,FT_opp_std,FTA_opp,FTA_opp_std,FT%_opp,FT%_opp_std,ORB_opp,ORB_opp_std,DRB_opp,DRB_opp_std,TRB_opp,TRB_opp_std,AST_opp,AST_opp_std,STL_opp,STL_opp_std,BLK_opp,BLK_opp_std,TOV_opp,TOV_opp_std,PF_opp,PF_opp_std,Spread,Spread_std
2018,north-carolina-central,0.5588235294117647,0.5039947372613783,71.67857142857143,7.869554890836849,69.03571428571429,9.41819414497179,0.0,0.0,27.0,3.8452196667699345,57.48275862068966,6.09813021492872,0.46921428571428575,0.04518878682844291,6.0,1.5275252316519468,18.5,3.3719979789985595,0.34089285714285716,0.07863386288065968,20.785714285714285,3.1781329582836997,39.67857142857143,4.619231709635444,0.5214642857142857,0.05830791963415854,0.5225714285714286,0.05545864563493573,11.233333333333333,4.264394150552265,16.161290322580644,5.768285558081352,0.6648000000000001,0.08696547075390483,9.3,2.5750795099877246,23.821428571428573,2.568377084183872,33.035714285714285,3.815001022835093,15.066666666666666,3.694668417144315,4.419354838709677,1.7082972721082452,3.375,1.6607421582319852,13.642857142857142,3.0333246118835024,18.6,3.179676843263511,24.107142857142858,3.4355363559290204,58.107142857142854,3.8522651894628295,0.41774999999999995,0.05913050538145829,7.161290322580645,2.14626457197225,21.482758620689655,3.9786994434216494,0.32903333333333334,0.07491856881990598,16.857142857142858,3.0515847214470897,35.67857142857143,3.7123774096589415,0.47071428571428564,0.07070588908515861,0.47867857142857145,0.06490794254396763,13.482758620689655,3.5012313105042305,19.419354838709676,4.5736505736547555,0.7064642857142857,0.062405770235853655,8.548387096774194,2.592793984326809,20.866666666666667,3.213477365971199,29.133333333333333,4.86176733392245,12.866666666666667,2.812942174691993,5.133333333333334,2.012603963188903,2.7,1.4656997857914034,10.9,2.5777563085378916,15.7,2.8057822069974443,1.4285714285714286,11.050150230011361
