Year,Team,Rslt,Rslt_std,Tm,Tm_std,Opp_score,Opp_score_std,OT,OT_std,FG,FG_std,FGA,FGA_std,FG%,FG%_std,3P,3P_std,3PA,3PA_std,3P%,3P%_std,2P,2P_std,2PA,2PA_std,2P%,2P%_std,eFG%,eFG%_std,FT,FT_std,FTA,FTA_std,FT%,FT%_std,ORB,ORB_std,DRB,DRB_std,TRB,TRB_std,AST,AST_std,STL,STL_std,BLK,BLK_std,TOV,TOV_std,PF,PF_std,FG_opp,FG_opp_std,FGA_opp,FGA_opp_std,FG%_opp,FG%_opp_std,3P_opp,3P_opp_std,3PA_opp,3PA_opp_std,3P%_opp,3P%_opp_std,2P_opp,2P_opp_std,2PA_opp,2PA_opp_std,2P%_opp,2P%_opp_std,eFG%_opp,eFG%_opp_std,FT_opp,FT_opp_std,FTA_opp,FTA_opp_std,FT%_opp,FT%_opp_std,ORB_opp,ORB_opp_std,DRB_opp,DRB_opp_std,TRB_opp,TRB_opp_std,AST_opp,AST_opp_std,STL_opp,STL_opp_std,BLK_opp,BLK_opp_std,TOV_opp,TOV_opp_std,PF_opp,PF_opp_std,Spread,Spread_std
2018,north-carolina-state,0.65625,0.48255870443481425,81.1923076923077,9.524785481129665,74.15384615384616,7.656068482934608,0.0,0.0,28.923076923076923,4.02912473793579,62.107142857142854,5.782087830752806,0.4725000000000001,0.05185460442429391,7.6923076923076925,2.27629929085313,20.25925925925926,4.266079019360776,0.3708846153846154,0.10400589480335311,20.923076923076923,4.107778737206539,40.84615384615385,5.489570531051097,0.5210384615384615,0.06958188314165162,0.5326923076923079,0.06390854041880113,13.857142857142858,4.240145749716155,20.22222222222222,5.706496522745157,0.6909230769230769,0.06471656546939004,10.115384615384615,2.454822569179664,21.37037037037037,3.904121571130341,31.73076923076923,4.812963264415736,15.62962962962963,3.2361913529540356,7.071428571428571,2.0354009783964297,3.7096774193548385,1.57466500960462,12.0,2.349468024894146,17.928571428571427,2.7477744722346755,27.285714285714285,3.9894039548965106,59.7037037037037,6.365863376182096,0.4642307692307691,0.055485715417435286,5.964285714285714,1.8754188244751537,18.692307692307693,3.1083015396737914,0.3270740740740742,0.08778948856209554,21.23076923076923,4.366304545564291,39.7037037037037,6.7812797454282165,0.534423076923077,0.06185219354359104,0.5150384615384616,0.06108582864739138,12.925925925925926,3.8121861881030332,18.142857142857142,4.9119226507533815,0.7,0.1000123992312953,9.62962962962963,2.8842829817977846,22.192307692307693,3.059663128767358,31.40740740740741,5.055532074708315,14.142857142857142,3.1235578682991867,6.0344827586206895,2.0438541781344948,3.793103448275862,2.0767300936263715,13.88888888888889,2.6066974881776743,18.037037037037038,3.663557345211403,6.153846153846154,10.1575284698289
