Year,Team,Rslt,Rslt_std,Tm,Tm_std,Opp_score,Opp_score_std,OT,OT_std,FG,FG_std,FGA,FGA_std,FG%,FG%_std,3P,3P_std,3PA,3PA_std,3P%,3P%_std,2P,2P_std,2PA,2PA_std,2P%,2P%_std,eFG%,eFG%_std,FT,FT_std,FTA,FTA_std,FT%,FT%_std,ORB,ORB_std,DRB,DRB_std,TRB,TRB_std,AST,AST_std,STL,STL_std,BLK,BLK_std,TOV,TOV_std,PF,PF_std,FG_opp,FG_opp_std,FGA_opp,FGA_opp_std,FG%_opp,FG%_opp_std,3P_opp,3P_opp_std,3PA_opp,3PA_opp_std,3P%_opp,3P%_opp_std,2P_opp,2P_opp_std,2PA_opp,2PA_opp_std,2P%_opp,2P%_opp_std,eFG%_opp,eFG%_opp_std,FT_opp,FT_opp_std,FTA_opp,FTA_opp_std,FT%_opp,FT%_opp_std,ORB_opp,ORB_opp_std,DRB_opp,DRB_opp_std,TRB_opp,TRB_opp_std,AST_opp,AST_opp_std,STL_opp,STL_opp_std,BLK_opp,BLK_opp_std,TOV_opp,TOV_opp_std,PF_opp,PF_opp_std,Spread,Spread_std
2018,oklahoma,0.5806451612903226,0.501610310127101,85.0,10.408329997330663,81.64,6.688796603276257,0.0,0.0,29.52,3.417113791881486,63.074074074074076,5.420232225552461,0.46512,0.051238266949614926,9.333333333333334,2.8147960713126134,25.96,3.3476359818036765,0.35619999999999996,0.08930472178632735,19.96,3.047950130825634,38.30769230769231,3.844676639398749,0.5318400000000001,0.06436140147635072,0.5369999999999999,0.06465549731719131,15.56,4.388241865105735,20.384615384615383,5.314711078332842,0.7494615384615386,0.07657531235025072,8.423076923076923,2.1572774865200244,25.923076923076923,3.610241841462446,34.68,3.5791060336346563,14.6,3.593976442141304,6.518518518518518,1.6494840771579826,4.035714285714286,2.1684973950597572,13.5,2.5495097567963922,17.423076923076923,2.8449685681648846,30.16,2.7640549922170505,67.76,5.410483650592924,0.44619999999999993,0.03916737588010375,9.23076923076923,2.1782138059922826,24.88,3.7784476530271887,0.365,0.0822161784565544,21.59259259259259,2.899061642076347,43.0,5.0990195135927845,0.49839999999999995,0.06088376904671171,0.5136000000000001,0.04578664288487054,11.96,3.397057550292606,17.53846153846154,5.224792966085981,0.7180384615384615,0.10368856475782882,10.5,2.5806975801127883,24.88,4.1263381667850085,35.6,4.743416490252569,14.76,2.933712096758417,6.851851851851852,2.4290502053858214,3.7857142857142856,2.061231973523904,12.678571428571429,2.5827572322297194,18.153846153846153,2.8240723459898502,3.12,10.856334556377673
