Year,Team,Rslt,Rslt_std,Tm,Tm_std,Opp_score,Opp_score_std,OT,OT_std,FG,FG_std,FGA,FGA_std,FG%,FG%_std,3P,3P_std,3PA,3PA_std,3P%,3P%_std,2P,2P_std,2PA,2PA_std,2P%,2P%_std,eFG%,eFG%_std,FT,FT_std,FTA,FTA_std,FT%,FT%_std,ORB,ORB_std,DRB,DRB_std,TRB,TRB_std,AST,AST_std,STL,STL_std,BLK,BLK_std,TOV,TOV_std,PF,PF_std,FG_opp,FG_opp_std,FGA_opp,FGA_opp_std,FG%_opp,FG%_opp_std,3P_opp,3P_opp_std,3PA_opp,3PA_opp_std,3P%_opp,3P%_opp_std,2P_opp,2P_opp_std,2PA_opp,2PA_opp_std,2P%_opp,2P%_opp_std,eFG%_opp,eFG%_opp_std,FT_opp,FT_opp_std,FTA_opp,FTA_opp_std,FT%_opp,FT%_opp_std,ORB_opp,ORB_opp_std,DRB_opp,DRB_opp_std,TRB_opp,TRB_opp_std,AST_opp,AST_opp_std,STL_opp,STL_opp_std,BLK_opp,BLK_opp_std,TOV_opp,TOV_opp_std,PF_opp,PF_opp_std,Spread,Spread_std
2018,loyola-il,0.8484848484848485,0.36410954062720957,71.0,9.083970415986531,61.17857142857143,7.206239947427104,0.0,0.0,25.88888888888889,3.8263593193825427,51.392857142857146,5.27284648486091,0.5086666666666665,0.0534077205597151,7.444444444444445,1.7394369852458078,18.142857142857142,3.147183169877773,0.4005925925925926,0.07991835220988369,19.344827586206897,4.081980104845525,32.857142857142854,5.365971561017705,0.5794074074074074,0.0664097185075401,0.5792592592592593,0.05903297161664605,11.5,4.606966239406849,16.88888888888889,5.0025634454388515,0.7225185185185187,0.054082110201753825,5.185185185185185,1.6649563874407558,24.233333333333334,3.002106540108282,28.9,3.5267451048357263,14.931034482758621,3.115984532360732,6.241379310344827,2.098556858104995,2.375,1.6607421582319852,11.5,3.2489314482696545,13.962962962962964,2.209794307891774,22.571428571428573,2.1846022000553726,55.22222222222222,4.1725599348908595,0.41488888888888886,0.04046207467715276,6.481481481481482,2.118968732668911,19.892857142857142,4.184090553108734,0.31966666666666677,0.07171632149818317,16.428571428571427,2.410295378065479,35.06896551724138,4.3254317248005805,0.46459259259259267,0.050914150412736066,0.472111111111111,0.04985003150476076,9.892857142857142,3.3259839615021165,14.0,4.65985898008574,0.7021481481481482,0.09624516119853016,7.533333333333333,2.7257815498442395,20.571428571428573,3.1672931711077887,28.62962962962963,3.090284380094743,11.1,3.1332477366640425,6.392857142857143,2.0428608428574924,2.892857142857143,1.227441956515157,12.571428571428571,2.7679190127920403,16.77777777777778,2.485857433459767,12.035714285714286,7.829110648405319
