Year,Team,Rslt,Rslt_std,Tm,Tm_std,Opp_score,Opp_score_std,OT,OT_std,FG,FG_std,FGA,FGA_std,FG%,FG%_std,3P,3P_std,3PA,3PA_std,3P%,3P%_std,2P,2P_std,2PA,2PA_std,2P%,2P%_std,eFG%,eFG%_std,FT,FT_std,FTA,FTA_std,FT%,FT%_std,ORB,ORB_std,DRB,DRB_std,TRB,TRB_std,AST,AST_std,STL,STL_std,BLK,BLK_std,TOV,TOV_std,PF,PF_std,FG_opp,FG_opp_std,FGA_opp,FGA_opp_std,FG%_opp,FG%_opp_std,3P_opp,3P_opp_std,3PA_opp,3PA_opp_std,3P%_opp,3P%_opp_std,2P_opp,2P_opp_std,2PA_opp,2PA_opp_std,2P%_opp,2P%_opp_std,eFG%_opp,eFG%_opp_std,FT_opp,FT_opp_std,FTA_opp,FTA_opp_std,FT%_opp,FT%_opp_std,ORB_opp,ORB_opp_std,DRB_opp,DRB_opp_std,TRB_opp,TRB_opp_std,AST_opp,AST_opp_std,STL_opp,STL_opp_std,BLK_opp,BLK_opp_std,TOV_opp,TOV_opp_std,PF_opp,PF_opp_std,Spread,Spread_std
2018,florida-state,0.6451612903225806,0.48637345711392,81.32,9.61647891208974,75.28,7.277362159464102,0.0,0.0,28.96,3.3100855980875585,61.12,5.695904961753956,0.47672,0.05473231830159095,7.407407407407407,2.098703982118108,22.444444444444443,4.405707254261955,0.3469999999999999,0.06643914508781702,21.28,2.965355515504563,38.5,5.558776843874918,0.5567692307692309,0.09223244882027483,0.5409999999999999,0.06010823570859487,15.04,3.5529330606322063,22.24,4.57602447545902,0.6936538461538462,0.07084910292032909,10.16,3.6478304054145205,24.714285714285715,4.197504927816955,35.08,5.0076607978842445,14.692307692307692,3.6196047383020242,6.576923076923077,2.17574036912637,5.074074074074074,2.0554978046865497,12.576923076923077,2.157277486520025,18.6,2.886751345948129,25.884615384615383,3.0374584517576277,61.36,4.855237721608833,0.42608,0.04545228267095064,8.48,1.9815818596935801,22.92,3.882868355567398,0.36952000000000007,0.06982485230918858,17.25925925925926,2.7539145927289725,38.36,4.9064583289103085,0.45087999999999995,0.05167471980249788,0.49352,0.05563206509439199,13.4,4.112987559751022,18.68,5.632642955723953,0.7362400000000001,0.06885085329899696,8.851851851851851,3.2070079957649438,22.714285714285715,3.7402430388168617,31.576923076923077,3.624064866120108,13.0,3.668996928526714,5.586206896551724,1.842305259708808,2.64,1.7048949136725895,13.807692307692308,4.185873679596466,18.8,2.7838821814150108,6.44,9.777013859047146
