Year,Team,Rslt,Rslt_std,Tm,Tm_std,Opp_score,Opp_score_std,OT,OT_std,FG,FG_std,FGA,FGA_std,FG%,FG%_std,3P,3P_std,3PA,3PA_std,3P%,3P%_std,2P,2P_std,2PA,2PA_std,2P%,2P%_std,eFG%,eFG%_std,FT,FT_std,FTA,FTA_std,FT%,FT%_std,ORB,ORB_std,DRB,DRB_std,TRB,TRB_std,AST,AST_std,STL,STL_std,BLK,BLK_std,TOV,TOV_std,PF,PF_std,FG_opp,FG_opp_std,FGA_opp,FGA_opp_std,FG%_opp,FG%_opp_std,3P_opp,3P_opp_std,3PA_opp,3PA_opp_std,3P%_opp,3P%_opp_std,2P_opp,2P_opp_std,2PA_opp,2PA_opp_std,2P%_opp,2P%_opp_std,eFG%_opp,eFG%_opp_std,FT_opp,FT_opp_std,FTA_opp,FTA_opp_std,FT%_opp,FT%_opp_std,ORB_opp,ORB_opp_std,DRB_opp,DRB_opp_std,TRB_opp,TRB_opp_std,AST_opp,AST_opp_std,STL_opp,STL_opp_std,BLK_opp,BLK_opp_std,TOV_opp,TOV_opp_std,PF_opp,PF_opp_std,Spread,Spread_std
2018,alabama,0.5588235294117647,0.5039947372613783,72.78571428571429,6.5735561313219355,69.82142857142857,6.566207380602547,0.0,0.0,24.82758620689655,3.163056450393256,55.45161290322581,4.0235863743466425,0.45892857142857146,0.05882675668084466,6.0344827586206895,2.1791669217630862,20.3,4.647209025225563,0.3150714285714286,0.07242770524303863,18.821428571428573,3.091847960285856,35.93103448275862,5.243574533810463,0.5387142857142857,0.07560073345855119,0.5171071428571429,0.06785460451949707,15.64516129032258,4.950073313240079,23.103448275862068,5.740487955778964,0.668142857142857,0.07662980480287669,9.066666666666666,2.625253135030698,24.678571428571427,4.260530061168024,33.6,5.183528288457716,12.655172413793103,2.7938179466836814,6.633333333333334,1.8285727114117012,5.433333333333334,2.062528300049662,13.482758620689655,2.399712626473256,18.821428571428573,2.404526155346627,24.379310344827587,2.6513311091310916,58.7,5.233512699173834,0.41453571428571434,0.05234464289888355,7.103448275862069,1.9150685848629714,21.344827586206897,3.9485608777029273,0.33027586206896564,0.08962497123001098,17.25,2.590938625858004,36.3448275862069,5.941836308685374,0.47806896551724143,0.07387727808161836,0.4731785714285714,0.06179539331471752,14.3,4.387678673049228,21.533333333333335,5.230766630258884,0.6929310344827585,0.07015235004437678,9.466666666666667,3.036937356243478,22.642857142857142,2.8312317135609044,32.285714285714285,4.585461266487269,11.241379310344827,3.0432028758928253,6.1,2.186951901777827,3.5517241379310347,1.4537195371222187,12.774193548387096,2.2614107310755505,19.8,2.964153656029276,2.0,11.462081414159803
