Year,Team,Rslt,Rslt_std,Tm,Tm_std,Opp_score,Opp_score_std,OT,OT_std,FG,FG_std,FGA,FGA_std,FG%,FG%_std,3P,3P_std,3PA,3PA_std,3P%,3P%_std,2P,2P_std,2PA,2PA_std,2P%,2P%_std,eFG%,eFG%_std,FT,FT_std,FTA,FTA_std,FT%,FT%_std,ORB,ORB_std,DRB,DRB_std,TRB,TRB_std,AST,AST_std,STL,STL_std,BLK,BLK_std,TOV,TOV_std,PF,PF_std,FG_opp,FG_opp_std,FGA_opp,FGA_opp_std,FG%_opp,FG%_opp_std,3P_opp,3P_opp_std,3PA_opp,3PA_opp_std,3P%_opp,3P%_opp_std,2P_opp,2P_opp_std,2PA_opp,2PA_opp_std,2P%_opp,2P%_opp_std,eFG%_opp,eFG%_opp_std,FT_opp,FT_opp_std,FTA_opp,FTA_opp_std,FT%_opp,FT%_opp_std,ORB_opp,ORB_opp_std,DRB_opp,DRB_opp_std,TRB_opp,TRB_opp_std,AST_opp,AST_opp_std,STL_opp,STL_opp_std,BLK_opp,BLK_opp_std,TOV_opp,TOV_opp_std,PF_opp,PF_opp_std,Spread,Spread_std
2018,michigan-state,0.8787878787878788,0.33143398263980844,78.75862068965517,11.447567341123468,63.535714285714285,6.9200842579817,0.0,0.0,28.037037037037038,4.3009970354065,56.888888888888886,4.335305271243514,0.49825925925925924,0.06195506597067103,8.222222222222221,1.9281983087713561,20.48148148148148,3.0930489111799644,0.40537037037037044,0.07032952555820468,19.77777777777778,4.126213885105936,36.148148148148145,3.8600887166339715,0.5447407407407407,0.07851241577100675,0.5733333333333334,0.06896264317618746,15.642857142857142,5.863978460588288,20.333333333333332,6.445033866354896,0.7517777777777779,0.07929804213963598,10.03448275862069,2.556263436858707,28.387096774193548,3.9300332429029887,38.07142857142857,4.504553839283674,19.0,4.835764198615911,3.9642857142857144,1.4777897123279868,6.931034482758621,3.104501736910894,12.37037037037037,2.7477004112270955,17.517241379310345,2.861326985548244,21.821428571428573,3.1275783014572207,61.107142857142854,4.708851284897456,0.3649629629629629,0.052565330400502194,7.290322580645161,2.268531806949108,20.620689655172413,3.9678511016080247,0.3338571428571428,0.06885234565826717,14.814814814814815,3.64836145557719,39.333333333333336,5.08391127441794,0.3831481481481482,0.07015296676861746,0.42792592592592593,0.05589958437022168,12.620689655172415,3.967851101608025,16.724137931034484,5.243339664511391,0.7260740740740742,0.07628939130096152,7.689655172413793,2.522802413924728,18.40740740740741,3.1532554515960074,26.93103448275862,5.509284595005823,11.666666666666666,2.783366026375548,6.0344827586206895,2.3219874279942916,2.586206896551724,1.3233410471581377,9.464285714285714,2.9625082323016465,19.5,3.3829638550307397,15.555555555555555,11.823488139921814
