Year,Team,Rslt,Rslt_std,Tm,Tm_std,Opp_score,Opp_score_std,OT,OT_std,FG,FG_std,FGA,FGA_std,FG%,FG%_std,3P,3P_std,3PA,3PA_std,3P%,3P%_std,2P,2P_std,2PA,2PA_std,2P%,2P%_std,eFG%,eFG%_std,FT,FT_std,FTA,FTA_std,FT%,FT%_std,ORB,ORB_std,DRB,DRB_std,TRB,TRB_std,AST,AST_std,STL,STL_std,BLK,BLK_std,TOV,TOV_std,PF,PF_std,FG_opp,FG_opp_std,FGA_opp,FGA_opp_std,FG%_opp,FG%_opp_std,3P_opp,3P_opp_std,3PA_opp,3PA_opp_std,3P%_opp,3P%_opp_std,2P_opp,2P_opp_std,2PA_opp,2PA_opp_std,2P%_opp,2P%_opp_std,eFG%_opp,eFG%_opp_std,FT_opp,FT_opp_std,FTA_opp,FTA_opp_std,FT%_opp,FT%_opp_std,ORB_opp,ORB_opp_std,DRB_opp,DRB_opp_std,TRB_opp,TRB_opp_std,AST_opp,AST_opp_std,STL_opp,STL_opp_std,BLK_opp,BLK_opp_std,TOV_opp,TOV_opp_std,PF_opp,PF_opp_std,Spread,Spread_std
2018,purdue,0.8235294117647058,0.3869529949759475,80.57142857142857,8.333015866968779,65.82142857142857,7.7796199632428555,0.0,0.0,28.071428571428573,3.2764996162749256,56.357142857142854,4.075348526011684,0.49914285714285705,0.05158862513564636,9.285714285714286,2.6923367636083806,22.535714285714285,3.23730732710979,0.4081428571428572,0.08929299017973413,18.285714285714285,2.719710535484502,33.62068965517241,4.4434043665338425,0.548857142857143,0.06639763175479606,0.5829285714285716,0.06986862198887522,15.464285714285714,3.7955348313623283,20.344827586206897,5.273084364886628,0.7372499999999998,0.07129366758020683,7.066666666666666,2.116166562333936,24.448275862068964,3.699287642781973,31.571428571428573,3.9008885163422984,17.3,3.8250535267834644,5.225806451612903,2.2167495335792125,5.0,2.1701791214908597,10.5,2.116950987028628,15.275862068965518,2.7632350570111774,24.310344827586206,3.9106397748035886,59.107142857142854,4.085559807639456,0.4161724137931035,0.05746742491280059,6.9,2.354013447358538,20.75862068965517,3.6513712924421884,0.3334285714285715,0.07127693958358564,17.6,3.829108116195891,38.857142857142854,5.4617476901343425,0.4486785714285714,0.07434805712245343,0.4709999999999999,0.05729714620260737,9.285714285714286,2.62265264156481,13.821428571428571,3.5387125868720637,0.6774285714285716,0.09327634314485207,8.172413793103448,2.700118588893582,20.321428571428573,2.789578109991909,28.82758620689655,4.698548145949231,12.172413793103448,3.241130375096686,4.933333333333334,1.7603552410558057,2.2903225806451615,1.101318857464291,11.464285714285714,3.108913623011086,19.071428571428573,2.707035708675142,13.714285714285714,12.05498864880226
