Year,Team,Rslt,Rslt_std,Tm,Tm_std,Opp_score,Opp_score_std,OT,OT_std,FG,FG_std,FGA,FGA_std,FG%,FG%_std,3P,3P_std,3PA,3PA_std,3P%,3P%_std,2P,2P_std,2PA,2PA_std,2P%,2P%_std,eFG%,eFG%_std,FT,FT_std,FTA,FTA_std,FT%,FT%_std,ORB,ORB_std,DRB,DRB_std,TRB,TRB_std,AST,AST_std,STL,STL_std,BLK,BLK_std,TOV,TOV_std,PF,PF_std,FG_opp,FG_opp_std,FGA_opp,FGA_opp_std,FG%_opp,FG%_opp_std,3P_opp,3P_opp_std,3PA_opp,3PA_opp_std,3P%_opp,3P%_opp_std,2P_opp,2P_opp_std,2PA_opp,2PA_opp_std,2P%_opp,2P%_opp_std,eFG%_opp,eFG%_opp_std,FT_opp,FT_opp_std,FTA_opp,FTA_opp_std,FT%_opp,FT%_opp_std,ORB_opp,ORB_opp_std,DRB_opp,DRB_opp_std,TRB_opp,TRB_opp_std,AST_opp,AST_opp_std,STL_opp,STL_opp_std,BLK_opp,BLK_opp_std,TOV_opp,TOV_opp_std,PF_opp,PF_opp_std,Spread,Spread_std
2018,arkansas,0.6764705882352942,0.47485807993381707,80.92857142857143,10.807845474909595,75.10344827586206,8.682267756698982,0.0,0.0,28.892857142857142,4.003140301704685,60.75,4.534844519365004,0.4772142857142857,0.05060036388601199,7.75,2.1849928028227223,19.379310344827587,3.3318141037091005,0.3981071428571429,0.06350056242720555,20.964285714285715,3.6765739170042218,40.92857142857143,3.4526272490141356,0.5118571428571429,0.06849423565133285,0.5395357142857141,0.05412980430673765,15.551724137931034,5.2480350533492315,22.566666666666666,6.452389738177114,0.6711034482758621,0.0767204316368324,8.774193548387096,2.2614107310755505,23.7,4.771683719321868,31.678571428571427,4.853815386839904,13.964285714285714,3.1679195516480982,6.15625,2.2448417574806987,4.333333333333333,2.36837399966704,10.714285714285714,1.9599157740244455,19.96551724137931,1.990742119711169,24.964285714285715,3.584763465073965,57.857142857142854,3.855868886220701,0.4392999999999999,0.057007652238915296,8.2,2.234525329522103,24.133333333333333,3.910492810757809,0.35428571428571426,0.07740698463214588,15.548387096774194,4.006983151760764,33.75,4.427397864643729,0.47721428571428576,0.0537789420049763,0.5058928571428571,0.062365909067026465,17.724137931034484,4.182416865574069,23.892857142857142,4.825390298658911,0.720607142857143,0.08793067104288986,9.310344827586206,2.3161459409338683,23.035714285714285,3.5011336032685914,33.43333333333333,4.9666705237970055,13.733333333333333,2.815392829004364,4.5,1.9344083032987032,3.4838709677419355,1.9641956410014334,13.666666666666666,3.144051124149282,19.551724137931036,3.6506966741837856,5.214285714285714,13.598358133074152
