Year,Team,Rslt,Rslt_std,Tm,Tm_std,Opp_score,Opp_score_std,OT,OT_std,FG,FG_std,FGA,FGA_std,FG%,FG%_std,3P,3P_std,3PA,3PA_std,3P%,3P%_std,2P,2P_std,2PA,2PA_std,2P%,2P%_std,eFG%,eFG%_std,FT,FT_std,FTA,FTA_std,FT%,FT%_std,ORB,ORB_std,DRB,DRB_std,TRB,TRB_std,AST,AST_std,STL,STL_std,BLK,BLK_std,TOV,TOV_std,PF,PF_std,FG_opp,FG_opp_std,FGA_opp,FGA_opp_std,FG%_opp,FG%_opp_std,3P_opp,3P_opp_std,3PA_opp,3PA_opp_std,3P%_opp,3P%_opp_std,2P_opp,2P_opp_std,2PA_opp,2PA_opp_std,2P%_opp,2P%_opp_std,eFG%_opp,eFG%_opp_std,FT_opp,FT_opp_std,FTA_opp,FTA_opp_std,FT%_opp,FT%_opp_std,ORB_opp,ORB_opp_std,DRB_opp,DRB_opp_std,TRB_opp,TRB_opp_std,AST_opp,AST_opp_std,STL_opp,STL_opp_std,BLK_opp,BLK_opp_std,TOV_opp,TOV_opp_std,PF_opp,PF_opp_std,Spread,Spread_std
2018,cincinnati,0.8823529411764706,0.3270349700838643,73.78571428571429,7.490028644840359,56.464285714285715,7.365998676889408,0.0,0.0,26.566666666666666,4.057205878462404,57.13793103448276,5.350061000526966,0.45032142857142865,0.041293936037136894,6.9655172413793105,2.061254101974428,19.724137931034484,4.487256175024507,0.3518333333333333,0.07467635148602512,18.857142857142858,3.2054847176569528,37.793103448275865,5.2056240901055935,0.5026071428571429,0.043328494845868655,0.5100714285714286,0.04939855191416983,14.214285714285714,4.040142487926796,21.107142857142858,5.0283587316729434,0.6755357142857144,0.06043268807822294,10.8,2.591764144228858,23.535714285714285,3.108913623011086,34.785714285714285,4.68533680244878,16.633333333333333,4.649681734257202,7.103448275862069,2.0061481854219845,5.032258064516129,1.6017463587751535,10.821428571428571,2.931989230294144,15.5,3.137646823051775,20.419354838709676,3.640276487195143,54.392857142857146,4.499706045660593,0.3652500000000001,0.04913520650733564,5.966666666666667,2.042367343994731,20.1,3.889419777665629,0.3104642857142857,0.07849155752802084,13.714285714285714,1.940926522874003,33.689655172413794,4.045309879317583,0.4061428571428572,0.0495241910852212,0.42282142857142857,0.06244586014889579,10.142857142857142,3.111677952896103,14.551724137931034,4.067170013803488,0.7053571428571427,0.09676631426648208,7.78125,2.365537175576038,19.96551724137931,3.0993404669460345,28.17241379310345,3.4128848869001613,9.892857142857142,2.7667240384183427,4.566666666666666,1.9596504497122622,2.7666666666666666,1.1651056880677464,14.172413793103448,3.048055182257807,18.766666666666666,3.2236553821692087,17.214285714285715,11.039850853988332
