Year,Team,Rslt,Rslt_std,Tm,Tm_std,Opp_score,Opp_score_std,OT,OT_std,FG,FG_std,FGA,FGA_std,FG%,FG%_std,3P,3P_std,3PA,3PA_std,3P%,3P%_std,2P,2P_std,2PA,2PA_std,2P%,2P%_std,eFG%,eFG%_std,FT,FT_std,FTA,FTA_std,FT%,FT%_std,ORB,ORB_std,DRB,DRB_std,TRB,TRB_std,AST,AST_std,STL,STL_std,BLK,BLK_std,TOV,TOV_std,PF,PF_std,FG_opp,FG_opp_std,FGA_opp,FGA_opp_std,FG%_opp,FG%_opp_std,3P_opp,3P_opp_std,3PA_opp,3PA_opp_std,3P%_opp,3P%_opp_std,2P_opp,2P_opp_std,2PA_opp,2PA_opp_std,2P%_opp,2P%_opp_std,eFG%_opp,eFG%_opp_std,FT_opp,FT_opp_std,FTA_opp,FTA_opp_std,FT%_opp,FT%_opp_std,ORB_opp,ORB_opp_std,DRB_opp,DRB_opp_std,TRB_opp,TRB_opp_std,AST_opp,AST_opp_std,STL_opp,STL_opp_std,BLK_opp,BLK_opp_std,TOV_opp,TOV_opp_std,PF_opp,PF_opp_std,Spread,Spread_std
2018,texas-southern,0.4411764705882353,0.5039947372613783,77.57142857142857,9.421915239084184,79.79310344827586,8.71935167292036,0.0,0.0,25.387096774193548,3.518308488983863,58.03448275862069,5.2812522772315615,0.4328275862068966,0.05037436207714995,7.571428571428571,2.4709957721170035,21.178571428571427,4.989274210028663,0.36241379310344823,0.08443447046648463,17.551724137931036,2.797782373040575,36.714285714285715,4.188672050301091,0.48889285714285713,0.05466892900854928,0.5016785714285715,0.05853524014321918,18.533333333333335,7.205042933818016,25.0,8.668497975016038,0.713392857142857,0.09484659711411361,8.548387096774194,2.964666475647464,24.321428571428573,4.2865299047526335,33.206896551724135,5.4862120053355286,11.862068965517242,3.113612256012007,5.607142857142857,1.3427248612094933,3.566666666666667,1.6333450621206846,12.5,2.7954990278686944,17.655172413793103,3.0854018269096715,28.821428571428573,3.220922014631622,64.6896551724138,6.3589276290215,0.44885714285714284,0.039862461953771404,7.642857142857143,1.8300837000548222,20.928571428571427,4.268129709478289,0.3641785714285714,0.050649158942546145,21.8,3.7637105682264296,42.172413793103445,6.740437488542255,0.4902758620689655,0.05026991186991347,0.508,0.049812240054621704,13.533333333333333,3.9890655143981926,20.620689655172413,4.769050467811388,0.6819642857142857,0.0799738300449809,10.357142857142858,3.34679820142449,24.428571428571427,4.272466296411038,34.48275862068966,5.742203967462396,15.516129032258064,4.265137494789865,5.387096774193548,1.6467628721188874,3.6333333333333333,1.5862193902556445,11.225806451612904,3.051881140317174,20.866666666666667,5.035962622997701,-0.7586206896551724,11.779689458718444
