Year,Team,Rslt,Rslt_std,Tm,Tm_std,Opp_score,Opp_score_std,OT,OT_std,FG,FG_std,FGA,FGA_std,FG%,FG%_std,3P,3P_std,3PA,3PA_std,3P%,3P%_std,2P,2P_std,2PA,2PA_std,2P%,2P%_std,eFG%,eFG%_std,FT,FT_std,FTA,FTA_std,FT%,FT%_std,ORB,ORB_std,DRB,DRB_std,TRB,TRB_std,AST,AST_std,STL,STL_std,BLK,BLK_std,TOV,TOV_std,PF,PF_std,FG_opp,FG_opp_std,FGA_opp,FGA_opp_std,FG%_opp,FG%_opp_std,3P_opp,3P_opp_std,3PA_opp,3PA_opp_std,3P%_opp,3P%_opp_std,2P_opp,2P_opp_std,2PA_opp,2PA_opp_std,2P%_opp,2P%_opp_std,eFG%_opp,eFG%_opp_std,FT_opp,FT_opp_std,FTA_opp,FTA_opp_std,FT%_opp,FT%_opp_std,ORB_opp,ORB_opp_std,DRB_opp,DRB_opp_std,TRB_opp,TRB_opp_std,AST_opp,AST_opp_std,STL_opp,STL_opp_std,BLK_opp,BLK_opp_std,TOV_opp,TOV_opp_std,PF_opp,PF_opp_std,Spread,Spread_std
2018,north-carolina,0.7142857142857143,0.45834924851410563,83.06896551724138,8.754309283688963,72.51724137931035,5.5781505489541985,0.0,0.0,29.966666666666665,4.730556089884173,65.63333333333334,6.1165875844428905,0.4613448275862069,0.05130739007065229,8.193548387096774,2.455189807173228,23.0,4.500895968152234,0.3601379310344828,0.06750646748800711,21.655172413793103,4.466349276766088,42.6,6.17894087565398,0.5072413793103446,0.05579596450615772,0.5255172413793103,0.05836622108331837,13.517241379310345,3.3447260154198877,18.066666666666666,5.002987613163885,0.7573103448275863,0.06523260767015432,11.875,2.8255744491593093,27.0,4.250760581030338,38.86206896551724,4.501778521008863,18.137931034482758,2.948657538743382,5.28125,2.2177346040934536,3.967741935483871,1.8882773625316442,12.1875,3.042044092064498,15.419354838709678,2.2026377149285823,25.8,2.510666898627149,61.89655172413793,4.082583457166438,0.421896551724138,0.03613896277623185,9.533333333333333,1.978040363127335,25.483870967741936,4.537774548108617,0.3846666666666667,0.05398871742498985,16.310344827586206,3.094966515810817,36.44827586206897,5.375780387843715,0.45148275862068965,0.07269044970168029,0.5008275862068966,0.039321085733372514,10.633333333333333,3.418845674657813,16.2,4.147288270665544,0.6720689655172415,0.11360549880884249,7.516129032258065,2.3926410476282687,20.966666666666665,3.633971261091202,28.225806451612904,4.652667173563675,14.84375,2.5791893575182656,5.9,2.073644135332772,4.375,2.0280293947096655,10.866666666666667,2.944701065951532,17.93103448275862,2.814897035452104,8.517241379310345,9.995072677700364
