Year,Team,Rslt,Rslt_std,Tm,Tm_std,Opp_score,Opp_score_std,OT,OT_std,FG,FG_std,FGA,FGA_std,FG%,FG%_std,3P,3P_std,3PA,3PA_std,3P%,3P%_std,2P,2P_std,2PA,2PA_std,2P%,2P%_std,eFG%,eFG%_std,FT,FT_std,FTA,FTA_std,FT%,FT%_std,ORB,ORB_std,DRB,DRB_std,TRB,TRB_std,AST,AST_std,STL,STL_std,BLK,BLK_std,TOV,TOV_std,PF,PF_std,FG_opp,FG_opp_std,FGA_opp,FGA_opp_std,FG%_opp,FG%_opp_std,3P_opp,3P_opp_std,3PA_opp,3PA_opp_std,3P%_opp,3P%_opp_std,2P_opp,2P_opp_std,2PA_opp,2PA_opp_std,2P%_opp,2P%_opp_std,eFG%_opp,eFG%_opp_std,FT_opp,FT_opp_std,FTA_opp,FTA_opp_std,FT%_opp,FT%_opp_std,ORB_opp,ORB_opp_std,DRB_opp,DRB_opp_std,TRB_opp,TRB_opp_std,AST_opp,AST_opp_std,STL_opp,STL_opp_std,BLK_opp,BLK_opp_std,TOV_opp,TOV_opp_std,PF_opp,PF_opp_std,Spread,Spread_std
2018,tennessee,0.7575757575757576,0.4351941398892446,74.22222222222223,7.692820495727636,65.4074074074074,7.712423839590345,0.0,0.0,24.964285714285715,3.260108415115497,57.2962962962963,4.4446581145219435,0.44337037037037036,0.06467442018897909,7.928571428571429,2.3082552562579224,20.857142857142858,3.875032001915986,0.3804444444444445,0.07380553102753486,17.125,3.2799488587673182,36.964285714285715,4.57434182966284,0.4768888888888889,0.08166268959442172,0.5112962962962962,0.07305046454589026,15.666666666666666,3.430631249381193,20.814814814814813,4.59964076387441,0.7559259259259259,0.07850768013676013,9.678571428571429,2.829128532599439,22.892857142857142,3.7450143224201793,32.48148148148148,4.3972926143460525,15.285714285714286,3.7004218263762434,5.8,1.9190514898484758,4.137931034482759,1.552052510411259,11.892857142857142,2.2826119819884987,19.285714285714285,3.35390477632822,21.928571428571427,2.76122049542202,54.333333333333336,4.16948622549774,0.4039259259259258,0.03699888348203739,6.233333333333333,1.8879533405494833,19.666666666666668,3.293349942862714,0.33014814814814814,0.07701783195303824,15.517241379310345,3.0073800849525916,35.07142857142857,3.952763416186026,0.4603703703703704,0.058240976949321496,0.4635185185185185,0.04024671068295794,14.178571428571429,4.554635989265114,21.035714285714285,5.712119298325875,0.7121111111111113,0.08884010413413586,8.75,2.533114025595111,22.0,2.721655269759087,30.59259259259259,3.9346513799168386,10.678571428571429,2.3102600691916892,5.733333333333333,2.0160277319749236,3.0,1.439245834257849,13.222222222222221,2.6794565082283346,19.642857142857142,2.6972453123756233,7.703703703703703,9.15597667274818
