Year,Team,Rslt,Rslt_std,Tm,Tm_std,Opp_score,Opp_score_std,OT,OT_std,FG,FG_std,FGA,FGA_std,FG%,FG%_std,3P,3P_std,3PA,3PA_std,3P%,3P%_std,2P,2P_std,2PA,2PA_std,2P%,2P%_std,eFG%,eFG%_std,FT,FT_std,FTA,FTA_std,FT%,FT%_std,ORB,ORB_std,DRB,DRB_std,TRB,TRB_std,AST,AST_std,STL,STL_std,BLK,BLK_std,TOV,TOV_std,PF,PF_std,FG_opp,FG_opp_std,FGA_opp,FGA_opp_std,FG%_opp,FG%_opp_std,3P_opp,3P_opp_std,3PA_opp,3PA_opp_std,3P%_opp,3P%_opp_std,2P_opp,2P_opp_std,2PA_opp,2PA_opp_std,2P%_opp,2P%_opp_std,eFG%_opp,eFG%_opp_std,FT_opp,FT_opp_std,FTA_opp,FTA_opp_std,FT%_opp,FT%_opp_std,ORB_opp,ORB_opp_std,DRB_opp,DRB_opp_std,TRB_opp,TRB_opp_std,AST_opp,AST_opp_std,STL_opp,STL_opp_std,BLK_opp,BLK_opp_std,TOV_opp,TOV_opp_std,PF_opp,PF_opp_std,Spread,Spread_std
2018,ohio-state,0.75,0.43994134506405985,75.5,7.8701969479804,66.65384615384616,7.1662671325722025,0.0,0.0,27.962962962962962,3.694918355312016,57.392857142857146,4.961625224432501,0.4816153846153846,0.051806622683264685,6.333333333333333,1.9215378456610457,18.37037037037037,3.387172046550703,0.34515384615384614,0.07457543418992198,20.75862068965517,3.4190137718958944,37.925925925925924,3.921596279439965,0.5515384615384614,0.06867210832309185,0.5386538461538461,0.05777192557475806,12.884615384615385,3.5023069320312072,17.666666666666668,4.5573271518765,0.7274999999999999,0.05600232138045708,8.107142857142858,2.6989611954215897,25.53846153846154,3.0624273931738433,33.55555555555556,4.8145079893471125,14.392857142857142,2.739820022668233,5.884615384615385,1.796149728211389,3.8518518518518516,1.2311253046174933,11.214285714285714,2.4091975436299955,17.714285714285715,2.865595960989653,23.964285714285715,2.755225914742717,56.65384615384615,3.999423035312045,0.4112307692307692,0.04432724461755564,7.846153846153846,1.6897883344918132,22.115384615384617,3.9428611243808533,0.34523076923076934,0.0770004195792764,16.413793103448278,3.2570499511423607,33.77777777777778,4.236592728681617,0.4614615384615384,0.06305884919294405,0.47634615384615375,0.048605302021645584,11.25925925925926,3.481739094548459,16.346153846153847,4.849266399712911,0.6955000000000001,0.11751382897344465,7.3076923076923075,2.526170711083964,21.25925925925926,3.2651138817763554,28.46153846153846,3.921538159760981,11.961538461538462,2.08769287455352,5.357142857142857,1.568539913523867,2.2413793103448274,1.527256466763502,11.703703703703704,2.906422792247103,17.423076923076923,3.4776207604979232,9.148148148148149,11.637815363664542
