Year,Team,Rslt,Rslt_std,Tm,Tm_std,Opp_score,Opp_score_std,OT,OT_std,FG,FG_std,FGA,FGA_std,FG%,FG%_std,3P,3P_std,3PA,3PA_std,3P%,3P%_std,2P,2P_std,2PA,2PA_std,2P%,2P%_std,eFG%,eFG%_std,FT,FT_std,FTA,FTA_std,FT%,FT%_std,ORB,ORB_std,DRB,DRB_std,TRB,TRB_std,AST,AST_std,STL,STL_std,BLK,BLK_std,TOV,TOV_std,PF,PF_std,FG_opp,FG_opp_std,FGA_opp,FGA_opp_std,FG%_opp,FG%_opp_std,3P_opp,3P_opp_std,3PA_opp,3PA_opp_std,3P%_opp,3P%_opp_std,2P_opp,2P_opp_std,2PA_opp,2PA_opp_std,2P%_opp,2P%_opp_std,eFG%_opp,eFG%_opp_std,FT_opp,FT_opp_std,FTA_opp,FTA_opp_std,FT%_opp,FT%_opp_std,ORB_opp,ORB_opp_std,DRB_opp,DRB_opp_std,TRB_opp,TRB_opp_std,AST_opp,AST_opp_std,STL_opp,STL_opp_std,BLK_opp,BLK_opp_std,TOV_opp,TOV_opp_std,PF_opp,PF_opp_std,Spread,Spread_std
2018,texas-tech,0.7272727272727273,0.45226701686664544,75.37037037037037,5.798860286882296,64.62962962962963,8.944908943717428,0.0,0.0,25.925925925925927,2.7863116773851346,56.2962962962963,4.8263285521654335,0.4649629629629629,0.03619337113284854,6.9655172413793105,1.9907421197111688,19.14814814814815,3.3934745491412657,0.36214814814814816,0.09393848384149464,18.607142857142858,2.99801521645492,36.785714285714285,5.244800902602167,0.5106296296296295,0.05450204523201798,0.5303571428571427,0.04494211444506867,15.642857142857142,3.831780223674067,22.25925925925926,4.319834332583676,0.7130740740740742,0.07516439722160094,9.642857142857142,2.85727512921335,23.185185185185187,3.3170542658884865,32.62068965517241,4.530955379414622,13.785714285714286,2.699206232527312,7.5,2.545875386086578,4.071428571428571,1.5136067160941415,11.928571428571429,2.0171224724302363,18.571428571428573,2.9618384109344613,21.678571428571427,3.7717622507510304,53.714285714285715,5.19156825558337,0.4052592592592593,0.05919043100457305,6.71875,2.7501832783500317,20.321428571428573,3.8878116421811595,0.33868965517241384,0.09207687139724839,15.357142857142858,3.0210898905832195,33.93103448275862,5.263968047576973,0.45318518518518514,0.08147771617821792,0.4673333333333333,0.06698966625245557,15.066666666666666,3.3828505968959877,20.88888888888889,4.449142815742354,0.7048148148148149,0.0650485245129399,7.366666666666666,2.125109868694555,20.285714285714285,2.9796487843883344,28.296296296296298,3.123297256904273,9.862068965517242,2.3713187700854577,6.193548387096774,1.4926342449667005,3.4814814814814814,1.577982411191104,14.666666666666666,2.9742484506432625,21.142857142857142,3.363356851743405,8.793103448275861,12.91836818074179
