Year,Team,Rslt,Rslt_std,Tm,Tm_std,Opp_score,Opp_score_std,OT,OT_std,FG,FG_std,FGA,FGA_std,FG%,FG%_std,3P,3P_std,3PA,3PA_std,3P%,3P%_std,2P,2P_std,2PA,2PA_std,2P%,2P%_std,eFG%,eFG%_std,FT,FT_std,FTA,FTA_std,FT%,FT%_std,ORB,ORB_std,DRB,DRB_std,TRB,TRB_std,AST,AST_std,STL,STL_std,BLK,BLK_std,TOV,TOV_std,PF,PF_std,FG_opp,FG_opp_std,FGA_opp,FGA_opp_std,FG%_opp,FG%_opp_std,3P_opp,3P_opp_std,3PA_opp,3PA_opp_std,3P%_opp,3P%_opp_std,2P_opp,2P_opp_std,2PA_opp,2PA_opp_std,2P%_opp,2P%_opp_std,eFG%_opp,eFG%_opp_std,FT_opp,FT_opp_std,FTA_opp,FTA_opp_std,FT%_opp,FT%_opp_std,ORB_opp,ORB_opp_std,DRB_opp,DRB_opp_std,TRB_opp,TRB_opp_std,AST_opp,AST_opp_std,STL_opp,STL_opp_std,BLK_opp,BLK_opp_std,TOV_opp,TOV_opp_std,PF_opp,PF_opp_std,Spread,Spread_std
2018,michigan,0.8,0.40583972495671394,74.3103448275862,7.709472134402783,62.16129032258065,8.311023900794048,0.0,0.0,26.387096774193548,3.602567781965513,57.06896551724138,4.390989430337985,0.46544827586206894,0.042454670117412587,8.933333333333334,2.1961303480775283,24.466666666666665,3.8928168449730265,0.3676551724137932,0.07365909693701352,17.9,2.8448380355085,31.766666666666666,4.4542372955487535,0.5511724137931034,0.06751617211851502,0.5435172413793103,0.05246809962093646,10.633333333333333,3.773622912408906,16.551724137931036,5.415495010328839,0.6707666666666667,0.08946572579459704,7.258064516129032,2.449050726784889,23.633333333333333,3.5182610647222057,31.24137931034483,3.7763850100118717,14.655172413793103,2.85701970177923,5.838709677419355,2.4096579867074968,3.3548387096774195,1.6842087577806222,8.5,2.032002032003048,15.64516129032258,2.9045755524318775,22.70967741935484,3.318569454720882,54.483870967741936,4.7319549711997855,0.4248,0.054162845134865724,5.344827586206897,1.717054414417017,16.633333333333333,3.337181686572579,0.32110000000000005,0.08743405396699531,17.21212121212121,3.461913991544054,37.6551724137931,4.608035389163505,0.47037931034482755,0.0668192731996986,0.4793103448275862,0.059640053324851526,11.206896551724139,3.55948742643042,15.633333333333333,4.766863592106148,0.7007241379310345,0.0822916835546947,6.40625,1.5628628610919912,23.433333333333334,3.1037611591959413,30.06896551724138,2.7377132595700404,9.866666666666667,2.8855565809058734,3.71875,1.3496564676409923,3.032258064516129,1.559569833164302,12.033333333333333,3.045441288824686,17.4375,3.3305768172320946,9.466666666666667,9.33932484207221
