Year,Team,Rslt,Rslt_std,Tm,Tm_std,Opp_score,Opp_score_std,OT,OT_std,FG,FG_std,FGA,FGA_std,FG%,FG%_std,3P,3P_std,3PA,3PA_std,3P%,3P%_std,2P,2P_std,2PA,2PA_std,2P%,2P%_std,eFG%,eFG%_std,FT,FT_std,FTA,FTA_std,FT%,FT%_std,ORB,ORB_std,DRB,DRB_std,TRB,TRB_std,AST,AST_std,STL,STL_std,BLK,BLK_std,TOV,TOV_std,PF,PF_std,FG_opp,FG_opp_std,FGA_opp,FGA_opp_std,FG%_opp,FG%_opp_std,3P_opp,3P_opp_std,3PA_opp,3PA_opp_std,3P%_opp,3P%_opp_std,2P_opp,2P_opp_std,2PA_opp,2PA_opp_std,2P%_opp,2P%_opp_std,eFG%_opp,eFG%_opp_std,FT_opp,FT_opp_std,FTA_opp,FTA_opp_std,FT%_opp,FT%_opp_std,ORB_opp,ORB_opp_std,DRB_opp,DRB_opp_std,TRB_opp,TRB_opp_std,AST_opp,AST_opp_std,STL_opp,STL_opp_std,BLK_opp,BLK_opp_std,TOV_opp,TOV_opp_std,PF_opp,PF_opp_std,Spread,Spread_std
2019,iowa,0.6666666666666666,0.47871355387816905,78.07407407407408,8.961138002619663,74.0,8.985585164069214,0.0,0.0,25.310344827586206,4.209711970770363,57.148148148148145,3.870039790132393,0.4532962962962963,0.05748699840620474,7.733333333333333,2.4904414971194795,22.03448275862069,3.9774611304618643,0.35262962962962974,0.07982198855923009,18.14814814814815,2.87835027140553,35.75,5.358447812843096,0.521642857142857,0.07544937684042505,0.5225185185185185,0.06591157851497856,18.233333333333334,6.151441285183292,24.75,6.920848802578203,0.7391481481481482,0.06390479920806699,8.925925925925926,2.251938070024367,23.571428571428573,4.366781774806599,31.833333333333332,5.831444686047942,14.689655172413794,3.3605213060291494,6.0,2.212815338915096,3.3214285714285716,1.6113847605587086,11.642857142857142,2.4976179127511156,15.925925925925926,3.1123318728261755,26.814814814814813,3.1383121019112883,60.758620689655174,5.159285473879617,0.45137037037037037,0.048735667043401,8.096774193548388,2.2709005366399975,24.88888888888889,3.785938897200183,0.3292222222222223,0.0623472492350664,18.964285714285715,3.501133603268591,34.41379310344828,5.046337012267345,0.5391481481481482,0.06502112301972672,0.5201481481481484,0.05546773400518102,11.555555555555555,3.905945500952395,16.607142857142858,5.356472621212484,0.6705555555555556,0.08106043962251175,9.11111111111111,2.325995788959303,22.814814814814813,3.782927611062801,31.703703703703702,3.8909640373050403,14.9,3.7078667535483216,6.233333333333333,2.192201433818704,2.4193548387096775,1.839822338313985,11.555555555555555,2.9526172657404683,20.666666666666668,3.2933499428627147,3.5714285714285716,12.26989260549026
