Year,Team,Rslt,Rslt_std,Tm,Tm_std,Opp_score,Opp_score_std,OT,OT_std,FG,FG_std,FGA,FGA_std,FG%,FG%_std,3P,3P_std,3PA,3PA_std,3P%,3P%_std,2P,2P_std,2PA,2PA_std,2P%,2P%_std,eFG%,eFG%_std,FT,FT_std,FTA,FTA_std,FT%,FT%_std,ORB,ORB_std,DRB,DRB_std,TRB,TRB_std,AST,AST_std,STL,STL_std,BLK,BLK_std,TOV,TOV_std,PF,PF_std,FG_opp,FG_opp_std,FGA_opp,FGA_opp_std,FG%_opp,FG%_opp_std,3P_opp,3P_opp_std,3PA_opp,3PA_opp_std,3P%_opp,3P%_opp_std,2P_opp,2P_opp_std,2PA_opp,2PA_opp_std,2P%_opp,2P%_opp_std,eFG%_opp,eFG%_opp_std,FT_opp,FT_opp_std,FTA_opp,FTA_opp_std,FT%_opp,FT%_opp_std,ORB_opp,ORB_opp_std,DRB_opp,DRB_opp_std,TRB_opp,TRB_opp_std,AST_opp,AST_opp_std,STL_opp,STL_opp_std,BLK_opp,BLK_opp_std,TOV_opp,TOV_opp_std,PF_opp,PF_opp_std,Spread,Spread_std
2019,north-carolina-central,0.5454545454545454,0.5056498968474316,68.78571428571429,11.308329093120118,67.03571428571429,8.808590684171325,0.0,0.0,24.517241379310345,4.445067006205325,55.96296296296296,5.0190520211373775,0.454,0.07568812527531851,6.071428571428571,2.65174396044302,20.678571428571427,3.5699732484584525,0.31544444444444447,0.11069651281191267,18.571428571428573,3.511131203478777,35.6551724137931,4.336521499913476,0.5322962962962963,0.07231491750287275,0.510851851851852,0.08380641783011411,13.37037037037037,4.216708050200628,18.74074074074074,5.592526555712836,0.7151481481481481,0.06344149558312258,9.925925925925926,2.147018073907765,24.285714285714285,4.170950179134893,34.0,5.196152422706632,15.037037037037036,3.5461949432453057,5.535714285714286,2.3330498694030726,2.6333333333333333,1.1885468767200222,14.870967741935484,3.127746105252907,17.448275862068964,2.529627399109427,24.40740740740741,3.3542081406365125,56.51851851851852,5.4587288628141994,0.43400000000000005,0.05377731863899501,6.451612903225806,2.203613845140438,18.821428571428573,4.776900990054438,0.32375,0.06543168617386805,18.0,4.008918628686366,36.18518518518518,5.151825942450943,0.49992592592592583,0.07152671686210142,0.49488888888888893,0.05496175826695206,10.642857142857142,4.156336400621619,16.357142857142858,4.572172558506722,0.6584074074074074,0.09804247872900622,7.821428571428571,2.931989230294144,20.25925925925926,3.6331020078481417,28.214285714285715,4.856131236077808,13.321428571428571,2.653489267173563,5.678571428571429,1.6789231872789978,3.310344827586207,1.8146910062806454,12.11111111111111,3.308884698613409,16.533333333333335,3.2027287216321985,2.185185185185185,13.834285828602226
