Year,Team,Rslt,Rslt_std,Tm,Tm_std,Opp_score,Opp_score_std,OT,OT_std,FG,FG_std,FGA,FGA_std,FG%,FG%_std,3P,3P_std,3PA,3PA_std,3P%,3P%_std,2P,2P_std,2PA,2PA_std,2P%,2P%_std,eFG%,eFG%_std,FT,FT_std,FTA,FTA_std,FT%,FT%_std,ORB,ORB_std,DRB,DRB_std,TRB,TRB_std,AST,AST_std,STL,STL_std,BLK,BLK_std,TOV,TOV_std,PF,PF_std,FG_opp,FG_opp_std,FGA_opp,FGA_opp_std,FG%_opp,FG%_opp_std,3P_opp,3P_opp_std,3PA_opp,3PA_opp_std,3P%_opp,3P%_opp_std,2P_opp,2P_opp_std,2PA_opp,2PA_opp_std,2P%_opp,2P%_opp_std,eFG%_opp,eFG%_opp_std,FT_opp,FT_opp_std,FTA_opp,FTA_opp_std,FT%_opp,FT%_opp_std,ORB_opp,ORB_opp_std,DRB_opp,DRB_opp_std,TRB_opp,TRB_opp_std,AST_opp,AST_opp_std,STL_opp,STL_opp_std,BLK_opp,BLK_opp_std,TOV_opp,TOV_opp_std,PF_opp,PF_opp_std,Spread,Spread_std
2019,northeastern,0.696969696969697,0.46669372215943755,76.37037037037037,6.7090532872675865,70.10344827586206,7.565640505347688,0.12121212121212122,0.3314339826398084,26.137931034482758,3.113612256012007,54.07142857142857,4.276798486134844,0.48440740740740745,0.04666019491144234,9.928571428571429,1.942289054823399,25.433333333333334,4.199206274206274,0.39803703703703697,0.0688926039803322,16.214285714285715,3.3704285127841476,29.25,4.765811889170927,0.5622222222222223,0.0715608043411246,0.5771851851851852,0.05415436415188675,14.357142857142858,3.3688583153950464,18.85185185185185,3.968178265456171,0.7548928571428571,0.0741486691200532,6.137931034482759,1.9950678100010695,23.48148148148148,2.7924399362780927,29.51851851851852,3.693761584601075,14.206896551724139,2.7823334290384443,6.068965517241379,2.051672392442646,1.967741935483871,1.1967698460924427,11.0,2.7386127875258306,15.666666666666666,3.043742403044639,25.964285714285715,2.1855102439602123,56.41379310344828,3.6007662019880313,0.4575925925925926,0.036450450307716736,6.928571428571429,1.9612651137877424,20.678571428571427,3.7023873322049865,0.33129629629629637,0.08274651506248318,18.821428571428573,2.776269431750449,35.44827586206897,5.09612042143371,0.5254444444444445,0.049914799203113897,0.5174814814814814,0.043078970749052495,11.592592592592593,3.576195434980279,15.851851851851851,4.194352464039305,0.7340740740740741,0.09483586060051574,6.678571428571429,2.4198801841868343,22.59259259259259,2.899061642076347,29.62962962962963,4.324777879117459,11.703703703703704,2.333943754098082,5.413793103448276,1.9733445390885846,2.3,1.393333883297477,10.666666666666666,2.5775333481682714,17.714285714285715,2.225394561056747,7.037037037037037,8.15466587289605
