Year,Team,Rslt,Rslt_std,Tm,Tm_std,Opp_score,Opp_score_std,OT,OT_std,FG,FG_std,FGA,FGA_std,FG%,FG%_std,3P,3P_std,3PA,3PA_std,3P%,3P%_std,2P,2P_std,2PA,2PA_std,2P%,2P%_std,eFG%,eFG%_std,FT,FT_std,FTA,FTA_std,FT%,FT%_std,ORB,ORB_std,DRB,DRB_std,TRB,TRB_std,AST,AST_std,STL,STL_std,BLK,BLK_std,TOV,TOV_std,PF,PF_std,FG_opp,FG_opp_std,FGA_opp,FGA_opp_std,FG%_opp,FG%_opp_std,3P_opp,3P_opp_std,3PA_opp,3PA_opp_std,3P%_opp,3P%_opp_std,2P_opp,2P_opp_std,2PA_opp,2PA_opp_std,2P%_opp,2P%_opp_std,eFG%_opp,eFG%_opp_std,FT_opp,FT_opp_std,FTA_opp,FTA_opp_std,FT%_opp,FT%_opp_std,ORB_opp,ORB_opp_std,DRB_opp,DRB_opp_std,TRB_opp,TRB_opp_std,AST_opp,AST_opp_std,STL_opp,STL_opp_std,BLK_opp,BLK_opp_std,TOV_opp,TOV_opp_std,PF_opp,PF_opp_std,Spread,Spread_std
2019,iona,0.53125,0.5070073486774164,77.48148148148148,8.125791655493636,76.34615384615384,9.473931845616402,0.0,0.0,26.310344827586206,3.060152287011945,57.30769230769231,4.106280368111566,0.4535384615384616,0.04184182669935027,8.88888888888889,2.485857433459767,24.607142857142858,4.597417034188152,0.3436538461538462,0.07088296963739164,16.96551724137931,3.3857132464507558,32.0,4.632659976896476,0.5365,0.05330234516416702,0.5272692307692307,0.04608822642915015,16.137931034482758,4.830883813925286,21.77777777777778,4.750168687962835,0.7388076923076924,0.07602000748790766,7.517241379310345,1.478915859076033,24.214285714285715,2.998235812843611,31.307692307692307,2.70952735021045,13.448275862068966,2.7201130083739393,6.7,2.9612439138377944,2.966666666666667,1.5643293888377887,12.0,2.85657137141714,16.96153846153846,3.6713024308086553,26.59259259259259,3.2611850047686097,60.22222222222222,5.124100921762788,0.4432307692307692,0.04606457006620832,9.384615384615385,2.2463645844238744,25.692307692307693,4.057282152074029,0.36696153846153845,0.06236696610817671,17.26923076923077,3.595082110969843,34.888888888888886,5.154037501231686,0.5097037037037039,0.06803099678982018,0.5187777777777779,0.055788290288673784,11.692307692307692,4.212070567017896,16.5,5.5874860178795975,0.6820370370370371,0.12214980760760741,8.9,3.122222903969056,23.59259259259259,3.153255451596008,32.76923076923077,4.735463587085786,14.481481481481481,3.3554819712314443,5.172413793103448,1.9099170796742793,3.5714285714285716,1.8344152651674497,12.481481481481481,2.501851166488378,19.076923076923077,2.9519224505135897,1.8846153846153846,7.8093632164315325
