Year,Team,Rslt,Rslt_std,Tm,Tm_std,Opp_score,Opp_score_std,OT,OT_std,FG,FG_std,FGA,FGA_std,FG%,FG%_std,3P,3P_std,3PA,3PA_std,3P%,3P%_std,2P,2P_std,2PA,2PA_std,2P%,2P%_std,eFG%,eFG%_std,FT,FT_std,FTA,FTA_std,FT%,FT%_std,ORB,ORB_std,DRB,DRB_std,TRB,TRB_std,AST,AST_std,STL,STL_std,BLK,BLK_std,TOV,TOV_std,PF,PF_std,FG_opp,FG_opp_std,FGA_opp,FGA_opp_std,FG%_opp,FG%_opp_std,3P_opp,3P_opp_std,3PA_opp,3PA_opp_std,3P%_opp,3P%_opp_std,2P_opp,2P_opp_std,2PA_opp,2PA_opp_std,2P%_opp,2P%_opp_std,eFG%_opp,eFG%_opp_std,FT_opp,FT_opp_std,FTA_opp,FTA_opp_std,FT%_opp,FT%_opp_std,ORB_opp,ORB_opp_std,DRB_opp,DRB_opp_std,TRB_opp,TRB_opp_std,AST_opp,AST_opp_std,STL_opp,STL_opp_std,BLK_opp,BLK_opp_std,TOV_opp,TOV_opp_std,PF_opp,PF_opp_std,Spread,Spread_std
2019,washington,0.7647058823529411,0.4305615452020462,70.35714285714286,6.510471825163164,64.89655172413794,7.252314052307752,0.0,0.0,24.642857142857142,2.6834787498801256,54.214285714285715,4.408385467930684,0.4571071428571428,0.05325225732354367,7.586206896551724,2.0791007908521815,21.724137931034484,3.183624974819673,0.34231034482758627,0.0778364142876749,17.0,2.665229497784772,32.642857142857146,4.555942685835036,0.5290357142857143,0.06537724269525186,0.5270357142857144,0.06462683890519717,12.655172413793103,3.477230651671831,19.103448275862068,4.930552182827619,0.7009285714285712,0.07560713692131948,7.344827586206897,2.6223743612688852,20.321428571428573,3.0677965482371317,28.071428571428573,4.504553839283674,11.483870967741936,2.8386730202911776,8.964285714285714,1.5270921982678656,5.642857142857143,1.809732652944151,13.03125,3.2277463924840113,18.161290322580644,2.659533470285699,22.571428571428573,2.4559613253766908,53.964285714285715,3.9672935345671094,0.4162857142857143,0.04786234671225631,6.344827586206897,1.9689711248874104,18.464285714285715,3.726602492561574,0.3327666666666667,0.07208887394824832,16.392857142857142,2.3779743280283547,35.17857142857143,4.659149274027604,0.46535714285714275,0.06018195514327965,0.4747142857142857,0.05670250967262916,12.666666666666666,3.8176841990502774,18.033333333333335,4.619921878226897,0.7031034482758621,0.09878271422947374,9.714285714285714,2.3860263395699746,22.0,3.1513543886333415,31.0,4.085297439895141,12.6,2.9431393044701846,6.107142857142857,1.7709442075467499,2.4,1.2757688689165259,15.566666666666666,2.6997232723237463,18.285714285714285,2.67854497341433,6.133333333333334,8.394305678023166
