Year,Team,Rslt,Rslt_std,Tm,Tm_std,Opp_score,Opp_score_std,OT,OT_std,FG,FG_std,FGA,FGA_std,FG%,FG%_std,3P,3P_std,3PA,3PA_std,3P%,3P%_std,2P,2P_std,2PA,2PA_std,2P%,2P%_std,eFG%,eFG%_std,FT,FT_std,FTA,FTA_std,FT%,FT%_std,ORB,ORB_std,DRB,DRB_std,TRB,TRB_std,AST,AST_std,STL,STL_std,BLK,BLK_std,TOV,TOV_std,PF,PF_std,FG_opp,FG_opp_std,FGA_opp,FGA_opp_std,FG%_opp,FG%_opp_std,3P_opp,3P_opp_std,3PA_opp,3PA_opp_std,3P%_opp,3P%_opp_std,2P_opp,2P_opp_std,2PA_opp,2PA_opp_std,2P%_opp,2P%_opp_std,eFG%_opp,eFG%_opp_std,FT_opp,FT_opp_std,FTA_opp,FTA_opp_std,FT%_opp,FT%_opp_std,ORB_opp,ORB_opp_std,DRB_opp,DRB_opp_std,TRB_opp,TRB_opp_std,AST_opp,AST_opp_std,STL_opp,STL_opp_std,BLK_opp,BLK_opp_std,TOV_opp,TOV_opp_std,PF_opp,PF_opp_std,Spread,Spread_std
2019,saint-louis,0.6571428571428571,0.4815939919779354,67.23333333333333,6.48969120636899,63.10344827586207,6.7736085950558715,0.0,0.0,23.774193548387096,2.9744431122408423,57.225806451612904,5.953764508943648,0.42303448275862066,0.039090081641749236,5.724137931034483,1.3860671939014546,18.70967741935484,4.236299866527367,0.31327586206896557,0.0670436406655738,18.580645161290324,3.5097406698917903,38.55172413793103,6.009434290564365,0.47055172413793117,0.04850079985120758,0.4738965517241379,0.040475164190601605,13.551724137931034,3.737705626417588,22.866666666666667,5.296279327286626,0.5898275862068965,0.08032793010329473,11.89655172413793,3.1774296393941586,24.551724137931036,3.887582859902903,36.06896551724138,3.5849988492004385,13.0,2.2038926600773587,7.103448275862069,1.8582793036686787,4.0,1.4638501094227998,12.161290322580646,3.142151854950663,17.137931034482758,2.6555082635779983,21.733333333333334,2.490441497119479,54.44827586206897,4.08469448845803,0.4115172413793104,0.05972653196603379,6.393939393939394,1.886454908343192,20.517241379310345,4.314598885968199,0.3198275862068966,0.08393325110106298,15.7,2.5072309220635667,33.46875,4.3253519342174584,0.4732758620689655,0.07629777030617987,0.47120689655172404,0.07028227744010213,12.3,3.7797098958189537,17.20689655172414,4.7236434964731835,0.7194333333333334,0.060244148855008055,7.0,2.286002286003429,22.75862068965517,3.1128210954717255,29.766666666666666,4.561331727295963,12.466666666666667,2.2702473408212036,5.741935483870968,2.128657510192498,3.59375,1.9486864889607216,12.548387096774194,3.2948314036524877,19.066666666666666,3.453467356383899,3.896551724137931,6.831360602744454
