Year,Team,Rslt,Rslt_std,Tm,Tm_std,Opp_score,Opp_score_std,OT,OT_std,FG,FG_std,FGA,FGA_std,FG%,FG%_std,3P,3P_std,3PA,3PA_std,3P%,3P%_std,2P,2P_std,2PA,2PA_std,2P%,2P%_std,eFG%,eFG%_std,FT,FT_std,FTA,FTA_std,FT%,FT%_std,ORB,ORB_std,DRB,DRB_std,TRB,TRB_std,AST,AST_std,STL,STL_std,BLK,BLK_std,TOV,TOV_std,PF,PF_std,FG_opp,FG_opp_std,FGA_opp,FGA_opp_std,FG%_opp,FG%_opp_std,3P_opp,3P_opp_std,3PA_opp,3PA_opp_std,3P%_opp,3P%_opp_std,2P_opp,2P_opp_std,2PA_opp,2PA_opp_std,2P%_opp,2P%_opp_std,eFG%_opp,eFG%_opp_std,FT_opp,FT_opp_std,FTA_opp,FTA_opp_std,FT%_opp,FT%_opp_std,ORB_opp,ORB_opp_std,DRB_opp,DRB_opp_std,TRB_opp,TRB_opp_std,AST_opp,AST_opp_std,STL_opp,STL_opp_std,BLK_opp,BLK_opp_std,TOV_opp,TOV_opp_std,PF_opp,PF_opp_std,Spread,Spread_std
2019,arizona-state,0.6875,0.47092907485988494,77.0,7.103628541917043,72.61538461538461,7.79269875243191,0.0,0.0,26.73076923076923,2.9196943991821107,59.592592592592595,4.90101448885259,0.44670370370370366,0.06061975738779384,7.444444444444445,1.6486202467362572,20.814814814814813,3.3516590270518622,0.35376923076923084,0.06123352525687717,19.20689655172414,3.3846218436674045,38.592592592592595,5.085872281732689,0.5107307692307692,0.07157125551074688,0.5153461538461538,0.06657022896622322,17.321428571428573,4.243108324562107,25.192307692307693,4.418318510648419,0.6742307692307694,0.0718784015917481,9.785714285714286,2.393774995725106,25.423076923076923,2.886840167699998,35.34615384615385,4.029315650998891,13.666666666666666,2.8010986855435576,6.25,1.601503922822175,2.892857142857143,1.4742050139924308,13.296296296296296,2.700638312223111,19.703703703703702,3.255939127370105,24.153846153846153,3.0944118367445235,59.0,4.514932489485904,0.41192307692307684,0.042197557348190744,8.37037037037037,2.002846976530162,25.703703703703702,3.5606267254603763,0.3320384615384615,0.05673903825003083,15.384615384615385,3.3355889803981915,32.84615384615385,3.874968982506133,0.4682692307692307,0.06342589861708399,0.48407692307692307,0.046273900269523924,15.74074074074074,4.043918440482739,22.923076923076923,4.7742901204101695,0.7094615384615385,0.08618409633765652,7.884615384615385,2.337980719799427,23.59259259259259,3.6295714862486417,31.307692307692307,3.3795766689836264,13.153846153846153,2.1668836183294697,6.3076923076923075,2.112235418114766,3.206896551724138,2.059460927122636,13.321428571428571,2.708745389899462,21.346153846153847,2.2968205448803825,5.1923076923076925,8.304308427649978
