Year,Team,Rslt,Rslt_std,Tm,Tm_std,Opp_score,Opp_score_std,OT,OT_std,FG,FG_std,FGA,FGA_std,FG%,FG%_std,3P,3P_std,3PA,3PA_std,3P%,3P%_std,2P,2P_std,2PA,2PA_std,2P%,2P%_std,eFG%,eFG%_std,FT,FT_std,FTA,FTA_std,FT%,FT%_std,ORB,ORB_std,DRB,DRB_std,TRB,TRB_std,AST,AST_std,STL,STL_std,BLK,BLK_std,TOV,TOV_std,PF,PF_std,FG_opp,FG_opp_std,FGA_opp,FGA_opp_std,FG%_opp,FG%_opp_std,3P_opp,3P_opp_std,3PA_opp,3PA_opp_std,3P%_opp,3P%_opp_std,2P_opp,2P_opp_std,2PA_opp,2PA_opp_std,2P%_opp,2P%_opp_std,eFG%_opp,eFG%_opp_std,FT_opp,FT_opp_std,FTA_opp,FTA_opp_std,FT%_opp,FT%_opp_std,ORB_opp,ORB_opp_std,DRB_opp,DRB_opp_std,TRB_opp,TRB_opp_std,AST_opp,AST_opp_std,STL_opp,STL_opp_std,BLK_opp,BLK_opp_std,TOV_opp,TOV_opp_std,PF_opp,PF_opp_std,Spread,Spread_std
2019,kentucky,0.8181818181818182,0.39167472590032015,77.07407407407408,6.684804386562833,64.92857142857143,9.77876979094705,0.0,0.0,27.071428571428573,2.7612204954220196,55.89655172413793,5.287078774752969,0.48085185185185186,0.048253101696801054,5.8,1.7100110909097879,16.321428571428573,2.931989230294144,0.3555357142857143,0.07439408685325843,20.85185185185185,2.1786323109783226,39.642857142857146,5.179834730055374,0.5308888888888889,0.05245681984945282,0.5329259259259259,0.05596284888960225,17.40740740740741,4.885293938556499,23.0,6.2834291180438635,0.7352222222222223,0.05603867711976552,9.689655172413794,2.8423261132372106,26.214285714285715,2.998235812843611,35.82142857142857,4.6511931677364124,13.5,1.9148542155126762,5.8,2.3103962938168765,5.275862068965517,1.868852813208794,12.5,2.5312857221987817,16.071428571428573,2.2921536279159507,22.517241379310345,3.366013853370741,57.857142857142854,3.1353927713586107,0.4025925925925926,0.045123130056511675,7.518518518518518,2.0071098695612126,21.166666666666668,3.7053859525657056,0.3502592592592592,0.0755256413883557,15.296296296296296,2.267068843154336,35.666666666666664,4.480727962834061,0.4354444444444445,0.048157860076829484,0.4693333333333332,0.055752888852369044,10.166666666666666,4.169539239683969,15.178571428571429,4.046521793384859,0.6840000000000003,0.09398062110274194,8.3,2.507230922063567,18.962962962962962,3.2043417838623687,27.37037037037037,4.07759495619423,11.074074074074074,2.894635966562528,5.53125,1.9672213087040702,2.892857142857143,1.227441956515157,12.766666666666667,4.116269932951377,19.59259259259259,3.116448413218276,11.518518518518519,8.473353574454498
