Year,Team,Rslt,Rslt_std,Tm,Tm_std,Opp_score,Opp_score_std,OT,OT_std,FG,FG_std,FGA,FGA_std,FG%,FG%_std,3P,3P_std,3PA,3PA_std,3P%,3P%_std,2P,2P_std,2PA,2PA_std,2P%,2P%_std,eFG%,eFG%_std,FT,FT_std,FTA,FTA_std,FT%,FT%_std,ORB,ORB_std,DRB,DRB_std,TRB,TRB_std,AST,AST_std,STL,STL_std,BLK,BLK_std,TOV,TOV_std,PF,PF_std,FG_opp,FG_opp_std,FGA_opp,FGA_opp_std,FG%_opp,FG%_opp_std,3P_opp,3P_opp_std,3PA_opp,3PA_opp_std,3P%_opp,3P%_opp_std,2P_opp,2P_opp_std,2PA_opp,2PA_opp_std,2P%_opp,2P%_opp_std,eFG%_opp,eFG%_opp_std,FT_opp,FT_opp_std,FTA_opp,FTA_opp_std,FT%_opp,FT%_opp_std,ORB_opp,ORB_opp_std,DRB_opp,DRB_opp_std,TRB_opp,TRB_opp_std,AST_opp,AST_opp_std,STL_opp,STL_opp_std,BLK_opp,BLK_opp_std,TOV_opp,TOV_opp_std,PF_opp,PF_opp_std,Spread,Spread_std
2019,florida,0.5588235294117647,0.5039947372613783,68.10344827586206,8.019373094424914,63.57142857142857,8.319671340679944,0.0,0.0,23.483870967741936,3.889052735923711,56.4,4.476759912073108,0.4211379310344828,0.06123591624548167,8.068965517241379,2.313485843649896,23.766666666666666,4.8329567827953746,0.32314285714285723,0.06645506099820489,15.642857142857142,3.1294809144090965,32.2,4.574290975772582,0.49392857142857144,0.08246926636135364,0.49607142857142844,0.06549183074384082,11.75,4.115238168707273,16.392857142857142,5.1520530658807075,0.7229285714285714,0.08106418516460964,8.793103448275861,2.650866574548616,20.82758620689655,3.3813455216741475,30.142857142857142,3.728908942943218,12.0,2.341256389522831,7.206896551724138,2.3811658360803554,3.466666666666667,1.775956921917237,11.172413793103448,2.2530767141406782,17.035714285714285,3.469252698451683,22.689655172413794,3.8831453403124314,52.1,5.713565225514355,0.42596428571428563,0.05001961255559303,6.241379310344827,1.5733306893746397,20.366666666666667,3.605391875332367,0.31279310344827593,0.06194720062298724,15.928571428571429,3.2651762067881824,32.392857142857146,4.8253902986589114,0.4863214285714286,0.056713087895338035,0.48610714285714296,0.060510996420739,11.5,3.2774043556364583,17.862068965517242,5.125037546420196,0.7017241379310344,0.07450785986905012,8.620689655172415,2.5831015839690563,21.75,3.492054473292827,30.75,5.433946795633702,10.931034482758621,1.9987680935080026,6.3,1.9678449616530893,2.6451612903225805,1.1704240569632356,13.96551724137931,2.7318591082250414,17.310344827586206,4.062928643547851,3.857142857142857,9.78174522682633
