Year,Team,Rslt,Rslt_std,Tm,Tm_std,Opp_score,Opp_score_std,OT,OT_std,FG,FG_std,FGA,FGA_std,FG%,FG%_std,3P,3P_std,3PA,3PA_std,3P%,3P%_std,2P,2P_std,2PA,2PA_std,2P%,2P%_std,eFG%,eFG%_std,FT,FT_std,FTA,FTA_std,FT%,FT%_std,ORB,ORB_std,DRB,DRB_std,TRB,TRB_std,AST,AST_std,STL,STL_std,BLK,BLK_std,TOV,TOV_std,PF,PF_std,FG_opp,FG_opp_std,FGA_opp,FGA_opp_std,FG%_opp,FG%_opp_std,3P_opp,3P_opp_std,3PA_opp,3PA_opp_std,3P%_opp,3P%_opp_std,2P_opp,2P_opp_std,2PA_opp,2PA_opp_std,2P%_opp,2P%_opp_std,eFG%_opp,eFG%_opp_std,FT_opp,FT_opp_std,FTA_opp,FTA_opp_std,FT%_opp,FT%_opp_std,ORB_opp,ORB_opp_std,DRB_opp,DRB_opp_std,TRB_opp,TRB_opp_std,AST_opp,AST_opp_std,STL_opp,STL_opp_std,BLK_opp,BLK_opp_std,TOV_opp,TOV_opp_std,PF_opp,PF_opp_std,Spread,Spread_std
2019,wofford,0.8787878787878788,0.33143398263980844,82.88888888888889,9.811035126652552,64.92592592592592,9.076283235935147,0.0,0.0,29.962962962962962,4.501978039462906,60.851851851851855,5.404440508320654,0.4948888888888889,0.04870423558688263,10.931034482758621,2.658289386627082,26.071428571428573,3.2990298397556037,0.41985185185185186,0.0855348348756691,19.0,4.456135417280635,34.32142857142857,4.815511752571417,0.5527037037037037,0.06578392065333455,0.584,0.06004357392120134,10.655172413793103,3.415049278759339,16.0,4.019184762342502,0.7141785714285713,0.12039842916762554,9.5,2.388911164468896,23.535714285714285,3.1795893382303886,32.93103448275862,4.407226488416161,15.535714285714286,3.9579469318503904,6.655172413793103,2.1921265290151073,2.806451612903226,1.2225480178356916,10.148148148148149,2.4915812665809653,17.0,2.788866755113585,22.857142857142858,3.6384193323605842,54.77777777777778,4.379439139831398,0.4162142857142857,0.05719515463993182,7.25,2.458921775147859,22.571428571428573,4.1937216869150475,0.32092592592592595,0.07849200151604176,15.88888888888889,3.226492896359205,32.6551724137931,4.011375450506486,0.4954444444444444,0.09281177533602963,0.4817407407407408,0.06387523451264648,11.387096774193548,4.402101160088886,16.14814814814815,4.5548258744367764,0.6820689655172413,0.0963842499857741,6.689655172413793,1.910561777441054,19.75,3.0261208514214046,26.892857142857142,3.8426388089271435,10.892857142857142,1.7709442075467499,5.5625,1.9989916813072244,2.193548387096774,1.6617130686675858,13.222222222222221,2.7362710916828923,15.133333333333333,2.2550071998253944,15.0,14.257829929050013
