Year,Team,Rslt,Rslt_std,Tm,Tm_std,Opp_score,Opp_score_std,OT,OT_std,FG,FG_std,FGA,FGA_std,FG%,FG%_std,3P,3P_std,3PA,3PA_std,3P%,3P%_std,2P,2P_std,2PA,2PA_std,2P%,2P%_std,eFG%,eFG%_std,FT,FT_std,FTA,FTA_std,FT%,FT%_std,ORB,ORB_std,DRB,DRB_std,TRB,TRB_std,AST,AST_std,STL,STL_std,BLK,BLK_std,TOV,TOV_std,PF,PF_std,FG_opp,FG_opp_std,FGA_opp,FGA_opp_std,FG%_opp,FG%_opp_std,3P_opp,3P_opp_std,3PA_opp,3PA_opp_std,3P%_opp,3P%_opp_std,2P_opp,2P_opp_std,2PA_opp,2PA_opp_std,2P%_opp,2P%_opp_std,eFG%_opp,eFG%_opp_std,FT_opp,FT_opp_std,FTA_opp,FTA_opp_std,FT%_opp,FT%_opp_std,ORB_opp,ORB_opp_std,DRB_opp,DRB_opp_std,TRB_opp,TRB_opp_std,AST_opp,AST_opp_std,STL_opp,STL_opp_std,BLK_opp,BLK_opp_std,TOV_opp,TOV_opp_std,PF_opp,PF_opp_std,Spread,Spread_std
2019,texas-tech,0.8125,0.39655776945626603,73.3076923076923,8.16710098269505,59.15384615384615,7.953325380957616,0.0,0.0,25.88888888888889,3.640935354604673,56.18518518518518,4.261067372935466,0.4704615384615384,0.05086234817169241,7.038461538461538,2.1813898180888116,19.814814814814813,3.174865679012591,0.3580384615384616,0.07642694852954984,19.5,3.65655170486763,36.333333333333336,5.14407799916938,0.5236153846153846,0.05907017990362102,0.5352692307692307,0.062470830116019865,12.884615384615385,3.766451094353124,18.0,4.833218389437829,0.7306923076923076,0.0766366853306009,7.518518518518518,1.9878548617962408,23.77777777777778,3.105000103224739,31.653846153846153,3.6545019654372353,14.115384615384615,3.766451094353124,7.518518518518518,2.172739680863246,4.5,1.8891705897672078,11.384615384615385,3.0864467995016285,17.576923076923077,2.9281130705364085,19.48148148148148,3.5773902216169824,52.666666666666664,5.477225575051661,0.37065384615384617,0.05327584241112837,5.714285714285714,2.0880106225276633,20.892857142857142,3.9659596542118245,0.28811538461538466,0.07734355922664896,13.153846153846153,2.7668365718604733,31.185185185185187,4.368039844114529,0.41353846153846163,0.0745649948805635,0.4290769230769231,0.06407740511407939,13.928571428571429,3.770534606250315,18.892857142857142,5.363382609498693,0.6925769230769231,0.05756538757060396,8.0,2.511511956509924,20.346153846153847,3.3339742973491284,28.666666666666668,3.762159772503841,9.037037037037036,2.7101161127762303,6.074074074074074,2.3026059806215873,2.2758620689655173,0.9597824055533902,14.692307692307692,2.7095273502104495,18.884615384615383,3.076711531189404,13.037037037037036,12.65665371221332
