Year,Team,Rslt,Rslt_std,Tm,Tm_std,Opp_score,Opp_score_std,OT,OT_std,FG,FG_std,FGA,FGA_std,FG%,FG%_std,3P,3P_std,3PA,3PA_std,3P%,3P%_std,2P,2P_std,2PA,2PA_std,2P%,2P%_std,eFG%,eFG%_std,FT,FT_std,FTA,FTA_std,FT%,FT%_std,ORB,ORB_std,DRB,DRB_std,TRB,TRB_std,AST,AST_std,STL,STL_std,BLK,BLK_std,TOV,TOV_std,PF,PF_std,FG_opp,FG_opp_std,FGA_opp,FGA_opp_std,FG%_opp,FG%_opp_std,3P_opp,3P_opp_std,3PA_opp,3PA_opp_std,3P%_opp,3P%_opp_std,2P_opp,2P_opp_std,2PA_opp,2PA_opp_std,2P%_opp,2P%_opp_std,eFG%_opp,eFG%_opp_std,FT_opp,FT_opp_std,FTA_opp,FTA_opp_std,FT%_opp,FT%_opp_std,ORB_opp,ORB_opp_std,DRB_opp,DRB_opp_std,TRB_opp,TRB_opp_std,AST_opp,AST_opp_std,STL_opp,STL_opp_std,BLK_opp,BLK_opp_std,TOV_opp,TOV_opp_std,PF_opp,PF_opp_std,Spread,Spread_std
2019,tennessee,0.8529411764705882,0.359490627953571,82.24137931034483,8.148861324547099,68.96428571428571,10.637049656593005,0.0,0.0,29.857142857142858,3.19390954803955,60.13793103448276,4.588215790253444,0.4951785714285715,0.04566143812033225,6.821428571428571,1.6113847605587086,18.620689655172413,4.169736143617382,0.35703448275862076,0.0673633446099905,23.137931034482758,4.077150071969342,40.92857142857143,4.4549479061556765,0.5611785714285714,0.06285730669771818,0.556344827586207,0.04960002582233555,14.321428571428571,4.154904031771073,19.214285714285715,5.159365040297849,0.7555357142857143,0.07306135531326831,9.0,2.6781362536479447,25.551724137931036,3.2687503826446287,34.3448275862069,4.168554580503942,18.344827586206897,3.8198341593485585,6.166666666666667,2.1984843263788196,5.193548387096774,1.8333822085371738,11.0,2.494438257849294,17.344827586206897,3.0387481218066186,24.03448275862069,3.8030322358865325,59.285714285714285,3.4086724129853865,0.4021724137931035,0.052558177945639606,8.0,2.0548046676563256,23.678571428571427,3.6923702256948565,0.33928571428571425,0.052622243672239305,15.535714285714286,3.20280135318076,35.892857142857146,4.076484375994205,0.43857142857142856,0.06597049204080428,0.47465517241379307,0.06095740659443454,13.107142857142858,4.228118272587006,20.214285714285715,4.661561833780469,0.6499666666666669,0.0956695041431098,9.666666666666666,2.5506366119925397,20.482758620689655,3.1692798827761264,30.35483870967742,4.231220368457736,12.7,2.641185731629928,5.9,1.9181528470973281,2.3870967741935485,1.333602123444588,12.464285714285714,2.48673730696719,18.25,3.050500869620521,12.714285714285714,8.44089315467725
