Year,Team,Rslt,Rslt_std,Tm,Tm_std,Opp_score,Opp_score_std,OT,OT_std,FG,FG_std,FGA,FGA_std,FG%,FG%_std,3P,3P_std,3PA,3PA_std,3P%,3P%_std,2P,2P_std,2PA,2PA_std,2P%,2P%_std,eFG%,eFG%_std,FT,FT_std,FTA,FTA_std,FT%,FT%_std,ORB,ORB_std,DRB,DRB_std,TRB,TRB_std,AST,AST_std,STL,STL_std,BLK,BLK_std,TOV,TOV_std,PF,PF_std,FG_opp,FG_opp_std,FGA_opp,FGA_opp_std,FG%_opp,FG%_opp_std,3P_opp,3P_opp_std,3PA_opp,3PA_opp_std,3P%_opp,3P%_opp_std,2P_opp,2P_opp_std,2PA_opp,2PA_opp_std,2P%_opp,2P%_opp_std,eFG%_opp,eFG%_opp_std,FT_opp,FT_opp_std,FTA_opp,FTA_opp_std,FT%_opp,FT%_opp_std,ORB_opp,ORB_opp_std,DRB_opp,DRB_opp_std,TRB_opp,TRB_opp_std,AST_opp,AST_opp_std,STL_opp,STL_opp_std,BLK_opp,BLK_opp_std,TOV_opp,TOV_opp_std,PF_opp,PF_opp_std,Spread,Spread_std
2019,vermont,0.8181818181818182,0.39167472590032015,72.67857142857143,5.564793906060782,60.758620689655174,8.704084313920815,0.0,0.0,24.857142857142858,2.731358171371426,54.642857142857146,3.623118011738526,0.4587407407407408,0.05353330565932592,7.7407407407407405,1.9727488161795694,21.642857142857142,3.773340063934768,0.3502962962962964,0.0819332818704504,17.25925925925926,2.7258392157644646,33.25,4.291464396527911,0.5299259259259258,0.05996083717145712,0.5273703703703703,0.059934674789851344,15.035714285714286,3.3497611065416995,20.40740740740741,3.8953548200118013,0.7624814814814814,0.0777369184495275,7.703703703703703,2.3666726856791165,24.703703703703702,2.7985547755777147,32.607142857142854,3.9000406998283315,11.172413793103448,2.9769227342202282,5.518518518518518,1.5534173338499262,3.8333333333333335,1.984132457573184,10.357142857142858,2.4223387186198524,15.964285714285714,2.1684973950597572,22.37037037037037,3.065291404746276,53.81481481481482,4.279081830316091,0.419,0.05837676039183875,6.964285714285714,1.621205378200701,20.51851851851852,3.0555167052697216,0.34674074074074074,0.08320114301757038,15.344827586206897,3.82917244014352,33.06896551724138,6.244603581623546,0.46133333333333326,0.08357723282182682,0.48622222222222217,0.06677305613524834,9.777777777777779,2.9264487974510276,13.703703703703704,3.3833849097159265,0.7093333333333334,0.09802943043172917,5.814814814814815,1.8194892993753249,21.862068965517242,4.248732062384145,27.925925925925927,4.304969632037319,10.166666666666666,2.9604674995837996,5.5,2.6749154031096203,2.4642857142857144,1.2614554456142482,12.172413793103448,2.5223142083248153,19.444444444444443,1.867399123695705,11.678571428571429,10.56568019029527
