Year,Team,Rslt,Rslt_std,Tm,Tm_std,Opp_score,Opp_score_std,OT,OT_std,FG,FG_std,FGA,FGA_std,FG%,FG%_std,3P,3P_std,3PA,3PA_std,3P%,3P%_std,2P,2P_std,2PA,2PA_std,2P%,2P%_std,eFG%,eFG%_std,FT,FT_std,FTA,FTA_std,FT%,FT%_std,ORB,ORB_std,DRB,DRB_std,TRB,TRB_std,AST,AST_std,STL,STL_std,BLK,BLK_std,TOV,TOV_std,PF,PF_std,FG_opp,FG_opp_std,FGA_opp,FGA_opp_std,FG%_opp,FG%_opp_std,3P_opp,3P_opp_std,3PA_opp,3PA_opp_std,3P%_opp,3P%_opp_std,2P_opp,2P_opp_std,2PA_opp,2PA_opp_std,2P%_opp,2P%_opp_std,eFG%_opp,eFG%_opp_std,FT_opp,FT_opp_std,FTA_opp,FTA_opp_std,FT%_opp,FT%_opp_std,ORB_opp,ORB_opp_std,DRB_opp,DRB_opp_std,TRB_opp,TRB_opp_std,AST_opp,AST_opp_std,STL_opp,STL_opp_std,BLK_opp,BLK_opp_std,TOV_opp,TOV_opp_std,PF_opp,PF_opp_std,Spread,Spread_std
2019,purdue,0.71875,0.45680340939917435,76.57692307692308,7.9708121389132085,66.46153846153847,7.679743585463093,0.0,0.0,26.482758620689655,4.145743855838973,60.42307692307692,4.924819403170654,0.45392307692307693,0.05988784389301261,9.827586206896552,2.7525178800151244,27.03846153846154,3.376160769048408,0.366,0.08446158890288531,17.22222222222222,3.6303563433204706,33.57692307692308,3.4079093523516955,0.5118148148148148,0.08499232410456344,0.5352307692307693,0.06930530005262668,12.807692307692308,3.9700804099587783,17.615384615384617,4.7671955955418746,0.7316923076923076,0.09993708790264774,10.653846153846153,2.4321563714910717,23.185185185185187,2.9876288132775004,34.44444444444444,3.32048807039583,14.777777777777779,2.9132764179149713,6.896551724137931,2.0061481854219845,4.214285714285714,1.5719094983170854,10.038461538461538,2.3745444907311253,17.46153846153846,2.024465741488736,22.96153846153846,2.1813898180888116,54.55172413793103,4.014137577688492,0.4238076923076924,0.0507740242492314,8.142857142857142,2.3208281681855265,23.285714285714285,3.9520940802374147,0.3394814814814815,0.07849711918788943,14.518518518518519,2.562606401098609,30.923076923076923,3.697816403480053,0.4796153846153848,0.07449621570151167,0.4995,0.060838310298692556,12.5,3.2649655434629015,17.115384615384617,4.338911596950766,0.7408846153846156,0.08308324833470436,7.461538461538462,2.158346945804019,20.653846153846153,3.3339742973491284,27.76923076923077,3.8502747154736094,12.62962962962963,2.306314878564572,4.517241379310345,1.8051650034429463,3.392857142857143,1.6630914033428879,12.653846153846153,2.7704484502305067,16.59259259259259,3.2375116187407698,9.346153846153847,10.522137834840628
