Year,Team,Rslt,Rslt_std,Tm,Tm_std,Opp_score,Opp_score_std,OT,OT_std,FG,FG_std,FGA,FGA_std,FG%,FG%_std,3P,3P_std,3PA,3PA_std,3P%,3P%_std,2P,2P_std,2PA,2PA_std,2P%,2P%_std,eFG%,eFG%_std,FT,FT_std,FTA,FTA_std,FT%,FT%_std,ORB,ORB_std,DRB,DRB_std,TRB,TRB_std,AST,AST_std,STL,STL_std,BLK,BLK_std,TOV,TOV_std,PF,PF_std,FG_opp,FG_opp_std,FGA_opp,FGA_opp_std,FG%_opp,FG%_opp_std,3P_opp,3P_opp_std,3PA_opp,3PA_opp_std,3P%_opp,3P%_opp_std,2P_opp,2P_opp_std,2PA_opp,2PA_opp_std,2P%_opp,2P%_opp_std,eFG%_opp,eFG%_opp_std,FT_opp,FT_opp_std,FTA_opp,FTA_opp_std,FT%_opp,FT%_opp_std,ORB_opp,ORB_opp_std,DRB_opp,DRB_opp_std,TRB_opp,TRB_opp_std,AST_opp,AST_opp_std,STL_opp,STL_opp_std,BLK_opp,BLK_opp_std,TOV_opp,TOV_opp_std,PF_opp,PF_opp_std,Spread,Spread_std
2019,utah-state,0.8235294117647058,0.3869529949759475,80.20689655172414,9.193861734660747,65.96428571428571,8.05758047894051,0.0,0.0,27.607142857142858,2.9732048516621066,57.5,6.089844570804063,0.47917857142857134,0.046702409781135275,7.67741935483871,2.688086020128988,21.928571428571427,3.4418833284352983,0.3612413793103447,0.08593297021200959,19.24137931034483,2.824069662407087,35.67857142857143,5.164362005188533,0.5496071428571427,0.05714201884305732,0.548607142857143,0.056355576992885605,15.566666666666666,4.538595661073218,20.642857142857142,5.107831936345115,0.7487857142857143,0.06188601059107226,9.064516129032258,2.768097829087305,27.93548387096774,3.8116967689028614,36.51724137931034,3.86024323488978,17.357142857142858,3.498298906339371,5.733333333333333,2.0833218390487516,4.071428571428571,1.5136067160941415,11.827586206896552,2.6195551083184414,18.137931034482758,3.4092745136406375,22.103448275862068,2.7300553053818066,57.13793103448276,4.2905555578589,0.39167857142857143,0.04566954862879282,8.3,2.1359000364055523,22.870967741935484,4.432771409128988,0.3496428571428572,0.07712001915519312,14.833333333333334,2.972092416687835,34.37931034482759,4.229267017745411,0.42820689655172417,0.06133711257721825,0.46235714285714286,0.05774350326497491,13.133333333333333,4.431340836495812,18.75,5.344606142160039,0.7140000000000001,0.07996202802534419,6.838709677419355,2.8059077460903614,21.17241379310345,2.7133132818598815,28.137931034482758,3.71025738355397,11.066666666666666,3.0505322693649353,5.75,1.7769095101910528,3.225806451612903,1.3834661161819817,11.75,2.270992603996633,19.1,3.2307787040406772,13.655172413793103,9.96879367278912
