Year,Team,Rslt,Rslt_std,Tm,Tm_std,Opp_score,Opp_score_std,OT,OT_std,FG,FG_std,FGA,FGA_std,FG%,FG%_std,3P,3P_std,3PA,3PA_std,3P%,3P%_std,2P,2P_std,2PA,2PA_std,2P%,2P%_std,eFG%,eFG%_std,FT,FT_std,FTA,FTA_std,FT%,FT%_std,ORB,ORB_std,DRB,DRB_std,TRB,TRB_std,AST,AST_std,STL,STL_std,BLK,BLK_std,TOV,TOV_std,PF,PF_std,FG_opp,FG_opp_std,FGA_opp,FGA_opp_std,FG%_opp,FG%_opp_std,3P_opp,3P_opp_std,3PA_opp,3PA_opp_std,3P%_opp,3P%_opp_std,2P_opp,2P_opp_std,2PA_opp,2PA_opp_std,2P%_opp,2P%_opp_std,eFG%_opp,eFG%_opp_std,FT_opp,FT_opp_std,FTA_opp,FTA_opp_std,FT%_opp,FT%_opp_std,ORB_opp,ORB_opp_std,DRB_opp,DRB_opp_std,TRB_opp,TRB_opp_std,AST_opp,AST_opp_std,STL_opp,STL_opp_std,BLK_opp,BLK_opp_std,TOV_opp,TOV_opp_std,PF_opp,PF_opp_std,Spread,Spread_std
2019,seton-hall,0.6060606060606061,0.49619766344887317,73.5,7.249521056977182,71.25,6.631155421359254,0.0,0.0,25.892857142857142,3.0226219390197286,59.148148148148145,3.5268607058893666,0.44059259259259254,0.04405089648896469,6.851851851851852,2.070000068816493,21.966666666666665,3.5475424551743377,0.315962962962963,0.0729802299264257,19.5,2.631715396072669,37.7037037037037,3.6983864965769433,0.5054444444444446,0.05297048041005287,0.49959259259259264,0.053385578043324985,14.592592592592593,4.021664975329145,20.037037037037038,5.632880677712313,0.7109259259259261,0.06692356485397002,9.107142857142858,2.5142451295425774,23.77777777777778,2.8867513459481287,33.0,3.8297084310253524,13.9,3.3150648820820674,6.896551724137931,1.6549671465493312,3.7666666666666666,1.6333450621206844,11.133333333333333,3.170264139254595,18.714285714285715,2.4321480044076087,24.482758620689655,2.8109567468234578,57.77777777777778,3.73479824739141,0.43118518518518517,0.04065146135800422,7.592592592592593,1.7815131696928805,23.607142857142858,4.2368689147834395,0.3344444444444445,0.05807841736912744,17.0,3.900549411850299,34.925925925925924,5.6359145454427155,0.4897777777777778,0.05083785183784991,0.49974074074074076,0.052977929071085526,13.481481481481481,4.236928952858067,18.2,6.1778246366645355,0.7322962962962962,0.08001962010119518,8.071428571428571,2.5809640953286546,23.724137931034484,2.7889648838149093,31.862068965517242,4.688314789612837,13.25925925925926,1.7451601776295624,5.379310344827586,2.513020281645294,4.064516129032258,2.032002032003048,13.296296296296296,2.0156086085046527,18.185185185185187,2.787845005031624,2.4074074074074074,5.924260805945844
