Year,Team,Rslt,Rslt_std,Tm,Tm_std,Opp_score,Opp_score_std,OT,OT_std,FG,FG_std,FGA,FGA_std,FG%,FG%_std,3P,3P_std,3PA,3PA_std,3P%,3P%_std,2P,2P_std,2PA,2PA_std,2P%,2P%_std,eFG%,eFG%_std,FT,FT_std,FTA,FTA_std,FT%,FT%_std,ORB,ORB_std,DRB,DRB_std,TRB,TRB_std,AST,AST_std,STL,STL_std,BLK,BLK_std,TOV,TOV_std,PF,PF_std,FG_opp,FG_opp_std,FGA_opp,FGA_opp_std,FG%_opp,FG%_opp_std,3P_opp,3P_opp_std,3PA_opp,3PA_opp_std,3P%_opp,3P%_opp_std,2P_opp,2P_opp_std,2PA_opp,2PA_opp_std,2P%_opp,2P%_opp_std,eFG%_opp,eFG%_opp_std,FT_opp,FT_opp_std,FTA_opp,FTA_opp_std,FT%_opp,FT%_opp_std,ORB_opp,ORB_opp_std,DRB_opp,DRB_opp_std,TRB_opp,TRB_opp_std,AST_opp,AST_opp_std,STL_opp,STL_opp_std,BLK_opp,BLK_opp_std,TOV_opp,TOV_opp_std,PF_opp,PF_opp_std,Spread,Spread_std
2019,bradley,0.5882352941176471,0.4995541684356422,66.53571428571429,7.480751313313403,64.3103448275862,7.226456592054456,0.0,0.0,23.133333333333333,4.02349422108774,53.82142857142857,4.2343705765903605,0.43232142857142863,0.057375342214054756,6.580645161290323,2.0457141140831823,18.642857142857142,2.556245593520219,0.35582142857142846,0.07188676979777066,16.0,3.3425160871869335,35.172413793103445,3.7708370188407905,0.46828571428571425,0.07057428822687595,0.4948928571428572,0.06062106911927585,12.89655172413793,3.56916184224779,18.892857142857142,4.779115722594201,0.69475,0.0471212973788569,8.166666666666666,2.937079634876997,23.428571428571427,3.735996782342292,32.0,5.133920807447545,11.928571428571429,2.980536509354966,5.166666666666667,1.913352957566869,3.9,1.5165750888103104,11.310344827586206,2.156442975229978,17.107142857142858,3.2011489339539483,22.366666666666667,2.735253040470351,54.206896551724135,3.745276170866324,0.4134642857142857,0.04961741192502453,7.206896551724138,2.0420457240023437,21.392857142857142,3.2011489339539483,0.3301785714285715,0.07807596185834549,14.89655172413793,2.30441854435912,33.0,3.991370000733911,0.45813333333333334,0.08568818102758448,0.4861379310344827,0.0587875862369472,12.714285714285714,5.924569950682421,17.75,6.631155421359254,0.6998928571428572,0.09998605061437478,7.7,2.0197302653640623,22.586206896551722,2.909556193198425,30.655172413793103,4.4902741092671254,12.064516129032258,3.623400648294985,5.233333333333333,1.9596504497122622,2.2758620689655173,0.9218208581830207,11.533333333333333,3.3086441991821376,18.161290322580644,3.751415503455981,1.3214285714285714,8.371262887285425
