Year,Team,Rslt,Rslt_std,Tm,Tm_std,Opp_score,Opp_score_std,OT,OT_std,FG,FG_std,FGA,FGA_std,FG%,FG%_std,3P,3P_std,3PA,3PA_std,3P%,3P%_std,2P,2P_std,2PA,2PA_std,2P%,2P%_std,eFG%,eFG%_std,FT,FT_std,FTA,FTA_std,FT%,FT%_std,ORB,ORB_std,DRB,DRB_std,TRB,TRB_std,AST,AST_std,STL,STL_std,BLK,BLK_std,TOV,TOV_std,PF,PF_std,FG_opp,FG_opp_std,FGA_opp,FGA_opp_std,FG%_opp,FG%_opp_std,3P_opp,3P_opp_std,3PA_opp,3PA_opp_std,3P%_opp,3P%_opp_std,2P_opp,2P_opp_std,2PA_opp,2PA_opp_std,2P%_opp,2P%_opp_std,eFG%_opp,eFG%_opp_std,FT_opp,FT_opp_std,FTA_opp,FTA_opp_std,FT%_opp,FT%_opp_std,ORB_opp,ORB_opp_std,DRB_opp,DRB_opp_std,TRB_opp,TRB_opp_std,AST_opp,AST_opp_std,STL_opp,STL_opp_std,BLK_opp,BLK_opp_std,TOV_opp,TOV_opp_std,PF_opp,PF_opp_std,Spread,Spread_std
2019,abilene-christian,0.8181818181818182,0.39167472590032015,73.92592592592592,7.173272646138613,61.827586206896555,8.422202653519198,0.0,0.0,26.333333333333332,3.1865100272627656,55.67857142857143,3.4108060460245877,0.471,0.049259126448421085,7.161290322580645,2.2523583816901547,19.642857142857142,3.592319850008056,0.38255555555555554,0.07608969066595701,18.925925925925927,3.6154149237985216,36.733333333333334,4.926587497225244,0.5149629629629631,0.06103623229215294,0.5387037037037037,0.05311874565161661,13.5,3.564225540521209,19.678571428571427,4.4309815936875525,0.7147777777777781,0.06700937553996762,8.481481481481481,1.90889356536048,21.655172413793103,3.372958240275203,30.185185185185187,3.595264374969652,15.7,3.5830058658175203,8.392857142857142,2.67137481201036,2.5161290322580645,1.5678215830026807,11.344827586206897,3.4977121304909087,18.74074074074074,3.6960747639852554,21.814814814814813,2.7601147835250655,51.62068965517241,4.394914212582606,0.4345925925925926,0.04936929850957612,5.571428571428571,1.6426846010152705,17.296296296296298,3.06110606976798,0.32264285714285723,0.08287930282029908,15.689655172413794,2.904472515127834,34.285714285714285,3.9238788713243173,0.4774814814814815,0.06561740527210654,0.49059259259259264,0.06255905472140166,13.25925925925926,4.919291635940097,19.178571428571427,6.236413804652249,0.7201111111111111,0.06686055139866358,7.185185185185185,2.057575814792309,21.444444444444443,2.791929761808451,27.93103448275862,4.3583338435261725,10.166666666666666,3.524136806352026,5.612903225806452,2.445096035671383,2.5517241379310347,1.0551305571401284,16.448275862068964,3.8320659002735598,17.607142857142858,2.897499377998664,10.851851851851851,9.785010922142025
