Year,Team,Rslt,Rslt_std,Tm,Tm_std,Opp_score,Opp_score_std,OT,OT_std,FG,FG_std,FGA,FGA_std,FG%,FG%_std,3P,3P_std,3PA,3PA_std,3P%,3P%_std,2P,2P_std,2PA,2PA_std,2P%,2P%_std,eFG%,eFG%_std,FT,FT_std,FTA,FTA_std,FT%,FT%_std,ORB,ORB_std,DRB,DRB_std,TRB,TRB_std,AST,AST_std,STL,STL_std,BLK,BLK_std,TOV,TOV_std,PF,PF_std,FG_opp,FG_opp_std,FGA_opp,FGA_opp_std,FG%_opp,FG%_opp_std,3P_opp,3P_opp_std,3PA_opp,3PA_opp_std,3P%_opp,3P%_opp_std,2P_opp,2P_opp_std,2PA_opp,2PA_opp_std,2P%_opp,2P%_opp_std,eFG%_opp,eFG%_opp_std,FT_opp,FT_opp_std,FTA_opp,FTA_opp_std,FT%_opp,FT%_opp_std,ORB_opp,ORB_opp_std,DRB_opp,DRB_opp_std,TRB_opp,TRB_opp_std,AST_opp,AST_opp_std,STL_opp,STL_opp_std,BLK_opp,BLK_opp_std,TOV_opp,TOV_opp_std,PF_opp,PF_opp_std,Spread,Spread_std
2019,ohio-state,0.5757575757575758,0.5018903659106632,69.92857142857143,9.729407775469978,66.03703703703704,6.009489172463838,0.0,0.0,23.857142857142858,3.3633568517434056,55.607142857142854,4.961625224432501,0.4385555555555555,0.05459313378448115,7.642857142857143,2.344643789012416,21.82758620689655,3.901180824142877,0.33760714285714283,0.08885374553297173,16.516129032258064,3.192396881570706,33.25925925925926,4.553887541199468,0.5024444444444446,0.07206478566771245,0.5061481481481481,0.06565041666263213,13.62962962962963,5.092590002589344,18.48148148148148,6.08510394557809,0.7305555555555555,0.07692070509163884,7.862068965517241,1.9950678100010695,24.551724137931036,3.905913162817113,32.58620689655172,4.411974301985372,13.586206896551724,3.630399834131914,5.928571428571429,1.6981159806084754,2.4444444444444446,1.1547005383792515,12.241379310344827,3.3769721477529995,17.571428571428573,2.8729720245711157,23.11111111111111,1.9281983087713563,55.57142857142857,3.929268817369644,0.42237037037037045,0.04664608825890495,6.827586206896552,2.346257894685574,20.785714285714285,3.6652233811682526,0.3238518518518518,0.06294423887836922,16.0,3.5496478698597698,34.666666666666664,4.68220855185637,0.4784444444444445,0.05802541441427815,0.48362962962962963,0.06230949313285203,12.703703703703704,3.484193039944994,17.074074074074073,4.047087518069924,0.7477037037037038,0.09375041120517606,7.354838709677419,1.9587136441514228,22.5,3.0,30.233333333333334,3.4907101671815104,11.793103448275861,2.807888255113079,5.896551724137931,2.4399184352029786,2.7,2.0197302653640627,11.89655172413793,2.7560949028109487,18.444444444444443,3.2025630761017427,3.074074074074074,11.851406686796318
