Year,Team,Rslt,Rslt_std,Tm,Tm_std,Opp_score,Opp_score_std,OT,OT_std,FG,FG_std,FGA,FGA_std,FG%,FG%_std,3P,3P_std,3PA,3PA_std,3P%,3P%_std,2P,2P_std,2PA,2PA_std,2P%,2P%_std,eFG%,eFG%_std,FT,FT_std,FTA,FTA_std,FT%,FT%_std,ORB,ORB_std,DRB,DRB_std,TRB,TRB_std,AST,AST_std,STL,STL_std,BLK,BLK_std,TOV,TOV_std,PF,PF_std,FG_opp,FG_opp_std,FGA_opp,FGA_opp_std,FG%_opp,FG%_opp_std,3P_opp,3P_opp_std,3PA_opp,3PA_opp_std,3P%_opp,3P%_opp_std,2P_opp,2P_opp_std,2PA_opp,2PA_opp_std,2P%_opp,2P%_opp_std,eFG%_opp,eFG%_opp_std,FT_opp,FT_opp_std,FTA_opp,FTA_opp_std,FT%_opp,FT%_opp_std,ORB_opp,ORB_opp_std,DRB_opp,DRB_opp_std,TRB_opp,TRB_opp_std,AST_opp,AST_opp_std,STL_opp,STL_opp_std,BLK_opp,BLK_opp_std,TOV_opp,TOV_opp_std,PF_opp,PF_opp_std,Spread,Spread_std
2019,california-irvine,0.8571428571428571,0.35503580124836315,71.86666666666666,8.657200843042835,63.0,10.478549517943788,0.11428571428571428,0.32280285109067564,26.84375,4.088610261564159,58.06896551724138,4.300589946928865,0.457896551724138,0.0538611606869168,6.935483870967742,2.128152310823762,18.766666666666666,3.430927624974927,0.3511,0.0946872711104551,20.125,3.562800638135226,39.833333333333336,4.371406570235586,0.5088620689655173,0.06217528455787087,0.5141612903225807,0.06777123124856325,12.0,4.131758532565592,16.96551724137931,5.759977421959033,0.7037333333333334,0.0987626668727414,9.517241379310345,2.293168264575274,26.5,3.6836076768897876,36.689655172413794,3.808856673932688,12.833333333333334,3.6491220799012725,5.387096774193548,2.26093519522105,4.1,1.5165750888103102,11.275862068965518,2.8144594980226403,18.275862068965516,2.763235057011178,21.766666666666666,3.5104114439403147,56.758620689655174,3.7574228669375533,0.3761724137931034,0.046690522872509944,6.066666666666666,1.7603552410558057,19.066666666666666,3.6571454228234024,0.32419999999999993,0.07008733468151446,15.566666666666666,3.169720245823219,36.90625,5.5958473946772465,0.40131034482758615,0.05539991197019557,0.43317241379310356,0.055800709778842966,13.206896551724139,3.539363445036284,18.181818181818183,5.052564605317689,0.7030000000000001,0.07636285559279272,7.4375,1.8128128206134921,21.066666666666666,3.7225624594313813,28.451612903225808,4.3500092695488926,9.448275862068966,2.529627399109427,4.9375,1.9827888472813302,2.5483870967741935,1.4104067894859118,11.419354838709678,3.063485961541058,16.896551724137932,3.7353985022274863,9.655172413793103,8.792350011186533
