Year,Team,Rslt,Rslt_std,Tm,Tm_std,Opp_score,Opp_score_std,OT,OT_std,FG,FG_std,FGA,FGA_std,FG%,FG%_std,3P,3P_std,3PA,3PA_std,3P%,3P%_std,2P,2P_std,2PA,2PA_std,2P%,2P%_std,eFG%,eFG%_std,FT,FT_std,FTA,FTA_std,FT%,FT%_std,ORB,ORB_std,DRB,DRB_std,TRB,TRB_std,AST,AST_std,STL,STL_std,BLK,BLK_std,TOV,TOV_std,PF,PF_std,FG_opp,FG_opp_std,FGA_opp,FGA_opp_std,FG%_opp,FG%_opp_std,3P_opp,3P_opp_std,3PA_opp,3PA_opp_std,3P%_opp,3P%_opp_std,2P_opp,2P_opp_std,2PA_opp,2PA_opp_std,2P%_opp,2P%_opp_std,eFG%_opp,eFG%_opp_std,FT_opp,FT_opp_std,FTA_opp,FTA_opp_std,FT%_opp,FT%_opp_std,ORB_opp,ORB_opp_std,DRB_opp,DRB_opp_std,TRB_opp,TRB_opp_std,AST_opp,AST_opp_std,STL_opp,STL_opp_std,BLK_opp,BLK_opp_std,TOV_opp,TOV_opp_std,PF_opp,PF_opp_std,Spread,Spread_std
2019,fairleigh-dickinson,0.6060606060606061,0.4961976634488732,75.5925925925926,10.047040357389829,71.57142857142857,10.07537728887745,0.0,0.0,27.333333333333332,3.5751376470567253,55.592592592592595,3.8155477402863878,0.48941379310344824,0.050599631027296255,8.0,2.5773740789526736,18.62962962962963,3.9530723022455114,0.4004814814814815,0.07344509742782249,18.310344827586206,3.2082866842406497,36.629629629629626,4.732442434516387,0.5248148148148148,0.061441677809771535,0.5533703703703705,0.05183119653715254,14.296296296296296,4.913206808144873,19.321428571428573,6.342412039294709,0.7269629629629629,0.09525652874111183,7.379310344827586,2.381682974936725,21.77777777777778,3.5337203464874647,29.555555555555557,4.870107670057072,13.758620689655173,2.9958920972104583,7.785714285714286,2.2829017087120094,3.392857142857143,1.617938462279968,12.964285714285714,2.4717986082584398,16.5,2.7822186723442033,25.666666666666668,3.8829013735766043,57.81481481481482,5.313531615942285,0.44596296296296295,0.054435198935898856,7.655172413793103,2.3796137452020822,22.857142857142858,3.8654623192832887,0.34281481481481485,0.07369481614011889,18.185185185185187,2.828930717223206,35.333333333333336,3.3512339862756875,0.5095185185185185,0.06242187139528923,0.5114444444444445,0.06559745148270352,11.678571428571429,3.944556224662517,16.655172413793103,5.517995638098037,0.7115555555555557,0.11046695758437779,9.03448275862069,2.3219874279942916,21.11111111111111,3.640935354604673,30.333333333333332,3.36269122990683,13.214285714285714,2.8720510525889416,6.037037037037037,1.6520728583645243,2.8620689655172415,1.3017608385522195,13.482758620689655,3.5417982685875065,17.892857142857142,3.695235026999217,4.074074074074074,9.012495282943076
