Year,Team,Rslt,Rslt_std,Tm,Tm_std,Opp_score,Opp_score_std,OT,OT_std,FG,FG_std,FGA,FGA_std,FG%,FG%_std,3P,3P_std,3PA,3PA_std,3P%,3P%_std,2P,2P_std,2PA,2PA_std,2P%,2P%_std,eFG%,eFG%_std,FT,FT_std,FTA,FTA_std,FT%,FT%_std,ORB,ORB_std,DRB,DRB_std,TRB,TRB_std,AST,AST_std,STL,STL_std,BLK,BLK_std,TOV,TOV_std,PF,PF_std,FG_opp,FG_opp_std,FGA_opp,FGA_opp_std,FG%_opp,FG%_opp_std,3P_opp,3P_opp_std,3PA_opp,3PA_opp_std,3P%_opp,3P%_opp_std,2P_opp,2P_opp_std,2PA_opp,2PA_opp_std,2P%_opp,2P%_opp_std,eFG%_opp,eFG%_opp_std,FT_opp,FT_opp_std,FTA_opp,FTA_opp_std,FT%_opp,FT%_opp_std,ORB_opp,ORB_opp_std,DRB_opp,DRB_opp_std,TRB_opp,TRB_opp_std,AST_opp,AST_opp_std,STL_opp,STL_opp_std,BLK_opp,BLK_opp_std,TOV_opp,TOV_opp_std,PF_opp,PF_opp_std,Spread,Spread_std
2021,syracuse,0.64,0.4898979485566356,74.76190476190476,7.43575659838837,70.42857142857143,9.641428465592785,0.0,0.0,26.952380952380953,3.106061661915141,60.857142857142854,3.6371103129505746,0.44214285714285717,0.04970944147170205,7.7272727272727275,2.897976604161669,23.904761904761905,3.998809346602585,0.34850000000000003,0.09672087970768552,19.045454545454547,2.967719546614759,38.0,5.264435935053794,0.5090476190476191,0.062474375699542756,0.5071904761904762,0.05995132946617535,12.863636363636363,3.9193713604954383,16.761904761904763,5.038896326625126,0.7900476190476191,0.05479641976486803,8.772727272727273,2.223935126276719,22.863636363636363,3.9315022519019314,32.142857142857146,3.8247315498700596,15.636363636363637,3.7865105754061137,8.904761904761905,1.9724290077151547,5.090909090909091,2.2447630251233734,10.476190476190476,2.9089353313376978,14.043478260869565,2.6020666763444575,24.727272727272727,4.3444745222476415,61.095238095238095,5.0587030146546645,0.4167619047619048,0.05500627669812306,8.681818181818182,2.337812645480378,27.227272727272727,4.566251126542358,0.32199999999999995,0.07048191257336876,16.09090909090909,4.162292075848994,33.904761904761905,6.869532457924352,0.4938095238095237,0.07080156710668137,0.4870476190476191,0.0657590116945778,11.19047619047619,3.6690468465126957,14.681818181818182,4.931785764052492,0.7384761904761904,0.070983532630899,10.19047619047619,2.8569047519833,23.333333333333332,3.623994113313836,34.09090909090909,5.927410828869476,17.238095238095237,3.0643883876682785,5.761904761904762,1.5134319246256802,3.0833333333333335,2.282574188835104,14.272727272727273,3.4939651125608293,15.272727272727273,2.394076383827745,4.666666666666667,12.40295663675937
