Year,Team,Rslt,Rslt_std,Tm,Tm_std,Opp_score,Opp_score_std,OT,OT_std,FG,FG_std,FGA,FGA_std,FG%,FG%_std,3P,3P_std,3PA,3PA_std,3P%,3P%_std,2P,2P_std,2PA,2PA_std,2P%,2P%_std,eFG%,eFG%_std,FT,FT_std,FTA,FTA_std,FT%,FT%_std,ORB,ORB_std,DRB,DRB_std,TRB,TRB_std,AST,AST_std,STL,STL_std,BLK,BLK_std,TOV,TOV_std,PF,PF_std,FG_opp,FG_opp_std,FGA_opp,FGA_opp_std,FG%_opp,FG%_opp_std,3P_opp,3P_opp_std,3PA_opp,3PA_opp_std,3P%_opp,3P%_opp_std,2P_opp,2P_opp_std,2PA_opp,2PA_opp_std,2P%_opp,2P%_opp_std,eFG%_opp,eFG%_opp_std,FT_opp,FT_opp_std,FTA_opp,FTA_opp_std,FT%_opp,FT%_opp_std,ORB_opp,ORB_opp_std,DRB_opp,DRB_opp_std,TRB_opp,TRB_opp_std,AST_opp,AST_opp_std,STL_opp,STL_opp_std,BLK_opp,BLK_opp_std,TOV_opp,TOV_opp_std,PF_opp,PF_opp_std,Spread,Spread_std
2021,alabama,0.8,0.4068381021724863,78.24,8.37297239137134,69.83333333333333,7.239184836806509,0.0,0.0,27.807692307692307,3.7096547631199406,64.24,4.2059481689626175,0.4305599999999999,0.042080359630909364,10.56,2.5344295873693814,30.416666666666668,4.471325712044293,0.342125,0.06406946807279139,17.14814814814815,2.891681753205799,34.125,5.7051654702977945,0.5086666666666667,0.06984247285493803,0.5070833333333333,0.054598866580580746,12.84,4.298061578587879,18.615384615384617,5.946944917027048,0.7147499999999999,0.11036983283488291,10.56,3.0561413579872245,26.26923076923077,3.4705353167221022,36.083333333333336,4.272425913741022,14.52,3.392639090737475,8.107142857142858,2.8065965379769366,4.384615384615385,1.3289672103381054,13.518518518518519,2.8334590218476827,18.36,2.8994252303976844,25.166666666666668,2.9733112366761953,61.48,4.233989450467097,0.41074999999999995,0.04638801381916407,6.04,2.3888630489558556,20.333333333333332,4.05040702910822,0.2820833333333334,0.08520150879796247,18.92,3.026549190084311,42.28,4.860726968948849,0.47283333333333327,0.06914236520879703,0.45608333333333323,0.056313498780732295,12.96,3.746998799039039,18.76,4.621327370644355,0.6820416666666665,0.08112978285849573,10.423076923076923,3.5796432998060235,24.5,3.106794797382582,34.0,4.963869458396343,10.653846153846153,2.4970752122001882,7.8,2.41522945769824,4.428571428571429,2.4256128882403893,15.642857142857142,3.5612553520549017,18.375,2.8561527787659005,9.75,8.81821237923069
