Year,Team,Rslt,Rslt_std,Tm,Tm_std,Opp_score,Opp_score_std,OT,OT_std,FG,FG_std,FGA,FGA_std,FG%,FG%_std,3P,3P_std,3PA,3PA_std,3P%,3P%_std,2P,2P_std,2PA,2PA_std,2P%,2P%_std,eFG%,eFG%_std,FT,FT_std,FTA,FTA_std,FT%,FT%_std,ORB,ORB_std,DRB,DRB_std,TRB,TRB_std,AST,AST_std,STL,STL_std,BLK,BLK_std,TOV,TOV_std,PF,PF_std,FG_opp,FG_opp_std,FGA_opp,FGA_opp_std,FG%_opp,FG%_opp_std,3P_opp,3P_opp_std,3PA_opp,3PA_opp_std,3P%_opp,3P%_opp_std,2P_opp,2P_opp_std,2PA_opp,2PA_opp_std,2P%_opp,2P%_opp_std,eFG%_opp,eFG%_opp_std,FT_opp,FT_opp_std,FTA_opp,FTA_opp_std,FT%_opp,FT%_opp_std,ORB_opp,ORB_opp_std,DRB_opp,DRB_opp_std,TRB_opp,TRB_opp_std,AST_opp,AST_opp_std,STL_opp,STL_opp_std,BLK_opp,BLK_opp_std,TOV_opp,TOV_opp_std,PF_opp,PF_opp_std,Spread,Spread_std
2021,st-bonaventure,0.8,0.41039134083406165,70.5,8.140434058861153,60.6875,6.063208721460939,0.0,0.0,25.470588235294116,3.9070072795367223,58.125,3.7925365302569376,0.4394705882352941,0.05399087613553194,6.647058823529412,2.44798836983012,17.88235294117647,3.3332107820609034,0.3576470588235295,0.10751798755119454,19.375,3.0740852297878796,38.705882352941174,4.9467755392067385,0.494,0.07823468966300477,0.49862500000000004,0.06073645253607316,12.352941176470589,4.82106285572212,16.1875,5.729674219941886,0.7345625,0.0749177048500553,10.157894736842104,2.0886773564663366,24.25,2.1447610589527217,33.705882352941174,3.157623827388899,14.058823529411764,3.3254809470829576,5.875,2.526525941551627,3.875,0.8850612031567836,9.947368421052632,2.4375234291871446,14.75,2.265686062395524,21.41176470588235,1.6224527546823884,54.88235294117647,5.122040034756372,0.38912500000000005,0.026675519363891186,7.0,2.207940216581962,23.8125,5.406400527769532,0.3036875,0.06430419245015574,14.473684210526315,2.4122009556196593,31.11764705882353,5.611175823091544,0.46,0.06415813796134255,0.458125,0.04230977034523665,9.11111111111111,4.268749491621899,15.5625,4.486553985707368,0.6312941176470588,0.106355985201752,8.3125,3.1983068437325812,21.1875,2.9033027170218864,29.6875,4.3927022814360335,12.647058823529411,2.148871112659745,4.875,1.1474609652039003,2.9444444444444446,1.3920878193318216,11.75,3.0876096471758427,15.5625,2.780137886268713,9.1875,6.843183956804513
