Year,Team,Rslt,Rslt_std,Tm,Tm_std,Opp_score,Opp_score_std,OT,OT_std,FG,FG_std,FGA,FGA_std,FG%,FG%_std,3P,3P_std,3PA,3PA_std,3P%,3P%_std,2P,2P_std,2PA,2PA_std,2P%,2P%_std,eFG%,eFG%_std,FT,FT_std,FTA,FTA_std,FT%,FT%_std,ORB,ORB_std,DRB,DRB_std,TRB,TRB_std,AST,AST_std,STL,STL_std,BLK,BLK_std,TOV,TOV_std,PF,PF_std,FG_opp,FG_opp_std,FGA_opp,FGA_opp_std,FG%_opp,FG%_opp_std,3P_opp,3P_opp_std,3PA_opp,3PA_opp_std,3P%_opp,3P%_opp_std,2P_opp,2P_opp_std,2PA_opp,2PA_opp_std,2P%_opp,2P%_opp_std,eFG%_opp,eFG%_opp_std,FT_opp,FT_opp_std,FTA_opp,FTA_opp_std,FT%_opp,FT%_opp_std,ORB_opp,ORB_opp_std,DRB_opp,DRB_opp_std,TRB_opp,TRB_opp_std,AST_opp,AST_opp_std,STL_opp,STL_opp_std,BLK_opp,BLK_opp_std,TOV_opp,TOV_opp_std,PF_opp,PF_opp_std,Spread,Spread_std
2021,georgetown,0.52,0.5099019513592785,71.33333333333333,6.9161646404154755,71.5,11.206928129297435,0.0,0.0,25.09090909090909,2.8268961762579803,58.285714285714285,3.9388178066884123,0.4270952380952381,0.05071676720957751,8.695652173913043,1.8447661248342482,23.09090909090909,4.1622920758489945,0.3715217391304348,0.08640331936238298,16.40909090909091,2.9706355085528964,35.57142857142857,4.353980116760165,0.4692857142857142,0.06221747572599105,0.4973333333333333,0.06410330204703447,13.380952380952381,4.295069155161422,17.956521739130434,5.497753763373525,0.7624285714285716,0.07514557300904122,9.428571428571429,2.336052836975837,26.666666666666668,3.2761766334148303,36.285714285714285,5.478529521165849,12.727272727272727,2.6219189298029173,6.090909090909091,2.223448435139197,3.5454545454545454,1.6540649128527984,14.5,2.7559459528877004,15.80952380952381,2.0885173597326796,25.80952380952381,3.0102997794081507,61.857142857142854,3.198213787189879,0.4167142857142857,0.042961777031615966,8.181818181818182,2.4031004504372624,24.523809523809526,4.697010193932387,0.3228571428571428,0.0664306297684176,17.227272727272727,3.7407895548274954,36.27272727272727,6.511395272771298,0.46995238095238095,0.060340265321322695,0.4784761904761905,0.05565394779134634,10.666666666666666,4.31663449151458,15.090909090909092,4.61786480147214,0.6724761904761904,0.11495069336355437,8.26086956521739,2.490297377356364,24.0,3.3380918415851206,32.09090909090909,4.503005249503523,14.772727272727273,3.435553856808288,7.681818181818182,2.570646826817155,2.260869565217391,1.8394018618796073,10.391304347826088,3.4475172942381516,17.38095238095238,3.1221177184115025,-0.42857142857142855,9.542386643662205
