Year,Team,Rslt,Rslt_std,Tm,Tm_std,Opp_score,Opp_score_std,OT,OT_std,FG,FG_std,FGA,FGA_std,FG%,FG%_std,3P,3P_std,3PA,3PA_std,3P%,3P%_std,2P,2P_std,2PA,2PA_std,2P%,2P%_std,eFG%,eFG%_std,FT,FT_std,FTA,FTA_std,FT%,FT%_std,ORB,ORB_std,DRB,DRB_std,TRB,TRB_std,AST,AST_std,STL,STL_std,BLK,BLK_std,TOV,TOV_std,PF,PF_std,FG_opp,FG_opp_std,FGA_opp,FGA_opp_std,FG%_opp,FG%_opp_std,3P_opp,3P_opp_std,3PA_opp,3PA_opp_std,3P%_opp,3P%_opp_std,2P_opp,2P_opp_std,2PA_opp,2PA_opp_std,2P%_opp,2P%_opp_std,eFG%_opp,eFG%_opp_std,FT_opp,FT_opp_std,FTA_opp,FTA_opp_std,FT%_opp,FT%_opp_std,ORB_opp,ORB_opp_std,DRB_opp,DRB_opp_std,TRB_opp,TRB_opp_std,AST_opp,AST_opp_std,STL_opp,STL_opp_std,BLK_opp,BLK_opp_std,TOV_opp,TOV_opp_std,PF_opp,PF_opp_std,Spread,Spread_std
2021,appalachian-state,0.6071428571428571,0.49734746139343805,70.86363636363636,9.140675470223636,66.56521739130434,6.9663221479324875,0.14285714285714285,0.35634832254989923,23.863636363636363,2.782521202511176,58.17391304347826,4.9786103748759185,0.4158181818181817,0.04882196652721412,7.541666666666667,2.1260121204339084,25.045454545454547,3.0624806740268387,0.322,0.07212678231609065,15.636363636363637,3.3316012816012517,32.43478260869565,4.408938100933785,0.47618181818181815,0.07561785904176742,0.48581818181818176,0.05460301436266296,14.041666666666666,5.352603321640843,20.47826086956522,5.238576881848312,0.7271363636363636,0.08010665239276797,8.956521739130435,2.364092385319176,22.681818181818183,3.386054926513739,31.954545454545453,5.4377627816284955,11.76,3.3699653806332592,8.08695652173913,2.065144579536104,3.3333333333333335,1.5227739752537621,10.25,2.0903505010861947,13.363636363636363,1.8656150408161596,24.363636363636363,2.9202976780010848,55.43478260869565,5.04368269995899,0.42630434782608695,0.057020279313279645,7.148148148148148,2.537468509902426,21.304347826086957,3.698092660827098,0.3183181818181817,0.06280156683186174,17.181818181818183,3.126482332413183,35.56521739130435,6.673053594028352,0.4936363636363636,0.06781104380805285,0.49377272727272725,0.061158600857724496,9.541666666666666,3.488853887636363,12.826086956521738,3.256492450936122,0.7145652173913044,0.11169838693673591,7.391304347826087,2.535908129157224,23.772727272727273,3.2356911116015032,31.17391304347826,4.46859927120796,11.727272727272727,1.956231025937332,4.76,1.8991226044325487,4.3478260869565215,1.26522350350995,13.695652173913043,2.5483467476473955,17.782608695652176,2.2953811673788107,4.136363636363637,10.916546874859085
