Year,Team,Rslt,Rslt_std,Tm,Tm_std,Opp_score,Opp_score_std,OT,OT_std,FG,FG_std,FGA,FGA_std,FG%,FG%_std,3P,3P_std,3PA,3PA_std,3P%,3P%_std,2P,2P_std,2PA,2PA_std,2P%,2P%_std,eFG%,eFG%_std,FT,FT_std,FTA,FTA_std,FT%,FT%_std,ORB,ORB_std,DRB,DRB_std,TRB,TRB_std,AST,AST_std,STL,STL_std,BLK,BLK_std,TOV,TOV_std,PF,PF_std,FG_opp,FG_opp_std,FGA_opp,FGA_opp_std,FG%_opp,FG%_opp_std,3P_opp,3P_opp_std,3PA_opp,3PA_opp_std,3P%_opp,3P%_opp_std,2P_opp,2P_opp_std,2PA_opp,2PA_opp_std,2P%_opp,2P%_opp_std,eFG%_opp,eFG%_opp_std,FT_opp,FT_opp_std,FTA_opp,FTA_opp_std,FT%_opp,FT%_opp_std,ORB_opp,ORB_opp_std,DRB_opp,DRB_opp_std,TRB_opp,TRB_opp_std,AST_opp,AST_opp_std,STL_opp,STL_opp_std,BLK_opp,BLK_opp_std,TOV_opp,TOV_opp_std,PF_opp,PF_opp_std,Spread,Spread_std
2021,illinois,0.7931034482758621,0.4122508203948856,79.79166666666667,7.235054560454511,69.34782608695652,7.202327247949878,0.0,0.0,28.869565217391305,2.9124239799066305,58.416666666666664,4.0099513893472,0.4991304347826087,0.03451917036270781,6.52,1.475353065088715,17.73913043478261,3.0032920014293985,0.37500000000000006,0.0652143319440527,22.75,3.467237968532703,40.78260869565217,4.055933047447343,0.5564782608695652,0.05015600169400321,0.5548695652173913,0.034793291343729514,15.583333333333334,3.335144435522561,22.708333333333332,4.496173896786569,0.7013478260869566,0.052290802855197265,9.125,2.4013130466113926,28.0,3.424510582152248,36.958333333333336,3.593220266565629,15.826086956521738,2.405527232193004,5.833333333333333,1.307725096316589,2.5384615384615383,1.4759612252567949,12.846153846153847,2.6637163166119273,17.583333333333332,3.361116101725045,25.333333333333332,3.357880629033822,60.333333333333336,4.733476217480054,0.4110434782608695,0.042188406702304504,6.458333333333333,1.6145847942957392,20.434782608695652,3.4486636009345806,0.35044000000000003,0.08774825734262001,18.5,3.1622776601683795,40.78260869565217,3.45038234691765,0.44952173913043475,0.0703929681180891,0.464695652173913,0.04453235267513506,11.64,5.203204141039763,18.0,6.396021490668313,0.6758695652173914,0.07953575773759425,6.8076923076923075,3.262137100358975,21.0,2.843757465350927,28.73913043478261,4.3297847028602385,10.791666666666666,2.9188914909999455,6.96,2.030599254735738,3.739130434782609,1.5729934203280245,10.73076923076923,2.4909065387154503,20.0,3.570714214271425,9.956521739130435,8.91616642483837
