Year,Team,Rslt,Rslt_std,Tm,Tm_std,Opp_score,Opp_score_std,OT,OT_std,FG,FG_std,FGA,FGA_std,FG%,FG%_std,3P,3P_std,3PA,3PA_std,3P%,3P%_std,2P,2P_std,2PA,2PA_std,2P%,2P%_std,eFG%,eFG%_std,FT,FT_std,FTA,FTA_std,FT%,FT%_std,ORB,ORB_std,DRB,DRB_std,TRB,TRB_std,AST,AST_std,STL,STL_std,BLK,BLK_std,TOV,TOV_std,PF,PF_std,FG_opp,FG_opp_std,FGA_opp,FGA_opp_std,FG%_opp,FG%_opp_std,3P_opp,3P_opp_std,3PA_opp,3PA_opp_std,3P%_opp,3P%_opp_std,2P_opp,2P_opp_std,2PA_opp,2PA_opp_std,2P%_opp,2P%_opp_std,eFG%_opp,eFG%_opp_std,FT_opp,FT_opp_std,FTA_opp,FTA_opp_std,FT%_opp,FT%_opp_std,ORB_opp,ORB_opp_std,DRB_opp,DRB_opp_std,TRB_opp,TRB_opp_std,AST_opp,AST_opp_std,STL_opp,STL_opp_std,BLK_opp,BLK_opp_std,TOV_opp,TOV_opp_std,PF_opp,PF_opp_std,Spread,Spread_std
2021,iowa,0.7241379310344828,0.454858826147342,83.95652173913044,9.997628177220859,70.33333333333333,8.1115412499275,0.0,0.0,29.458333333333332,3.5871651234907502,63.17391304347826,5.812620860233543,0.47043478260869576,0.045944458649900446,9.583333333333334,2.375905624437108,24.652173913043477,3.575277429186744,0.38839130434782615,0.05790096492400135,19.869565217391305,2.974197337496546,38.416666666666664,4.3430771165821715,0.5231739130434782,0.07085494284029298,0.5496521739130437,0.05694703176529458,14.833333333333334,4.887131875754377,20.08695652173913,5.45154726558734,0.7080434782608698,0.07699674034474067,9.5,2.843757465350927,27.56,3.6977470618382395,37.56521739130435,3.715154309245038,19.52173913043478,3.0431676860168895,5.5,1.7194539072421902,4.583333333333333,1.7173454405910422,9.291666666666666,1.5736738147920997,14.5,2.9017236257093817,26.0,3.0413812651491097,64.08333333333333,4.510053182629328,0.41878260869565215,0.04511697576274683,9.0,2.553769592276246,25.217391304347824,6.097365464907629,0.35104347826086957,0.06233230467048044,17.695652173913043,2.8672885926459837,38.208333333333336,6.206442421889684,0.4637391304347826,0.059473613240972334,0.4881739130434782,0.04970334923223168,9.666666666666666,3.7725169393882134,13.653846153846153,5.469495828262841,0.6733478260869565,0.11557666038987921,10.304347826086957,2.770539537357885,23.814814814814813,4.048143325953812,34.0,3.7779263191236634,16.115384615384617,3.2659078134806325,4.962962962962963,1.6979961375665384,2.9583333333333335,1.1601786469133206,10.44,3.5482389998420345,18.333333333333332,3.102126432916154,10.208333333333334,12.806177743799946
