Year,Team,Rslt,Rslt_std,Tm,Tm_std,Opp_score,Opp_score_std,OT,OT_std,FG,FG_std,FGA,FGA_std,FG%,FG%_std,3P,3P_std,3PA,3PA_std,3P%,3P%_std,2P,2P_std,2PA,2PA_std,2P%,2P%_std,eFG%,eFG%_std,FT,FT_std,FTA,FTA_std,FT%,FT%_std,ORB,ORB_std,DRB,DRB_std,TRB,TRB_std,AST,AST_std,STL,STL_std,BLK,BLK_std,TOV,TOV_std,PF,PF_std,FG_opp,FG_opp_std,FGA_opp,FGA_opp_std,FG%_opp,FG%_opp_std,3P_opp,3P_opp_std,3PA_opp,3PA_opp_std,3P%_opp,3P%_opp_std,2P_opp,2P_opp_std,2PA_opp,2PA_opp_std,2P%_opp,2P%_opp_std,eFG%_opp,eFG%_opp_std,FT_opp,FT_opp_std,FTA_opp,FTA_opp_std,FT%_opp,FT%_opp_std,ORB_opp,ORB_opp_std,DRB_opp,DRB_opp_std,TRB_opp,TRB_opp_std,AST_opp,AST_opp_std,STL_opp,STL_opp_std,BLK_opp,BLK_opp_std,TOV_opp,TOV_opp_std,PF_opp,PF_opp_std,Spread,Spread_std
2021,oregon,0.7692307692307693,0.4296689244236597,75.0,6.180614856144977,68.0909090909091,5.780995884786065,0.0,0.0,26.956521739130434,2.6020666763444575,58.714285714285715,3.662551803631686,0.4727142857142857,0.05497557899389769,8.476190476190476,2.1358615970855324,21.52173913043478,3.6664271091943954,0.3808095238095238,0.07655887868014986,19.095238095238095,2.8443762392616403,36.80952380952381,3.802881113301435,0.525047619047619,0.05782947016052991,0.5447619047619049,0.0616708235407188,10.916666666666666,4.1589784141391455,16.181818181818183,4.787248574886092,0.700217391304348,0.08213733318032844,7.954545454545454,1.9390049664042277,22.09090909090909,3.8780099328084554,31.318181818181817,4.931785764052492,13.619047619047619,3.0899221750100843,7.68,2.3930454794396754,3.608695652173913,1.3052039351200886,10.458333333333334,2.5872457517039518,15.818181818181818,1.8422647458873533,24.5,2.721169216487998,55.80952380952381,3.8551141049137265,0.44766666666666666,0.045556924098684864,7.636363636363637,1.9406786870148718,21.454545454545453,3.750901767477265,0.34123809523809534,0.08534805490572399,16.90909090909091,3.5038630505566677,34.54545454545455,3.3626417155800743,0.5124761904761904,0.06441165969575623,0.5187619047619046,0.05812994474615021,11.380952380952381,2.8544034486419485,15.047619047619047,3.748015347836645,0.7687619047619046,0.0766073787320156,7.782608695652174,2.7953942922263857,21.73913043478261,4.147478876096656,29.904761904761905,4.581536444302958,13.476190476190476,2.6195237662416355,4.5,1.7194539072421902,2.6363636363636362,1.3289972784899773,13.714285714285714,2.101020160371079,16.095238095238095,2.643950867636574,7.476190476190476,7.453985830540917
