Year,Team,Rslt,Rslt_std,Tm,Tm_std,Opp_score,Opp_score_std,OT,OT_std,FG,FG_std,FGA,FGA_std,FG%,FG%_std,3P,3P_std,3PA,3PA_std,3P%,3P%_std,2P,2P_std,2PA,2PA_std,2P%,2P%_std,eFG%,eFG%_std,FT,FT_std,FTA,FTA_std,FT%,FT%_std,ORB,ORB_std,DRB,DRB_std,TRB,TRB_std,AST,AST_std,STL,STL_std,BLK,BLK_std,TOV,TOV_std,PF,PF_std,FG_opp,FG_opp_std,FGA_opp,FGA_opp_std,FG%_opp,FG%_opp_std,3P_opp,3P_opp_std,3PA_opp,3PA_opp_std,3P%_opp,3P%_opp_std,2P_opp,2P_opp_std,2PA_opp,2PA_opp_std,2P%_opp,2P%_opp_std,eFG%_opp,eFG%_opp_std,FT_opp,FT_opp_std,FTA_opp,FTA_opp_std,FT%_opp,FT%_opp_std,ORB_opp,ORB_opp_std,DRB_opp,DRB_opp_std,TRB_opp,TRB_opp_std,AST_opp,AST_opp_std,STL_opp,STL_opp_std,BLK_opp,BLK_opp_std,TOV_opp,TOV_opp_std,PF_opp,PF_opp_std,Spread,Spread_std
2021,texas,0.7307692307692307,0.45234432086120485,75.47619047619048,5.316192694203696,69.18181818181819,7.563297111938894,0.0,0.0,26.954545454545453,2.4971845618477495,57.04347826086956,3.843273472983973,0.4669523809523809,0.04580990743330115,8.954545454545455,2.235583927710051,24.727272727272727,3.1042492870843406,0.37042857142857144,0.0782774369972417,18.272727272727273,2.76339711883103,34.36363636363637,4.100469828428544,0.5353809523809524,0.058505962252129645,0.5453333333333334,0.05904179310736873,14.333333333333334,5.3510123652756905,20.142857142857142,6.582444183475576,0.7220952380952381,0.07918200853849615,9.173913043478262,2.2694046859162205,26.217391304347824,4.471694022496401,34.65217391304348,5.780914489249587,12.666666666666666,2.807856472652136,6.318181818181818,1.492405014489273,4.0476190476190474,1.3592715135759477,13.857142857142858,2.475595166534995,19.52173913043478,3.8714522200965,24.0,2.5071326821120348,58.714285714285715,4.371988759624814,0.4203333333333334,0.04662009580999736,6.523809523809524,1.6618979396776332,20.0,3.391164991562634,0.32357142857142857,0.06585026304318868,18.318181818181817,2.6972007294400195,38.904761904761905,4.742412486327627,0.47138095238095234,0.07133405651613835,0.4770952380952379,0.055651509199575865,15.181818181818182,4.260967514056421,21.40909090909091,6.522189895959871,0.6961428571428572,0.06879192228327809,8.571428571428571,2.336052836975837,21.61904761904762,2.4591907302238774,30.19047619047619,3.6141257258021287,9.727272727272727,2.831486538431009,6.0,2.7186953392806057,3.125,1.4836060651405207,11.681818181818182,2.3580937344825927,17.772727272727273,2.793390467340773,6.523809523809524,7.807810497310035
