Year,Team,Rslt,Rslt_std,Tm,Tm_std,Opp_score,Opp_score_std,OT,OT_std,FG,FG_std,FGA,FGA_std,FG%,FG%_std,3P,3P_std,3PA,3PA_std,3P%,3P%_std,2P,2P_std,2PA,2PA_std,2P%,2P%_std,eFG%,eFG%_std,FT,FT_std,FTA,FTA_std,FT%,FT%_std,ORB,ORB_std,DRB,DRB_std,TRB,TRB_std,AST,AST_std,STL,STL_std,BLK,BLK_std,TOV,TOV_std,PF,PF_std,FG_opp,FG_opp_std,FGA_opp,FGA_opp_std,FG%_opp,FG%_opp_std,3P_opp,3P_opp_std,3PA_opp,3PA_opp_std,3P%_opp,3P%_opp_std,2P_opp,2P_opp_std,2PA_opp,2PA_opp_std,2P%_opp,2P%_opp_std,eFG%_opp,eFG%_opp_std,FT_opp,FT_opp_std,FTA_opp,FTA_opp_std,FT%_opp,FT%_opp_std,ORB_opp,ORB_opp_std,DRB_opp,DRB_opp_std,TRB_opp,TRB_opp_std,AST_opp,AST_opp_std,STL_opp,STL_opp_std,BLK_opp,BLK_opp_std,TOV_opp,TOV_opp_std,PF_opp,PF_opp_std,Spread,Spread_std
2021,virginia-tech,0.7142857142857143,0.4629100498862757,72.77777777777777,7.72738107644845,64.77777777777777,9.032982411243259,0.0,0.0,25.58823529411765,3.589199484728659,57.27777777777778,5.377573863146351,0.4552352941176471,0.04210779234857354,7.764705882352941,1.8884322785284717,22.823529411764707,4.653430107426766,0.35670588235294115,0.07660920694169399,17.842105263157894,3.20179043478865,33.470588235294116,4.259073359588085,0.5097777777777777,0.051109519725154415,0.524,0.0503177404103165,12.823529411764707,2.833621669296359,18.352941176470587,3.2198830815455906,0.7018823529411765,0.08014586885247206,7.944444444444445,2.879383557847515,24.555555555555557,3.2938842120837184,31.764705882352942,4.100753158943883,14.176470588235293,3.4321147656664808,4.777777777777778,2.556549962824568,3.7058823529411766,1.447614670861731,10.894736842105264,2.233451162118225,15.833333333333334,3.0917347120042113,23.176470588235293,3.127205104355306,55.111111111111114,3.122760635547993,0.4172941176470588,0.051498500834833,7.388888888888889,2.0332208262027454,22.0,3.517811819867572,0.3336666666666666,0.05222012233297226,16.157894736842106,3.3377164165328637,34.22222222222222,5.27542087036448,0.4752941176470589,0.05980778033195425,0.4875555555555555,0.062361585293042684,11.823529411764707,4.347920395396618,17.235294117647058,5.437478870817636,0.6981176470588235,0.10005303740575619,6.2631578947368425,1.661395172175679,22.72222222222222,3.937833915709551,29.11111111111111,4.404394715560529,10.38888888888889,1.7197431028701005,5.368421052631579,1.949658839552006,3.4444444444444446,2.1205499348385533,10.777777777777779,3.0206262606512486,17.263157894736842,3.2462303824446033,5.823529411764706,10.725176537694187
