Year,Team,Rslt,Rslt_std,Tm,Tm_std,Opp_score,Opp_score_std,OT,OT_std,FG,FG_std,FGA,FGA_std,FG%,FG%_std,3P,3P_std,3PA,3PA_std,3P%,3P%_std,2P,2P_std,2PA,2PA_std,2P%,2P%_std,eFG%,eFG%_std,FT,FT_std,FTA,FTA_std,FT%,FT%_std,ORB,ORB_std,DRB,DRB_std,TRB,TRB_std,AST,AST_std,STL,STL_std,BLK,BLK_std,TOV,TOV_std,PF,PF_std,FG_opp,FG_opp_std,FGA_opp,FGA_opp_std,FG%_opp,FG%_opp_std,3P_opp,3P_opp_std,3PA_opp,3PA_opp_std,3P%_opp,3P%_opp_std,2P_opp,2P_opp_std,2PA_opp,2PA_opp_std,2P%_opp,2P%_opp_std,eFG%_opp,eFG%_opp_std,FT_opp,FT_opp_std,FTA_opp,FTA_opp_std,FT%_opp,FT%_opp_std,ORB_opp,ORB_opp_std,DRB_opp,DRB_opp_std,TRB_opp,TRB_opp_std,AST_opp,AST_opp_std,STL_opp,STL_opp_std,BLK_opp,BLK_opp_std,TOV_opp,TOV_opp_std,PF_opp,PF_opp_std,Spread,Spread_std
2021,north-carolina,0.6428571428571429,0.4879500364742666,75.875,7.496738421241717,68.9090909090909,6.140490835888261,0.0,0.0,27.272727272727273,3.411211461689767,63.18181818181818,4.64590309675262,0.4358181818181819,0.047135707184414795,5.44,2.1809783737274118,17.954545454545453,2.9677195466147586,0.3154782608695652,0.08305084399178034,21.90909090909091,3.6892261533266852,45.27272727272727,5.373495963938083,0.4904545454545454,0.0425325950891977,0.478409090909091,0.04939506346156764,14.695652173913043,3.72259419086763,21.125,4.883980023460909,0.6576956521739131,0.09474388192413977,13.863636363636363,2.980818911856503,26.08,3.1612233918743127,39.65217391304348,3.9841583536000753,15.318181818181818,3.400089125391577,7.363636363636363,1.760558746411803,4.6521739130434785,2.3278686243033153,14.608695652173912,3.7627254439831797,16.565217391304348,2.106830600182562,24.863636363636363,2.8333969944465127,59.583333333333336,5.046881660268411,0.42249999999999993,0.03914290059086918,7.956521739130435,1.9182914005002478,22.09090909090909,4.638442789897437,0.35795652173913045,0.07120040746874567,17.363636363636363,2.7867963266506877,36.86363636363637,5.709603059720273,0.46472727272727266,0.054044233927212075,0.4891363636363637,0.05165848978725151,11.625,3.5729965502118928,16.0,3.450327796711771,0.6857727272727274,0.09438065369665434,7.333333333333333,2.958652258783684,20.90909090909091,2.505405411716091,28.90909090909091,2.7930030076721724,12.583333333333334,3.5498520075296547,8.5,2.7662562992324986,4.217391304347826,1.8079753050186589,13.521739130434783,2.2129693178128402,17.869565217391305,2.321918247446728,4.590909090909091,8.438342710842438
