Year,Team,Rslt,Rslt_std,Tm,Tm_std,Opp_score,Opp_score_std,OT,OT_std,FG,FG_std,FGA,FGA_std,FG%,FG%_std,3P,3P_std,3PA,3PA_std,3P%,3P%_std,2P,2P_std,2PA,2PA_std,2P%,2P%_std,eFG%,eFG%_std,FT,FT_std,FTA,FTA_std,FT%,FT%_std,ORB,ORB_std,DRB,DRB_std,TRB,TRB_std,AST,AST_std,STL,STL_std,BLK,BLK_std,TOV,TOV_std,PF,PF_std,FG_opp,FG_opp_std,FGA_opp,FGA_opp_std,FG%_opp,FG%_opp_std,3P_opp,3P_opp_std,3PA_opp,3PA_opp_std,3P%_opp,3P%_opp_std,2P_opp,2P_opp_std,2PA_opp,2PA_opp_std,2P%_opp,2P%_opp_std,eFG%_opp,eFG%_opp_std,FT_opp,FT_opp_std,FTA_opp,FTA_opp_std,FT%_opp,FT%_opp_std,ORB_opp,ORB_opp_std,DRB_opp,DRB_opp_std,TRB_opp,TRB_opp_std,AST_opp,AST_opp_std,STL_opp,STL_opp_std,BLK_opp,BLK_opp_std,TOV_opp,TOV_opp_std,PF_opp,PF_opp_std,Spread,Spread_std
2021,georgia-tech,0.68,0.47609522856952335,74.47619047619048,6.889260102645622,68.42857142857143,6.461976698901262,0.0,0.0,27.5,3.555679561329612,56.95454545454545,5.250644157554772,0.48142857142857143,0.050710522999246846,7.333333333333333,1.5275252316519465,21.90909090909091,3.476575914111482,0.3461904761904762,0.07633191930484852,20.40909090909091,3.923786933066562,36.095238095238095,5.0587030146546645,0.5585238095238095,0.05636099630739244,0.5443809523809525,0.05898684276215856,11.333333333333334,5.082650227325636,16.227272727272727,6.480239694139909,0.7307619047619047,0.07718219014896167,6.0,2.7748873851023217,21.59090909090909,4.305689380222526,27.545454545454547,6.1001738673681425,15.5,3.203420790640025,8.909090909090908,2.1360642693445726,3.0476190476190474,1.2031704150364766,10.125,2.6590697948555326,15.545454545454545,2.2620528545732785,25.047619047619047,2.2466906880162756,54.38095238095238,5.171810035917701,0.45652380952380966,0.03550720919421724,7.142857142857143,1.2363540870525032,19.454545454545453,3.1278666505383157,0.3782272727272728,0.06721956335003744,17.904761904761905,2.4678890150240123,35.04545454545455,4.088046136251548,0.5084285714285715,0.051398999434397,0.5208571428571429,0.048275548380402385,11.136363636363637,3.509109974602223,15.5,4.372533318231849,0.724,0.09838343356480297,7.9523809523809526,2.871866822751196,22.952380952380953,3.153984630212875,30.523809523809526,4.094130525753272,13.80952380952381,2.4620935729384374,5.826086956521739,2.3287174369566115,2.6666666666666665,1.970801352499661,15.0,3.3763886032268267,14.904761904761905,4.085397923149738,5.333333333333333,8.41031113177945
