Year,Team,Rslt,Rslt_std,Tm,Tm_std,Opp_score,Opp_score_std,OT,OT_std,FG,FG_std,FGA,FGA_std,FG%,FG%_std,3P,3P_std,3PA,3PA_std,3P%,3P%_std,2P,2P_std,2PA,2PA_std,2P%,2P%_std,eFG%,eFG%_std,FT,FT_std,FTA,FTA_std,FT%,FT%_std,ORB,ORB_std,DRB,DRB_std,TRB,TRB_std,AST,AST_std,STL,STL_std,BLK,BLK_std,TOV,TOV_std,PF,PF_std,FG_opp,FG_opp_std,FGA_opp,FGA_opp_std,FG%_opp,FG%_opp_std,3P_opp,3P_opp_std,3PA_opp,3PA_opp_std,3P%_opp,3P%_opp_std,2P_opp,2P_opp_std,2PA_opp,2PA_opp_std,2P%_opp,2P%_opp_std,eFG%_opp,eFG%_opp_std,FT_opp,FT_opp_std,FTA_opp,FTA_opp_std,FT%_opp,FT%_opp_std,ORB_opp,ORB_opp_std,DRB_opp,DRB_opp_std,TRB_opp,TRB_opp_std,AST_opp,AST_opp_std,STL_opp,STL_opp_std,BLK_opp,BLK_opp_std,TOV_opp,TOV_opp_std,PF_opp,PF_opp_std,Spread,Spread_std
2021,houston,1.0,0.0,75.86363636363636,7.954007402953166,57.095238095238095,5.402821132563634,0.0,0.0,26.363636363636363,3.9466134312543932,60.47826086956522,3.964267274006994,0.43476190476190474,0.046676444553869746,9.238095238095237,2.3217399058628834,25.5,3.961120572574911,0.3541428571428571,0.05021482421983146,17.318181818181817,3.300596823900095,35.61904761904762,4.030833542534229,0.4947142857142858,0.05423665076048009,0.5090000000000001,0.05696490147450445,12.875,5.1862066224201655,17.904761904761905,5.812957611274676,0.7467142857142857,0.08389048984071011,12.666666666666666,2.19848432637882,25.17391304347826,3.8216152452862064,38.142857142857146,5.5703295619354005,13.619047619047619,3.840262887826698,7.863636363636363,2.3763808926992636,5.0,1.9364916731037085,9.954545454545455,1.8120567826505283,19.347826086956523,2.7897327283544877,18.791666666666668,2.5872457517039513,51.142857142857146,3.3806170189140663,0.37152380952380953,0.04791306611731193,5.3478260869565215,1.799209312503031,18.954545454545453,2.681102700067957,0.28031818181818186,0.07605160300970862,13.695652173913043,2.224548628551535,31.47826086956522,2.4839405134399453,0.4311428571428572,0.0569124641131323,0.42161904761904756,0.05521546539736507,14.545454545454545,2.501947293557612,21.61904761904762,3.787825107844744,0.6565238095238094,0.08803670771196469,7.434782608695652,1.878734752107041,19.523809523809526,2.0400746951777924,26.90909090909091,3.175937670449483,9.863636363636363,2.2317077498004707,4.913043478260869,1.6490505113345697,2.3043478260869565,1.2945614423669667,14.142857142857142,2.833473385894321,16.772727272727273,3.5312458098661117,18.714285714285715,10.330260679880528
