Year,Team,Rslt,Rslt_std,Tm,Tm_std,Opp_score,Opp_score_std,OT,OT_std,FG,FG_std,FGA,FGA_std,FG%,FG%_std,3P,3P_std,3PA,3PA_std,3P%,3P%_std,2P,2P_std,2PA,2PA_std,2P%,2P%_std,eFG%,eFG%_std,FT,FT_std,FTA,FTA_std,FT%,FT%_std,ORB,ORB_std,DRB,DRB_std,TRB,TRB_std,AST,AST_std,STL,STL_std,BLK,BLK_std,TOV,TOV_std,PF,PF_std,FG_opp,FG_opp_std,FGA_opp,FGA_opp_std,FG%_opp,FG%_opp_std,3P_opp,3P_opp_std,3PA_opp,3PA_opp_std,3P%_opp,3P%_opp_std,2P_opp,2P_opp_std,2PA_opp,2PA_opp_std,2P%_opp,2P%_opp_std,eFG%_opp,eFG%_opp_std,FT_opp,FT_opp_std,FTA_opp,FTA_opp_std,FT%_opp,FT%_opp_std,ORB_opp,ORB_opp_std,DRB_opp,DRB_opp_std,TRB_opp,TRB_opp_std,AST_opp,AST_opp_std,STL_opp,STL_opp_std,BLK_opp,BLK_opp_std,TOV_opp,TOV_opp_std,PF_opp,PF_opp_std,Spread,Spread_std
2021,morehead-state,0.7666666666666667,0.43018306715207627,69.29166666666667,8.579445440001994,63.125,7.170667908979579,0.0,0.0,25.08,3.148015247739439,53.583333333333336,4.529292743202099,0.46737500000000004,0.05243116605524852,6.1923076923076925,1.7892843434005847,18.083333333333332,3.3740269665511704,0.3666538461538461,0.08197216225411762,18.68,2.672701504720146,34.46153846153846,4.2259272992399595,0.5329583333333333,0.04837128070561548,0.5269166666666667,0.06385575910608605,12.92,3.684652855652302,18.416666666666668,5.115336417740935,0.678875,0.08519915926304927,9.384615384615385,2.5310380965433623,25.72,3.1691218552358214,34.53846153846154,4.456283377261991,12.4,3.0,4.357142857142857,1.7683280597740134,4.37037037037037,2.70538136296684,14.96,2.85014619508076,14.333333333333334,2.140025734641417,22.692307692307693,3.5639217810634483,58.0,4.33589667773576,0.39584,0.04132460929438212,7.107142857142857,1.9877268929755416,23.875,3.0830885135864485,0.3111666666666667,0.05549435276139183,15.48,3.043024810940588,33.958333333333336,3.4575584080283495,0.4689999999999999,0.06069954515981727,0.465,0.04485920001612776,8.307692307692308,3.0563930476197694,12.833333333333334,2.853931943167511,0.6829166666666667,0.12240663404395619,7.5,1.8177865182927715,21.04,3.335166162777101,28.291666666666668,4.143923436705288,11.75,2.9963746210320927,7.72,2.1702534414210706,3.076923076923077,1.4675987714106855,11.592592592592593,2.749255273415795,17.375,2.5844434267530323,6.916666666666667,9.509339421425867
