Year,Team,Rslt,Rslt_std,Tm,Tm_std,Opp_score,Opp_score_std,OT,OT_std,FG,FG_std,FGA,FGA_std,FG%,FG%_std,3P,3P_std,3PA,3PA_std,3P%,3P%_std,2P,2P_std,2PA,2PA_std,2P%,2P%_std,eFG%,eFG%_std,FT,FT_std,FTA,FTA_std,FT%,FT%_std,ORB,ORB_std,DRB,DRB_std,TRB,TRB_std,AST,AST_std,STL,STL_std,BLK,BLK_std,TOV,TOV_std,PF,PF_std,FG_opp,FG_opp_std,FGA_opp,FGA_opp_std,FG%_opp,FG%_opp_std,3P_opp,3P_opp_std,3PA_opp,3PA_opp_std,3P%_opp,3P%_opp_std,2P_opp,2P_opp_std,2PA_opp,2PA_opp_std,2P%_opp,2P%_opp_std,eFG%_opp,eFG%_opp_std,FT_opp,FT_opp_std,FTA_opp,FTA_opp_std,FT%_opp,FT%_opp_std,ORB_opp,ORB_opp_std,DRB_opp,DRB_opp_std,TRB_opp,TRB_opp_std,AST_opp,AST_opp_std,STL_opp,STL_opp_std,BLK_opp,BLK_opp_std,TOV_opp,TOV_opp_std,PF_opp,PF_opp_std,Spread,Spread_std
2021,hartford,0.6521739130434783,0.486984753557674,66.0,8.130873945100312,63.4,7.206722008324115,0.0,0.0,24.571428571428573,3.599603152729875,54.31578947368421,4.282427032250486,0.4342631578947369,0.06683881283045649,7.0,2.5298221281347035,22.55,3.486439897358728,0.32710526315789473,0.09058813678576123,16.857142857142858,3.1509635714446826,30.523809523809526,4.467874747786106,0.5169473684210526,0.07616682982054773,0.5035263157894737,0.08426239995860328,11.05,4.86096156829295,15.4,5.461829267504471,0.70495,0.0783893621945169,6.761904761904762,2.7550818845319625,23.333333333333332,3.526093211095437,30.157894736842106,4.705353427447611,10.7,2.4083189157584592,7.25,1.8027756377319946,1.8181818181818181,1.2203186015043321,12.157894736842104,2.4327204226895374,15.8,2.6277867413271454,23.526315789473685,2.5683635311361543,56.89473684210526,4.954175980839075,0.4181052631578947,0.06575872965862244,6.6,1.500876936643164,22.25,5.847851607304398,0.29242105263157897,0.06699031089930815,16.9,3.1439164311914825,33.68421052631579,3.7720114230259956,0.5048947368421054,0.08060458681244312,0.4754210526315789,0.06940166167517066,8.428571428571429,3.7090622611575097,13.789473684210526,5.711381885405289,0.6657,0.11156499167938413,8.2,3.318211312708923,23.9,3.477748818144471,32.10526315789474,5.445637773505865,11.5,2.328315406378386,5.714285714285714,1.9784553859730356,3.0,1.6858544608470492,13.65,2.621269278723372,15.380952380952381,2.334013506306047,4.4,9.805476450486873
