Year,Team,Rslt,Rslt_std,Tm,Tm_std,Opp_score,Opp_score_std,OT,OT_std,FG,FG_std,FGA,FGA_std,FG%,FG%_std,3P,3P_std,3PA,3PA_std,3P%,3P%_std,2P,2P_std,2PA,2PA_std,2P%,2P%_std,eFG%,eFG%_std,FT,FT_std,FTA,FTA_std,FT%,FT%_std,ORB,ORB_std,DRB,DRB_std,TRB,TRB_std,AST,AST_std,STL,STL_std,BLK,BLK_std,TOV,TOV_std,PF,PF_std,FG_opp,FG_opp_std,FGA_opp,FGA_opp_std,FG%_opp,FG%_opp_std,3P_opp,3P_opp_std,3PA_opp,3PA_opp_std,3P%_opp,3P%_opp_std,2P_opp,2P_opp_std,2PA_opp,2PA_opp_std,2P%_opp,2P%_opp_std,eFG%_opp,eFG%_opp_std,FT_opp,FT_opp_std,FTA_opp,FTA_opp_std,FT%_opp,FT%_opp_std,ORB_opp,ORB_opp_std,DRB_opp,DRB_opp_std,TRB_opp,TRB_opp_std,AST_opp,AST_opp_std,STL_opp,STL_opp_std,BLK_opp,BLK_opp_std,TOV_opp,TOV_opp_std,PF_opp,PF_opp_std,Spread,Spread_std
2021,michigan,0.8333333333333334,0.38069349381344053,76.6,8.210391361913844,64.85,6.729940955399081,0.0,0.0,28.045454545454547,4.455892543024164,57.65,3.631369177770715,0.4852499999999999,0.04997986436661532,7.380952380952381,1.9615348703551123,20.363636363636363,4.675625290960756,0.38059999999999994,0.0670219131486506,19.761904761904763,3.223426157130979,37.333333333333336,4.102844541697057,0.5355500000000001,0.07189793569981504,0.5528,0.0566611349209166,13.05,4.122786487444218,17.333333333333332,5.013315602805526,0.78805,0.07461654606967828,8.5,2.1547290184283368,27.434782608695652,3.9060103681438725,35.4,3.74727971509439,15.6,3.604091242492416,4.619047619047619,1.499206139134658,3.8636363636363638,2.0539266585286633,10.5,2.8191077349141223,14.952380952380953,2.871866822751196,23.181818181818183,2.872469712822444,60.5,3.9669688813076363,0.38599999999999995,0.05244952221853294,6.857142857142857,2.632217967526897,19.6,4.694902050432777,0.3235,0.07729948593823757,17.05,2.684752267312965,40.7,4.577979329009919,0.42300000000000004,0.05786554287856963,0.44559999999999994,0.05310803289423115,11.238095238095237,3.269629365918436,13.636363636363637,4.726273620693404,0.7647,0.0937887323498376,7.1,1.889026482776665,21.38095238095238,3.201190254830076,27.952380952380953,4.055566427469664,9.714285714285714,2.326861773781527,4.380952380952381,1.5644868320376006,2.380952380952381,1.4309504001254019,9.55,1.79105966869954,16.3,2.054520048960084,12.65,8.021517115989049
