Year,Team,Rslt,Rslt_std,Tm,Tm_std,Opp_score,Opp_score_std,OT,OT_std,FG,FG_std,FGA,FGA_std,FG%,FG%_std,3P,3P_std,3PA,3PA_std,3P%,3P%_std,2P,2P_std,2PA,2PA_std,2P%,2P%_std,eFG%,eFG%_std,FT,FT_std,FTA,FTA_std,FT%,FT%_std,ORB,ORB_std,DRB,DRB_std,TRB,TRB_std,AST,AST_std,STL,STL_std,BLK,BLK_std,TOV,TOV_std,PF,PF_std,FG_opp,FG_opp_std,FGA_opp,FGA_opp_std,FG%_opp,FG%_opp_std,3P_opp,3P_opp_std,3PA_opp,3PA_opp_std,3P%_opp,3P%_opp_std,2P_opp,2P_opp_std,2PA_opp,2PA_opp_std,2P%_opp,2P%_opp_std,eFG%_opp,eFG%_opp_std,FT_opp,FT_opp_std,FTA_opp,FTA_opp_std,FT%_opp,FT%_opp_std,ORB_opp,ORB_opp_std,DRB_opp,DRB_opp_std,TRB_opp,TRB_opp_std,AST_opp,AST_opp_std,STL_opp,STL_opp_std,BLK_opp,BLK_opp_std,TOV_opp,TOV_opp_std,PF_opp,PF_opp_std,Spread,Spread_std
2021,creighton,0.7142857142857143,0.46004370622823615,77.95652173913044,10.359353528748636,68.27272727272727,7.099173782791093,0.0,0.0,28.043478260869566,3.8076270452100505,59.63636363636363,2.90394566631341,0.4777727272727274,0.054273497714009133,9.583333333333334,2.7491764247666524,26.40909090909091,3.6988941836470777,0.3614090909090909,0.08277546167963701,18.608695652173914,2.6754630938957873,33.04545454545455,3.9457906773248967,0.5718181818181819,0.06816760602238069,0.5568636363636363,0.06901090007386028,9.91304347826087,3.764825765354655,15.833333333333334,4.922589162013321,0.6251304347826087,0.08940881812714717,6.869565217391305,1.7400195355770358,25.5,3.1585108003916145,32.27272727272727,4.188212690531075,15.681818181818182,3.2861377479803395,6.3478260869565215,1.7992093125030306,3.84,1.3747727084867518,10.652173913043478,2.1236481400940463,14.68,2.7037011669191546,25.08695652173913,2.728853296937293,60.86363636363637,3.7454156682721513,0.4043636363636363,0.05064211070466334,7.869565217391305,1.7136974334113453,23.52173913043478,3.203259209807628,0.31499999999999995,0.05932878527245238,17.09090909090909,1.9495809295501945,36.91304347826087,4.1660210303473555,0.4573043478260871,0.06465533429628546,0.46663636363636374,0.059736361627009904,11.0,3.638419332360584,16.5,6.164414002968976,0.7193636363636364,0.07079450170642825,8.958333333333334,2.773777312566772,24.17391304347826,3.29810102266914,33.869565217391305,4.683669383430114,12.0,2.5194892512087685,5.636363636363637,2.036464128627398,2.6,1.2247448713915892,11.681818181818182,2.032740670138381,15.76,3.4674678561355594,8.454545454545455,10.3405225654416
