Year,Team,Rslt,Rslt_std,Tm,Tm_std,Opp_score,Opp_score_std,OT,OT_std,FG,FG_std,FGA,FGA_std,FG%,FG%_std,3P,3P_std,3PA,3PA_std,3P%,3P%_std,2P,2P_std,2PA,2PA_std,2P%,2P%_std,eFG%,eFG%_std,FT,FT_std,FTA,FTA_std,FT%,FT%_std,ORB,ORB_std,DRB,DRB_std,TRB,TRB_std,AST,AST_std,STL,STL_std,BLK,BLK_std,TOV,TOV_std,PF,PF_std,FG_opp,FG_opp_std,FGA_opp,FGA_opp_std,FG%_opp,FG%_opp_std,3P_opp,3P_opp_std,3PA_opp,3PA_opp_std,3P%_opp,3P%_opp_std,2P_opp,2P_opp_std,2PA_opp,2PA_opp_std,2P%_opp,2P%_opp_std,eFG%_opp,eFG%_opp_std,FT_opp,FT_opp_std,FTA_opp,FTA_opp_std,FT%_opp,FT%_opp_std,ORB_opp,ORB_opp_std,DRB_opp,DRB_opp_std,TRB_opp,TRB_opp_std,AST_opp,AST_opp_std,STL_opp,STL_opp_std,BLK_opp,BLK_opp_std,TOV_opp,TOV_opp_std,PF_opp,PF_opp_std,Spread,Spread_std
2021,virginia,0.75,0.4423258684646914,68.25,6.934847169416057,59.2,6.810209054678208,0.0,0.0,24.5,3.6482220066114137,52.95,3.42552339450715,0.47985000000000005,0.04229504761353957,8.4,2.643761275949575,22.3,4.168806468093842,0.37374999999999997,0.07550871333477802,16.85,2.9607075967890197,30.4,4.405737885506748,0.55715,0.0700490617541133,0.55645,0.05105773306036175,9.05,3.3791154245795716,11.1,4.063962287433807,0.8635,0.10051190405689696,5.45,1.7614288458371994,23.571428571428573,3.7625978867190764,29.0,4.049691346263317,13.9,2.468752081944492,4.666666666666667,1.7126976771553506,4.173913043478261,1.8745223370487913,8.304347826086957,2.636022875619731,12.318181818181818,3.0610667862903402,21.7,2.5975697143777743,53.0,4.242640687119285,0.41495,0.04928379150657098,6.5,2.1884866196096624,19.35,3.4682772911664737,0.3392,0.10647045550168763,14.80952380952381,2.441701202421124,32.57142857142857,4.599689430509723,0.45461904761904764,0.07109112194252963,0.47729999999999995,0.06820410544827929,9.25,3.596416344962828,12.7,4.105195680956922,0.7327272727272728,0.12739446867643292,6.086956521739131,3.274044530688733,20.476190476190474,3.2957403966187564,26.45,3.42552339450715,11.25,2.403396719119356,4.9523809523809526,1.9868616075658232,1.8636363636363635,1.6415861825701368,8.428571428571429,2.1111946516469904,11.545454545454545,2.7555532281328903,9.714285714285714,12.058784586942652
