Year,Team,Rslt,Rslt_std,Tm,Tm_std,Opp_score,Opp_score_std,OT,OT_std,FG,FG_std,FGA,FGA_std,FG%,FG%_std,3P,3P_std,3PA,3PA_std,3P%,3P%_std,2P,2P_std,2PA,2PA_std,2P%,2P%_std,eFG%,eFG%_std,FT,FT_std,FTA,FTA_std,FT%,FT%_std,ORB,ORB_std,DRB,DRB_std,TRB,TRB_std,AST,AST_std,STL,STL_std,BLK,BLK_std,TOV,TOV_std,PF,PF_std,FG_opp,FG_opp_std,FGA_opp,FGA_opp_std,FG%_opp,FG%_opp_std,3P_opp,3P_opp_std,3PA_opp,3PA_opp_std,3P%_opp,3P%_opp_std,2P_opp,2P_opp_std,2PA_opp,2PA_opp_std,2P%_opp,2P%_opp_std,eFG%_opp,eFG%_opp_std,FT_opp,FT_opp_std,FTA_opp,FTA_opp_std,FT%_opp,FT%_opp_std,ORB_opp,ORB_opp_std,DRB_opp,DRB_opp_std,TRB_opp,TRB_opp_std,AST_opp,AST_opp_std,STL_opp,STL_opp_std,BLK_opp,BLK_opp_std,TOV_opp,TOV_opp_std,PF_opp,PF_opp_std,Spread,Spread_std
2021,iona,0.7058823529411765,0.46966821831386213,72.46153846153847,7.43432786264036,66.07692307692308,9.446882541007364,0.0,0.0,25.714285714285715,2.5246042013801637,56.23076923076923,3.940259004893083,0.4571538461538462,0.02596743522775579,7.714285714285714,2.3996336716761077,21.153846153846153,3.8696716881873807,0.36076923076923073,0.0831536267460755,17.615384615384617,2.662657242256988,34.07142857142857,3.292515655340053,0.511076923076923,0.04783733120075009,0.5230000000000001,0.03674914965002592,14.5,5.0990195135927845,21.0,5.306019803378626,0.7406153846153847,0.05449547146558519,9.153846153846153,1.3445044840729643,24.76923076923077,4.265244153891743,33.61538461538461,4.941970955304869,13.933333333333334,3.2396354880199247,6.8,1.5212776585113297,3.642857142857143,1.7805419597217218,13.933333333333334,3.011090610836324,21.384615384615383,2.3992520201950973,20.785714285714285,2.5773740789526736,53.38461538461539,2.534379001467011,0.4013846153846154,0.048673296000884755,6.357142857142857,1.7368026705655182,19.857142857142858,3.6554941338535016,0.28800000000000003,0.044446597170087164,14.923076923076923,2.660248687044705,32.69230769230769,3.568020351787421,0.46261538461538465,0.05593379786488439,0.4562307692307692,0.06085659899325334,16.923076923076923,4.572773382779472,24.53846153846154,4.858247019508591,0.6991538461538462,0.0742606290415118,8.076923076923077,2.2898885875932358,21.533333333333335,2.587515815456612,28.8,2.956832281827487,11.533333333333333,3.181793444554427,6.785714285714286,2.516975334635768,2.5,1.454436184706849,13.714285714285714,1.8156825980064073,19.333333333333332,3.1997023671109224,7.076923076923077,10.258829842803209
