Year,Team,Rslt,Rslt_std,Tm,Tm_std,Opp_score,Opp_score_std,OT,OT_std,FG,FG_std,FGA,FGA_std,FG%,FG%_std,3P,3P_std,3PA,3PA_std,3P%,3P%_std,2P,2P_std,2PA,2PA_std,2P%,2P%_std,eFG%,eFG%_std,FT,FT_std,FTA,FTA_std,FT%,FT%_std,ORB,ORB_std,DRB,DRB_std,TRB,TRB_std,AST,AST_std,STL,STL_std,BLK,BLK_std,TOV,TOV_std,PF,PF_std,FG_opp,FG_opp_std,FGA_opp,FGA_opp_std,FG%_opp,FG%_opp_std,3P_opp,3P_opp_std,3PA_opp,3PA_opp_std,3P%_opp,3P%_opp_std,2P_opp,2P_opp_std,2PA_opp,2PA_opp_std,2P%_opp,2P%_opp_std,eFG%_opp,eFG%_opp_std,FT_opp,FT_opp_std,FTA_opp,FTA_opp_std,FT%_opp,FT%_opp_std,ORB_opp,ORB_opp_std,DRB_opp,DRB_opp_std,TRB_opp,TRB_opp_std,AST_opp,AST_opp_std,STL_opp,STL_opp_std,BLK_opp,BLK_opp_std,TOV_opp,TOV_opp_std,PF_opp,PF_opp_std,Spread,Spread_std
2021,norfolk-state,0.6956521739130435,0.4704719688969648,75.94736842105263,7.3897352546964035,70.05,8.438477038947378,0.0,0.0,26.2,3.1220775808830616,58.578947368421055,6.978664226480947,0.4383684210526317,0.05557498490659644,7.45,2.30502882731146,21.238095238095237,5.16628262781627,0.3668947368421053,0.07359641804149175,17.6,3.574765358512507,38.3,6.199320845654661,0.4801052631578948,0.07034509754444877,0.5038421052631579,0.06373492253762604,16.0,4.109609335312651,22.57894736842105,4.752961526759269,0.7064210526315788,0.07063939394281485,8.333333333333334,2.6708300832013503,25.142857142857142,2.8157719063467175,32.63157894736842,4.085346800399223,12.052631578947368,3.2570212057189503,6.136363636363637,2.2948276114413835,3.35,1.0399898784932577,13.05,2.584875035155166,19.789473684210527,2.6157418189029844,22.4,2.348571794449599,56.26315789473684,5.042509353962104,0.4033157894736842,0.03769770495752132,7.9523809523809526,2.673503141501623,25.5,4.2488388506681884,0.3115263157894737,0.066789360780369,14.761904761904763,3.0315798175994293,30.94736842105263,5.115050604838478,0.47389473684210515,0.0498184422978324,0.4731052631578947,0.056772347275805664,15.736842105263158,4.676680984334912,23.65,6.285111898681468,0.673842105263158,0.08941927654339336,8.380952380952381,3.734651127966178,22.65,4.793361637668671,32.5,5.652200316783954,12.263157894736842,2.745543970856492,5.3,1.5593520921743174,3.5238095238095237,1.9395630337539334,14.578947368421053,3.0058422645405476,19.473684210526315,2.7155605325324554,5.7894736842105265,10.607015222475386
