Year,Team,Rslt,Rslt_std,Tm,Tm_std,Opp_score,Opp_score_std,OT,OT_std,FG,FG_std,FGA,FGA_std,FG%,FG%_std,3P,3P_std,3PA,3PA_std,3P%,3P%_std,2P,2P_std,2PA,2PA_std,2P%,2P%_std,eFG%,eFG%_std,FT,FT_std,FTA,FTA_std,FT%,FT%_std,ORB,ORB_std,DRB,DRB_std,TRB,TRB_std,AST,AST_std,STL,STL_std,BLK,BLK_std,TOV,TOV_std,PF,PF_std,FG_opp,FG_opp_std,FGA_opp,FGA_opp_std,FG%_opp,FG%_opp_std,3P_opp,3P_opp_std,3PA_opp,3PA_opp_std,3P%_opp,3P%_opp_std,2P_opp,2P_opp_std,2PA_opp,2PA_opp_std,2P%_opp,2P%_opp_std,eFG%_opp,eFG%_opp_std,FT_opp,FT_opp_std,FTA_opp,FTA_opp_std,FT%_opp,FT%_opp_std,ORB_opp,ORB_opp_std,DRB_opp,DRB_opp_std,TRB_opp,TRB_opp_std,AST_opp,AST_opp_std,STL_opp,STL_opp_std,BLK_opp,BLK_opp_std,TOV_opp,TOV_opp_std,PF_opp,PF_opp_std,Spread,Spread_std
2021,north-carolina-greensboro,0.7241379310344828,0.454858826147342,74.82608695652173,7.277937856744884,68.0,7.003104901461177,0.0,0.0,27.782608695652176,3.190276729791355,64.33333333333333,4.621938861622869,0.4268695652173914,0.037923732492543605,7.666666666666667,2.270208394365185,24.875,3.31416590595189,0.30439130434782613,0.0673280565119467,19.583333333333332,2.93282274871195,39.73913043478261,4.308737331435318,0.5049565217391305,0.04052998694666991,0.48765217391304355,0.05030146274364393,11.0,3.623594180176458,16.4,5.937171043518958,0.6786399999999999,0.09440863307981956,11.0,2.7186953392806057,24.82608695652174,2.9333842371915675,35.78260869565217,2.8596967693530413,11.956521739130435,2.142179452409184,7.230769230769231,1.9038422688383052,4.148148148148148,1.7694784912663195,10.083333333333334,2.7491764247666524,17.75,3.7561543701203113,22.92,2.8124722220850464,55.52173913043478,3.0580677978302706,0.4153913043478261,0.04687191360063061,7.125,1.6500988112705621,23.391304347826086,4.745707442566891,0.31283333333333335,0.07709320539996103,15.782608695652174,2.255428234668337,31.583333333333332,4.10637538963253,0.48439130434782607,0.07014513469192725,0.4813478260869566,0.054346203928360315,14.333333333333334,4.290197792812037,19.208333333333332,5.999849031917145,0.7201304347826086,0.0698747609186517,7.434782608695652,2.57304359848095,24.304347826086957,3.295103565880961,32.36,5.219195340279955,11.173913043478262,2.386556551584949,4.384615384615385,1.7905736081361876,2.5555555555555554,1.7171831436157148,14.208333333333334,2.5872457517039518,15.91304347826087,2.983485507045574,6.782608695652174,7.891056627826042
