Year,Team,Rslt,Rslt_std,Tm,Tm_std,Opp_score,Opp_score_std,OT,OT_std,FG,FG_std,FGA,FGA_std,FG%,FG%_std,3P,3P_std,3PA,3PA_std,3P%,3P%_std,2P,2P_std,2PA,2PA_std,2P%,2P%_std,eFG%,eFG%_std,FT,FT_std,FTA,FTA_std,FT%,FT%_std,ORB,ORB_std,DRB,DRB_std,TRB,TRB_std,AST,AST_std,STL,STL_std,BLK,BLK_std,TOV,TOV_std,PF,PF_std,FG_opp,FG_opp_std,FGA_opp,FGA_opp_std,FG%_opp,FG%_opp_std,3P_opp,3P_opp_std,3PA_opp,3PA_opp_std,3P%_opp,3P%_opp_std,2P_opp,2P_opp_std,2PA_opp,2PA_opp_std,2P%_opp,2P%_opp_std,eFG%_opp,eFG%_opp_std,FT_opp,FT_opp_std,FTA_opp,FTA_opp_std,FT%_opp,FT%_opp_std,ORB_opp,ORB_opp_std,DRB_opp,DRB_opp_std,TRB_opp,TRB_opp_std,AST_opp,AST_opp_std,STL_opp,STL_opp_std,BLK_opp,BLK_opp_std,TOV_opp,TOV_opp_std,PF_opp,PF_opp_std,Spread,Spread_std
2021,colgate,1.0,0.0,85.92307692307692,8.29117541387165,69.0,8.679477710861024,0.0,0.0,32.0,4.6076858867298265,62.07142857142857,5.967402291608143,0.4959230769230769,0.04602800151078605,9.5,3.0571479921904086,23.0,3.1885210782848317,0.4044615384615385,0.10682666285827662,21.857142857142858,3.977961264790775,39.142857142857146,5.432907464377017,0.5493846153846154,0.0549416940364032,0.5682307692307692,0.05952332014450841,13.76923076923077,4.985877491372443,18.923076923076923,7.750930465235969,0.7403846153846154,0.06920565783895907,8.538461538461538,3.356967496004507,28.846153846153847,3.05085107923876,37.46153846153846,4.611857626730337,17.071428571428573,5.441497046759293,7.0,1.9215378456610457,3.7857142857142856,1.847183778644646,9.846153846153847,2.7339273901036534,15.538461538461538,2.665063620734804,26.307692307692307,2.8102376941169758,63.46153846153846,3.3320510354080866,0.4133076923076923,0.03473323244239494,6.0,2.273030282830976,23.46153846153846,4.254710813035841,0.2684615384615384,0.07904388589534232,19.846153846153847,2.939562151243896,39.84615384615385,4.450583367120799,0.5032142857142856,0.06477318838891546,0.46476923076923077,0.04512418761254664,9.928571428571429,2.26899793925681,14.857142857142858,3.23103086329432,0.678923076923077,0.11799608859227888,8.923076923076923,1.9348358440936906,23.153846153846153,3.8045182315713744,32.38461538461539,4.4448183603394025,11.307692307692308,2.7198227694899346,5.0,1.9639610121239315,2.2857142857142856,1.8985245861972935,12.214285714285714,2.006856379383569,17.53846153846154,4.2937043954955065,19.142857142857142,14.02117707588798
