Year,Team,Rslt,Rslt_std,Tm,Tm_std,Opp_score,Opp_score_std,OT,OT_std,FG,FG_std,FGA,FGA_std,FG%,FG%_std,3P,3P_std,3PA,3PA_std,3P%,3P%_std,2P,2P_std,2PA,2PA_std,2P%,2P%_std,eFG%,eFG%_std,FT,FT_std,FTA,FTA_std,FT%,FT%_std,ORB,ORB_std,DRB,DRB_std,TRB,TRB_std,AST,AST_std,STL,STL_std,BLK,BLK_std,TOV,TOV_std,PF,PF_std,FG_opp,FG_opp_std,FGA_opp,FGA_opp_std,FG%_opp,FG%_opp_std,3P_opp,3P_opp_std,3PA_opp,3PA_opp_std,3P%_opp,3P%_opp_std,2P_opp,2P_opp_std,2PA_opp,2PA_opp_std,2P%_opp,2P%_opp_std,eFG%_opp,eFG%_opp_std,FT_opp,FT_opp_std,FTA_opp,FTA_opp_std,FT%_opp,FT%_opp_std,ORB_opp,ORB_opp_std,DRB_opp,DRB_opp_std,TRB_opp,TRB_opp_std,AST_opp,AST_opp_std,STL_opp,STL_opp_std,BLK_opp,BLK_opp_std,TOV_opp,TOV_opp_std,PF_opp,PF_opp_std,Spread,Spread_std
2021,ohio-state,0.7,0.466091599699399,78.28,7.971407236701267,71.56,7.095068710026704,0.0,0.0,26.846153846153847,2.7377700077589817,57.80769230769231,4.381956008626566,0.46304166666666663,0.03533378622898149,7.821428571428571,2.789578109991909,22.08,3.967786956646404,0.35708333333333325,0.06637241220152598,18.56,2.3288051299611423,35.0,3.1622776601683795,0.5283749999999999,0.042146548159239926,0.5334583333333334,0.04208374587256541,16.541666666666668,3.5871651234907502,21.04,5.208006656421758,0.7631666666666664,0.0664894020104719,8.28,2.18936824982307,25.037037037037038,3.867830652977708,33.4,4.143267631552018,13.307692307692308,2.9225910527370162,4.625,1.8371173070873836,3.576923076923077,1.1374735838014673,9.75,1.1515584902738285,18.375,1.8132963018384143,25.166666666666668,2.792329036713862,57.6,3.378855822118882,0.42924999999999996,0.03884556938531813,7.56,2.161789382278795,21.72,4.168532915387219,0.34080000000000005,0.0679129344577796,17.2,2.753785273643051,35.8,3.7859388972001824,0.4789999999999999,0.054705535845779925,0.49632000000000004,0.045329092938935674,13.875,3.3662325735353513,19.24,4.225714929649972,0.7026799999999999,0.08515119885630892,8.25925925925926,2.654351906885002,22.25,3.2066506974804994,30.0,2.9635466413829517,13.75,2.625129396396697,4.481481481481482,1.6726388724769008,2.5416666666666665,1.5316704909195133,9.923076923076923,3.0844523264019097,19.2,3.013856886670854,5.625,6.658192077368333
