Year,Team,Rslt,Rslt_std,Tm,Tm_std,Opp_score,Opp_score_std,OT,OT_std,FG,FG_std,FGA,FGA_std,FG%,FG%_std,3P,3P_std,3PA,3PA_std,3P%,3P%_std,2P,2P_std,2PA,2PA_std,2P%,2P%_std,eFG%,eFG%_std,FT,FT_std,FTA,FTA_std,FT%,FT%_std,ORB,ORB_std,DRB,DRB_std,TRB,TRB_std,AST,AST_std,STL,STL_std,BLK,BLK_std,TOV,TOV_std,PF,PF_std,FG_opp,FG_opp_std,FGA_opp,FGA_opp_std,FG%_opp,FG%_opp_std,3P_opp,3P_opp_std,3PA_opp,3PA_opp_std,3P%_opp,3P%_opp_std,2P_opp,2P_opp_std,2PA_opp,2PA_opp_std,2P%_opp,2P%_opp_std,eFG%_opp,eFG%_opp_std,FT_opp,FT_opp_std,FTA_opp,FTA_opp_std,FT%_opp,FT%_opp_std,ORB_opp,ORB_opp_std,DRB_opp,DRB_opp_std,TRB_opp,TRB_opp_std,AST_opp,AST_opp_std,STL_opp,STL_opp_std,BLK_opp,BLK_opp_std,TOV_opp,TOV_opp_std,PF_opp,PF_opp_std,Spread,Spread_std
2021,drexel,0.631578947368421,0.4955946277833521,72.06666666666666,6.441679757271243,67.06666666666666,7.497301101698117,0.0,0.0,26.25,3.3763886032268267,54.733333333333334,3.104528182847635,0.47879999999999995,0.05554174749038524,7.266666666666667,1.624221425205085,18.352941176470587,2.4223226578685857,0.3803333333333334,0.0952400475990361,18.125,3.2223180062391936,35.06666666666667,3.453086955726647,0.5285333333333333,0.06936432457545828,0.5466666666666666,0.0623431364840322,11.933333333333334,2.433887738538802,15.4,2.746426249302381,0.7705333333333332,0.07510741514340517,7.8125,1.3768926368215255,23.1875,1.905037182489273,31.2,2.4842360136324753,15.941176470588236,3.0097879542273014,4.8125,1.9397164741270823,1.9411764705882353,1.5600716423971577,11.933333333333334,2.491891612715892,15.133333333333333,2.722044049886741,24.823529411764707,2.899036351049411,56.06666666666667,4.14843630896315,0.4351333333333333,0.03779997480472832,6.235294117647059,1.7863864281247313,19.533333333333335,2.6690465570704314,0.3290666666666667,0.09230962391141384,18.294117647058822,2.0544070276588613,36.76470588235294,4.337761689003701,0.49239999999999995,0.04555969396611126,0.4919333333333333,0.047854641014917945,10.375,4.145278438577237,14.533333333333333,5.667787004096883,0.7477333333333332,0.06418997103093582,6.166666666666667,2.5724787771376323,19.8,3.8396428405331062,26.529411764705884,4.063828968147274,9.75,2.594866727470475,6.705882352941177,2.4434787159486615,3.1578947368421053,1.6077298658784152,11.166666666666666,3.899472060797612,15.333333333333334,2.2886885410853175,3.5,8.579044235810887
