Year,Team,Rslt,Rslt_std,Tm,Tm_std,Opp_score,Opp_score_std,OT,OT_std,FG,FG_std,FGA,FGA_std,FG%,FG%_std,3P,3P_std,3PA,3PA_std,3P%,3P%_std,2P,2P_std,2PA,2PA_std,2P%,2P%_std,eFG%,eFG%_std,FT,FT_std,FTA,FTA_std,FT%,FT%_std,ORB,ORB_std,DRB,DRB_std,TRB,TRB_std,AST,AST_std,STL,STL_std,BLK,BLK_std,TOV,TOV_std,PF,PF_std,FG_opp,FG_opp_std,FGA_opp,FGA_opp_std,FG%_opp,FG%_opp_std,3P_opp,3P_opp_std,3PA_opp,3PA_opp_std,3P%_opp,3P%_opp_std,2P_opp,2P_opp_std,2PA_opp,2PA_opp_std,2P%_opp,2P%_opp_std,eFG%_opp,eFG%_opp_std,FT_opp,FT_opp_std,FTA_opp,FTA_opp_std,FT%_opp,FT%_opp_std,ORB_opp,ORB_opp_std,DRB_opp,DRB_opp_std,TRB_opp,TRB_opp_std,AST_opp,AST_opp_std,STL_opp,STL_opp_std,BLK_opp,BLK_opp_std,TOV_opp,TOV_opp_std,PF_opp,PF_opp_std,Spread,Spread_std
2021,wisconsin,0.5862068965517241,0.5012300141587652,69.0,6.529652642856558,65.84,9.040095869698138,0.0,0.0,23.84,2.853068523537421,58.166666666666664,3.619592418403254,0.42156521739130426,0.045137996579133484,8.12,1.3638181696985854,23.375,3.548575954428456,0.36208695652173917,0.07234884747682784,15.73913043478261,2.614946397927044,33.833333333333336,3.6315844747302037,0.46813043478260874,0.061675326102116165,0.49113043478260865,0.052497882509527846,11.434782608695652,4.197684285374948,14.869565217391305,5.233670255931881,0.8070384615384617,0.11483221874342786,6.52,1.9604421270043484,24.125,3.1111650271380586,30.608695652173914,3.394368738135971,13.64,2.690724809414742,6.16,2.560598888281151,3.5,1.606237840420901,8.653846153846153,1.9378814760930594,16.625,2.4283202281484173,23.36,3.41418609139377,55.12,4.648655719667784,0.4263913043478262,0.057144743757675864,6.346153846153846,1.6719403743508965,18.608695652173914,3.627409925387317,0.33552173913043476,0.06908155231004308,17.46153846153846,3.8494754887466867,36.48,4.967561440653419,0.4692608695652175,0.062199252693043855,0.4824347826086957,0.06068459897996925,11.541666666666666,4.085809660239956,15.608695652173912,4.905832618005768,0.7171304347826087,0.09841069063684367,6.541666666666667,2.449119924747888,25.208333333333332,3.562841643928361,31.875,4.533090892920443,12.625,3.2412088458796813,4.269230769230769,1.5114944209673367,3.7083333333333335,1.7062332443303203,11.125,2.5420378678806363,15.48,3.3306655991458123,4.173913043478261,9.437122895117422
