Year,Team,Rslt,Rslt_std,Tm,Tm_std,Opp_score,Opp_score_std,OT,OT_std,FG,FG_std,FGA,FGA_std,FG%,FG%_std,3P,3P_std,3PA,3PA_std,3P%,3P%_std,2P,2P_std,2PA,2PA_std,2P%,2P%_std,eFG%,eFG%_std,FT,FT_std,FTA,FTA_std,FT%,FT%_std,ORB,ORB_std,DRB,DRB_std,TRB,TRB_std,AST,AST_std,STL,STL_std,BLK,BLK_std,TOV,TOV_std,PF,PF_std,FG_opp,FG_opp_std,FGA_opp,FGA_opp_std,FG%_opp,FG%_opp_std,3P_opp,3P_opp_std,3PA_opp,3PA_opp_std,3P%_opp,3P%_opp_std,2P_opp,2P_opp_std,2PA_opp,2PA_opp_std,2P%_opp,2P%_opp_std,eFG%_opp,eFG%_opp_std,FT_opp,FT_opp_std,FTA_opp,FTA_opp_std,FT%_opp,FT%_opp_std,ORB_opp,ORB_opp_std,DRB_opp,DRB_opp_std,TRB_opp,TRB_opp_std,AST_opp,AST_opp_std,STL_opp,STL_opp_std,BLK_opp,BLK_opp_std,TOV_opp,TOV_opp_std,PF_opp,PF_opp_std,Spread,Spread_std
2021,gonzaga,1.0,0.0,92.38095238095238,6.4146409913274995,70.27272727272727,8.886489575175169,0.0,0.0,34.23809523809524,3.0315798175994293,62.714285714285715,4.484895284651105,0.5511428571428573,0.03917178284720482,7.08,2.448128536930472,20.0,3.4641016151377544,0.3648095238095238,0.07928279702912798,27.0,3.8078865529319543,43.34782608695652,5.540008989590457,0.6392380952380952,0.052963104857914785,0.6135238095238096,0.04436735178892139,16.761904761904763,2.84437623926164,22.863636363636363,3.7454156682721518,0.7338095238095238,0.06260001521375137,8.791666666666666,3.934011855010393,27.652173913043477,3.0838095633363776,36.095238095238095,5.309470424672897,19.136363636363637,3.9315022519019314,8.380952380952381,1.8021151593666394,2.9047619047619047,1.2208506012105618,11.695652173913043,2.786897633385972,16.80952380952381,2.400396792595916,25.363636363636363,3.2152235284132793,61.19047619047619,3.94485801543031,0.4233333333333333,0.041504618216932604,6.9523809523809526,2.1325147238926743,20.80952380952381,3.6553939270487334,0.3309047619047619,0.07229585379667687,19.045454545454547,3.2142135634037814,40.76190476190476,4.898007369377488,0.47245454545454546,0.054552488723925575,0.48185714285714293,0.04666292502006891,10.952380952380953,3.2011902548300766,15.0,4.69041575982343,0.7018636363636364,0.10872696053901235,7.0,1.6618979396776332,21.333333333333332,2.1291625896895083,27.82608695652174,3.2842900701402935,11.904761904761905,2.896631870030465,6.2727272727272725,1.7232808737106582,2.8636363636363638,0.9902118361842986,14.904761904761905,1.9210612146613626,20.476190476190474,1.6315344807587615,22.363636363636363,8.38675517334698
