Year,Team,Rslt,Rslt_std,Tm,Tm_std,Opp_score,Opp_score_std,OT,OT_std,FG,FG_std,FGA,FGA_std,FG%,FG%_std,3P,3P_std,3PA,3PA_std,3P%,3P%_std,2P,2P_std,2PA,2PA_std,2P%,2P%_std,eFG%,eFG%_std,FT,FT_std,FTA,FTA_std,FT%,FT%_std,ORB,ORB_std,DRB,DRB_std,TRB,TRB_std,AST,AST_std,STL,STL_std,BLK,BLK_std,TOV,TOV_std,PF,PF_std,FG_opp,FG_opp_std,FGA_opp,FGA_opp_std,FG%_opp,FG%_opp_std,3P_opp,3P_opp_std,3PA_opp,3PA_opp_std,3P%_opp,3P%_opp_std,2P_opp,2P_opp_std,2PA_opp,2PA_opp_std,2P%_opp,2P%_opp_std,eFG%_opp,eFG%_opp_std,FT_opp,FT_opp_std,FTA_opp,FTA_opp_std,FT%_opp,FT%_opp_std,ORB_opp,ORB_opp_std,DRB_opp,DRB_opp_std,TRB_opp,TRB_opp_std,AST_opp,AST_opp_std,STL_opp,STL_opp_std,BLK_opp,BLK_opp_std,TOV_opp,TOV_opp_std,PF_opp,PF_opp_std,Spread,Spread_std
2021,cleveland-state,0.7307692307692307,0.4523443208612048,71.80952380952381,8.292279828967711,70.66666666666667,8.41031113177945,0.11538461538461539,0.32581259360842113,26.38095238095238,3.4274799850063378,57.36363636363637,4.60378161893081,0.4648571428571428,0.05116276547870113,6.16,1.8636880997992487,20.043478260869566,3.3231729206993674,0.3258095238095238,0.06831370217432155,19.043478260869566,3.710896251330976,37.80952380952381,4.578417276953332,0.538,0.07695258280265842,0.520904761904762,0.05421337912536421,12.363636363636363,3.7485928095684193,19.19047619047619,4.388838657538548,0.667952380952381,0.07801697007092509,8.541666666666666,2.5363302258366818,23.571428571428573,3.8284648172789644,32.81818181818182,4.3930287158976435,14.333333333333334,2.9552213679068666,7.0476190476190474,2.376471974928181,2.6363636363636362,1.4653279998642446,12.954545454545455,3.4569085105360324,19.272727272727273,3.8690692640087185,23.40909090909091,3.157139918903258,56.80952380952381,4.331501444292125,0.4280952380952382,0.052611695241557045,6.956521739130435,2.245768968720862,23.714285714285715,3.002380008307695,0.30738095238095237,0.06690999640597524,16.523809523809526,3.310876736138747,32.95238095238095,4.375799246722711,0.5047619047619049,0.0668908848513045,0.498,0.0673216161422169,15.142857142857142,4.607447387499008,20.181818181818183,5.61152185143901,0.7280952380952379,0.0829155623281328,10.363636363636363,2.9527300449947536,22.904761904761905,2.700088181981506,33.04761904761905,3.827220799433846,13.0,2.9277002188455996,6.208333333333333,2.4313025077225525,2.2916666666666665,1.756458063130524,13.227272727272727,2.8272789910984186,16.714285714285715,2.5128242505765725,4.333333333333333,5.650958620741558
