Year,Team,Rslt,Rslt_std,Tm,Tm_std,Opp_score,Opp_score_std,OT,OT_std,FG,FG_std,FGA,FGA_std,FG%,FG%_std,3P,3P_std,3PA,3PA_std,3P%,3P%_std,2P,2P_std,2PA,2PA_std,2P%,2P%_std,eFG%,eFG%_std,FT,FT_std,FTA,FTA_std,FT%,FT%_std,ORB,ORB_std,DRB,DRB_std,TRB,TRB_std,AST,AST_std,STL,STL_std,BLK,BLK_std,TOV,TOV_std,PF,PF_std,FG_opp,FG_opp_std,FGA_opp,FGA_opp_std,FG%_opp,FG%_opp_std,3P_opp,3P_opp_std,3PA_opp,3PA_opp_std,3P%_opp,3P%_opp_std,2P_opp,2P_opp_std,2PA_opp,2PA_opp_std,2P%_opp,2P%_opp_std,eFG%_opp,eFG%_opp_std,FT_opp,FT_opp_std,FTA_opp,FTA_opp_std,FT%_opp,FT%_opp_std,ORB_opp,ORB_opp_std,DRB_opp,DRB_opp_std,TRB_opp,TRB_opp_std,AST_opp,AST_opp_std,STL_opp,STL_opp_std,BLK_opp,BLK_opp_std,TOV_opp,TOV_opp_std,PF_opp,PF_opp_std,Spread,Spread_std
2021,texas-tech,0.6296296296296297,0.49210287762341137,72.22727272727273,8.251590427835387,63.90909090909091,9.734127940049214,0.0,0.0,25.428571428571427,2.7124053637210745,57.23809523809524,5.019011475427824,0.44114285714285717,0.04584134129177038,6.041666666666667,1.6010639578422372,17.681818181818183,2.190593823304836,0.3417142857142857,0.06445707320158343,18.863636363636363,3.384776204819154,39.19047619047619,4.686353034279936,0.4800476190476191,0.048549434796376564,0.4946190476190476,0.05182419916455649,16.52173913043478,4.888479641113485,21.818181818181817,5.233921989668875,0.7126818181818182,0.07971878332980513,10.272727272727273,2.814618610412061,21.956521739130434,2.9920844189227807,32.142857142857146,3.198213787189879,12.217391304347826,3.679877983885415,7.095238095238095,2.0224925687072846,3.772727272727273,1.3777766140664451,10.227272727272727,2.307994763174264,17.238095238095237,3.345216912320663,21.523809523809526,3.1720505610574303,52.904761904761905,3.973723215131647,0.40528571428571425,0.046872318970947936,6.9523809523809526,1.8567765206451334,20.38095238095238,3.169797950598594,0.3384761904761905,0.07866995554061224,13.666666666666666,2.713359327582639,32.095238095238095,3.2848860239704196,0.4433809523809525,0.03984278628619765,0.47431818181818186,0.0616274416022729,12.954545454545455,3.60525110052483,18.227272727272727,5.911504668516083,0.6836666666666666,0.07522388804982985,8.708333333333334,2.7422486277199383,21.08695652173913,2.7783749906974053,30.095238095238095,3.345216912320663,9.619047619047619,2.69214023550391,5.571428571428571,1.6604646509766043,2.782608695652174,1.085295173051194,15.363636363636363,2.8709622502610936,20.142857142857142,2.475595166534995,8.523809523809524,12.49647569364678
