Year,Team,Rslt,Rslt_std,Tm,Tm_std,Opp_score,Opp_score_std,OT,OT_std,FG,FG_std,FGA,FGA_std,FG%,FG%_std,3P,3P_std,3PA,3PA_std,3P%,3P%_std,2P,2P_std,2PA,2PA_std,2P%,2P%_std,eFG%,eFG%_std,FT,FT_std,FTA,FTA_std,FT%,FT%_std,ORB,ORB_std,DRB,DRB_std,TRB,TRB_std,AST,AST_std,STL,STL_std,BLK,BLK_std,TOV,TOV_std,PF,PF_std,FG_opp,FG_opp_std,FGA_opp,FGA_opp_std,FG%_opp,FG%_opp_std,3P_opp,3P_opp_std,3PA_opp,3PA_opp_std,3P%_opp,3P%_opp_std,2P_opp,2P_opp_std,2PA_opp,2PA_opp_std,2P%_opp,2P%_opp_std,eFG%_opp,eFG%_opp_std,FT_opp,FT_opp_std,FTA_opp,FTA_opp_std,FT%_opp,FT%_opp_std,ORB_opp,ORB_opp_std,DRB_opp,DRB_opp_std,TRB_opp,TRB_opp_std,AST_opp,AST_opp_std,STL_opp,STL_opp_std,BLK_opp,BLK_opp_std,TOV_opp,TOV_opp_std,PF_opp,PF_opp_std,Spread,Spread_std
2022,notre-dame,0.6875,0.47092907485988494,72.5,6.249799996799898,66.03846153846153,6.843863056670664,0.0,0.0,25.892857142857142,3.1427669539729046,55.96666666666667,5.524137213540499,0.4654615384615385,0.04905933613022563,9.107142857142858,3.0348504840135804,24.033333333333335,4.139659600642956,0.37315384615384617,0.08588349890762129,16.178571428571427,3.4432281518685497,31.692307692307693,4.823021714811002,0.5327307692307693,0.05636421396049639,0.5479230769230768,0.06278529960232608,10.807692307692308,4.030079212811885,14.23076923076923,4.752327365051295,0.746576923076923,0.08919873231248213,6.25,2.4739382309124798,25.615384615384617,3.262844440998352,31.14814814814815,4.417654300154044,14.23076923076923,2.957129585360673,4.888888888888889,1.1547005383792515,1.5666666666666667,1.5241353305225644,9.321428571428571,2.277971342917518,12.76923076923077,3.350315714170141,25.103448275862068,2.716941920434586,59.19230769230769,4.72456754227712,0.4317307692307692,0.048822583047034865,6.482758620689655,1.9752158951649603,20.807692307692307,3.81595839358063,0.33430769230769236,0.0928675483603478,18.76923076923077,2.657934420676211,37.851851851851855,4.194352464039306,0.4990384615384614,0.06131328128177827,0.4878076923076924,0.05984648309183706,9.214285714285714,3.644957377763735,13.444444444444445,4.758258677397188,0.6995769230769231,0.059018758426061836,6.821428571428571,2.2286613060156126,23.103448275862068,3.488192610038767,30.384615384615383,4.020715588816728,10.931034482758621,2.7507276242940133,6.178571428571429,1.6789231872789978,2.607142857142857,1.0659471779799345,10.068965517241379,2.7636807041485016,14.884615384615385,2.9027838097512264,4.923076923076923,8.250687617032058
