Year,Team,Rslt,Rslt_std,Tm,Tm_std,Opp_score,Opp_score_std,OT,OT_std,FG,FG_std,FGA,FGA_std,FG%,FG%_std,3P,3P_std,3PA,3PA_std,3P%,3P%_std,2P,2P_std,2PA,2PA_std,2P%,2P%_std,eFG%,eFG%_std,FT,FT_std,FTA,FTA_std,FT%,FT%_std,ORB,ORB_std,DRB,DRB_std,TRB,TRB_std,AST,AST_std,STL,STL_std,BLK,BLK_std,TOV,TOV_std,PF,PF_std,FG_opp,FG_opp_std,FGA_opp,FGA_opp_std,FG%_opp,FG%_opp_std,3P_opp,3P_opp_std,3PA_opp,3PA_opp_std,3P%_opp,3P%_opp_std,2P_opp,2P_opp_std,2PA_opp,2PA_opp_std,2P%_opp,2P%_opp_std,eFG%_opp,eFG%_opp_std,FT_opp,FT_opp_std,FTA_opp,FTA_opp_std,FT%_opp,FT%_opp_std,ORB_opp,ORB_opp_std,DRB_opp,DRB_opp_std,TRB_opp,TRB_opp_std,AST_opp,AST_opp_std,STL_opp,STL_opp_std,BLK_opp,BLK_opp_std,TOV_opp,TOV_opp_std,PF_opp,PF_opp_std,Spread,Spread_std
2022,connecticut,0.71875,0.45680340939917435,74.42307692307692,10.26907231223182,63.96153846153846,6.965519473697675,0.125,0.3360107525161235,26.88888888888889,3.6620016944638913,61.42307692307692,3.9209496494913267,0.43859259259259253,0.046891248370982554,7.185185185185185,1.9618875729773226,21.071428571428573,3.8483144114694956,0.34961538461538477,0.07702523063156744,19.23076923076923,2.7757188951000398,39.75,4.711098008367523,0.4803846153846154,0.05686480593342559,0.4946153846153847,0.05702566223943528,13.615384615384615,3.4301827715376696,17.925925925925927,4.75496441728922,0.7443846153846153,0.079643242989259,12.482758620689655,2.5301141935715696,25.307692307692307,3.896349376215955,37.96153846153846,4.634486113741365,13.592592592592593,2.749255273415795,5.357142857142857,2.0943360251505454,6.074074074074074,2.0554978046865497,10.74074074074074,3.157318635909428,16.653846153846153,3.1867514203942258,23.115384615384617,2.775996009751067,56.80769230769231,4.833377541796054,0.40322222222222226,0.048981419815880056,6.071428571428571,1.9037695827853287,18.346153846153847,4.009412003696379,0.3453846153846154,0.057738775132887554,16.53846153846154,2.6567765315249114,39.30769230769231,4.154700766786756,0.42938461538461536,0.062152121072785234,0.4571153846153846,0.05387194217629576,11.481481481481481,4.079690508344308,17.37037037037037,5.610074373208832,0.6781923076923076,0.09613241668896885,8.153846153846153,1.8042684432712932,21.444444444444443,3.6197464141240756,28.77777777777778,4.627121827903001,9.962962962962964,2.638202789801034,5.866666666666666,2.2853858548934634,2.966666666666667,2.0254132542705237,10.428571428571429,2.3637473611411157,16.73076923076923,2.735802511990839,7.37037037037037,8.996358870925112
