Year,Team,Rslt,Rslt_std,Tm,Tm_std,Opp_score,Opp_score_std,OT,OT_std,FG,FG_std,FGA,FGA_std,FG%,FG%_std,3P,3P_std,3PA,3PA_std,3P%,3P%_std,2P,2P_std,2PA,2PA_std,2P%,2P%_std,eFG%,eFG%_std,FT,FT_std,FTA,FTA_std,FT%,FT%_std,ORB,ORB_std,DRB,DRB_std,TRB,TRB_std,AST,AST_std,STL,STL_std,BLK,BLK_std,TOV,TOV_std,PF,PF_std,FG_opp,FG_opp_std,FGA_opp,FGA_opp_std,FG%_opp,FG%_opp_std,3P_opp,3P_opp_std,3PA_opp,3PA_opp_std,3P%_opp,3P%_opp_std,2P_opp,2P_opp_std,2PA_opp,2PA_opp_std,2P%_opp,2P%_opp_std,eFG%_opp,eFG%_opp_std,FT_opp,FT_opp_std,FTA_opp,FTA_opp_std,FT%_opp,FT%_opp_std,ORB_opp,ORB_opp_std,DRB_opp,DRB_opp_std,TRB_opp,TRB_opp_std,AST_opp,AST_opp_std,STL_opp,STL_opp_std,BLK_opp,BLK_opp_std,TOV_opp,TOV_opp_std,PF_opp,PF_opp_std,Spread,Spread_std
2022,delaware,0.6470588235294118,0.48507125007266594,73.89655172413794,6.8626568552784635,69.39285714285714,7.875603613383058,0.0,0.0,25.928571428571427,2.7612204954220196,55.5,4.176654695380556,0.46760714285714283,0.04392699270187625,7.344827586206897,1.8376200071397772,21.107142857142858,4.871225305694243,0.35810714285714296,0.051455366696825336,18.620689655172413,2.351500935625224,34.0,4.28452364413395,0.5426071428571427,0.0531917142570952,0.5384285714285715,0.054558448828979166,13.379310344827585,4.609104290915103,18.392857142857142,5.465984277967156,0.7428928571428572,0.07276717782978924,7.6,2.485821865063462,22.655172413793103,3.287159673519348,30.03448275862069,3.438051344051594,12.709677419354838,4.018237991849137,6.464285714285714,1.7946864547601264,3.3333333333333335,1.397863723152492,12.10344827586207,2.8578816778742024,15.8,3.0670664407091244,24.964285714285715,3.1444500532789728,58.285714285714285,4.223892735530797,0.42524999999999996,0.04753916514014757,7.0344827586206895,2.026304846277889,20.29032258064516,3.8746487874136992,0.3466785714285714,0.083657172357022,17.366666666666667,2.797576948291002,38.03448275862069,4.887906056356193,0.4734642857142857,0.06476023136260065,0.4863214285714285,0.06062761476388192,12.607142857142858,3.1191082024892918,16.928571428571427,4.634241089562614,0.7696428571428572,0.04999052820337978,8.931034482758621,2.814897035452104,21.551724137931036,2.8483855940884895,30.93103448275862,3.239610145005972,11.321428571428571,3.00682644843451,6.258064516129032,2.5815724140593574,2.4375,1.4577379737113252,11.466666666666667,2.515240899319426,17.333333333333332,3.0998702234607904,3.5714285714285716,7.554388331875922
