Year,Team,Rslt,Rslt_std,Tm,Tm_std,Opp_score,Opp_score_std,OT,OT_std,FG,FG_std,FGA,FGA_std,FG%,FG%_std,3P,3P_std,3PA,3PA_std,3P%,3P%_std,2P,2P_std,2PA,2PA_std,2P%,2P%_std,eFG%,eFG%_std,FT,FT_std,FTA,FTA_std,FT%,FT%_std,ORB,ORB_std,DRB,DRB_std,TRB,TRB_std,AST,AST_std,STL,STL_std,BLK,BLK_std,TOV,TOV_std,PF,PF_std,FG_opp,FG_opp_std,FGA_opp,FGA_opp_std,FG%_opp,FG%_opp_std,3P_opp,3P_opp_std,3PA_opp,3PA_opp_std,3P%_opp,3P%_opp_std,2P_opp,2P_opp_std,2PA_opp,2PA_opp_std,2P%_opp,2P%_opp_std,eFG%_opp,eFG%_opp_std,FT_opp,FT_opp_std,FTA_opp,FTA_opp_std,FT%_opp,FT%_opp_std,ORB_opp,ORB_opp_std,DRB_opp,DRB_opp_std,TRB_opp,TRB_opp_std,AST_opp,AST_opp_std,STL_opp,STL_opp_std,BLK_opp,BLK_opp_std,TOV_opp,TOV_opp_std,PF_opp,PF_opp_std,Spread,Spread_std
2022,davidson,0.8181818181818182,0.39167472590032015,75.35714285714286,6.418805044637062,66.11111111111111,5.846322534678289,0.0,0.0,26.107142857142858,3.0832797078133787,55.42857142857143,4.787549991450212,0.48177777777777775,0.04173020796030446,8.925925925925926,2.4167035069399474,23.178571428571427,3.4539678892390095,0.38711111111111113,0.0763027035176511,17.428571428571427,2.5302403842552987,32.51851851851852,3.9161438094357996,0.544,0.0564364857435057,0.5611481481481482,0.058400279045502775,12.857142857142858,3.9880774697543058,17.51851851851852,5.116867809738316,0.7710370370370371,0.0896267823474664,6.5,2.2856373139749193,25.25925925925926,3.1205595232092174,31.107142857142858,3.975287417647943,14.74074074074074,3.369462324062454,4.827586206896552,1.7741993268039324,2.5483870967741935,1.206612604979172,9.379310344827585,2.717848323102149,14.724137931034482,3.293896430457594,23.357142857142858,2.2805828643261794,55.111111111111114,4.299672020884789,0.42137037037037034,0.03974258338951979,8.178571428571429,2.1266139218219116,24.37037037037037,4.947012681703421,0.3466296296296297,0.06055712379369781,15.137931034482758,2.850114508113596,32.10344827586207,5.569975811605641,0.49039285714285713,0.06025645149766079,0.4954814814814816,0.04498578439597112,11.222222222222221,3.3550574147710583,15.333333333333334,4.45490222632931,0.7446666666666666,0.060581794675907755,6.178571428571429,2.404526155346627,22.535714285714285,3.0487659052432257,29.413793103448278,4.187713673689724,11.785714285714286,2.46992491799429,4.620689655172414,1.6347519056735944,2.15625,1.4834435744947219,10.25,2.029869545160568,18.24137931034483,3.602134014459773,9.555555555555555,7.787234787845146
