Year,Team,Rslt,Rslt_std,Tm,Tm_std,Opp_score,Opp_score_std,OT,OT_std,FG,FG_std,FGA,FGA_std,FG%,FG%_std,3P,3P_std,3PA,3PA_std,3P%,3P%_std,2P,2P_std,2PA,2PA_std,2P%,2P%_std,eFG%,eFG%_std,FT,FT_std,FTA,FTA_std,FT%,FT%_std,ORB,ORB_std,DRB,DRB_std,TRB,TRB_std,AST,AST_std,STL,STL_std,BLK,BLK_std,TOV,TOV_std,PF,PF_std,FG_opp,FG_opp_std,FGA_opp,FGA_opp_std,FG%_opp,FG%_opp_std,3P_opp,3P_opp_std,3PA_opp,3PA_opp_std,3P%_opp,3P%_opp_std,2P_opp,2P_opp_std,2PA_opp,2PA_opp_std,2P%_opp,2P%_opp_std,eFG%_opp,eFG%_opp_std,FT_opp,FT_opp_std,FTA_opp,FTA_opp_std,FT%_opp,FT%_opp_std,ORB_opp,ORB_opp_std,DRB_opp,DRB_opp_std,TRB_opp,TRB_opp_std,AST_opp,AST_opp_std,STL_opp,STL_opp_std,BLK_opp,BLK_opp_std,TOV_opp,TOV_opp_std,PF_opp,PF_opp_std,Spread,Spread_std
2022,villanova,0.7878787878787878,0.41514875026728054,73.07407407407408,6.372572997595761,63.074074074074076,9.879761465222051,0.0,0.0,25.0,3.0961600243772485,55.464285714285715,3.6966665951021214,0.4378214285714286,0.05977925663480205,9.428571428571429,2.2513958045583786,25.25,3.395258131243894,0.3616296296296297,0.0819315606270296,15.37037037037037,2.3558135643249765,29.785714285714285,4.067551295924066,0.5087407407407407,0.06169502697362529,0.5240000000000001,0.06940959809487669,14.321428571428571,4.530175137065538,17.464285714285715,4.614647716237237,0.8115714285714287,0.09914464874949819,8.678571428571429,2.495233551431704,22.448275862068964,4.322583609837918,31.48148148148148,5.1018124258433915,11.607142857142858,2.7262684538650412,6.137931034482759,1.6844697752246314,1.967741935483871,1.2775985537390566,8.931034482758621,2.8527059144753704,15.172413793103448,3.2630941223371916,22.933333333333334,4.10998224120111,55.25925925925926,2.753914592728973,0.4055185185185185,0.05667136732640103,7.185185185185185,2.2538349717253214,23.925925925925927,2.94730549597589,0.31000000000000005,0.07945729380278149,15.25925925925926,3.007587745284258,31.85185185185185,4.1016291669727805,0.48351851851851846,0.08082810362851732,0.4709259259259259,0.07122117550599569,10.11111111111111,3.5337203464874647,13.214285714285714,3.966126413789496,0.7510370370370368,0.10891756991889344,8.035714285714286,2.4264307403192324,21.14814814814815,2.9704144194643654,29.321428571428573,4.643223428774864,11.444444444444445,3.092588327615327,4.379310344827586,1.8596042801676205,3.107142857142857,1.227441956515157,11.666666666666666,2.2870874995874626,16.928571428571427,2.463490017999478,9.333333333333334,9.5232508993677
