Year,Team,Rslt,Rslt_std,Tm,Tm_std,Opp_score,Opp_score_std,OT,OT_std,FG,FG_std,FGA,FGA_std,FG%,FG%_std,3P,3P_std,3PA,3PA_std,3P%,3P%_std,2P,2P_std,2PA,2PA_std,2P%,2P%_std,eFG%,eFG%_std,FT,FT_std,FTA,FTA_std,FT%,FT%_std,ORB,ORB_std,DRB,DRB_std,TRB,TRB_std,AST,AST_std,STL,STL_std,BLK,BLK_std,TOV,TOV_std,PF,PF_std,FG_opp,FG_opp_std,FGA_opp,FGA_opp_std,FG%_opp,FG%_opp_std,3P_opp,3P_opp_std,3PA_opp,3PA_opp_std,3P%_opp,3P%_opp_std,2P_opp,2P_opp_std,2PA_opp,2PA_opp_std,2P%_opp,2P%_opp_std,eFG%_opp,eFG%_opp_std,FT_opp,FT_opp_std,FTA_opp,FTA_opp_std,FT%_opp,FT%_opp_std,ORB_opp,ORB_opp_std,DRB_opp,DRB_opp_std,TRB_opp,TRB_opp_std,AST_opp,AST_opp_std,STL_opp,STL_opp_std,BLK_opp,BLK_opp_std,TOV_opp,TOV_opp_std,PF_opp,PF_opp_std,Spread,Spread_std
2022,new-mexico-state,0.8125,0.39655776945626603,73.15384615384616,6.62535920651738,64.23076923076923,5.494052728598023,0.0,0.0,25.357142857142858,3.4876956811082533,56.11538461538461,5.085877883527469,0.462423076923077,0.04408189930293211,7.8076923076923075,2.433421143480606,23.48148148148148,4.838709064730531,0.32457692307692315,0.08508780080689503,17.892857142857142,3.5207247329921496,31.74074074074074,5.252051559538005,0.5553846153846154,0.07240501470095945,0.5294230769230768,0.05771320339535699,13.692307692307692,4.584925131508525,19.423076923076923,6.255705088464941,0.7115384615384615,0.09481612975405852,10.0,2.729152956884052,25.444444444444443,3.8563966175427122,35.92307692307692,4.270110789411225,13.555555555555555,2.722178614686481,4.846153846153846,1.8263035386771325,4.230769230769231,1.5312136965869212,12.689655172413794,2.522802413924728,14.89655172413793,3.394794624402472,22.73076923076923,2.8221650172545516,58.19230769230769,3.7525376029479656,0.38676923076923087,0.043457848720163485,7.296296296296297,1.7718919661201524,25.555555555555557,4.42313266408578,0.30169230769230776,0.06304269615476117,15.038461538461538,2.5997041251768516,33.17857142857143,5.31283262264025,0.4541153846153846,0.05570588975903854,0.4503846153846155,0.04754625278448507,10.923076923076923,3.5204894764572376,15.153846153846153,4.7471448909196585,0.7413333333333333,0.07730210465838161,7.5,1.8814887722226779,19.77777777777778,2.9132764179149713,27.535714285714285,4.203016049855617,10.62962962962963,3.4768260077718995,6.551724137931035,2.164423494614538,1.7333333333333334,1.4840144374549435,11.555555555555555,2.531848417709167,18.333333333333332,3.246299668616799,9.192307692307692,6.203348971445864
