Year,Team,Rslt,Rslt_std,Tm,Tm_std,Opp_score,Opp_score_std,OT,OT_std,FG,FG_std,FGA,FGA_std,FG%,FG%_std,3P,3P_std,3PA,3PA_std,3P%,3P%_std,2P,2P_std,2PA,2PA_std,2P%,2P%_std,eFG%,eFG%_std,FT,FT_std,FTA,FTA_std,FT%,FT%_std,ORB,ORB_std,DRB,DRB_std,TRB,TRB_std,AST,AST_std,STL,STL_std,BLK,BLK_std,TOV,TOV_std,PF,PF_std,FG_opp,FG_opp_std,FGA_opp,FGA_opp_std,FG%_opp,FG%_opp_std,3P_opp,3P_opp_std,3PA_opp,3PA_opp_std,3P%_opp,3P%_opp_std,2P_opp,2P_opp_std,2PA_opp,2PA_opp_std,2P%_opp,2P%_opp_std,eFG%_opp,eFG%_opp_std,FT_opp,FT_opp_std,FTA_opp,FTA_opp_std,FT%_opp,FT%_opp_std,ORB_opp,ORB_opp_std,DRB_opp,DRB_opp_std,TRB_opp,TRB_opp_std,AST_opp,AST_opp_std,STL_opp,STL_opp_std,BLK_opp,BLK_opp_std,TOV_opp,TOV_opp_std,PF_opp,PF_opp_std,Spread,Spread_std
2022,kentucky,0.7878787878787878,0.41514875026728054,79.0,8.56199114153316,66.10344827586206,7.659470457200619,0.0,0.0,30.413793103448278,4.982234448369744,62.266666666666666,5.21888700866338,0.4806428571428572,0.06323630830330537,6.214285714285714,1.8926200310708385,17.178571428571427,3.5906624935876588,0.35466666666666674,0.08630446997961079,24.48148148148148,3.0805889842737035,44.642857142857146,4.707868006223323,0.5421851851851852,0.06818472479343665,0.5328148148148147,0.06435421033207063,11.620689655172415,3.8397711343948635,16.620689655172413,5.2468616000659205,0.7321111111111109,0.06862402210783342,11.071428571428571,3.1260976908098654,25.48148148148148,4.0131550064024575,37.03703703703704,4.694362260950579,16.11111111111111,3.662001694463891,6.857142857142857,1.7151673218082666,3.8214285714285716,1.7438478405541267,11.333333333333334,3.2412570287523916,14.827586206896552,3.2521307906975325,24.37037037037037,2.255730278273333,59.03703703703704,4.371951522370773,0.4102857142857145,0.04958184938422313,6.607142857142857,2.0428608428574924,21.321428571428573,4.190408549237629,0.3121481481481482,0.0914943057091969,17.24137931034483,3.0077895587219277,37.62068965517241,4.562375580326612,0.47070370370370385,0.06421407395148897,0.46929629629629627,0.05490258142649987,10.333333333333334,4.260733053577301,14.74074074074074,5.613120567663098,0.6999285714285713,0.11659995825278097,6.689655172413793,2.156442975229978,19.74074074074074,4.165726389631987,27.074074074074073,4.31389459881516,11.133333333333333,2.445732854463524,5.785714285714286,1.8126539343499315,2.5,1.8146910062806456,11.285714285714286,2.290999181291266,15.703703703703704,3.0985705738516915,13.148148148148149,11.213671956430629
