Year,Team,Rslt,Rslt_std,Tm,Tm_std,Opp_score,Opp_score_std,OT,OT_std,FG,FG_std,FGA,FGA_std,FG%,FG%_std,3P,3P_std,3PA,3PA_std,3P%,3P%_std,2P,2P_std,2PA,2PA_std,2P%,2P%_std,eFG%,eFG%_std,FT,FT_std,FTA,FTA_std,FT%,FT%_std,ORB,ORB_std,DRB,DRB_std,TRB,TRB_std,AST,AST_std,STL,STL_std,BLK,BLK_std,TOV,TOV_std,PF,PF_std,FG_opp,FG_opp_std,FGA_opp,FGA_opp_std,FG%_opp,FG%_opp_std,3P_opp,3P_opp_std,3PA_opp,3PA_opp_std,3P%_opp,3P%_opp_std,2P_opp,2P_opp_std,2PA_opp,2PA_opp_std,2P%_opp,2P%_opp_std,eFG%_opp,eFG%_opp_std,FT_opp,FT_opp_std,FTA_opp,FTA_opp_std,FT%_opp,FT%_opp_std,ORB_opp,ORB_opp_std,DRB_opp,DRB_opp_std,TRB_opp,TRB_opp_std,AST_opp,AST_opp_std,STL_opp,STL_opp_std,BLK_opp,BLK_opp_std,TOV_opp,TOV_opp_std,PF_opp,PF_opp_std,Spread,Spread_std
2022,texas-christian,0.625,0.4918693768379647,68.03846153846153,5.909184507058613,64.55555555555556,7.531131967901553,0.0,0.0,25.448275862068964,2.9104026095634423,56.5,5.392038026022635,0.44149999999999995,0.03899461501284504,5.222222222222222,1.4500221041639683,18.142857142857142,3.341260415475149,0.2983076923076923,0.06471894265562084,20.142857142857142,3.2054847176569528,38.84615384615385,4.360663322865527,0.506076923076923,0.045290107597066344,0.491,0.04678461285508304,11.76923076923077,3.6694162185033443,17.653846153846153,5.230237529537699,0.6691153846153846,0.0839677685415431,11.62962962962963,3.306731457870889,24.307692307692307,3.414899480444257,35.96296296296296,6.266402976812636,13.666666666666666,2.2188007849009166,5.821428571428571,1.9446711885935968,4.214285714285714,1.5952973218098077,13.851851851851851,2.6121565464883267,15.074074074074074,3.0875173736780064,24.20689655172414,3.2555371549849776,56.892857142857146,3.900040699828331,0.4195,0.04905364410520385,6.0,1.5748015748023623,19.884615384615383,3.625762519271477,0.3108076923076923,0.07842296563164095,17.846153846153847,2.852259563115639,36.724137931034484,5.768736874147816,0.4841851851851852,0.06145982867947599,0.47292307692307706,0.05192373105001072,10.571428571428571,4.693798678229184,14.807692307692308,5.223173217646382,0.7076153846153848,0.1215661390101954,7.666666666666667,2.71746488194703,20.14814814814815,3.0971910810591896,28.444444444444443,3.6724895489544265,12.892857142857142,2.2987804450167775,6.925925925925926,1.73040515322337,3.193548387096774,2.212379636480588,11.185185185185185,2.60232199623332,15.535714285714286,2.301080951416865,2.111111111111111,9.254243655806002
