Year,Team,Rslt,Rslt_std,Tm,Tm_std,Opp_score,Opp_score_std,OT,OT_std,FG,FG_std,FGA,FGA_std,FG%,FG%_std,3P,3P_std,3PA,3PA_std,3P%,3P%_std,2P,2P_std,2PA,2PA_std,2P%,2P%_std,eFG%,eFG%_std,FT,FT_std,FTA,FTA_std,FT%,FT%_std,ORB,ORB_std,DRB,DRB_std,TRB,TRB_std,AST,AST_std,STL,STL_std,BLK,BLK_std,TOV,TOV_std,PF,PF_std,FG_opp,FG_opp_std,FGA_opp,FGA_opp_std,FG%_opp,FG%_opp_std,3P_opp,3P_opp_std,3PA_opp,3PA_opp_std,3P%_opp,3P%_opp_std,2P_opp,2P_opp_std,2PA_opp,2PA_opp_std,2P%_opp,2P%_opp_std,eFG%_opp,eFG%_opp_std,FT_opp,FT_opp_std,FTA_opp,FTA_opp_std,FT%_opp,FT%_opp_std,ORB_opp,ORB_opp_std,DRB_opp,DRB_opp_std,TRB_opp,TRB_opp_std,AST_opp,AST_opp_std,STL_opp,STL_opp_std,BLK_opp,BLK_opp_std,TOV_opp,TOV_opp_std,PF_opp,PF_opp_std,Spread,Spread_std
2022,loyola-il,0.78125,0.42001344064515445,73.11111111111111,9.200055741191226,61.46153846153846,9.794818096241581,0.0,0.0,26.40740740740741,3.6083158148841434,54.48148148148148,4.619110556826102,0.4819615384615385,0.052482744416983966,8.214285714285714,2.393774995725106,22.22222222222222,3.651483716701107,0.37899999999999995,0.07842295582289666,17.185185185185187,2.974727357087175,31.23076923076923,3.6803009910352964,0.5615769230769232,0.06548109533410269,0.5653461538461539,0.0670324949902313,12.384615384615385,3.1758705650819348,17.115384615384617,4.264522698515491,0.7176153846153844,0.08097064995321548,6.821428571428571,2.495233551431704,24.14814814814815,2.9444041280903797,30.923076923076923,2.9109871442255035,14.777777777777779,3.6829475375170038,6.655172413793103,2.608719747157947,2.357142857142857,1.3934844605516568,11.703703703703704,2.4622506092349865,17.074074074074073,2.7585660422920113,22.307692307692307,3.792299890770568,53.5,3.5329140212410324,0.41250000000000003,0.0650453687821047,6.357142857142857,2.0405933362679503,20.448275862068964,3.747248580116118,0.31965384615384623,0.08608179473393537,15.571428571428571,3.9198315480488914,33.25925925925926,3.8887667868499296,0.45884615384615396,0.08384637967506638,0.47480769230769226,0.07587938810020503,9.923076923076923,3.509109025642571,13.703703703703704,4.597782197929905,0.7170384615384614,0.10602470684485979,6.9655172413793105,2.679055785435949,20.96551724137931,3.2236044446804493,27.73076923076923,4.015546710550804,9.307692307692308,2.557643145854883,5.607142857142857,1.832611690584126,3.3846153846153846,1.9199358963657736,11.892857142857142,3.0712439959305877,16.96153846153846,2.690438911862066,10.26923076923077,10.656669995107075
