Year,Team,Rslt,Rslt_std,Tm,Tm_std,Opp_score,Opp_score_std,OT,OT_std,FG,FG_std,FGA,FGA_std,FG%,FG%_std,3P,3P_std,3PA,3PA_std,3P%,3P%_std,2P,2P_std,2PA,2PA_std,2P%,2P%_std,eFG%,eFG%_std,FT,FT_std,FTA,FTA_std,FT%,FT%_std,ORB,ORB_std,DRB,DRB_std,TRB,TRB_std,AST,AST_std,STL,STL_std,BLK,BLK_std,TOV,TOV_std,PF,PF_std,FG_opp,FG_opp_std,FGA_opp,FGA_opp_std,FG%_opp,FG%_opp_std,3P_opp,3P_opp_std,3PA_opp,3PA_opp_std,3P%_opp,3P%_opp_std,2P_opp,2P_opp_std,2PA_opp,2PA_opp_std,2P%_opp,2P%_opp_std,eFG%_opp,eFG%_opp_std,FT_opp,FT_opp_std,FTA_opp,FTA_opp_std,FT%_opp,FT%_opp_std,ORB_opp,ORB_opp_std,DRB_opp,DRB_opp_std,TRB_opp,TRB_opp_std,AST_opp,AST_opp_std,STL_opp,STL_opp_std,BLK_opp,BLK_opp_std,TOV_opp,TOV_opp_std,PF_opp,PF_opp_std,Spread,Spread_std
2022,tennessee,0.7878787878787878,0.41514875026728054,74.07142857142857,8.725987459471687,62.18518518518518,7.269731965416803,0.0,0.0,25.103448275862068,4.450881354022617,59.74074074074074,4.579155049641907,0.43170370370370387,0.0545814950430968,8.275862068965518,2.388911164468896,23.85185185185185,3.8600887166339715,0.366962962962963,0.0843584301024191,16.5,3.2603112780269354,35.44444444444444,4.126213885105936,0.4777407407407408,0.0682729773058084,0.501107142857143,0.06863394003601808,12.37037037037037,5.085031942628271,17.37037037037037,6.215044700304304,0.7142962962962963,0.1149751862242173,9.689655172413794,2.791613054897806,23.517241379310345,3.924471662849958,33.93333333333333,4.989183703070925,15.607142857142858,4.483213841565707,9.206896551724139,2.7305063678062615,4.689655172413793,1.872802488935119,11.703703703703704,2.8931592369536747,16.785714285714285,2.60138343332846,21.655172413793103,3.1427451838544584,55.111111111111114,4.551697344721936,0.39377777777777784,0.04662479806789296,6.724137931034483,2.0159462812453595,21.0,3.5901098714230026,0.3111111111111111,0.0691883345732909,15.0,2.935197542821371,33.0,4.640954808922571,0.45214814814814813,0.07021489196837843,0.45659259259259266,0.05886376661362251,12.642857142857142,4.270608298368657,17.857142857142858,4.866470968015702,0.6964814814814815,0.10985807990674933,7.482758620689655,2.3086899447703546,22.14814814814815,2.957437868567782,29.75,4.559280320076518,10.793103448275861,2.335736505822209,6.4,2.1908902300206643,2.896551724137931,1.6549671465493312,15.321428571428571,3.243838277794806,16.857142857142858,3.285369202030541,10.222222222222221,9.676829317551574
