Year,Team,Rslt,Rslt_std,Tm,Tm_std,Opp_score,Opp_score_std,OT,OT_std,FG,FG_std,FGA,FGA_std,FG%,FG%_std,3P,3P_std,3PA,3PA_std,3P%,3P%_std,2P,2P_std,2PA,2PA_std,2P%,2P%_std,eFG%,eFG%_std,FT,FT_std,FTA,FTA_std,FT%,FT%_std,ORB,ORB_std,DRB,DRB_std,TRB,TRB_std,AST,AST_std,STL,STL_std,BLK,BLK_std,TOV,TOV_std,PF,PF_std,FG_opp,FG_opp_std,FGA_opp,FGA_opp_std,FG%_opp,FG%_opp_std,3P_opp,3P_opp_std,3PA_opp,3PA_opp_std,3P%_opp,3P%_opp_std,2P_opp,2P_opp_std,2PA_opp,2PA_opp_std,2P%_opp,2P%_opp_std,eFG%_opp,eFG%_opp_std,FT_opp,FT_opp_std,FTA_opp,FTA_opp_std,FT%_opp,FT%_opp_std,ORB_opp,ORB_opp_std,DRB_opp,DRB_opp_std,TRB_opp,TRB_opp_std,AST_opp,AST_opp_std,STL_opp,STL_opp_std,BLK_opp,BLK_opp_std,TOV_opp,TOV_opp_std,PF_opp,PF_opp_std,Spread,Spread_std
2022,richmond,0.6571428571428571,0.4815939919779354,72.58064516129032,7.44210630376637,68.03448275862068,8.028888726791033,0.0,0.0,25.133333333333333,3.4112727257132933,57.29032258064516,5.119853828558629,0.443103448275862,0.05578296259841493,7.84375,2.6409843594949165,23.96551724137931,4.411695160274803,0.33282758620689656,0.0706227750423318,16.903225806451612,3.2285687098122127,33.206896551724135,4.3373733850999505,0.5268275862068967,0.08387834258424401,0.5132413793103447,0.06285564821330913,12.551724137931034,3.1913522312711593,17.379310344827587,3.639209030068487,0.7219999999999999,0.0797612817660644,6.258064516129032,2.323327239621141,23.96551724137931,3.212506349306562,30.193548387096776,3.3706513202318393,14.379310344827585,2.920540472283564,7.966666666666667,2.2664469129444447,2.3,1.0221680811915899,9.379310344827585,1.6347519056735942,13.548387096774194,2.8265256609180036,25.741935483870968,2.7564196818274227,57.58620689655172,3.3329227990213717,0.44296551724137934,0.04283313366894229,6.833333333333333,2.3792686986193647,20.586206896551722,3.3221899122127083,0.3389310344827587,0.07374324716516797,18.636363636363637,3.2095383412005476,37.1,4.4439032237515,0.5039666666666667,0.06367020812200043,0.5045172413793104,0.050147369030584796,9.551724137931034,3.7377056264175876,13.172413793103448,4.158201581704363,0.7192413793103449,0.10669906117287263,8.333333333333334,2.8136571693556887,24.82758620689655,3.6161242622181775,33.15625,5.5770808354515795,12.419354838709678,2.7052318883771265,5.354838709677419,1.5821585908029614,2.71875,1.1976960409267507,12.0,3.1847852585154217,15.580645161290322,3.528684302006317,3.433333333333333,7.398431023480276
