Year,Team,Rslt,Rslt_std,Tm,Tm_std,Opp_score,Opp_score_std,OT,OT_std,FG,FG_std,FGA,FGA_std,FG%,FG%_std,3P,3P_std,3PA,3PA_std,3P%,3P%_std,2P,2P_std,2PA,2PA_std,2P%,2P%_std,eFG%,eFG%_std,FT,FT_std,FTA,FTA_std,FT%,FT%_std,ORB,ORB_std,DRB,DRB_std,TRB,TRB_std,AST,AST_std,STL,STL_std,BLK,BLK_std,TOV,TOV_std,PF,PF_std,FG_opp,FG_opp_std,FGA_opp,FGA_opp_std,FG%_opp,FG%_opp_std,3P_opp,3P_opp_std,3PA_opp,3PA_opp_std,3P%_opp,3P%_opp_std,2P_opp,2P_opp_std,2PA_opp,2PA_opp_std,2P%_opp,2P%_opp_std,eFG%_opp,eFG%_opp_std,FT_opp,FT_opp_std,FTA_opp,FTA_opp_std,FT%_opp,FT%_opp_std,ORB_opp,ORB_opp_std,DRB_opp,DRB_opp_std,TRB_opp,TRB_opp_std,AST_opp,AST_opp_std,STL_opp,STL_opp_std,BLK_opp,BLK_opp_std,TOV_opp,TOV_opp_std,PF_opp,PF_opp_std,Spread,Spread_std
2022,jacksonville-state,0.6774193548387096,0.47519096331149147,71.65384615384616,9.129917010322965,67.1923076923077,7.127519797344549,0.0,0.0,24.785714285714285,3.8524368705106435,54.88,5.174617538201898,0.46840000000000004,0.05928954376616505,9.12,2.818391976523729,24.40740740740741,4.106835383369641,0.38,0.08580306909817775,16.48,3.043024810940588,30.96153846153846,5.087087726633141,0.52556,0.0645258862782992,0.55088,0.07314387648099235,11.307692307692308,4.106280368111566,18.11111111111111,5.093988412699616,0.6771923076923078,0.11141993330845937,7.851851851851852,2.0884978721136784,25.52,2.694438717061496,33.8,2.598076211353316,14.04,3.481857741685225,6.074074074074074,2.3192493136610772,3.1379310344827585,1.5520525104112592,12.48,3.0155154341063044,14.333333333333334,3.1865100272627656,24.444444444444443,2.9132764179149713,58.80769230769231,3.9498782843954143,0.4086800000000001,0.04480766303509553,8.5,2.9122983160180347,26.666666666666668,5.4065487356324855,0.32744000000000006,0.06710072031406716,14.73076923076923,2.5386247033808256,32.6,4.041451884327381,0.47096000000000005,0.05427513242729122,0.48416,0.05029718348642067,9.23076923076923,3.037205193037735,11.923076923076923,3.751512515485741,0.7989285714285713,0.11740620482417839,8.08,1.9131126469708992,20.8,3.523729085310996,28.92,3.9042711654460343,12.25925925925926,3.6331020078481417,6.4,2.041241452319315,2.0689655172413794,2.1701058973956386,10.535714285714286,2.9749838823982055,15.285714285714286,2.7736477233278367,5.0,8.565045242145542
