Year,Team,Rslt,Rslt_std,Tm,Tm_std,Opp_score,Opp_score_std,OT,OT_std,FG,FG_std,FGA,FGA_std,FG%,FG%_std,3P,3P_std,3PA,3PA_std,3P%,3P%_std,2P,2P_std,2PA,2PA_std,2P%,2P%_std,eFG%,eFG%_std,FT,FT_std,FTA,FTA_std,FT%,FT%_std,ORB,ORB_std,DRB,DRB_std,TRB,TRB_std,AST,AST_std,STL,STL_std,BLK,BLK_std,TOV,TOV_std,PF,PF_std,FG_opp,FG_opp_std,FGA_opp,FGA_opp_std,FG%_opp,FG%_opp_std,3P_opp,3P_opp_std,3PA_opp,3PA_opp_std,3P%_opp,3P%_opp_std,2P_opp,2P_opp_std,2PA_opp,2PA_opp_std,2P%_opp,2P%_opp_std,eFG%_opp,eFG%_opp_std,FT_opp,FT_opp_std,FTA_opp,FTA_opp_std,FT%_opp,FT%_opp_std,ORB_opp,ORB_opp_std,DRB_opp,DRB_opp_std,TRB_opp,TRB_opp_std,AST_opp,AST_opp_std,STL_opp,STL_opp_std,BLK_opp,BLK_opp_std,TOV_opp,TOV_opp_std,PF_opp,PF_opp_std,Spread,Spread_std
2022,gonzaga,1.0,0.0,87.6086956521739,8.077686045997796,64.6086956521739,8.632597472976183,0.0,0.0,32.78260869565217,3.4239334336553284,62.130434782608695,4.9110667960331,0.5304782608695653,0.038802377580875805,8.375,2.4461593676974345,21.608695652173914,3.6648096866721045,0.3835,0.07850837673389575,24.73913043478261,4.201919380737027,39.791666666666664,5.056026680813844,0.6110434782608695,0.054315139577762094,0.5938695652173912,0.041884369342953184,13.62962962962963,3.4768260077719,18.695652173913043,4.321560982800456,0.7465217391304347,0.06989724247728843,8.08695652173913,3.4498095267349163,30.04,3.9945796608237356,38.391304347826086,5.11449926843268,19.04,3.552933060632206,6.24,1.5620499351813306,6.148148148148148,1.5616486284521365,11.875,2.675370758540239,14.958333333333334,2.804951625819669,24.416666666666668,3.202127915684475,63.32,4.947389884238625,0.3790869565217391,0.037610338331462996,6.384615384615385,2.3164960276576876,22.041666666666668,4.069816432850682,0.30608695652173906,0.057370338426971965,17.958333333333332,2.544886888520258,42.69565217391305,3.560321520321337,0.4126956521739131,0.0411233563170932,0.4283333333333334,0.04957792870313114,9.84,2.8965496715920476,14.26086956521739,3.9567823395043398,0.7122608695652172,0.0831084818947251,7.52,2.4172987679087856,22.208333333333332,3.064227921291624,29.666666666666668,3.8410445439236702,9.695652173913043,1.8199596051634983,5.653846153846154,2.243966268771573,2.1538461538461537,1.4884168150705015,11.166666666666666,2.2586388102931196,17.73913043478261,2.73391812247464,23.17391304347826,9.364595675944214
