Year,Team,Rslt,Rslt_std,Tm,Tm_std,Opp_score,Opp_score_std,OT,OT_std,FG,FG_std,FGA,FGA_std,FG%,FG%_std,3P,3P_std,3PA,3PA_std,3P%,3P%_std,2P,2P_std,2PA,2PA_std,2P%,2P%_std,eFG%,eFG%_std,FT,FT_std,FTA,FTA_std,FT%,FT%_std,ORB,ORB_std,DRB,DRB_std,TRB,TRB_std,AST,AST_std,STL,STL_std,BLK,BLK_std,TOV,TOV_std,PF,PF_std,FG_opp,FG_opp_std,FGA_opp,FGA_opp_std,FG%_opp,FG%_opp_std,3P_opp,3P_opp_std,3PA_opp,3PA_opp_std,3P%_opp,3P%_opp_std,2P_opp,2P_opp_std,2PA_opp,2PA_opp_std,2P%_opp,2P%_opp_std,eFG%_opp,eFG%_opp_std,FT_opp,FT_opp_std,FTA_opp,FTA_opp_std,FT%_opp,FT%_opp_std,ORB_opp,ORB_opp_std,DRB_opp,DRB_opp_std,TRB_opp,TRB_opp_std,AST_opp,AST_opp_std,STL_opp,STL_opp_std,BLK_opp,BLK_opp_std,TOV_opp,TOV_opp_std,PF_opp,PF_opp_std,Spread,Spread_std
2022,norfolk-state,0.8,0.4068381021724863,74.875,8.136405038868316,64.08333333333333,6.233964937387738,0.0,0.0,25.72,3.9635842365212826,56.708333333333336,5.583198138099288,0.47033333333333344,0.04235016212346841,6.923076923076923,2.415335619297276,20.25,3.836325234433054,0.34075000000000005,0.07510007815662002,18.916666666666668,2.9915339480471954,36.458333333333336,5.610387622558919,0.53575,0.06190894435624263,0.5357500000000001,0.051161508969145925,14.75,4.1415183101181,21.166666666666668,4.526892269889841,0.6890000000000001,0.10748875910221185,8.6,1.848422751068236,26.958333333333332,3.290026650700392,36.08,4.030301891091204,12.416666666666666,2.1450988964060187,6.083333333333333,2.124733572385768,3.111111111111111,1.7831116564834577,13.346153846153847,2.8134293336397516,17.96,2.6375493676264465,21.75,2.3636743688036073,58.458333333333336,3.9340118550103935,0.3734583333333333,0.04199066062483591,7.583333333333333,1.6396358733271998,26.791666666666668,4.10703708568457,0.295,0.06858317704738563,14.125,2.346366293358455,31.4,3.605551275463989,0.44941666666666674,0.049042941846177385,0.43879166666666664,0.052849235251483696,12.807692307692308,3.1877168101226405,19.125,3.4428564985437915,0.6262692307692308,0.08976883989104803,8.84,2.687625966040166,21.28,3.6914315199752337,29.791666666666668,4.549048315824987,11.458333333333334,2.5703859745125857,5.28,1.7916472867168918,2.7857142857142856,2.2502204477544114,12.038461538461538,3.280009380849625,18.333333333333332,2.277807234403616,10.291666666666666,9.857591057113058
