Year,Team,Rslt,Rslt_std,Tm,Tm_std,Opp_score,Opp_score_std,OT,OT_std,FG,FG_std,FGA,FGA_std,FG%,FG%_std,3P,3P_std,3PA,3PA_std,3P%,3P%_std,2P,2P_std,2PA,2PA_std,2P%,2P%_std,eFG%,eFG%_std,FT,FT_std,FTA,FTA_std,FT%,FT%_std,ORB,ORB_std,DRB,DRB_std,TRB,TRB_std,AST,AST_std,STL,STL_std,BLK,BLK_std,TOV,TOV_std,PF,PF_std,FG_opp,FG_opp_std,FGA_opp,FGA_opp_std,FG%_opp,FG%_opp_std,3P_opp,3P_opp_std,3PA_opp,3PA_opp_std,3P%_opp,3P%_opp_std,2P_opp,2P_opp_std,2PA_opp,2PA_opp_std,2P%_opp,2P%_opp_std,eFG%_opp,eFG%_opp_std,FT_opp,FT_opp_std,FTA_opp,FTA_opp_std,FT%_opp,FT%_opp_std,ORB_opp,ORB_opp_std,DRB_opp,DRB_opp_std,TRB_opp,TRB_opp_std,AST_opp,AST_opp_std,STL_opp,STL_opp_std,BLK_opp,BLK_opp_std,TOV_opp,TOV_opp_std,PF_opp,PF_opp_std,Spread,Spread_std
2022,yale,0.6333333333333333,0.4901325178535609,72.5,8.214515254691857,68.79166666666667,8.72766300044149,0.0,0.0,25.555555555555557,3.651483716701107,58.18518518518518,4.969422169141669,0.44687499999999997,0.04166461589156084,6.958333333333333,1.8991798382383418,20.958333333333332,4.553824638760227,0.3461199999999999,0.07669817468492976,18.52,2.9314387821227537,37.48,3.4895080837657715,0.511,0.04488148645139727,0.5066250000000001,0.046771240234181076,13.833333333333334,2.776714772448951,18.625,3.3075999442653803,0.7468750000000001,0.07809710371515485,7.6,2.0207259421636903,25.24,2.5377155080899043,32.96,2.589723279940671,11.62962962962963,3.7328906941501696,6.037037037037037,1.8908988802943894,3.037037037037037,1.2551886613169254,12.346153846153847,3.393432571215261,17.166666666666668,3.534508964932527,24.666666666666668,3.818338662943288,58.52,4.50111097397076,0.41979166666666673,0.043231408838307915,7.038461538461538,2.10676565817405,23.555555555555557,4.492158409883515,0.30195833333333333,0.05396575336481354,17.08,3.1612233918743127,34.166666666666664,3.3836777864209884,0.5053333333333332,0.0709878536252424,0.48200000000000004,0.04713625024284942,11.916666666666666,4.862605015445105,17.541666666666668,5.926940457639658,0.6669166666666667,0.07647273834605982,7.703703703703703,2.523959264800122,23.8,2.7080128015453204,31.75,3.662382213568222,11.625,2.667232729774927,7.0,2.9933259094191533,3.25,1.0733936430981312,12.666666666666666,2.598773400742319,17.6,2.3273733406281565,3.7083333333333335,9.884019454640413
