Year,Team,Rslt,Rslt_std,Tm,Tm_std,Opp_score,Opp_score_std,OT,OT_std,FG,FG_std,FGA,FGA_std,FG%,FG%_std,3P,3P_std,3PA,3PA_std,3P%,3P%_std,2P,2P_std,2PA,2PA_std,2P%,2P%_std,eFG%,eFG%_std,FT,FT_std,FTA,FTA_std,FT%,FT%_std,ORB,ORB_std,DRB,DRB_std,TRB,TRB_std,AST,AST_std,STL,STL_std,BLK,BLK_std,TOV,TOV_std,PF,PF_std,FG_opp,FG_opp_std,FGA_opp,FGA_opp_std,FG%_opp,FG%_opp_std,3P_opp,3P_opp_std,3PA_opp,3PA_opp_std,3P%_opp,3P%_opp_std,2P_opp,2P_opp_std,2PA_opp,2PA_opp_std,2P%_opp,2P%_opp_std,eFG%_opp,eFG%_opp_std,FT_opp,FT_opp_std,FTA_opp,FTA_opp_std,FT%_opp,FT%_opp_std,ORB_opp,ORB_opp_std,DRB_opp,DRB_opp_std,TRB_opp,TRB_opp_std,AST_opp,AST_opp_std,STL_opp,STL_opp_std,BLK_opp,BLK_opp_std,TOV_opp,TOV_opp_std,PF_opp,PF_opp_std,Spread,Spread_std
2022,georgia-state,0.6428571428571429,0.48795003647426666,69.95454545454545,7.435290833824174,63.52173913043478,8.212349709251036,0.0,0.0,25.217391304347824,3.953784398167618,61.130434782608695,4.341180692204777,0.40063636363636357,0.047859462371908634,7.416666666666667,2.0412414523193148,23.40909090909091,3.5811555850975427,0.3241818181818181,0.07074948181781389,17.043478260869566,2.6367724911263153,38.72727272727273,4.142483936018722,0.4467272727272727,0.04763170394578826,0.46149999999999997,0.0605292137259829,12.041666666666666,4.964913122990228,18.0,5.31843156256751,0.7095909090909092,0.08883138607223884,11.26086956521739,2.73391812247464,21.807692307692307,3.8472767591555534,34.391304347826086,4.887266669015631,13.181818181818182,2.85584386055053,8.48,2.6159765544311235,4.5,1.8881783261398664,11.375,2.4283202281484173,16.08695652173913,3.0138022417818275,22.40909090909091,2.684330029193077,55.04545454545455,3.199364114309395,0.41281818181818186,0.05323768479424216,7.12,2.619160170741759,20.043478260869566,3.4175783673872355,0.3605454545454545,0.08286979303342441,15.347826086956522,2.7897327283544877,34.17391304347826,3.4463706062655577,0.44231818181818183,0.07795260242678384,0.4795909090909092,0.06288739679239931,11.227272727272727,2.741772422597473,16.59090909090909,3.62082719974174,0.6776363636363637,0.09115478487273614,7.958333333333333,2.955895607185699,23.5,3.876055923720596,31.90909090909091,5.032362797401964,11.869565217391305,3.2094228853357722,6.083333333333333,1.767254482466264,3.130434782608696,1.4555332614196126,14.909090909090908,3.2353566213838727,16.681818181818183,2.8180770822598946,4.863636363636363,8.620548289630586
