Year,Team,Rslt,Rslt_std,Tm,Tm_std,Opp_score,Opp_score_std,OT,OT_std,FG,FG_std,FGA,FGA_std,FG%,FG%_std,3P,3P_std,3PA,3PA_std,3P%,3P%_std,2P,2P_std,2PA,2PA_std,2P%,2P%_std,eFG%,eFG%_std,FT,FT_std,FTA,FTA_std,FT%,FT%_std,ORB,ORB_std,DRB,DRB_std,TRB,TRB_std,AST,AST_std,STL,STL_std,BLK,BLK_std,TOV,TOV_std,PF,PF_std,FG_opp,FG_opp_std,FGA_opp,FGA_opp_std,FG%_opp,FG%_opp_std,3P_opp,3P_opp_std,3PA_opp,3PA_opp_std,3P%_opp,3P%_opp_std,2P_opp,2P_opp_std,2PA_opp,2PA_opp_std,2P%_opp,2P%_opp_std,eFG%_opp,eFG%_opp_std,FT_opp,FT_opp_std,FTA_opp,FTA_opp_std,FT%_opp,FT%_opp_std,ORB_opp,ORB_opp_std,DRB_opp,DRB_opp_std,TRB_opp,TRB_opp_std,AST_opp,AST_opp_std,STL_opp,STL_opp_std,BLK_opp,BLK_opp_std,TOV_opp,TOV_opp_std,PF_opp,PF_opp_std,Spread,Spread_std
2022,louisiana-state,0.6666666666666666,0.47871355387816905,72.77777777777777,6.547655677553216,64.96551724137932,7.925919318560779,0.0,0.0,25.703703703703702,3.4620449138847094,58.642857142857146,6.756145546500805,0.44159259259259265,0.04898999839783569,6.535714285714286,1.7316689200529207,20.59259259259259,2.6203238093977745,0.31459259259259265,0.07504370995998536,19.285714285714285,3.5783002674779554,37.89655172413793,5.115416667753377,0.49992592592592594,0.05235964823729017,0.49662962962962953,0.055144668581237045,14.333333333333334,3.3166247903554,19.37037037037037,3.923775145954645,0.7265185185185185,0.08462058777061213,10.678571428571429,4.145980395413543,23.37037037037037,3.6810131146000487,33.77777777777778,4.272752070552451,12.703703703703704,2.523959264800122,11.214285714285714,2.7936056994917524,4.655172413793103,1.8569533817705186,14.357142857142858,2.512403095080348,19.82758620689655,2.9769227342202287,21.074074074074073,1.817139043109883,54.44444444444444,3.826359319382544,0.3903333333333333,0.04692793165302269,6.620689655172414,2.27429413073671,24.703703703703702,5.398110886189829,0.27388888888888896,0.052952324953194616,13.925925925925926,2.3521827167045366,29.166666666666668,5.534115718125995,0.48711111111111116,0.06380338388261075,0.45466666666666666,0.052110828639913814,14.928571428571429,4.642226249361889,21.185185185185187,4.946148750733996,0.6638275862068967,0.10413626682844704,9.517241379310345,2.6675388557241355,21.962962962962962,2.6382027898010345,31.612903225806452,4.379325818394415,11.379310344827585,2.4700172512909453,6.586206896551724,2.163285222910984,3.1724137931034484,1.6051027007026548,16.517241379310345,3.1352909372311437,16.785714285714285,2.5583145906970755,8.0,11.572513854952904
