Year,Team,Rslt,Rslt_std,Tm,Tm_std,Opp_score,Opp_score_std,OT,OT_std,FG,FG_std,FGA,FGA_std,FG%,FG%_std,3P,3P_std,3PA,3PA_std,3P%,3P%_std,2P,2P_std,2PA,2PA_std,2P%,2P%_std,eFG%,eFG%_std,FT,FT_std,FTA,FTA_std,FT%,FT%_std,ORB,ORB_std,DRB,DRB_std,TRB,TRB_std,AST,AST_std,STL,STL_std,BLK,BLK_std,TOV,TOV_std,PF,PF_std,FG_opp,FG_opp_std,FGA_opp,FGA_opp_std,FG%_opp,FG%_opp_std,3P_opp,3P_opp_std,3PA_opp,3PA_opp_std,3P%_opp,3P%_opp_std,2P_opp,2P_opp_std,2PA_opp,2PA_opp_std,2P%_opp,2P%_opp_std,eFG%_opp,eFG%_opp_std,FT_opp,FT_opp_std,FTA_opp,FTA_opp_std,FT%_opp,FT%_opp_std,ORB_opp,ORB_opp_std,DRB_opp,DRB_opp_std,TRB_opp,TRB_opp_std,AST_opp,AST_opp_std,STL_opp,STL_opp_std,BLK_opp,BLK_opp_std,TOV_opp,TOV_opp_std,PF_opp,PF_opp_std,Spread,Spread_std
2022,south-dakota-state,0.8823529411764706,0.3270349700838643,86.42857142857143,6.420041371901838,71.96551724137932,8.894150399563145,0.0,0.0,30.833333333333332,3.0295479728072023,58.67857142857143,5.298871797660548,0.5348571428571429,0.05256157890246045,9.214285714285714,2.6297041497750113,20.535714285714285,4.795693614971379,0.449,0.06861594674817327,21.70967741935484,3.328598788149921,37.642857142857146,5.565863453125307,0.5831785714285714,0.062046012538741535,0.61575,0.07079737649460267,14.655172413793103,4.410019938965011,20.275862068965516,4.423125524882489,0.7554137931034484,0.09403552415420285,6.4,2.786667766594954,26.387096774193548,4.200614394385966,32.75,3.5237290853109955,14.517241379310345,4.355789986206967,5.774193548387097,2.0446626032894333,2.129032258064516,1.3100110809676628,11.548387096774194,3.5481329332238882,15.551724137931034,2.7332111791359432,26.862068965517242,3.481831803714764,61.44827586206897,3.960395064136835,0.4390357142857142,0.05691675672213937,8.935483870967742,2.594037828957881,25.178571428571427,4.422615041977292,0.3472413793103449,0.06152157297149269,18.266666666666666,3.8768395707678267,36.733333333333334,5.464199050580772,0.49842857142857155,0.06610901690694028,0.5087857142857144,0.060103834315881205,8.724137931034482,3.514221634242963,12.5,4.203173404306164,0.724448275862069,0.10625460870908697,7.137931034482759,2.850114508113596,21.642857142857142,4.084426481470769,28.678571428571427,4.595114728173756,12.172413793103448,2.3614306425984557,4.5,2.286002286003429,2.5517241379310347,1.1827995512026217,11.2,2.8088529994312252,18.178571428571427,2.5970577572917,12.785714285714286,9.294989262867677
