Year,Team,Rslt,Rslt_std,Tm,Tm_std,Opp_score,Opp_score_std,OT,OT_std,FG,FG_std,FGA,FGA_std,FG%,FG%_std,3P,3P_std,3PA,3PA_std,3P%,3P%_std,2P,2P_std,2PA,2PA_std,2P%,2P%_std,eFG%,eFG%_std,FT,FT_std,FTA,FTA_std,FT%,FT%_std,ORB,ORB_std,DRB,DRB_std,TRB,TRB_std,AST,AST_std,STL,STL_std,BLK,BLK_std,TOV,TOV_std,PF,PF_std,FG_opp,FG_opp_std,FGA_opp,FGA_opp_std,FG%_opp,FG%_opp_std,3P_opp,3P_opp_std,3PA_opp,3PA_opp_std,3P%_opp,3P%_opp_std,2P_opp,2P_opp_std,2PA_opp,2PA_opp_std,2P%_opp,2P%_opp_std,eFG%_opp,eFG%_opp_std,FT_opp,FT_opp_std,FTA_opp,FTA_opp_std,FT%_opp,FT%_opp_std,ORB_opp,ORB_opp_std,DRB_opp,DRB_opp_std,TRB_opp,TRB_opp_std,AST_opp,AST_opp_std,STL_opp,STL_opp_std,BLK_opp,BLK_opp_std,TOV_opp,TOV_opp_std,PF_opp,PF_opp_std,Spread,Spread_std
2022,virginia-tech,0.6571428571428571,0.48159399197793534,70.48275862068965,8.37777966517541,63.166666666666664,8.874929172454953,0.0,0.0,26.1,3.166091901861739,54.96666666666667,3.925893997315888,0.4712413793103448,0.060710469309204346,8.933333333333334,2.1803722132942682,23.03125,2.9890593514434625,0.3876896551724138,0.0727412751018861,16.483870967741936,2.9985659655012373,32.41379310344828,4.777306782960685,0.5326666666666668,0.06695100284244586,0.5504137931034484,0.07233578310380955,9.5,4.633540435746403,13.064516129032258,5.3225024432182755,0.7288387096774194,0.10520015740615396,7.774193548387097,2.1402441826320477,22.724137931034484,2.9507450841650384,30.566666666666666,4.0741686973801965,14.64516129032258,2.470470766160088,5.366666666666666,1.5421286974634218,3.393939393939394,1.638203931509176,10.1875,2.8447744964203876,14.793103448275861,2.257990736802896,23.0,2.659215781283755,53.6551724137931,4.1856546003579345,0.4239,0.055285684372645,6.645161290322581,2.3028733804644173,20.1875,4.099075426829653,0.3191724137931035,0.08855509542713154,16.70967741935484,3.328598788149921,33.6,5.028196358605106,0.4909655172413794,0.06589411569145322,0.4859655172413794,0.05990616636434772,9.8,3.468081055410406,13.620689655172415,3.9043363539188087,0.7337241379310344,0.10673160482247185,7.133333333333334,2.687561814311836,20.848484848484848,4.416738135499518,27.689655172413794,5.05048405230247,11.636363636363637,2.6904714017503255,6.090909090909091,2.4413576699712136,3.09375,1.5731491941633426,11.3,2.520946729661915,14.333333333333334,2.2944210197982313,7.9655172413793105,12.14343667118959
