Year,Team,Rslt,Rslt_std,Tm,Tm_std,Opp_score,Opp_score_std,OT,OT_std,FG,FG_std,FGA,FGA_std,FG%,FG%_std,3P,3P_std,3PA,3PA_std,3P%,3P%_std,2P,2P_std,2PA,2PA_std,2P%,2P%_std,eFG%,eFG%_std,FT,FT_std,FTA,FTA_std,FT%,FT%_std,ORB,ORB_std,DRB,DRB_std,TRB,TRB_std,AST,AST_std,STL,STL_std,BLK,BLK_std,TOV,TOV_std,PF,PF_std,FG_opp,FG_opp_std,FGA_opp,FGA_opp_std,FG%_opp,FG%_opp_std,3P_opp,3P_opp_std,3PA_opp,3PA_opp_std,3P%_opp,3P%_opp_std,2P_opp,2P_opp_std,2PA_opp,2PA_opp_std,2P%_opp,2P%_opp_std,eFG%_opp,eFG%_opp_std,FT_opp,FT_opp_std,FTA_opp,FTA_opp_std,FT%_opp,FT%_opp_std,ORB_opp,ORB_opp_std,DRB_opp,DRB_opp_std,TRB_opp,TRB_opp_std,AST_opp,AST_opp_std,STL_opp,STL_opp_std,BLK_opp,BLK_opp_std,TOV_opp,TOV_opp_std,PF_opp,PF_opp_std,Spread,Spread_std
2022,ucla,0.78125,0.42001344064515445,74.64285714285714,8.629039196823564,64.42307692307692,8.617067143398973,0.0,0.0,28.037037037037038,3.6530438465380275,61.96153846153846,6.802827466462864,0.4515384615384616,0.04951382091435139,6.518518518518518,2.259516121963529,18.607142857142858,4.573185013097673,0.3426206896551724,0.10635567477408173,20.74074074074074,3.1694769356447514,42.03846153846154,5.779140207544851,0.501,0.04711857383240711,0.5090384615384616,0.06444934803035995,14.464285714285714,4.517309448785268,19.535714285714285,5.364369024074969,0.730576923076923,0.0851192918565107,9.703703703703704,2.446580263501483,23.846153846153847,3.986901631014317,33.75,5.454356057317857,13.518518518518519,3.457103838701834,6.7407407407407405,2.194268628681278,3.0,1.3896166675593025,8.928571428571429,1.4638501094227998,16.307692307692307,2.2938043642687713,23.48148148148148,3.030236984517247,54.73076923076923,4.678099548386651,0.4179615384615385,0.050305054035737415,6.535714285714286,1.688351000393313,20.73076923076923,3.94520156451041,0.32849999999999996,0.07411949810947184,16.666666666666668,2.814796071312613,33.925925925925924,5.876458417513352,0.47334615384615386,0.0682799779189726,0.4792692307692307,0.05728982994724819,11.296296296296296,4.286067004885758,15.807692307692308,5.29164799108354,0.7236153846153847,0.07127303945985573,6.555555555555555,1.577079416890439,23.615384615384617,4.11899913160392,29.884615384615383,5.39130353867725,11.76923076923077,2.6729413357975864,4.538461538461538,1.6057588668481761,2.6551724137931036,1.7170544144170172,12.678571428571429,2.9445941860696054,17.62962962962963,3.052718185337179,11.423076923076923,8.691021007559822
