Year,Team,Rslt,Rslt_std,Tm,Tm_std,Opp_score,Opp_score_std,OT,OT_std,FG,FG_std,FGA,FGA_std,FG%,FG%_std,3P,3P_std,3PA,3PA_std,3P%,3P%_std,2P,2P_std,2PA,2PA_std,2P%,2P%_std,eFG%,eFG%_std,FT,FT_std,FTA,FTA_std,FT%,FT%_std,ORB,ORB_std,DRB,DRB_std,TRB,TRB_std,AST,AST_std,STL,STL_std,BLK,BLK_std,TOV,TOV_std,PF,PF_std,FG_opp,FG_opp_std,FGA_opp,FGA_opp_std,FG%_opp,FG%_opp_std,3P_opp,3P_opp_std,3PA_opp,3PA_opp_std,3P%_opp,3P%_opp_std,2P_opp,2P_opp_std,2PA_opp,2PA_opp_std,2P%_opp,2P%_opp_std,eFG%_opp,eFG%_opp_std,FT_opp,FT_opp_std,FTA_opp,FTA_opp_std,FT%_opp,FT%_opp_std,ORB_opp,ORB_opp_std,DRB_opp,DRB_opp_std,TRB_opp,TRB_opp_std,AST_opp,AST_opp_std,STL_opp,STL_opp_std,BLK_opp,BLK_opp_std,TOV_opp,TOV_opp_std,PF_opp,PF_opp_std,Spread,Spread_std
2022,san-francisco,0.7272727272727273,0.45226701686664544,75.92592592592592,9.54715392921619,67.07407407407408,6.707779214785025,0.0,0.0,27.34375,4.708327386046296,60.9,5.731642359562486,0.45944444444444443,0.04598773526574009,9.714285714285714,2.386026339569975,26.962962962962962,5.049611420552624,0.3625862068965517,0.06995586222825449,17.88888888888889,2.8599802760661093,33.285714285714285,5.032171630891709,0.5484814814814813,0.07190184033718917,0.5377407407407406,0.05042175399917456,12.03448275862069,4.28020992993743,17.444444444444443,4.593752725448346,0.6878275862068967,0.10694693910183325,8.857142857142858,2.606463273029335,25.714285714285715,3.077482651600082,34.74074074074074,3.716828596372829,12.379310344827585,3.27778009703702,7.444444444444445,2.1182963643408086,4.4,1.6103115997457953,11.814814814814815,2.3376029312925377,17.233333333333334,3.3185303491396487,24.25925925925926,3.241469189599449,57.2962962962963,3.6460180050909368,0.4220000000000001,0.046706118854616244,5.064516129032258,1.8245635801649984,17.321428571428573,2.8160067790923695,0.2905185185185186,0.07239654176312056,19.0,3.7515428924742515,39.5,4.211975871338859,0.48062962962962963,0.062491321334768105,0.46529629629629626,0.0495012158473948,13.037037037037036,2.8887245186637904,18.310344827586206,4.870490209090589,0.7231851851851852,0.08032148722814657,6.814814814814815,2.0387974780971154,23.142857142857142,3.330157217001487,29.62962962962963,4.180063931680289,10.071428571428571,3.1260976908098654,5.9655172413793105,2.3827169159339583,2.870967741935484,1.9277263893659973,12.37037037037037,2.238614752787092,17.107142857142858,2.9102537208251658,10.535714285714286,10.989834167377369
