Year,Team,Rslt,Rslt_std,Tm,Tm_std,Opp_score,Opp_score_std,OT,OT_std,FG,FG_std,FGA,FGA_std,FG%,FG%_std,3P,3P_std,3PA,3PA_std,3P%,3P%_std,2P,2P_std,2PA,2PA_std,2P%,2P%_std,eFG%,eFG%_std,FT,FT_std,FTA,FTA_std,FT%,FT%_std,ORB,ORB_std,DRB,DRB_std,TRB,TRB_std,AST,AST_std,STL,STL_std,BLK,BLK_std,TOV,TOV_std,PF,PF_std,FG_opp,FG_opp_std,FGA_opp,FGA_opp_std,FG%_opp,FG%_opp_std,3P_opp,3P_opp_std,3PA_opp,3PA_opp_std,3P%_opp,3P%_opp_std,2P_opp,2P_opp_std,2PA_opp,2PA_opp_std,2P%_opp,2P%_opp_std,eFG%_opp,eFG%_opp_std,FT_opp,FT_opp_std,FTA_opp,FTA_opp_std,FT%_opp,FT%_opp_std,ORB_opp,ORB_opp_std,DRB_opp,DRB_opp_std,TRB_opp,TRB_opp_std,AST_opp,AST_opp_std,STL_opp,STL_opp_std,BLK_opp,BLK_opp_std,TOV_opp,TOV_opp_std,PF_opp,PF_opp_std,Spread,Spread_std
2022,san-diego-state,0.7419354838709677,0.44480272297456924,66.16,7.157047808512482,57.24,5.5247926054589,0.0,0.0,23.846153846153847,3.068449871740553,55.23076923076923,4.632992055315375,0.43584,0.0537902407505302,5.9655172413793105,1.6579410342067065,16.76923076923077,2.9974348007280134,0.36500000000000005,0.09195424586898275,17.56,2.916619047230314,37.535714285714285,4.917709063564297,0.4705999999999999,0.07146852454052761,0.49312,0.06044234167094014,11.52,3.906404996924922,17.26923076923077,5.772747646018781,0.6909200000000001,0.09747303900737544,7.8076923076923075,1.8115017144729566,23.28,3.062134331910778,31.44,3.083288287959247,11.56,2.9591665493288257,6.928571428571429,2.209886396084171,4.9655172413793105,1.880022010142618,12.296296296296296,2.5086744096130316,17.4,2.7233557730613653,20.36,2.138535324312725,53.08,4.122297094258653,0.38012,0.03763345143176037,6.481481481481482,1.9684115104936455,20.28,2.541653005427767,0.30004,0.06175723979151485,13.703703703703704,2.7570164310608676,32.11538461538461,3.902070456328774,0.42728,0.057488781514309376,0.43868,0.04440882044519236,10.76923076923077,3.1535084246938974,16.103448275862068,5.150206844571577,0.6834800000000001,0.09911614399279262,7.703703703703703,2.477821853887228,21.46153846153846,3.786616106560254,30.076923076923077,4.1175048456372405,10.62962962962963,2.4674519424538115,6.178571428571429,2.000991817566542,2.9615384615384617,1.2800240382358208,13.24,1.9209372712298547,17.076923076923077,3.173932285642867,9.37037037037037,9.616284858142176
