Year,Team,Rslt,Rslt_std,Tm,Tm_std,Opp_score,Opp_score_std,OT,OT_std,FG,FG_std,FGA,FGA_std,FG%,FG%_std,3P,3P_std,3PA,3PA_std,3P%,3P%_std,2P,2P_std,2PA,2PA_std,2P%,2P%_std,eFG%,eFG%_std,FT,FT_std,FTA,FTA_std,FT%,FT%_std,ORB,ORB_std,DRB,DRB_std,TRB,TRB_std,AST,AST_std,STL,STL_std,BLK,BLK_std,TOV,TOV_std,PF,PF_std,FG_opp,FG_opp_std,FGA_opp,FGA_opp_std,FG%_opp,FG%_opp_std,3P_opp,3P_opp_std,3PA_opp,3PA_opp_std,3P%_opp,3P%_opp_std,2P_opp,2P_opp_std,2PA_opp,2PA_opp_std,2P%_opp,2P%_opp_std,eFG%_opp,eFG%_opp_std,FT_opp,FT_opp_std,FTA_opp,FTA_opp_std,FT%_opp,FT%_opp_std,ORB_opp,ORB_opp_std,DRB_opp,DRB_opp_std,TRB_opp,TRB_opp_std,AST_opp,AST_opp_std,STL_opp,STL_opp_std,BLK_opp,BLK_opp_std,TOV_opp,TOV_opp_std,PF_opp,PF_opp_std,Spread,Spread_std
2022,ohio-state,0.6333333333333333,0.490132517853561,73.79166666666667,7.259052319670257,69.41666666666667,6.580053301400784,0.0,0.0,26.423076923076923,2.6408040733545826,54.64,4.68045581825816,0.4788333333333334,0.04405990651736384,8.125,2.1931216584347646,21.36,4.517373868373822,0.3709583333333333,0.06976387452260516,17.807692307692307,3.0334037748935536,33.16,4.7930505248049835,0.54875,0.07217204685905815,0.5503333333333335,0.0567570464245681,13.541666666666666,4.3736281493064535,17.4,5.4083269131959835,0.7646250000000001,0.0906463805363889,7.384615384615385,2.899336794191707,23.56,3.189566323708183,31.12,3.4918953783487465,12.2,3.5939764421413036,4.115384615384615,1.632836135732501,4.75,1.1887150534341144,10.178571428571429,2.6112799675222624,16.04,2.406241883103193,24.708333333333332,1.7062332443303203,59.12,4.333205126308546,0.4210416666666666,0.03522656997046488,6.8,1.9790570145063195,20.583333333333332,2.93282274871195,0.33249999999999996,0.06878763791870442,17.84,2.357258294431619,38.08,4.855580981372534,0.46329166666666666,0.04258952633715464,0.4814583333333333,0.05131825606737921,12.416666666666666,2.7173623186859888,16.75,3.870175818947405,0.7387500000000001,0.06558979904779731,8.0,2.9871519752227074,20.5,2.245768968720862,29.12,3.2700662582481925,11.88,2.758622844826745,5.653846153846154,1.8098023691510117,2.2142857142857144,1.641073335692739,9.12,2.0273134932713295,17.083333333333332,2.8729119701803945,4.25,7.88090703232654
