Year,Team,Rslt,Rslt_std,Tm,Tm_std,Opp_score,Opp_score_std,OT,OT_std,FG,FG_std,FGA,FGA_std,FG%,FG%_std,3P,3P_std,3PA,3PA_std,3P%,3P%_std,2P,2P_std,2PA,2PA_std,2P%,2P%_std,eFG%,eFG%_std,FT,FT_std,FTA,FTA_std,FT%,FT%_std,ORB,ORB_std,DRB,DRB_std,TRB,TRB_std,AST,AST_std,STL,STL_std,BLK,BLK_std,TOV,TOV_std,PF,PF_std,FG_opp,FG_opp_std,FGA_opp,FGA_opp_std,FG%_opp,FG%_opp_std,3P_opp,3P_opp_std,3PA_opp,3PA_opp_std,3P%_opp,3P%_opp_std,2P_opp,2P_opp_std,2PA_opp,2PA_opp_std,2P%_opp,2P%_opp_std,eFG%_opp,eFG%_opp_std,FT_opp,FT_opp_std,FTA_opp,FTA_opp_std,FT%_opp,FT%_opp_std,ORB_opp,ORB_opp_std,DRB_opp,DRB_opp_std,TRB_opp,TRB_opp_std,AST_opp,AST_opp_std,STL_opp,STL_opp_std,BLK_opp,BLK_opp_std,TOV_opp,TOV_opp_std,PF_opp,PF_opp_std,Spread,Spread_std
2022,longwood,0.8125,0.39655776945626603,76.62962962962963,8.944908943717426,63.92307692307692,7.688552929768134,0.0,0.0,26.346153846153847,3.969305306396147,58.69230769230769,6.156422537605623,0.46011538461538454,0.06020387158519089,8.296296296296296,2.0156086085046527,21.192307692307693,3.555494123400918,0.38969230769230767,0.08953156727356859,17.807692307692307,3.286569406164802,36.55555555555556,5.0025634454388515,0.49011538461538456,0.06963753408791953,0.5324615384615385,0.0695449384321998,14.923076923076923,4.78266099089682,20.76923076923077,5.961930508200795,0.7134615384615385,0.07596485017123684,10.107142857142858,2.62945263582008,23.14814814814815,3.3934745491412657,32.925925925925924,4.937501126978846,14.115384615384615,2.9027838097512264,7.357142857142857,2.1639176700003357,1.896551724137931,1.2633523314184736,10.96551724137931,3.600424167676931,15.444444444444445,3.576992003747254,23.5,2.353720459187964,54.65384615384615,3.7729808660241857,0.4305384615384615,0.04699296182981513,7.074074074074074,2.0554978046865497,23.46153846153846,3.786616106560254,0.30653846153846154,0.06469759239367769,16.333333333333332,1.9806758753205742,31.076923076923077,2.711797587182007,0.5236923076923077,0.06479985754970097,0.4968461538461539,0.05470845807199637,10.071428571428571,4.744810587708167,12.857142857142858,5.549202716936082,0.7362307692307694,0.09741224058291963,6.571428571428571,2.2840602480957495,20.423076923076923,3.7965571448150435,26.73076923076923,3.6283075096545203,11.333333333333334,2.674667484725186,5.444444444444445,1.5275252316519465,3.4444444444444446,2.1720839573894737,13.384615384615385,2.6544592379906393,18.25925925925926,3.798710232460411,12.333333333333334,13.66916800124111
