Year,Team,Rslt,Rslt_std,Tm,Tm_std,Opp_score,Opp_score_std,OT,OT_std,FG,FG_std,FGA,FGA_std,FG%,FG%_std,3P,3P_std,3PA,3PA_std,3P%,3P%_std,2P,2P_std,2PA,2PA_std,2P%,2P%_std,eFG%,eFG%_std,FT,FT_std,FTA,FTA_std,FT%,FT%_std,ORB,ORB_std,DRB,DRB_std,TRB,TRB_std,AST,AST_std,STL,STL_std,BLK,BLK_std,TOV,TOV_std,PF,PF_std,FG_opp,FG_opp_std,FGA_opp,FGA_opp_std,FG%_opp,FG%_opp_std,3P_opp,3P_opp_std,3PA_opp,3PA_opp_std,3P%_opp,3P%_opp_std,2P_opp,2P_opp_std,2PA_opp,2PA_opp_std,2P%_opp,2P%_opp_std,eFG%_opp,eFG%_opp_std,FT_opp,FT_opp_std,FTA_opp,FTA_opp_std,FT%_opp,FT%_opp_std,ORB_opp,ORB_opp_std,DRB_opp,DRB_opp_std,TRB_opp,TRB_opp_std,AST_opp,AST_opp_std,STL_opp,STL_opp_std,BLK_opp,BLK_opp_std,TOV_opp,TOV_opp_std,PF_opp,PF_opp_std,Spread,Spread_std
2022,marquette,0.6129032258064516,0.4951376478541908,74.84,7.180297115486703,70.15384615384616,7.125684852376269,0.0,0.0,26.8,2.958039891549808,59.34615384615385,3.9185947245644854,0.4532,0.045287047449206363,8.310344827586206,2.205568411930229,24.72,3.2341923257592455,0.34596,0.0581373947358038,17.892857142857142,3.823313336325558,34.24,4.474743940532612,0.5272,0.060670558483226986,0.5278,0.04911635844264787,11.88888888888889,4.684945885356409,15.26923076923077,6.010375644218537,0.7600800000000001,0.09493985815592242,5.769230769230769,1.5048639090015363,25.48,3.7318449414018615,31.52,4.154515615568198,16.115384615384617,4.207868088017238,7.896551724137931,2.1932498324600886,4.961538461538462,1.4827209914415924,12.0,2.922064602034243,17.25925925925926,2.1410384359103842,25.074074074074073,3.14918702483338,61.8,3.8297084310253524,0.41408,0.048214728040299054,6.962962962962963,2.0658669530747296,21.46153846153846,3.1903701256220316,0.31579999999999997,0.05933169473392783,18.346153846153847,3.2734362091515723,39.73076923076923,4.359428332317826,0.46440000000000003,0.07184358008896828,0.46867999999999993,0.04662860352473219,13.444444444444445,3.954873656771559,18.25925925925926,3.6752037368182062,0.69588,0.08920310159032215,10.6,3.0956959368344514,25.615384615384617,3.8270293761811973,35.96296296296296,4.957368109743171,14.4,1.848422751068236,6.846153846153846,1.973672874461372,2.814814814814815,1.387777332977422,12.148148148148149,2.713268022481996,14.884615384615385,3.374337541822668,1.8846153846153846,8.387261403232515
