Year,Team,Rslt,Rslt_std,Tm,Tm_std,Opp_score,Opp_score_std,OT,OT_std,FG,FG_std,FGA,FGA_std,FG%,FG%_std,3P,3P_std,3PA,3PA_std,3P%,3P%_std,2P,2P_std,2PA,2PA_std,2P%,2P%_std,eFG%,eFG%_std,FT,FT_std,FTA,FTA_std,FT%,FT%_std,ORB,ORB_std,DRB,DRB_std,TRB,TRB_std,AST,AST_std,STL,STL_std,BLK,BLK_std,TOV,TOV_std,PF,PF_std,FG_opp,FG_opp_std,FGA_opp,FGA_opp_std,FG%_opp,FG%_opp_std,3P_opp,3P_opp_std,3PA_opp,3PA_opp_std,3P%_opp,3P%_opp_std,2P_opp,2P_opp_std,2PA_opp,2PA_opp_std,2P%_opp,2P%_opp_std,eFG%_opp,eFG%_opp_std,FT_opp,FT_opp_std,FTA_opp,FTA_opp_std,FT%_opp,FT%_opp_std,ORB_opp,ORB_opp_std,DRB_opp,DRB_opp_std,TRB_opp,TRB_opp_std,AST_opp,AST_opp_std,STL_opp,STL_opp_std,BLK_opp,BLK_opp_std,TOV_opp,TOV_opp_std,PF_opp,PF_opp_std,Spread,Spread_std
2022,providence,0.8333333333333334,0.3790490217894517,71.83333333333333,7.172815023567724,66.08333333333333,8.99234779357314,0.0,0.0,24.5,2.265046309153236,55.6,3.9051248379533274,0.44158333333333327,0.04828170656061981,6.958333333333333,2.053187694816265,20.96,3.622614157391501,0.34512499999999996,0.08367759686673192,16.92,3.2005207909547058,34.65384615384615,4.471619909538893,0.4912916666666666,0.08056781057872478,0.5096666666666668,0.056537534024957155,15.208333333333334,4.3537007413150866,21.083333333333332,5.157659282597322,0.7309200000000001,0.07979239729865663,8.8,2.48327740429189,24.92,3.340658617698013,33.53846153846154,3.7119350126937216,13.44,3.028751117760146,4.916666666666667,1.5857152183236396,3.5384615384615383,1.5551403597301237,10.72,2.87981480886069,15.791666666666666,2.0637485241701548,24.2,3.685557397915997,59.08,4.377213725647858,0.41241666666666665,0.04924377397562375,6.583333333333333,1.8157922373651019,21.88,3.1400636936215167,0.3075833333333334,0.07675818419282539,17.115384615384617,3.8400721147074632,37.583333333333336,4.5388819411130665,0.47000000000000003,0.0497812606614525,0.46562499999999996,0.055273086854587594,10.916666666666666,3.361116101725045,15.75,4.3363980244076945,0.7145833333333335,0.10154284453058383,8.125,2.1328180990131953,22.041666666666668,3.18254979354696,30.5,4.9254441424099005,11.24,3.0724582991474434,6.392857142857143,2.8065965379769366,3.48,1.8956089610817242,10.74074074074074,3.3580281827812692,18.666666666666668,2.615450192633178,6.375,5.330898447810609
