Year,Team,Rslt,Rslt_std,Tm,Tm_std,Opp_score,Opp_score_std,OT,OT_std,FG,FG_std,FGA,FGA_std,FG%,FG%_std,3P,3P_std,3PA,3PA_std,3P%,3P%_std,2P,2P_std,2PA,2PA_std,2P%,2P%_std,eFG%,eFG%_std,FT,FT_std,FTA,FTA_std,FT%,FT%_std,ORB,ORB_std,DRB,DRB_std,TRB,TRB_std,AST,AST_std,STL,STL_std,BLK,BLK_std,TOV,TOV_std,PF,PF_std,FG_opp,FG_opp_std,FGA_opp,FGA_opp_std,FG%_opp,FG%_opp_std,3P_opp,3P_opp_std,3PA_opp,3PA_opp_std,3P%_opp,3P%_opp_std,2P_opp,2P_opp_std,2PA_opp,2PA_opp_std,2P%_opp,2P%_opp_std,eFG%_opp,eFG%_opp_std,FT_opp,FT_opp_std,FTA_opp,FTA_opp_std,FT%_opp,FT%_opp_std,ORB_opp,ORB_opp_std,DRB_opp,DRB_opp_std,TRB_opp,TRB_opp_std,AST_opp,AST_opp_std,STL_opp,STL_opp_std,BLK_opp,BLK_opp_std,TOV_opp,TOV_opp_std,PF_opp,PF_opp_std,Spread,Spread_std
2023,drake,0.7941176470588235,0.4104256301219048,74.92857142857143,8.087157498288036,63.10344827586207,8.13872940059796,0.11764705882352941,0.3270349700838643,27.17241379310345,3.78029633680862,57.785714285714285,4.22827469286314,0.47121428571428575,0.06117331610412014,7.766666666666667,2.2996751394765385,20.896551724137932,3.7639723278378474,0.37303571428571425,0.07955034843737604,19.214285714285715,2.726511036812878,36.964285714285715,4.401028018434741,0.5317142857142858,0.06355275274095042,0.5382142857142858,0.07341831295561535,12.366666666666667,3.755302764168918,15.689655172413794,4.5206150677903345,0.787793103448276,0.09273941191406967,6.966666666666667,2.1890532252525303,25.857142857142858,2.837764974924818,32.903225806451616,4.221807185788865,12.827586206896552,2.3914873661928677,5.225806451612903,2.011793187173321,2.466666666666667,1.279367659898984,9.366666666666667,2.7728154909994345,14.75,2.1879298519461354,23.482758620689655,2.995480997092268,57.233333333333334,4.376136962281194,0.40732142857142856,0.039174872493993325,6.862068965517241,2.4308161170837033,22.266666666666666,4.719244046223515,0.30453571428571424,0.06567229651154687,16.428571428571427,3.414875643618031,35.357142857142854,5.645150562006727,0.46814285714285714,0.05846158237472378,0.4695000000000001,0.05195617811622063,10.0,3.295017884191656,14.689655172413794,4.054128832577105,0.696464285714286,0.09786592572488861,6.517241379310345,2.230001435860723,22.366666666666667,4.334968745330063,29.357142857142858,4.398773277768059,9.862068965517242,2.1831192940874184,5.064516129032258,2.096592217082564,2.0,1.4142135623730951,11.571428571428571,2.3637473611411157,16.678571428571427,2.8421897065541435,10.5,9.370955917878112
