Year,Team,Rslt,Rslt_std,Tm,Tm_std,Opp_score,Opp_score_std,OT,OT_std,FG,FG_std,FGA,FGA_std,FG%,FG%_std,3P,3P_std,3PA,3PA_std,3P%,3P%_std,2P,2P_std,2PA,2PA_std,2P%,2P%_std,eFG%,eFG%_std,FT,FT_std,FTA,FTA_std,FT%,FT%_std,ORB,ORB_std,DRB,DRB_std,TRB,TRB_std,AST,AST_std,STL,STL_std,BLK,BLK_std,TOV,TOV_std,PF,PF_std,FG_opp,FG_opp_std,FGA_opp,FGA_opp_std,FG%_opp,FG%_opp_std,3P_opp,3P_opp_std,3PA_opp,3PA_opp_std,3P%_opp,3P%_opp_std,2P_opp,2P_opp_std,2PA_opp,2PA_opp_std,2P%_opp,2P%_opp_std,eFG%_opp,eFG%_opp_std,FT_opp,FT_opp_std,FTA_opp,FTA_opp_std,FT%_opp,FT%_opp_std,ORB_opp,ORB_opp_std,DRB_opp,DRB_opp_std,TRB_opp,TRB_opp_std,AST_opp,AST_opp_std,STL_opp,STL_opp_std,BLK_opp,BLK_opp_std,TOV_opp,TOV_opp_std,PF_opp,PF_opp_std,Spread,Spread_std
2023,houston,1.0,0.0,75.57142857142857,7.24915612676845,56.86206896551724,8.521921890592496,0.0,0.0,27.96551724137931,3.6103300068858926,59.57142857142857,4.606184019004367,0.4660714285714286,0.05368490274806116,7.266666666666667,2.7534722071236346,22.357142857142858,4.816747678782666,0.33342857142857135,0.057837850333643366,19.785714285714285,3.5627407558116957,36.857142857142854,5.023753102820165,0.5443928571428571,0.08668988547337136,0.5299285714285716,0.06521924765397301,12.066666666666666,4.471621886838217,17.310344827586206,5.663816534280586,0.7309999999999999,0.08788334018163785,10.935483870967742,3.696263734015451,24.285714285714285,4.462661080044497,35.310344827586206,6.470280675496576,14.482758620689655,3.6899544098536,8.068965517241379,2.534491136342174,4.451612903225806,1.567135596716067,9.071428571428571,1.7623337101185195,16.896551724137932,2.956165803225123,18.517241379310345,3.042798167748754,51.607142857142854,3.1427669539729046,0.3611785714285715,0.05275523745909101,5.966666666666667,1.8842968748696896,22.275862068965516,3.594604604961421,0.28203571428571433,0.08827796257984594,12.5,3.6270059848024934,29.17241379310345,4.088913281381753,0.42167857142857146,0.082892636304072,0.42125,0.06220314687764182,12.8,4.278252946690047,19.133333333333333,5.348111708872087,0.6778928571428572,0.0921095721433081,7.833333333333333,2.2296332361660047,19.321428571428573,2.919329849894796,27.107142857142858,3.9938775896437035,9.96551724137931,2.1791669217630862,5.142857142857143,1.532712089469627,2.25,1.174576361770332,13.387096774193548,3.3033056105951273,16.178571428571427,2.5393725009168504,19.03448275862069,12.31863500851074
