Year,Team,Rslt,Rslt_std,Tm,Tm_std,Opp_score,Opp_score_std,OT,OT_std,FG,FG_std,FGA,FGA_std,FG%,FG%_std,3P,3P_std,3PA,3PA_std,3P%,3P%_std,2P,2P_std,2PA,2PA_std,2P%,2P%_std,eFG%,eFG%_std,FT,FT_std,FTA,FTA_std,FT%,FT%_std,ORB,ORB_std,DRB,DRB_std,TRB,TRB_std,AST,AST_std,STL,STL_std,BLK,BLK_std,TOV,TOV_std,PF,PF_std,FG_opp,FG_opp_std,FGA_opp,FGA_opp_std,FG%_opp,FG%_opp_std,3P_opp,3P_opp_std,3PA_opp,3PA_opp_std,3P%_opp,3P%_opp_std,2P_opp,2P_opp_std,2PA_opp,2PA_opp_std,2P%_opp,2P%_opp_std,eFG%_opp,eFG%_opp_std,FT_opp,FT_opp_std,FTA_opp,FTA_opp_std,FT%_opp,FT%_opp_std,ORB_opp,ORB_opp_std,DRB_opp,DRB_opp_std,TRB_opp,TRB_opp_std,AST_opp,AST_opp_std,STL_opp,STL_opp_std,BLK_opp,BLK_opp_std,TOV_opp,TOV_opp_std,PF_opp,PF_opp_std,Spread,Spread_std
2023,virginia-commonwealth,0.7941176470588235,0.4104256301219048,70.96551724137932,7.4281451184988185,62.214285714285715,4.856131236077808,0.0,0.0,25.103448275862068,3.446994835942575,53.57142857142857,4.332722789711658,0.4673928571428572,0.04367840324522991,6.0,1.9118505207764291,18.133333333333333,3.2241901772151365,0.35689655172413803,0.1017719245693127,18.857142857142858,2.771739468734333,36.06896551724138,5.09152681621113,0.5253928571428572,0.04509934653851491,0.5208571428571428,0.05624069587954859,15.793103448275861,4.78374711426116,21.82758620689655,6.251108276122159,0.7026896551724138,0.08025588694396543,7.827586206896552,1.670520994806312,22.379310344827587,2.9327436338137156,30.821428571428573,2.855191132326591,12.935483870967742,3.7232197882206535,9.0,1.7525491637693282,4.766666666666667,1.8323403789601471,12.827586206896552,2.904048473587487,16.103448275862068,2.781890769990374,22.344827586206897,2.2244720411974086,55.333333333333336,4.648569177962059,0.4170714285714285,0.04332557928182634,5.766666666666667,1.6543220995910686,19.033333333333335,3.316451503446514,0.32148275862068976,0.075551127763945,16.46875,2.828248916818297,35.857142857142854,4.592379240649349,0.46228571428571424,0.05508502326730732,0.47567857142857134,0.04882398740405935,11.793103448275861,2.6909811055347133,17.0,2.8535691936340255,0.698357142857143,0.07168512128577738,8.419354838709678,2.6680104141274397,21.333333333333332,2.7833660263755484,30.0,3.1959796173138706,11.137931034482758,2.166698244054344,6.241379310344827,2.0642392651634074,3.6666666666666665,1.347624559743176,15.379310344827585,2.6781362536479447,20.29032258064516,3.7165714342396883,8.785714285714286,8.207300918072175
