Year,Team,Rslt,Rslt_std,Tm,Tm_std,Opp_score,Opp_score_std,OT,OT_std,FG,FG_std,FGA,FGA_std,FG%,FG%_std,3P,3P_std,3PA,3PA_std,3P%,3P%_std,2P,2P_std,2PA,2PA_std,2P%,2P%_std,eFG%,eFG%_std,FT,FT_std,FTA,FTA_std,FT%,FT%_std,ORB,ORB_std,DRB,DRB_std,TRB,TRB_std,AST,AST_std,STL,STL_std,BLK,BLK_std,TOV,TOV_std,PF,PF_std,FG_opp,FG_opp_std,FGA_opp,FGA_opp_std,FG%_opp,FG%_opp_std,3P_opp,3P_opp_std,3PA_opp,3PA_opp_std,3P%_opp,3P%_opp_std,2P_opp,2P_opp_std,2PA_opp,2PA_opp_std,2P%_opp,2P%_opp_std,eFG%_opp,eFG%_opp_std,FT_opp,FT_opp_std,FTA_opp,FTA_opp_std,FT%_opp,FT%_opp_std,ORB_opp,ORB_opp_std,DRB_opp,DRB_opp_std,TRB_opp,TRB_opp_std,AST_opp,AST_opp_std,STL_opp,STL_opp_std,BLK_opp,BLK_opp_std,TOV_opp,TOV_opp_std,PF_opp,PF_opp_std,Spread,Spread_std
2023,kansas,0.7941176470588235,0.4104256301219048,75.46428571428571,8.925544460442955,67.85714285714286,6.340430442884631,0.0,0.0,28.3,4.5193072401679535,59.785714285714285,4.4167789743133525,0.4658571428571428,0.05375507850992747,7.2,2.2651786867173684,20.392857142857142,2.845910460504046,0.33910344827586203,0.08760354886303988,21.233333333333334,4.980536831149508,39.25,6.714412359494562,0.5328928571428572,0.07584650156033433,0.5235000000000001,0.056531538231458144,12.178571428571429,5.388970707937212,16.655172413793103,6.275097392920719,0.6832333333333336,0.11724206710413534,8.290322580645162,2.268531806949108,24.766666666666666,3.440963511148799,33.0,3.8681989301176025,16.321428571428573,3.4539678892390095,8.096774193548388,2.3145170656773795,3.4193548387096775,1.8933954253032144,12.310344827586206,2.4363826856906132,16.357142857142858,2.5993487177779278,23.580645161290324,2.5661150084435302,57.6551724137931,3.243409384197058,0.4163928571428571,0.039719702439781214,6.266666666666667,2.049950938577485,20.142857142857142,2.977872540543814,0.30689285714285713,0.07463954829252499,17.785714285714285,2.8977276264040754,38.07142857142857,4.233277089990085,0.47167857142857145,0.06169762200317417,0.47175000000000006,0.04167388826307144,12.678571428571429,3.9068180803855603,17.20689655172414,5.059498213013588,0.7269310344827586,0.08605352613115812,8.89655172413793,2.288867898363214,23.214285714285715,3.499811030423964,31.689655172413794,4.071709436341221,10.928571428571429,2.371568810795636,6.035714285714286,2.317120544781307,2.6666666666666665,1.632993161855452,13.866666666666667,4.183162747815658,15.892857142857142,2.8846886437583814,7.535714285714286,10.049809811567444
