Year,Team,Rslt,Rslt_std,Tm,Tm_std,Opp_score,Opp_score_std,OT,OT_std,FG,FG_std,FGA,FGA_std,FG%,FG%_std,3P,3P_std,3PA,3PA_std,3P%,3P%_std,2P,2P_std,2PA,2PA_std,2P%,2P%_std,eFG%,eFG%_std,FT,FT_std,FTA,FTA_std,FT%,FT%_std,ORB,ORB_std,DRB,DRB_std,TRB,TRB_std,AST,AST_std,STL,STL_std,BLK,BLK_std,TOV,TOV_std,PF,PF_std,FG_opp,FG_opp_std,FGA_opp,FGA_opp_std,FG%_opp,FG%_opp_std,3P_opp,3P_opp_std,3PA_opp,3PA_opp_std,3P%_opp,3P%_opp_std,2P_opp,2P_opp_std,2PA_opp,2PA_opp_std,2P%_opp,2P%_opp_std,eFG%_opp,eFG%_opp_std,FT_opp,FT_opp_std,FTA_opp,FTA_opp_std,FT%_opp,FT%_opp_std,ORB_opp,ORB_opp_std,DRB_opp,DRB_opp_std,TRB_opp,TRB_opp_std,AST_opp,AST_opp_std,STL_opp,STL_opp_std,BLK_opp,BLK_opp_std,TOV_opp,TOV_opp_std,PF_opp,PF_opp_std,Spread,Spread_std
2023,southeast-missouri-state,0.5428571428571428,0.505432670960188,77.37931034482759,9.600646529953254,75.96551724137932,10.21022862001172,0.0,0.0,26.517241379310345,4.102444303227497,60.51724137931034,5.641812586490599,0.4279000000000001,0.04348709677831916,7.827586206896552,1.8140122364771054,24.03448275862069,3.590490999259509,0.3263103448275863,0.05787369464635642,18.586206896551722,3.5001759280204183,36.275862068965516,4.366238588174837,0.5048965517241378,0.07020701268777836,0.49210000000000004,0.047968631991880006,15.7,4.12853818999012,22.482758620689655,5.207279860618021,0.7182666666666667,0.08875302164194025,7.7,2.842412768200211,23.70967741935484,4.172877092104014,31.79310344827586,5.009842529210642,13.724137931034482,3.0106543157371943,6.724137931034483,1.8878663641441877,3.3125,1.712148245013622,12.482758620689655,2.6675388557241355,20.733333333333334,3.0164301043970245,25.566666666666666,3.578511859200243,57.58620689655172,3.7656079131615687,0.4476551724137931,0.052459696000200944,7.2,2.1559860533104023,21.066666666666666,4.201258705750418,0.3470689655172413,0.07546329809653109,18.551724137931036,2.9226481008123892,37.53333333333333,5.230766630258884,0.49889655172413794,0.06422134982542031,0.5101379310344827,0.06113493514813361,16.689655172413794,5.4648451048226825,24.344827586206897,6.91930974090916,0.6880000000000001,0.08591274643497321,8.10344827586207,2.30441854435912,25.689655172413794,3.296138956370686,34.41379310344828,4.0840914480046875,13.266666666666667,3.3521309057367374,6.28125,2.0037766761148648,2.28125,1.5077086866735787,13.774193548387096,3.169749489779435,19.933333333333334,2.347901973712046,0.43333333333333335,10.440912013716087
