Year,Team,Rslt,Rslt_std,Tm,Tm_std,Opp_score,Opp_score_std,OT,OT_std,FG,FG_std,FGA,FGA_std,FG%,FG%_std,3P,3P_std,3PA,3PA_std,3P%,3P%_std,2P,2P_std,2PA,2PA_std,2P%,2P%_std,eFG%,eFG%_std,FT,FT_std,FTA,FTA_std,FT%,FT%_std,ORB,ORB_std,DRB,DRB_std,TRB,TRB_std,AST,AST_std,STL,STL_std,BLK,BLK_std,TOV,TOV_std,PF,PF_std,FG_opp,FG_opp_std,FGA_opp,FGA_opp_std,FG%_opp,FG%_opp_std,3P_opp,3P_opp_std,3PA_opp,3PA_opp_std,3P%_opp,3P%_opp_std,2P_opp,2P_opp_std,2PA_opp,2PA_opp_std,2P%_opp,2P%_opp_std,eFG%_opp,eFG%_opp_std,FT_opp,FT_opp_std,FTA_opp,FTA_opp_std,FT%_opp,FT%_opp_std,ORB_opp,ORB_opp_std,DRB_opp,DRB_opp_std,TRB_opp,TRB_opp_std,AST_opp,AST_opp_std,STL_opp,STL_opp_std,BLK_opp,BLK_opp_std,TOV_opp,TOV_opp_std,PF_opp,PF_opp_std,Spread,Spread_std
2023,xavier,0.7352941176470589,0.4478110755198991,82.0,7.74118375482238,74.03571428571429,7.23408671374698,0.0,0.0,30.25,2.5037009642763888,61.48275862068966,5.828628175131854,0.4981428571428573,0.03884605350631997,7.125,1.9134498484623643,19.24137931034483,3.5922055741145313,0.3967142857142858,0.07536324732665817,23.0,2.7386127875258306,42.206896551724135,5.659248500998972,0.5452499999999999,0.04228529645510713,0.5587142857142858,0.04651551484927498,13.0,3.7321001364608946,18.75,4.435755395186476,0.7169642857142859,0.07865088454818318,9.033333333333333,3.1236951298690814,25.580645161290324,3.8364410030511973,35.241379310344826,4.509158714801569,19.733333333333334,4.126728129822858,6.357142857142857,1.7891501337389772,2.8275862068965516,1.6490032815795421,12.161290322580646,2.8646904916418503,15.892857142857142,2.543536262681686,27.107142857142858,3.212698020578431,61.17857142857143,4.372079524102846,0.43710344827586206,0.04687014342657367,7.428571428571429,1.596954774019775,20.678571428571427,3.1978415339398034,0.36192857142857143,0.07361256362747819,19.6875,4.035627624370297,40.55172413793103,5.018438907074531,0.4841785714285714,0.0653724676282724,0.501357142857143,0.04729201192098294,11.857142857142858,2.704102311705183,16.142857142857142,4.274942370972067,0.7360689655172415,0.10247227187128749,7.4,3.046761989504539,21.1875,3.8473912401572457,29.5,4.392391540866531,14.571428571428571,2.7812676490136172,6.9,1.9000907419347655,4.166666666666667,2.0014362658942657,11.428571428571429,2.5448360411214073,17.75,2.1879298519461354,7.428571428571429,7.757570120849322
