Year,Team,Rslt,Rslt_std,Tm,Tm_std,Opp_score,Opp_score_std,OT,OT_std,FG,FG_std,FGA,FGA_std,FG%,FG%_std,3P,3P_std,3PA,3PA_std,3P%,3P%_std,2P,2P_std,2PA,2PA_std,2P%,2P%_std,eFG%,eFG%_std,FT,FT_std,FTA,FTA_std,FT%,FT%_std,ORB,ORB_std,DRB,DRB_std,TRB,TRB_std,AST,AST_std,STL,STL_std,BLK,BLK_std,TOV,TOV_std,PF,PF_std,FG_opp,FG_opp_std,FGA_opp,FGA_opp_std,FG%_opp,FG%_opp_std,3P_opp,3P_opp_std,3PA_opp,3PA_opp_std,3P%_opp,3P%_opp_std,2P_opp,2P_opp_std,2PA_opp,2PA_opp_std,2P%_opp,2P%_opp_std,eFG%_opp,eFG%_opp_std,FT_opp,FT_opp_std,FTA_opp,FTA_opp_std,FT%_opp,FT%_opp_std,ORB_opp,ORB_opp_std,DRB_opp,DRB_opp_std,TRB_opp,TRB_opp_std,AST_opp,AST_opp_std,STL_opp,STL_opp_std,BLK_opp,BLK_opp_std,TOV_opp,TOV_opp_std,PF_opp,PF_opp_std,Spread,Spread_std
2023,vermont,0.696969696969697,0.46669372215943755,73.4074074074074,8.073028500741787,66.66666666666667,7.676136848902377,0.0,0.0,26.444444444444443,3.3892741829452935,55.55555555555556,3.5984327072654767,0.47314814814814815,0.057684622470080105,8.821428571428571,2.37352014602739,24.11111111111111,3.724485853348737,0.3538518518518519,0.06881284747202356,17.392857142857142,2.67137481201036,31.892857142857142,4.466660743895623,0.5632962962962963,0.07158417036812989,0.5497777777777778,0.06666698717871672,11.285714285714286,3.3759184523364003,15.310344827586206,5.127680123435535,0.7034444444444444,0.07975025118520043,5.2592592592592595,1.700511067808114,23.5,3.5952643749696525,28.88888888888889,3.7757661813743524,13.5,2.9122983160180347,5.266666666666667,2.049950938577485,2.78125,1.8619167196649107,8.592592592592593,2.938592798488357,14.296296296296296,2.584194783305368,24.296296296296298,3.4173180533954812,55.0,3.4529808749943753,0.44455555555555554,0.05396746408241896,7.107142857142857,1.7917358790618276,19.925925925925927,3.4743668590442596,0.35540740740740734,0.09520433864517991,17.903225806451612,4.399657855710127,35.285714285714285,5.148585874581147,0.494111111111111,0.0740329102147943,0.5095185185185186,0.058987202243283486,10.25,3.5237290853109955,13.428571428571429,4.841399946209096,0.7534444444444445,0.0892409587462434,5.793103448275862,2.1276967819826003,23.74074074074074,4.494377620920409,29.678571428571427,5.715823205858883,10.962962962962964,2.209794307891774,4.766666666666667,2.329471352390751,2.8620689655172415,1.2456821978060995,10.285714285714286,2.1405631459993377,15.407407407407407,2.692714661955895,7.185185185185185,12.216121243406935
