Year,Team,Rslt,Rslt_std,Tm,Tm_std,Opp_score,Opp_score_std,OT,OT_std,FG,FG_std,FGA,FGA_std,FG%,FG%_std,3P,3P_std,3PA,3PA_std,3P%,3P%_std,2P,2P_std,2PA,2PA_std,2P%,2P%_std,eFG%,eFG%_std,FT,FT_std,FTA,FTA_std,FT%,FT%_std,ORB,ORB_std,DRB,DRB_std,TRB,TRB_std,AST,AST_std,STL,STL_std,BLK,BLK_std,TOV,TOV_std,PF,PF_std,FG_opp,FG_opp_std,FGA_opp,FGA_opp_std,FG%_opp,FG%_opp_std,3P_opp,3P_opp_std,3PA_opp,3PA_opp_std,3P%_opp,3P%_opp_std,2P_opp,2P_opp_std,2PA_opp,2PA_opp_std,2P%_opp,2P%_opp_std,eFG%_opp,eFG%_opp_std,FT_opp,FT_opp_std,FTA_opp,FTA_opp_std,FT%_opp,FT%_opp_std,ORB_opp,ORB_opp_std,DRB_opp,DRB_opp_std,TRB_opp,TRB_opp_std,AST_opp,AST_opp_std,STL_opp,STL_opp_std,BLK_opp,BLK_opp_std,TOV_opp,TOV_opp_std,PF_opp,PF_opp_std,Spread,Spread_std
2023,mississippi-state,0.6363636363636364,0.48850421045919723,65.46428571428571,6.7081053397123425,60.666666666666664,7.570184430229709,0.12121212121212122,0.33143398263980844,24.071428571428573,3.173134580944065,56.714285714285715,4.487489959606165,0.42914814814814806,0.04909151869699294,5.178571428571429,1.8268282862112648,19.185185185185187,4.279081830316092,0.26092857142857145,0.07549781874279968,19.214285714285715,3.3923349639940494,37.148148148148145,4.809475452796711,0.5138888888888888,0.08289025800294551,0.47437037037037044,0.053311240082072,12.407407407407407,3.835655186829326,19.185185185185187,4.723403572694303,0.6479999999999999,0.09516463467227566,11.25,2.757145598595013,23.17241379310345,3.882828180566706,35.964285714285715,4.6942213716136445,14.5,2.545875386086578,8.586206896551724,2.6256596637703713,3.3703703703703702,2.02195922024137,11.892857142857142,2.6435005651777796,15.03448275862069,3.3110503148082966,21.4,3.5194043383151823,54.03703703703704,3.777274979109446,0.3884444444444445,0.047397933526305794,7.32258064516129,2.371878253960962,23.655172413793103,3.8570516318349166,0.3025185185185186,0.07021744817700247,13.777777777777779,2.5012817227194257,30.333333333333332,3.430631249381194,0.4581481481481482,0.06413189756197993,0.4537037037037037,0.05843656311618532,10.481481481481481,4.518086476939702,15.3,6.3362667132996355,0.7189259259259259,0.10121983916434485,8.833333333333334,1.8769625744130132,21.444444444444443,3.2972404934725144,30.333333333333332,3.4751867686389284,11.821428571428571,2.211980366743146,6.392857142857143,1.9877268929755418,2.6785714285714284,1.441541649777185,13.580645161290322,3.3938590969414855,16.655172413793103,2.594993284727969,4.25,9.216028710089025
