Year,Team,Rslt,Rslt_std,Tm,Tm_std,Opp_score,Opp_score_std,OT,OT_std,FG,FG_std,FGA,FGA_std,FG%,FG%_std,3P,3P_std,3PA,3PA_std,3P%,3P%_std,2P,2P_std,2PA,2PA_std,2P%,2P%_std,eFG%,eFG%_std,FT,FT_std,FTA,FTA_std,FT%,FT%_std,ORB,ORB_std,DRB,DRB_std,TRB,TRB_std,AST,AST_std,STL,STL_std,BLK,BLK_std,TOV,TOV_std,PF,PF_std,FG_opp,FG_opp_std,FGA_opp,FGA_opp_std,FG%_opp,FG%_opp_std,3P_opp,3P_opp_std,3PA_opp,3PA_opp_std,3P%_opp,3P%_opp_std,2P_opp,2P_opp_std,2PA_opp,2PA_opp_std,2P%_opp,2P%_opp_std,eFG%_opp,eFG%_opp_std,FT_opp,FT_opp_std,FTA_opp,FTA_opp_std,FT%_opp,FT%_opp_std,ORB_opp,ORB_opp_std,DRB_opp,DRB_opp_std,TRB_opp,TRB_opp_std,AST_opp,AST_opp_std,STL_opp,STL_opp_std,BLK_opp,BLK_opp_std,TOV_opp,TOV_opp_std,PF_opp,PF_opp_std,Spread,Spread_std
2023,iowa,0.59375,0.49899091723584604,79.8076923076923,10.111455803272765,73.84615384615384,7.7650102778672885,0.0,0.0,28.037037037037038,3.7975850776055595,62.61538461538461,5.734645049709167,0.4585769230769231,0.051309393352034945,7.6,3.3280417769261126,23.285714285714285,4.920532513015255,0.3353703703703704,0.09897946490527454,20.666666666666668,3.430631249381194,38.73076923076923,4.359428332317826,0.5270384615384616,0.06361979614505585,0.5245,0.07117316910184625,14.73076923076923,4.6609672155696815,20.307692307692307,6.1499218256444905,0.736142857142857,0.07952298260191679,9.962962962962964,2.5340979502877197,22.74074074074074,3.898644661857528,33.2962962962963,5.105161903669468,16.46153846153846,3.80768453767661,6.321428571428571,2.126613921821912,3.5483870967741935,1.5457190274522588,9.821428571428571,2.931989230294144,14.5,1.816590212458495,28.074074074074073,3.1856158192958777,60.892857142857146,4.157450124101494,0.4777692307692308,0.05721839403010728,6.607142857142857,2.0609110842912406,18.962962962962962,3.7975850776055595,0.36722222222222217,0.0860180362720666,21.115384615384617,2.7470263642990114,40.55555555555556,4.500712194354384,0.5319230769230769,0.058656234503706814,0.5343461538461539,0.06638189048690452,9.464285714285714,3.338686178248174,13.26923076923077,3.9146667015999443,0.7461153846153847,0.09483093458279399,8.571428571428571,2.71386797119524,23.76923076923077,3.2410824402682796,31.923076923076923,3.846276921107755,14.857142857142858,3.524667420237039,5.827586206896552,2.346257894685574,3.607142857142857,1.9877268929755418,12.192307692307692,2.2094203904052443,18.153846153846153,2.935197542821371,5.962962962962963,12.971808134096275
