Year,Team,Rslt,Rslt_std,Tm,Tm_std,Opp_score,Opp_score_std,OT,OT_std,FG,FG_std,FGA,FGA_std,FG%,FG%_std,3P,3P_std,3PA,3PA_std,3P%,3P%_std,2P,2P_std,2PA,2PA_std,2P%,2P%_std,eFG%,eFG%_std,FT,FT_std,FTA,FTA_std,FT%,FT%_std,ORB,ORB_std,DRB,DRB_std,TRB,TRB_std,AST,AST_std,STL,STL_std,BLK,BLK_std,TOV,TOV_std,PF,PF_std,FG_opp,FG_opp_std,FGA_opp,FGA_opp_std,FG%_opp,FG%_opp_std,3P_opp,3P_opp_std,3PA_opp,3PA_opp_std,3P%_opp,3P%_opp_std,2P_opp,2P_opp_std,2PA_opp,2PA_opp_std,2P%_opp,2P%_opp_std,eFG%_opp,eFG%_opp_std,FT_opp,FT_opp_std,FTA_opp,FTA_opp_std,FT%_opp,FT%_opp_std,ORB_opp,ORB_opp_std,DRB_opp,DRB_opp_std,TRB_opp,TRB_opp_std,AST_opp,AST_opp_std,STL_opp,STL_opp_std,BLK_opp,BLK_opp_std,TOV_opp,TOV_opp_std,PF_opp,PF_opp_std,Spread,Spread_std
2023,utah-state,0.7647058823529411,0.4305615452020461,78.46428571428571,7.810164994971442,70.63333333333334,8.181068698982502,0.0,0.0,26.551724137931036,3.6896206434552097,56.8,4.389642982890679,0.47592857142857153,0.04792194932922937,8.793103448275861,2.483938553772266,23.642857142857142,4.588345023307429,0.38432142857142854,0.07092460972434225,17.724137931034484,3.228185599684419,32.357142857142854,4.847406986972983,0.5450357142857144,0.06516104388522057,0.5589999999999999,0.06629842744350337,14.655172413793103,4.211174438061578,19.428571428571427,4.565803417424019,0.7723793103448278,0.09471966675899975,7.566666666666666,2.1120889044332123,25.551724137931036,3.8599241933391806,33.0,4.311912869318279,16.482758620689655,4.076243803650369,4.892857142857143,1.3148520748875057,3.272727272727273,1.5262848536709832,11.133333333333333,2.2396633572979194,16.857142857142858,2.288688541085317,25.032258064516128,3.71020099157033,58.724137931034484,3.5040441097612782,0.4222142857142856,0.0510238558169986,6.827586206896552,2.57832954667,19.642857142857142,3.3578463745579956,0.34228571428571425,0.09586172802255809,17.866666666666667,3.3705963181950294,39.206896551724135,4.693303058194635,0.4536785714285715,0.053929345801931795,0.4818214285714285,0.059970396135913685,13.0,3.295017884191656,17.821428571428573,4.110092108804515,0.7534642857142856,0.09105451445795867,7.178571428571429,2.8421897065541435,20.9,2.9519134647628604,28.033333333333335,3.566929843120989,12.225806451612904,4.039056634243156,5.193548387096774,1.4701327567878506,2.6875,1.3545026464923717,10.344827586206897,2.2404696903768944,18.933333333333334,2.8639655812482654,9.214285714285714,8.052407704610456
