Year,Team,Rslt,Rslt_std,Tm,Tm_std,Opp_score,Opp_score_std,OT,OT_std,FG,FG_std,FGA,FGA_std,FG%,FG%_std,3P,3P_std,3PA,3PA_std,3P%,3P%_std,2P,2P_std,2PA,2PA_std,2P%,2P%_std,eFG%,eFG%_std,FT,FT_std,FTA,FTA_std,FT%,FT%_std,ORB,ORB_std,DRB,DRB_std,TRB,TRB_std,AST,AST_std,STL,STL_std,BLK,BLK_std,TOV,TOV_std,PF,PF_std,FG_opp,FG_opp_std,FGA_opp,FGA_opp_std,FG%_opp,FG%_opp_std,3P_opp,3P_opp_std,3PA_opp,3PA_opp_std,3P%_opp,3P%_opp_std,2P_opp,2P_opp_std,2PA_opp,2PA_opp_std,2P%_opp,2P%_opp_std,eFG%_opp,eFG%_opp_std,FT_opp,FT_opp_std,FTA_opp,FTA_opp_std,FT%_opp,FT%_opp_std,ORB_opp,ORB_opp_std,DRB_opp,DRB_opp_std,TRB_opp,TRB_opp_std,AST_opp,AST_opp_std,STL_opp,STL_opp_std,BLK_opp,BLK_opp_std,TOV_opp,TOV_opp_std,PF_opp,PF_opp_std,Spread,Spread_std
2023,northern-kentucky,0.6470588235294118,0.48507125007266594,68.07142857142857,7.98112853538976,63.714285714285715,9.732941936031406,0.0,0.0,24.25,2.6475005683208566,56.25,5.575242894559244,0.43489285714285714,0.046079110142605746,7.9655172413793105,2.397658956754777,23.535714285714285,3.824696965552549,0.34785714285714286,0.0671420353433891,15.766666666666667,2.4590905710814335,33.5,4.925368946511445,0.48817857142857146,0.06009686845321974,0.5065357142857143,0.06503872472831639,10.766666666666667,3.559187560659599,14.966666666666667,4.649681734257202,0.7053793103448276,0.09593726141640076,9.741935483870968,3.2554338362752193,20.4,2.9664793948382657,30.20689655172414,3.726155720471431,13.464285714285714,2.987407433645966,9.464285714285714,2.1684973950597572,2.28125,1.5499089463370046,10.714285714285714,2.3389953977935636,15.392857142857142,2.0965454074507055,23.0,3.6859472183621573,52.06896551724138,5.243574533810463,0.4313214285714286,0.04880198354456096,7.548387096774194,2.4743849023871145,20.0,3.1509635714446826,0.36658620689655175,0.08555262258707849,15.214285714285714,2.846142846121589,31.392857142857142,4.969084316229595,0.4810357142857143,0.07137614610501349,0.5005172413793104,0.06337733973683517,10.206896551724139,3.82080124679205,15.357142857142858,4.244510927759878,0.710392857142857,0.12049937429857967,8.620689655172415,2.6647673860348253,21.517241379310345,3.551867613917787,30.79310344827586,4.746271546810097,13.928571428571429,2.6236611602106477,5.482758620689655,2.164992406043633,2.0625,1.4797013648139472,14.466666666666667,3.4614461133177126,15.413793103448276,2.4424408368227284,3.7142857142857144,10.773276756098493
