Year,Team,Rslt,Rslt_std,Tm,Tm_std,Opp_score,Opp_score_std,OT,OT_std,FG,FG_std,FGA,FGA_std,FG%,FG%_std,3P,3P_std,3PA,3PA_std,3P%,3P%_std,2P,2P_std,2PA,2PA_std,2P%,2P%_std,eFG%,eFG%_std,FT,FT_std,FTA,FTA_std,FT%,FT%_std,ORB,ORB_std,DRB,DRB_std,TRB,TRB_std,AST,AST_std,STL,STL_std,BLK,BLK_std,TOV,TOV_std,PF,PF_std,FG_opp,FG_opp_std,FGA_opp,FGA_opp_std,FG%_opp,FG%_opp_std,3P_opp,3P_opp_std,3PA_opp,3PA_opp_std,3P%_opp,3P%_opp_std,2P_opp,2P_opp_std,2PA_opp,2PA_opp_std,2P%_opp,2P%_opp_std,eFG%_opp,eFG%_opp_std,FT_opp,FT_opp_std,FTA_opp,FTA_opp_std,FT%_opp,FT%_opp_std,ORB_opp,ORB_opp_std,DRB_opp,DRB_opp_std,TRB_opp,TRB_opp_std,AST_opp,AST_opp_std,STL_opp,STL_opp_std,BLK_opp,BLK_opp_std,TOV_opp,TOV_opp_std,PF_opp,PF_opp_std,Spread,Spread_std
2023,saint-marys-ca,0.7878787878787878,0.41514875026728054,72.03703703703704,6.536768676444405,60.44444444444444,6.772871981057583,0.0,0.0,25.925925925925927,2.986198070687696,55.67857142857143,5.354496700964052,0.46018518518518514,0.040091277621329816,7.344827586206897,2.175773459665149,21.071428571428573,4.224519007716837,0.3697407407407408,0.071643665559593,18.03448275862069,3.6300605919843587,34.67857142857143,4.2343705765903605,0.5075555555555555,0.054896639474935296,0.5330740740740739,0.045655841252306796,11.777777777777779,3.5337203464874647,16.75,5.725996597714413,0.6915185185185186,0.06292692365591791,8.89655172413793,2.9561658032251232,23.93103448275862,4.415322625995253,32.55555555555556,4.651991577918606,12.481481481481481,2.4864304097111147,6.806451612903226,2.4415753772064144,3.34375,1.536845848252297,9.481481481481481,2.0261819033376804,16.666666666666668,2.433737233777904,21.703703703703702,2.333943754098082,52.3448275862069,3.46694453856671,0.41700000000000004,0.04950369061610846,5.107142857142857,1.4742050139924308,16.25,2.547693219510689,0.3341071428571429,0.0774153488875833,16.433333333333334,2.9441155024818615,35.53333333333333,4.4623585331258315,0.45507407407407413,0.06332876726680192,0.4693703703703704,0.05648222875597391,12.0,3.641326579594209,15.428571428571429,4.315592499800998,0.7450000000000002,0.08651144877547001,5.9,2.186951901777827,20.333333333333332,2.9164614049283735,25.642857142857142,2.9591576092891296,7.928571428571429,2.106929860995244,4.428571428571429,1.8544954675472893,3.3448275862068964,1.5873576892110792,11.857142857142858,2.6064632730293353,17.11111111111111,2.6360420991930207,11.407407407407407,10.004842132530934
