Year,Team,Rslt,Rslt_std,Tm,Tm_std,Opp_score,Opp_score_std,OT,OT_std,FG,FG_std,FGA,FGA_std,FG%,FG%_std,3P,3P_std,3PA,3PA_std,3P%,3P%_std,2P,2P_std,2PA,2PA_std,2P%,2P%_std,eFG%,eFG%_std,FT,FT_std,FTA,FTA_std,FT%,FT%_std,ORB,ORB_std,DRB,DRB_std,TRB,TRB_std,AST,AST_std,STL,STL_std,BLK,BLK_std,TOV,TOV_std,PF,PF_std,FG_opp,FG_opp_std,FGA_opp,FGA_opp_std,FG%_opp,FG%_opp_std,3P_opp,3P_opp_std,3PA_opp,3PA_opp_std,3P%_opp,3P%_opp_std,2P_opp,2P_opp_std,2PA_opp,2PA_opp_std,2P%_opp,2P%_opp_std,eFG%_opp,eFG%_opp_std,FT_opp,FT_opp_std,FTA_opp,FTA_opp_std,FT%_opp,FT%_opp_std,ORB_opp,ORB_opp_std,DRB_opp,DRB_opp_std,TRB_opp,TRB_opp_std,AST_opp,AST_opp_std,STL_opp,STL_opp_std,BLK_opp,BLK_opp_std,TOV_opp,TOV_opp_std,PF_opp,PF_opp_std,Spread,Spread_std
2023,princeton,0.7241379310344828,0.454858826147342,76.04347826086956,7.78388931102724,67.8695652173913,8.018752724515016,0.0,0.0,26.708333333333332,2.6780779393578826,59.5,4.995650281908295,0.4579130434782609,0.043028439901026,8.76,2.1656407827707715,24.26086956521739,3.9567823395043398,0.34447826086956523,0.049661462620076126,18.48,3.2547401329957717,34.34782608695652,4.29173302198725,0.5439130434782609,0.06517243773495207,0.5307391304347825,0.04746023923560009,12.958333333333334,5.352603321640842,19.416666666666668,6.24093545570845,0.7113478260869566,0.07649456825377876,8.565217391304348,1.902775173183578,26.916666666666668,3.335144435522561,35.36,5.187163643713842,13.391304347826088,2.606619727379131,4.666666666666667,1.522773975253762,3.2,1.4719601443879744,11.346153846153847,2.464829530694692,15.869565217391305,2.6509749120257107,24.73913043478261,2.831918580370877,59.541666666666664,3.867132030966558,0.41908695652173905,0.05707484165030259,6.37037037037037,2.544196233181409,19.583333333333332,3.7056556852966,0.3080416666666666,0.08628188341591242,18.875,2.8485312767780187,40.88,5.190696806145908,0.46852173913043477,0.05092853242554475,0.47413043478260875,0.06769269085548983,11.666666666666666,3.6435370615434364,16.73913043478261,3.8637874883255043,0.6789565217391305,0.08851578095605818,7.25,2.823512391016236,22.125,3.2612680915891277,29.666666666666668,3.667325369028339,10.73913043478261,2.490297377356364,6.043478260869565,1.4295028019803127,3.375,1.3452816094393218,10.125,2.290101573596967,17.958333333333332,3.3554519771581433,6.125,8.497122275012979
