Year,Team,Rslt,Rslt_std,Tm,Tm_std,Opp_score,Opp_score_std,OT,OT_std,FG,FG_std,FGA,FGA_std,FG%,FG%_std,3P,3P_std,3PA,3PA_std,3P%,3P%_std,2P,2P_std,2PA,2PA_std,2P%,2P%_std,eFG%,eFG%_std,FT,FT_std,FTA,FTA_std,FT%,FT%_std,ORB,ORB_std,DRB,DRB_std,TRB,TRB_std,AST,AST_std,STL,STL_std,BLK,BLK_std,TOV,TOV_std,PF,PF_std,FG_opp,FG_opp_std,FGA_opp,FGA_opp_std,FG%_opp,FG%_opp_std,3P_opp,3P_opp_std,3PA_opp,3PA_opp_std,3P%_opp,3P%_opp_std,2P_opp,2P_opp_std,2PA_opp,2PA_opp_std,2P%_opp,2P%_opp_std,eFG%_opp,eFG%_opp_std,FT_opp,FT_opp_std,FTA_opp,FTA_opp_std,FT%_opp,FT%_opp_std,ORB_opp,ORB_opp_std,DRB_opp,DRB_opp_std,TRB_opp,TRB_opp_std,AST_opp,AST_opp_std,STL_opp,STL_opp_std,BLK_opp,BLK_opp_std,TOV_opp,TOV_opp_std,PF_opp,PF_opp_std,Spread,Spread_std
2023,florida-atlantic,1.0,0.0,77.6896551724138,7.987058497862393,64.67857142857143,9.124868629916131,0.0,0.0,28.142857142857142,3.3853090642240424,59.37931034482759,5.627824961128717,0.4725357142857144,0.04062883681515361,9.620689655172415,2.1615766914693193,26.214285714285715,3.862038828823956,0.37739285714285714,0.05897855183640555,18.225806451612904,3.8445604639919924,34.03333333333333,4.334968745330063,0.5505357142857144,0.06699280345145822,0.5548214285714285,0.047215858581490404,12.392857142857142,4.748015458446908,17.142857142857142,5.562535298027235,0.7061785714285713,0.0777498617702373,9.25,2.3194028605720116,26.310344827586206,3.174715378422158,35.206896551724135,4.370185598746086,14.862068965517242,2.655508263577998,6.862068965517241,1.7672443830324107,2.4705882352941178,1.6557575235604682,11.482758620689655,3.031038125498688,15.9,2.9166584564744875,23.0,3.6103300068858926,58.93103448275862,4.415322625995254,0.40342857142857147,0.04815363420109106,6.357142857142857,2.5706936045483153,20.7,4.136882050947099,0.30507142857142855,0.09564360100235882,17.0,2.7352296944647048,38.4,6.284079500803105,0.44814285714285707,0.05002126531913186,0.4571785714285714,0.06729319682274233,11.310344827586206,3.4959512120233156,15.5,4.358898943540674,0.7423214285714286,0.08333335714285374,7.344827586206897,2.7028538101813466,21.862068965517242,2.960744813761691,29.392857142857142,4.450046073122171,7.516129032258065,3.1609172481199765,5.758620689655173,2.385299807658105,1.9333333333333333,1.2015315896469556,11.6875,3.0946102990886923,16.678571428571427,2.1091260508591465,13.892857142857142,9.19878931532432
