Year,Team,Rslt,Rslt_std,Tm,Tm_std,Opp_score,Opp_score_std,OT,OT_std,FG,FG_std,FGA,FGA_std,FG%,FG%_std,3P,3P_std,3PA,3PA_std,3P%,3P%_std,2P,2P_std,2PA,2PA_std,2P%,2P%_std,eFG%,eFG%_std,FT,FT_std,FTA,FTA_std,FT%,FT%_std,ORB,ORB_std,DRB,DRB_std,TRB,TRB_std,AST,AST_std,STL,STL_std,BLK,BLK_std,TOV,TOV_std,PF,PF_std,FG_opp,FG_opp_std,FGA_opp,FGA_opp_std,FG%_opp,FG%_opp_std,3P_opp,3P_opp_std,3PA_opp,3PA_opp_std,3P%_opp,3P%_opp_std,2P_opp,2P_opp_std,2PA_opp,2PA_opp_std,2P%_opp,2P%_opp_std,eFG%_opp,eFG%_opp_std,FT_opp,FT_opp_std,FTA_opp,FTA_opp_std,FT%_opp,FT%_opp_std,ORB_opp,ORB_opp_std,DRB_opp,DRB_opp_std,TRB_opp,TRB_opp_std,AST_opp,AST_opp_std,STL_opp,STL_opp_std,BLK_opp,BLK_opp_std,TOV_opp,TOV_opp_std,PF_opp,PF_opp_std,Spread,Spread_std
2023,college-of-charleston,1.0,0.0,80.85714285714286,6.979941025508505,66.25,6.5071186090767235,0.0,0.0,27.24137931034483,3.8882163778505463,62.6551724137931,5.550262941448073,0.43475,0.04228266871986764,9.838709677419354,2.84132333245794,29.551724137931036,5.018438907074531,0.33375000000000005,0.05611669389168729,17.321428571428573,3.820544574607244,31.7,5.292480026186798,0.5271785714285715,0.061763019962762795,0.5118620689655173,0.04761431667796315,15.275862068965518,4.374410586615706,20.392857142857142,5.717674259854171,0.7412857142857144,0.06403289498540293,11.966666666666667,2.6061377597871735,24.733333333333334,3.352130905736738,37.58620689655172,4.3054553548733825,13.862068965517242,3.204061461991132,7.655172413793103,1.6534781969482546,3.0,1.4605934866804429,11.392857142857142,1.9117431586805547,17.233333333333334,3.7754500378770404,25.5,2.6034165586355513,59.241379310344826,5.2756527857006414,0.4312857142857142,0.031761678683662684,5.774193548387097,2.459128265861094,19.071428571428573,4.404783354731126,0.29675862068965525,0.08871408938366224,19.333333333333332,2.5908770094624174,40.642857142857146,4.174120317298056,0.48364285714285715,0.04489429088979305,0.47953571428571423,0.04219046947221274,9.464285714285714,4.442906479931576,14.2,6.370189192231859,0.673,0.08877353626357767,7.607142857142857,2.183087954222875,23.0,2.6708300832013507,30.482758620689655,2.585960579403059,11.71875,2.399386682386335,5.724137931034483,1.2788541669383442,3.3,1.393333883297477,13.620689655172415,2.381682974936725,18.071428571428573,3.3436348753854954,13.214285714285714,9.024071278190483
