Year,Team,Rslt,Rslt_std,Tm,Tm_std,Opp_score,Opp_score_std,OT,OT_std,FG,FG_std,FGA,FGA_std,FG%,FG%_std,3P,3P_std,3PA,3PA_std,3P%,3P%_std,2P,2P_std,2PA,2PA_std,2P%,2P%_std,eFG%,eFG%_std,FT,FT_std,FTA,FTA_std,FT%,FT%_std,ORB,ORB_std,DRB,DRB_std,TRB,TRB_std,AST,AST_std,STL,STL_std,BLK,BLK_std,TOV,TOV_std,PF,PF_std,FG_opp,FG_opp_std,FGA_opp,FGA_opp_std,FG%_opp,FG%_opp_std,3P_opp,3P_opp_std,3PA_opp,3PA_opp_std,3P%_opp,3P%_opp_std,2P_opp,2P_opp_std,2PA_opp,2PA_opp_std,2P%_opp,2P%_opp_std,eFG%_opp,eFG%_opp_std,FT_opp,FT_opp_std,FTA_opp,FTA_opp_std,FT%_opp,FT%_opp_std,ORB_opp,ORB_opp_std,DRB_opp,DRB_opp_std,TRB_opp,TRB_opp_std,AST_opp,AST_opp_std,STL_opp,STL_opp_std,BLK_opp,BLK_opp_std,TOV_opp,TOV_opp_std,PF_opp,PF_opp_std,Spread,Spread_std
2023,texas-christian,0.6363636363636364,0.48850421045919723,74.33333333333333,8.119302736262327,68.44444444444444,7.089175569585667,0.0,0.0,27.2,4.071769927786637,61.03703703703704,4.6033556446230826,0.4571481481481482,0.04861046397615649,5.0,2.0171676968565055,17.555555555555557,3.2855550208255218,0.31317857142857136,0.10430441685595762,22.428571428571427,3.8913824205360674,42.925925925925924,3.6154149237985216,0.5176071428571428,0.05816409690962431,0.5002592592592593,0.0500204516577528,14.37037037037037,3.306731457870889,19.689655172413794,4.384253058030215,0.708,0.07296469114473214,9.96551724137931,2.6387599715002725,22.862068965517242,3.805298354466107,33.2962962962963,4.729732589731725,15.962962962962964,3.1314960971184056,7.928571428571429,1.9800593225039802,4.533333333333333,1.5698305055298023,11.321428571428571,3.0191189716669604,16.517241379310345,2.384783453109863,25.071428571428573,2.8143622582451817,58.75,4.718953116795983,0.43435714285714283,0.04293424281793271,6.285714285714286,1.9599157740244455,20.035714285714285,3.656370826249386,0.29444444444444434,0.05802143724079212,18.296296296296298,3.2911865386071377,37.629629629629626,5.772268905646056,0.49962962962962965,0.06949606969968664,0.4853333333333334,0.056927754485569096,12.037037037037036,3.1437542657133495,17.14814814814815,3.879965341872406,0.7072142857142858,0.09556977561228243,9.071428571428571,2.193062655175134,22.785714285714285,3.4249319307336217,32.0,3.4641016151377544,13.964285714285714,2.755225914742717,6.321428571428571,1.6789231872789978,4.142857142857143,1.2971274735120224,13.966666666666667,2.9534705865721986,16.555555555555557,1.577079416890439,5.925925925925926,10.76292041410954
