Year,Team,Rslt,Rslt_std,Tm,Tm_std,Opp_score,Opp_score_std,OT,OT_std,FG,FG_std,FGA,FGA_std,FG%,FG%_std,3P,3P_std,3PA,3PA_std,3P%,3P%_std,2P,2P_std,2PA,2PA_std,2P%,2P%_std,eFG%,eFG%_std,FT,FT_std,FTA,FTA_std,FT%,FT%_std,ORB,ORB_std,DRB,DRB_std,TRB,TRB_std,AST,AST_std,STL,STL_std,BLK,BLK_std,TOV,TOV_std,PF,PF_std,FG_opp,FG_opp_std,FGA_opp,FGA_opp_std,FG%_opp,FG%_opp_std,3P_opp,3P_opp_std,3PA_opp,3PA_opp_std,3P%_opp,3P%_opp_std,2P_opp,2P_opp_std,2PA_opp,2PA_opp_std,2P%_opp,2P%_opp_std,eFG%_opp,eFG%_opp_std,FT_opp,FT_opp_std,FTA_opp,FTA_opp_std,FT%_opp,FT%_opp_std,ORB_opp,ORB_opp_std,DRB_opp,DRB_opp_std,TRB_opp,TRB_opp_std,AST_opp,AST_opp_std,STL_opp,STL_opp_std,BLK_opp,BLK_opp_std,TOV_opp,TOV_opp_std,PF_opp,PF_opp_std,Spread,Spread_std
2023,duke,0.7647058823529411,0.43056154520204615,72.26666666666667,8.464666249335746,64.39285714285714,7.728443308897075,0.0,0.0,25.928571428571427,2.992937011978695,57.642857142857146,3.6939819498073683,0.4519999999999999,0.05303388155314103,6.733333333333333,2.2732831086237417,19.93103448275862,4.131162362223759,0.34560714285714284,0.0762643255690192,19.214285714285715,2.46992491799429,37.142857142857146,4.486310747929096,0.5108275862068965,0.05829424681581072,0.5125000000000001,0.06851520512509127,13.357142857142858,3.2112566562281057,17.571428571428573,4.0224239184718185,0.7712500000000001,0.07529872607254486,10.333333333333334,2.745947902830182,24.892857142857142,3.0348504840135795,34.96666666666667,5.020532554066031,14.413793103448276,3.8407332017589555,5.464285714285714,1.835496559257908,4.1875,1.7308864035330234,10.866666666666667,3.0595619850282305,15.0,3.1052950170405937,23.275862068965516,3.4527065131588945,57.241379310344826,5.110599436561745,0.4088214285714286,0.04444643348723776,5.774193548387097,1.802029918718607,20.0,3.042903097250923,0.30335714285714277,0.06702195012786331,17.366666666666667,3.736892802328153,37.285714285714285,4.361932487608563,0.4733103448275862,0.0645672979192341,0.461,0.045745673748089744,10.464285714285714,4.185354915320297,13.892857142857142,5.2376082024660535,0.7732857142857142,0.09545480107160167,7.827586206896552,2.5223142083248153,19.5,2.8857557427641987,27.535714285714285,4.630671840362011,10.666666666666666,3.0095633012727636,6.0,1.8708286933869707,3.4482758620689653,1.3252009792737027,9.933333333333334,2.6252531350306976,16.785714285714285,1.872948613266394,8.357142857142858,10.597743595321097
