Year,Team,Rslt,Rslt_std,Tm,Tm_std,Opp_score,Opp_score_std,OT,OT_std,FG,FG_std,FGA,FGA_std,FG%,FG%_std,3P,3P_std,3PA,3PA_std,3P%,3P%_std,2P,2P_std,2PA,2PA_std,2P%,2P%_std,eFG%,eFG%_std,FT,FT_std,FTA,FTA_std,FT%,FT%_std,ORB,ORB_std,DRB,DRB_std,TRB,TRB_std,AST,AST_std,STL,STL_std,BLK,BLK_std,TOV,TOV_std,PF,PF_std,FG_opp,FG_opp_std,FGA_opp,FGA_opp_std,FG%_opp,FG%_opp_std,3P_opp,3P_opp_std,3PA_opp,3PA_opp_std,3P%_opp,3P%_opp_std,2P_opp,2P_opp_std,2PA_opp,2PA_opp_std,2P%_opp,2P%_opp_std,eFG%_opp,eFG%_opp_std,FT_opp,FT_opp_std,FTA_opp,FTA_opp_std,FT%_opp,FT%_opp_std,ORB_opp,ORB_opp_std,DRB_opp,DRB_opp_std,TRB_opp,TRB_opp_std,AST_opp,AST_opp_std,STL_opp,STL_opp_std,BLK_opp,BLK_opp_std,TOV_opp,TOV_opp_std,PF_opp,PF_opp_std,Spread,Spread_std
2023,iona,0.7941176470588235,0.4104256301219048,76.53571428571429,4.525500936930489,64.46428571428571,8.66872686135775,0.0,0.0,28.2,3.1337979601710786,61.55172413793103,5.8772333560257985,0.46217857142857144,0.040049093550040486,7.0,1.4142135623730951,19.633333333333333,2.8343135559308417,0.3712758620689655,0.08336018943276227,20.838709677419356,3.7336021408602926,41.32142857142857,4.7457862122610175,0.506896551724138,0.06346784609299995,0.5206785714285714,0.048127187643536684,12.548387096774194,4.2413732813592295,17.06896551724138,4.9708509941368515,0.7374137931034482,0.09448602211112624,10.3125,3.449520770829927,23.03448275862069,3.4276476588042715,34.13793103448276,4.298871429398938,15.206896551724139,3.488545648105562,7.241379310344827,1.9021636630388097,5.428571428571429,1.9706846230683088,10.0,2.4201534780139164,15.827586206896552,2.5223142083248153,23.166666666666668,2.960467499583799,56.55172413793103,3.7946033756276987,0.40757142857142853,0.05517408716218053,5.535714285714286,1.2614554456142482,19.344827586206897,3.884730750634606,0.2909285714285715,0.06765869059254999,17.551724137931036,2.7849879058028204,37.645161290322584,5.0960663725189335,0.46960714285714283,0.06401119073789004,0.4576071428571428,0.0661168098117456,12.275862068965518,4.787607154519871,17.517241379310345,5.667077160829737,0.6879642857142858,0.07873324966730767,9.10344827586207,3.166169695684664,21.785714285714285,2.7400614058696764,30.785714285714285,4.314979445958882,11.517241379310345,3.2029081612895447,5.344827586206897,1.4705650534249344,2.5454545454545454,1.4809395052404464,13.0,2.918650119236377,16.344827586206897,2.5949932847279684,12.285714285714286,9.770921116808765
