Year,Team,Rslt,Rslt_std,Tm,Tm_std,Opp_score,Opp_score_std,OT,OT_std,FG,FG_std,FGA,FGA_std,FG%,FG%_std,3P,3P_std,3PA,3PA_std,3P%,3P%_std,2P,2P_std,2PA,2PA_std,2P%,2P%_std,eFG%,eFG%_std,FT,FT_std,FTA,FTA_std,FT%,FT%_std,ORB,ORB_std,DRB,DRB_std,TRB,TRB_std,AST,AST_std,STL,STL_std,BLK,BLK_std,TOV,TOV_std,PF,PF_std,FG_opp,FG_opp_std,FGA_opp,FGA_opp_std,FG%_opp,FG%_opp_std,3P_opp,3P_opp_std,3PA_opp,3PA_opp_std,3P%_opp,3P%_opp_std,2P_opp,2P_opp_std,2PA_opp,2PA_opp_std,2P%_opp,2P%_opp_std,eFG%_opp,eFG%_opp_std,FT_opp,FT_opp_std,FTA_opp,FTA_opp_std,FT%_opp,FT%_opp_std,ORB_opp,ORB_opp_std,DRB_opp,DRB_opp_std,TRB_opp,TRB_opp_std,AST_opp,AST_opp_std,STL_opp,STL_opp_std,BLK_opp,BLK_opp_std,TOV_opp,TOV_opp_std,PF_opp,PF_opp_std,Spread,Spread_std
2023,missouri,0.7272727272727273,0.45226701686664544,79.55555555555556,10.415717905510856,75.35714285714286,7.898496273737387,0.0,0.0,28.428571428571427,4.693798678229184,59.51851851851852,5.176651504372378,0.4739629629629629,0.06509311760942137,9.344827586206897,2.7810052405170422,25.678571428571427,3.1511734607752357,0.36037037037037034,0.08641765673756374,18.59259259259259,4.290053426772026,33.77777777777778,5.235480532888687,0.5537407407407406,0.07568131188517394,0.5561111111111111,0.08389523381223904,12.74074074074074,3.4035342783708793,17.428571428571427,5.363999139866333,0.7592962962962962,0.06689360945378105,7.678571428571429,2.126613921821912,19.137931034482758,3.4818318037147638,27.379310344827587,5.073839016418635,15.814814814814815,4.297020766110802,10.709677419354838,3.3585070928126854,2.2333333333333334,1.4546793303071948,10.551724137931034,2.6129650221341563,17.413793103448278,2.8475207434251386,25.642857142857142,3.3688583153950464,57.17857142857143,4.730152072009802,0.45129629629629625,0.042467919851627026,8.607142857142858,2.4089230068456016,25.074074074074073,3.3503837429570993,0.3701666666666667,0.09132627500203394,16.2,3.9861830329795183,31.77777777777778,4.088758823646697,0.5248148148148147,0.07539283634457435,0.5313703703703704,0.05720351532241847,14.535714285714286,4.059576176173903,20.071428571428573,4.928590598843171,0.7491851851851853,0.07694205463905791,10.785714285714286,1.9313618848260237,23.142857142857142,4.560005569475853,33.77777777777778,3.9645868281510395,14.785714285714286,2.4848748810761427,6.258064516129032,2.1597490893694706,2.142857142857143,1.0788981249502494,16.20689655172414,3.0163756675002675,16.178571428571427,2.8810179711804214,5.222222222222222,11.02909904031266
