Year,Team,Rslt,Rslt_std,Tm,Tm_std,Opp_score,Opp_score_std,OT,OT_std,FG,FG_std,FGA,FGA_std,FG%,FG%_std,3P,3P_std,3PA,3PA_std,3P%,3P%_std,2P,2P_std,2PA,2PA_std,2P%,2P%_std,eFG%,eFG%_std,FT,FT_std,FTA,FTA_std,FT%,FT%_std,ORB,ORB_std,DRB,DRB_std,TRB,TRB_std,AST,AST_std,STL,STL_std,BLK,BLK_std,TOV,TOV_std,PF,PF_std,FG_opp,FG_opp_std,FGA_opp,FGA_opp_std,FG%_opp,FG%_opp_std,3P_opp,3P_opp_std,3PA_opp,3PA_opp_std,3P%_opp,3P%_opp_std,2P_opp,2P_opp_std,2PA_opp,2PA_opp_std,2P%_opp,2P%_opp_std,eFG%_opp,eFG%_opp_std,FT_opp,FT_opp_std,FTA_opp,FTA_opp_std,FT%_opp,FT%_opp_std,ORB_opp,ORB_opp_std,DRB_opp,DRB_opp_std,TRB_opp,TRB_opp_std,AST_opp,AST_opp_std,STL_opp,STL_opp_std,BLK_opp,BLK_opp_std,TOV_opp,TOV_opp_std,PF_opp,PF_opp_std,Spread,Spread_std
2023,texas,0.7647058823529411,0.43056154520204615,77.28571428571429,8.18244345855081,67.25,10.373131246246325,0.0,0.0,28.25,3.7675515184857717,60.13793103448276,5.061931717176715,0.4677142857142858,0.03709133585848852,7.4,2.6729810299003054,20.933333333333334,4.258325179379017,0.325,0.065044713965201,21.142857142857142,3.4287918800378887,39.48275862068966,5.455146257402745,0.5428928571428571,0.06454934333413256,0.525,0.04259542663679247,14.551724137931034,3.942318089802276,18.79310344827586,4.410857629149976,0.746607142857143,0.06885375768315007,8.551724137931034,2.197176872010205,22.896551724137932,3.4052986819514808,31.428571428571427,4.104456218131806,15.964285714285714,3.2143445026957798,8.172413793103448,1.733472269283355,3.413793103448276,1.5472842886653826,11.5,2.5154693810294235,17.275862068965516,3.1155892784069175,23.79310344827586,3.745276170866324,55.37931034482759,4.562375580326612,0.4215714285714286,0.053187598506800764,6.466666666666667,1.9428619723691543,20.20689655172414,3.5191243872875493,0.332103448275862,0.0860408311823048,16.655172413793103,3.425491227223221,35.58064516129032,5.0317272948653,0.47042857142857136,0.07251075453896147,0.4802857142857143,0.06109486075425666,14.206896551724139,3.638870609178736,19.5,4.917843550295718,0.7238928571428573,0.060942802136717766,8.551724137931034,1.824167263958147,22.678571428571427,2.611279967522263,30.93103448275862,3.7409990499364763,11.206896551724139,2.920118764033256,5.9,1.4227220146727477,3.0,2.052872551885702,15.724137931034482,3.1836249748196734,18.17241379310345,2.9285413911712017,9.178571428571429,11.3138838713312
