Year,Team,Rslt,Rslt_std,Tm,Tm_std,Opp_score,Opp_score_std,OT,OT_std,FG,FG_std,FGA,FGA_std,FG%,FG%_std,3P,3P_std,3PA,3PA_std,3P%,3P%_std,2P,2P_std,2PA,2PA_std,2P%,2P%_std,eFG%,eFG%_std,FT,FT_std,FTA,FTA_std,FT%,FT%_std,ORB,ORB_std,DRB,DRB_std,TRB,TRB_std,AST,AST_std,STL,STL_std,BLK,BLK_std,TOV,TOV_std,PF,PF_std,FG_opp,FG_opp_std,FGA_opp,FGA_opp_std,FG%_opp,FG%_opp_std,3P_opp,3P_opp_std,3PA_opp,3PA_opp_std,3P%_opp,3P%_opp_std,2P_opp,2P_opp_std,2PA_opp,2PA_opp_std,2P%_opp,2P%_opp_std,eFG%_opp,eFG%_opp_std,FT_opp,FT_opp_std,FTA_opp,FTA_opp_std,FT%_opp,FT%_opp_std,ORB_opp,ORB_opp_std,DRB_opp,DRB_opp_std,TRB_opp,TRB_opp_std,AST_opp,AST_opp_std,STL_opp,STL_opp_std,BLK_opp,BLK_opp_std,TOV_opp,TOV_opp_std,PF_opp,PF_opp_std,Spread,Spread_std
2024,mcneese-state,1.0,0.0,79.28571428571429,9.071147352221454,62.75,8.453029261968972,0.0,0.0,28.37037037037037,3.7840571241840837,58.333333333333336,5.385164807134505,0.48951851851851863,0.04201773469012851,7.518518518518518,1.9289369405964834,19.517241379310345,4.656950946512815,0.39296296296296296,0.08430187582614201,20.714285714285715,3.4411146219313653,38.74074074074074,3.9084975727705498,0.544074074074074,0.0661286193867247,0.5526666666666669,0.04892458875264445,15.25,4.647779238717331,21.25,5.045166370270033,0.6761071428571428,0.0829195680277265,9.741935483870968,3.0764453723465106,23.555555555555557,4.041451884327381,33.148148148148145,4.959091912093643,15.03448275862069,3.8866323893634784,10.0,2.401922307076307,3.033333333333333,1.5643293888377887,8.266666666666667,3.3002960508094583,17.821428571428573,3.4539678892390095,20.77777777777778,2.886751345948129,53.25,3.8837267325770144,0.3904814814814816,0.06062391656152924,8.10344827586207,2.6905234167644103,25.357142857142858,3.7536578280321566,0.3091481481481481,0.07397957291021087,12.379310344827585,3.1215128326713666,27.785714285714285,5.404779386028648,0.4657037037037038,0.07930797554946781,0.4667407407407407,0.07653787026071202,12.0,4.514932489485904,17.037037037037038,5.487618801808313,0.708925925925926,0.0960944751177098,9.25,2.4438130497691968,20.666666666666668,3.025532375276482,30.392857142857142,3.5312287832391602,12.4,3.0467619895045392,4.433333333333334,1.6750364552560584,2.7666666666666666,1.6120950886075682,15.11111111111111,3.0550504633038935,17.571428571428573,3.225231216845763,16.814814814814813,10.254593856252676
