Year,Team,Rslt,Rslt_std,Tm,Tm_std,Opp_score,Opp_score_std,OT,OT_std,FG,FG_std,FGA,FGA_std,FG%,FG%_std,3P,3P_std,3PA,3PA_std,3P%,3P%_std,2P,2P_std,2PA,2PA_std,2P%,2P%_std,eFG%,eFG%_std,FT,FT_std,FTA,FTA_std,FT%,FT%_std,ORB,ORB_std,DRB,DRB_std,TRB,TRB_std,AST,AST_std,STL,STL_std,BLK,BLK_std,TOV,TOV_std,PF,PF_std,FG_opp,FG_opp_std,FGA_opp,FGA_opp_std,FG%_opp,FG%_opp_std,3P_opp,3P_opp_std,3PA_opp,3PA_opp_std,3P%_opp,3P%_opp_std,2P_opp,2P_opp_std,2PA_opp,2PA_opp_std,2P%_opp,2P%_opp_std,eFG%_opp,eFG%_opp_std,FT_opp,FT_opp_std,FTA_opp,FTA_opp_std,FT%_opp,FT%_opp_std,ORB_opp,ORB_opp_std,DRB_opp,DRB_opp_std,TRB_opp,TRB_opp_std,AST_opp,AST_opp_std,STL_opp,STL_opp_std,BLK_opp,BLK_opp_std,TOV_opp,TOV_opp_std,PF_opp,PF_opp_std,Spread,Spread_std
2024,duquesne,0.6857142857142857,0.47100821595360554,70.35483870967742,8.060390342478351,65.46666666666667,7.486693176072042,0.0,0.0,24.566666666666666,2.990598294809843,56.766666666666666,3.7845724336769044,0.44199999999999995,0.04369802331203678,7.766666666666667,2.062528300049662,22.379310344827587,3.764626647239198,0.3371379310344828,0.06013717897911826,17.344827586206897,2.7291529568840525,34.13333333333333,4.5768030804024775,0.5046206896551725,0.06095104229338697,0.503206896551724,0.05002597847286435,13.241379310344827,3.3875314696882266,18.448275862068964,5.704548353829798,0.7309310344827586,0.10627892246163352,9.033333333333333,3.034097415449409,22.78125,3.739366644664014,31.620689655172413,4.378631497751717,13.241379310344827,2.9958920972104583,7.9393939393939394,2.726483471655774,4.193548387096774,1.7780017780026671,11.2,1.972220873131048,17.3,3.445636921253232,23.28125,3.029259198273165,54.44827586206897,3.571576351622345,0.42255172413793113,0.05135561327428897,6.65625,1.5985754747233853,20.233333333333334,3.500574665466478,0.3198275862068966,0.06948898626273561,16.517241379310345,2.6675388557241355,34.13793103448276,4.9477566195703755,0.489344827586207,0.058658987779287845,0.48444827586206896,0.05350539772963936,12.64516129032258,4.062416252238514,19.266666666666666,5.848273151159641,0.7071999999999999,0.09326913227045033,8.633333333333333,2.709922168793698,22.90625,2.9768935421493197,30.87878787878788,4.587738929456262,12.0,2.5596335944683637,6.46875,1.7224209331541875,3.7241379310344827,1.4366765150398315,12.448275862068966,2.501231223911132,16.870967741935484,3.6582503603395886,4.310344827586207,8.018298039376926
