Year,Team,Rslt,Rslt_std,Tm,Tm_std,Opp_score,Opp_score_std,OT,OT_std,FG,FG_std,FGA,FGA_std,FG%,FG%_std,3P,3P_std,3PA,3PA_std,3P%,3P%_std,2P,2P_std,2PA,2PA_std,2P%,2P%_std,eFG%,eFG%_std,FT,FT_std,FTA,FTA_std,FT%,FT%_std,ORB,ORB_std,DRB,DRB_std,TRB,TRB_std,AST,AST_std,STL,STL_std,BLK,BLK_std,TOV,TOV_std,PF,PF_std,FG_opp,FG_opp_std,FGA_opp,FGA_opp_std,FG%_opp,FG%_opp_std,3P_opp,3P_opp_std,3PA_opp,3PA_opp_std,3P%_opp,3P%_opp_std,2P_opp,2P_opp_std,2PA_opp,2PA_opp_std,2P%_opp,2P%_opp_std,eFG%_opp,eFG%_opp_std,FT_opp,FT_opp_std,FTA_opp,FTA_opp_std,FT%_opp,FT%_opp_std,ORB_opp,ORB_opp_std,DRB_opp,DRB_opp_std,TRB_opp,TRB_opp_std,AST_opp,AST_opp_std,STL_opp,STL_opp_std,BLK_opp,BLK_opp_std,TOV_opp,TOV_opp_std,PF_opp,PF_opp_std,Spread,Spread_std
2024,longwood,0.6176470588235294,0.4932702180563817,75.28571428571429,7.19494237414003,68.17857142857143,8.393355270594276,0.0,0.0,26.517241379310345,2.9954809970922676,59.41379310344828,4.93180089810225,0.4545714285714287,0.04777216652172993,6.0,2.243765308275509,16.266666666666666,3.352130905736738,0.34735714285714286,0.10027193185263918,20.79310344827586,3.629042675267991,41.689655172413794,6.3981216455404315,0.4980714285714288,0.05614658630263423,0.5048214285714286,0.05842757693103271,15.857142857142858,4.187408689678084,23.035714285714285,5.547653109780299,0.6800714285714287,0.07615283296275963,12.3125,3.4401565980860287,23.642857142857142,2.7109419671410064,35.266666666666666,4.548082834696875,12.433333333333334,3.0589984086899777,7.0344827586206895,2.1627158624002902,2.6129032258064515,1.6263951827039396,11.8125,3.0841687330938217,17.892857142857142,3.0470299529856173,23.642857142857142,3.0210898905832195,53.93103448275862,5.1334410241833375,0.4361428571428572,0.053076963187092964,7.4,2.6076809620810595,21.066666666666666,4.660422752270984,0.321448275862069,0.07030778569307981,16.035714285714285,2.8736625598591963,32.0,5.443310539518174,0.49907142857142855,0.08281614110493936,0.5055357142857142,0.06789287975696069,11.966666666666667,5.041095483936098,17.366666666666667,6.195010970090387,0.698642857142857,0.08750882041710796,6.9655172413793105,2.679055785435949,19.586206896551722,3.0649777601070354,27.20689655172414,2.756541704289577,11.733333333333333,3.1286587776755774,6.2,1.9896282792660474,2.757575757575758,1.561855927860806,12.75,2.6475005683208566,19.275862068965516,3.1611091150794564,5.857142857142857,11.31277313388879
