Year,Team,Rslt,Rslt_std,Tm,Tm_std,Opp_score,Opp_score_std,OT,OT_std,FG,FG_std,FGA,FGA_std,FG%,FG%_std,3P,3P_std,3PA,3PA_std,3P%,3P%_std,2P,2P_std,2PA,2PA_std,2P%,2P%_std,eFG%,eFG%_std,FT,FT_std,FTA,FTA_std,FT%,FT%_std,ORB,ORB_std,DRB,DRB_std,TRB,TRB_std,AST,AST_std,STL,STL_std,BLK,BLK_std,TOV,TOV_std,PF,PF_std,FG_opp,FG_opp_std,FGA_opp,FGA_opp_std,FG%_opp,FG%_opp_std,3P_opp,3P_opp_std,3PA_opp,3PA_opp_std,3P%_opp,3P%_opp_std,2P_opp,2P_opp_std,2PA_opp,2PA_opp_std,2P%_opp,2P%_opp_std,eFG%_opp,eFG%_opp_std,FT_opp,FT_opp_std,FTA_opp,FTA_opp_std,FT%_opp,FT%_opp_std,ORB_opp,ORB_opp_std,DRB_opp,DRB_opp_std,TRB_opp,TRB_opp_std,AST_opp,AST_opp_std,STL_opp,STL_opp_std,BLK_opp,BLK_opp_std,TOV_opp,TOV_opp_std,PF_opp,PF_opp_std,Spread,Spread_std
2024,clemson,0.65625,0.48255870443481425,77.88888888888889,6.95221787153807,70.61538461538461,6.15192277634837,0.0,0.0,27.192307692307693,3.3108214179472837,58.888888888888886,4.370648018608237,0.46480769230769226,0.047594973878147456,8.423076923076923,2.1757403691263706,23.73076923076923,4.313306780721188,0.3608076923076923,0.07047099785345413,18.821428571428573,3.2094025223185314,34.53846153846154,3.786616106560254,0.5426923076923078,0.05667858094961039,0.543962962962963,0.06304606464963748,14.25925925925926,3.426060673410752,17.576923076923077,4.041515328913915,0.7999999999999999,0.07836207874102999,7.357142857142857,2.0223617604046735,26.192307692307693,3.6223664173490873,34.714285714285715,4.775377765604812,14.62962962962963,3.3299127748815116,4.642857142857143,1.2535663410560174,3.7241379310344827,1.9801975320684175,9.758620689655173,2.6002084039250324,16.185185185185187,2.4657193838253533,24.653846153846153,2.8134293336397516,58.666666666666664,4.047791420591652,0.41573076923076907,0.050438523128503825,7.925925925925926,2.3026059806215877,23.5,3.591656999213594,0.34019230769230785,0.0565756267173554,16.464285714285715,2.9874074336459655,34.7037037037037,4.102670938779862,0.46684615384615386,0.06271630876108211,0.4849230769230769,0.058903937441853974,13.692307692307692,3.259070183585874,18.285714285714285,4.293467413858225,0.748923076923077,0.06327648730890366,7.269230769230769,2.691582319866027,22.964285714285715,3.0729662694409274,29.678571428571427,4.690838758044051,10.666666666666666,2.631174057921087,5.923076923076923,1.4675987714106857,2.2,1.3235271579877137,8.592592592592593,1.802973169715027,15.807692307692308,2.332710539595185,5.961538461538462,8.445025845932122
