Year,Team,Rslt,Rslt_std,Tm,Tm_std,Opp_score,Opp_score_std,OT,OT_std,FG,FG_std,FGA,FGA_std,FG%,FG%_std,3P,3P_std,3PA,3PA_std,3P%,3P%_std,2P,2P_std,2PA,2PA_std,2P%,2P%_std,eFG%,eFG%_std,FT,FT_std,FTA,FTA_std,FT%,FT%_std,ORB,ORB_std,DRB,DRB_std,TRB,TRB_std,AST,AST_std,STL,STL_std,BLK,BLK_std,TOV,TOV_std,PF,PF_std,FG_opp,FG_opp_std,FGA_opp,FGA_opp_std,FG%_opp,FG%_opp_std,3P_opp,3P_opp_std,3PA_opp,3PA_opp_std,3P%_opp,3P%_opp_std,2P_opp,2P_opp_std,2PA_opp,2PA_opp_std,2P%_opp,2P%_opp_std,eFG%_opp,eFG%_opp_std,FT_opp,FT_opp_std,FTA_opp,FTA_opp_std,FT%_opp,FT%_opp_std,ORB_opp,ORB_opp_std,DRB_opp,DRB_opp_std,TRB_opp,TRB_opp_std,AST_opp,AST_opp_std,STL_opp,STL_opp_std,BLK_opp,BLK_opp_std,TOV_opp,TOV_opp_std,PF_opp,PF_opp_std,Spread,Spread_std
2024,utah-state,0.8181818181818182,0.39167472590032015,79.96296296296296,7.45489762340829,69.67857142857143,9.72226757359037,0.12121212121212122,0.33143398263980844,28.03448275862069,3.4276476588042715,57.214285714285715,4.130797993547017,0.4984814814814815,0.06198037553586579,6.074074074074074,1.591465844045524,18.962962962962962,3.4915445279823074,0.3246666666666667,0.06991533341230553,22.0,3.7106914139053346,38.51724137931034,4.563994879607529,0.5748148148148148,0.07529073752258746,0.5543333333333335,0.06896543169755967,16.40740740740741,4.431176777711269,22.59259259259259,6.4346373949554,0.7135925925925927,0.06882098252224851,7.857142857142857,1.9760470401187074,24.928571428571427,3.4311057652725854,32.51851851851852,3.876659648265505,16.1,3.57529839603489,6.555555555555555,2.2245714078711765,3.8620689655172415,1.3017608385522192,11.033333333333333,1.9910720268468327,17.0,3.151719107619417,25.714285714285715,3.7004218263762434,59.0,4.314554973040049,0.434037037037037,0.045481595163049185,6.25,1.838376900863811,22.0,3.701851388657263,0.2834285714285714,0.07446322909176373,19.321428571428573,2.8681336224434304,36.888888888888886,3.26205849748677,0.5195185185185185,0.04784781191876077,0.48811111111111116,0.05246121888766489,12.851851851851851,3.7795370463722513,17.857142857142858,5.9111588493119465,0.738107142857143,0.06974521849306592,7.310344827586207,2.7268957792942885,21.357142857142858,3.2570639552310925,28.107142857142858,4.450046073122171,12.678571428571429,2.9445941860696054,6.571428571428571,1.372442306109034,1.7666666666666666,1.3817363722139078,10.962962962962964,2.472642334418812,18.79310344827586,3.1325401644310005,8.428571428571429,11.820974990898582
