Year,Team,Rslt,Rslt_std,Tm,Tm_std,Opp_score,Opp_score_std,OT,OT_std,FG,FG_std,FGA,FGA_std,FG%,FG%_std,3P,3P_std,3PA,3PA_std,3P%,3P%_std,2P,2P_std,2PA,2PA_std,2P%,2P%_std,eFG%,eFG%_std,FT,FT_std,FTA,FTA_std,FT%,FT%_std,ORB,ORB_std,DRB,DRB_std,TRB,TRB_std,AST,AST_std,STL,STL_std,BLK,BLK_std,TOV,TOV_std,PF,PF_std,FG_opp,FG_opp_std,FGA_opp,FGA_opp_std,FG%_opp,FG%_opp_std,3P_opp,3P_opp_std,3PA_opp,3PA_opp_std,3P%_opp,3P%_opp_std,2P_opp,2P_opp_std,2PA_opp,2PA_opp_std,2P%_opp,2P%_opp_std,eFG%_opp,eFG%_opp_std,FT_opp,FT_opp_std,FTA_opp,FTA_opp_std,FT%_opp,FT%_opp_std,ORB_opp,ORB_opp_std,DRB_opp,DRB_opp_std,TRB_opp,TRB_opp_std,AST_opp,AST_opp_std,STL_opp,STL_opp_std,BLK_opp,BLK_opp_std,TOV_opp,TOV_opp_std,PF_opp,PF_opp_std,Spread,Spread_std
2024,nevada,0.7878787878787878,0.41514875026728054,76.48148148148148,6.795758690708212,66.4074074074074,7.077913965065279,0.0,0.0,25.62962962962963,3.352933826093984,54.22222222222222,4.405707254261955,0.47540740740740733,0.03880747277290733,6.392857142857143,2.601129180927586,18.033333333333335,4.619921878226897,0.3522592592592592,0.08307716181246694,18.821428571428573,3.5699732484584525,36.642857142857146,6.243303290633571,0.5344074074074073,0.06269723295284266,0.5354444444444444,0.052290853247325506,17.666666666666668,4.260733053577301,23.655172413793103,5.4463346919148,0.7327857142857142,0.08001405299851193,7.678571428571429,2.9571454131829555,23.51851851851852,3.2388313463390603,30.964285714285715,4.220603281936371,14.241379310344827,4.396875289938405,6.111111111111111,1.9676876967127865,3.5185185185185186,1.3691763489937572,9.444444444444445,2.5166114784235836,17.321428571428573,3.115713715615085,23.103448275862068,3.1435288131357693,55.0,4.613644360558612,0.42096428571428574,0.03880481274356948,7.2592592592592595,2.086450659200058,23.14814814814815,3.0971910810591896,0.3103333333333334,0.07330389852157619,15.962962962962964,2.6235835956170495,32.32142857142857,3.0798457324109165,0.49340740740740735,0.05712150292898548,0.4823333333333333,0.04260371959203707,12.535714285714286,5.01466104505832,18.333333333333332,5.7177187489686565,0.7007777777777778,0.09146766277397347,7.466666666666667,2.046583921349534,22.321428571428573,3.3890189930789316,29.703703703703702,3.3605724651385356,12.962962962962964,3.2043417838623687,4.466666666666667,1.6131642354623141,2.129032258064516,1.5436306873487362,11.178571428571429,2.1951726740243167,21.103448275862068,3.2220759455690637,9.703703703703704,8.511597584901054
