Year,Team,Rslt,Rslt_std,Tm,Tm_std,Opp_score,Opp_score_std,OT,OT_std,FG,FG_std,FGA,FGA_std,FG%,FG%_std,3P,3P_std,3PA,3PA_std,3P%,3P%_std,2P,2P_std,2PA,2PA_std,2P%,2P%_std,eFG%,eFG%_std,FT,FT_std,FTA,FTA_std,FT%,FT%_std,ORB,ORB_std,DRB,DRB_std,TRB,TRB_std,AST,AST_std,STL,STL_std,BLK,BLK_std,TOV,TOV_std,PF,PF_std,FG_opp,FG_opp_std,FGA_opp,FGA_opp_std,FG%_opp,FG%_opp_std,3P_opp,3P_opp_std,3PA_opp,3PA_opp_std,3P%_opp,3P%_opp_std,2P_opp,2P_opp_std,2PA_opp,2PA_opp_std,2P%_opp,2P%_opp_std,eFG%_opp,eFG%_opp_std,FT_opp,FT_opp_std,FTA_opp,FTA_opp_std,FT%_opp,FT%_opp_std,ORB_opp,ORB_opp_std,DRB_opp,DRB_opp_std,TRB_opp,TRB_opp_std,AST_opp,AST_opp_std,STL_opp,STL_opp_std,BLK_opp,BLK_opp_std,TOV_opp,TOV_opp_std,PF_opp,PF_opp_std,Spread,Spread_std
2024,houston,0.8823529411764706,0.3270349700838643,73.82142857142857,6.571845512422933,56.82142857142857,8.730761162475495,0.0,0.0,26.464285714285715,3.1795893382303886,60.92857142857143,3.463337840105841,0.4336428571428571,0.038474825136862796,7.71875,1.9383127847725978,22.20689655172414,3.416130960445787,0.34885714285714287,0.05762697046407805,19.29032258064516,3.959743664995642,38.642857142857146,4.692107523903626,0.48885714285714293,0.05309580040986313,0.4976071428571429,0.04283849020899597,12.357142857142858,4.218252101718293,17.166666666666668,7.032355436729983,0.7287666666666667,0.08952544748353083,12.03448275862069,2.6656915294252,22.5,3.2145502536643185,34.92857142857143,4.446626448498543,12.933333333333334,2.545223157120065,10.10344827586207,2.9440597284581482,4.806451612903226,2.271847336988259,8.206896551724139,1.9157115489854564,17.896551724137932,2.30441854435912,18.586206896551722,3.354285546445561,49.285714285714285,5.177280444812006,0.3759285714285715,0.04989390861019125,5.862068965517241,2.26343824951325,20.066666666666666,3.5712775009099684,0.2928571428571428,0.08260065208500308,12.862068965517242,2.682271664240626,28.551724137931036,5.539379844715418,0.4379310344827588,0.07411088749515955,0.4381428571428571,0.06353460083014219,12.551724137931034,3.9963037109000727,19.107142857142858,4.700979296828092,0.672448275862069,0.0797570356085533,7.7,2.291664054334979,20.633333333333333,2.9182343898362566,29.214285714285715,3.8620388288239558,11.25,3.238941299366313,5.0,1.3333333333333333,2.696969696969697,1.570924259887481,14.548387096774194,4.10559544749536,15.964285714285714,3.2487278747584885,16.535714285714285,11.55816896576918
