Year,Team,Rslt,Rslt_std,Tm,Tm_std,Opp_score,Opp_score_std,OT,OT_std,FG,FG_std,FGA,FGA_std,FG%,FG%_std,3P,3P_std,3PA,3PA_std,3P%,3P%_std,2P,2P_std,2PA,2PA_std,2P%,2P%_std,eFG%,eFG%_std,FT,FT_std,FTA,FTA_std,FT%,FT%_std,ORB,ORB_std,DRB,DRB_std,TRB,TRB_std,AST,AST_std,STL,STL_std,BLK,BLK_std,TOV,TOV_std,PF,PF_std,FG_opp,FG_opp_std,FGA_opp,FGA_opp_std,FG%_opp,FG%_opp_std,3P_opp,3P_opp_std,3PA_opp,3PA_opp_std,3P%_opp,3P%_opp_std,2P_opp,2P_opp_std,2PA_opp,2PA_opp_std,2P%_opp,2P%_opp_std,eFG%_opp,eFG%_opp_std,FT_opp,FT_opp_std,FTA_opp,FTA_opp_std,FT%_opp,FT%_opp_std,ORB_opp,ORB_opp_std,DRB_opp,DRB_opp_std,TRB_opp,TRB_opp_std,AST_opp,AST_opp_std,STL_opp,STL_opp_std,BLK_opp,BLK_opp_std,TOV_opp,TOV_opp_std,PF_opp,PF_opp_std,Spread,Spread_std
2024,south-dakota-state,0.6470588235294118,0.485071250072666,76.10344827586206,6.81041653638122,71.27586206896552,9.13351970852474,0.0,0.0,27.741935483870968,3.492541977180173,58.107142857142854,4.693094104653376,0.4824285714285714,0.046412345557037105,8.64516129032258,1.9587136441514228,23.357142857142858,3.4449564391621657,0.36292857142857143,0.05979404688033786,19.535714285714285,3.271449365706422,34.32142857142857,4.480852857218403,0.5594642857142856,0.06153317812840493,0.5572857142857144,0.05242126875600607,12.178571428571429,4.110092108804515,17.285714285714285,4.798588857826332,0.7260000000000001,0.08687511562171134,6.9655172413793105,2.026304846277889,24.79310344827586,4.26262251893318,31.857142857142858,4.874075682282104,12.413793103448276,2.5706758613711793,5.8,1.7300587990804999,3.103448275862069,1.4477773010033317,10.928571428571429,2.433235484007851,14.483870967741936,3.595098216015204,24.714285714285715,2.719710535484502,58.827586206896555,4.009532975273175,0.4189285714285713,0.05857437726478765,9.6875,2.375106109683958,28.035714285714285,4.022917154735159,0.34742857142857153,0.06601258497939143,15.0,3.1269438398822866,31.392857142857142,4.245601521001739,0.4864285714285714,0.07313226403119244,0.5009642857142856,0.06478824890184327,10.8,4.92985276411599,15.709677419354838,6.8322448647917415,0.7547142857142858,0.08575540459929867,7.193548387096774,2.4687291580718163,23.225806451612904,2.985628659867743,31.142857142857142,3.4179730371288306,11.8,2.483045960384002,6.642857142857143,1.7043362064926932,2.8275862068965516,1.6272010481902743,10.580645161290322,3.095956433246298,17.5,2.991366888576018,6.25,9.939166818050547
