Year,Team,Rslt,Rslt_std,Tm,Tm_std,Opp_score,Opp_score_std,OT,OT_std,FG,FG_std,FGA,FGA_std,FG%,FG%_std,3P,3P_std,3PA,3PA_std,3P%,3P%_std,2P,2P_std,2PA,2PA_std,2P%,2P%_std,eFG%,eFG%_std,FT,FT_std,FTA,FTA_std,FT%,FT%_std,ORB,ORB_std,DRB,DRB_std,TRB,TRB_std,AST,AST_std,STL,STL_std,BLK,BLK_std,TOV,TOV_std,PF,PF_std,FG_opp,FG_opp_std,FGA_opp,FGA_opp_std,FG%_opp,FG%_opp_std,3P_opp,3P_opp_std,3PA_opp,3PA_opp_std,3P%_opp,3P%_opp_std,2P_opp,2P_opp_std,2PA_opp,2PA_opp_std,2P%_opp,2P%_opp_std,eFG%_opp,eFG%_opp_std,FT_opp,FT_opp_std,FTA_opp,FTA_opp_std,FT%_opp,FT%_opp_std,ORB_opp,ORB_opp_std,DRB_opp,DRB_opp_std,TRB_opp,TRB_opp_std,AST_opp,AST_opp_std,STL_opp,STL_opp_std,BLK_opp,BLK_opp_std,TOV_opp,TOV_opp_std,PF_opp,PF_opp_std,Spread,Spread_std
2024,auburn,0.7941176470588235,0.4104256301219048,84.93333333333334,9.51562538337768,68.06896551724138,8.088488444709373,0.0,0.0,29.214285714285715,3.5523298860110977,60.82142857142857,4.18156068178494,0.47503571428571434,0.04523722012520316,8.172413793103448,2.330986387121515,22.275862068965516,2.864768149732913,0.35417857142857156,0.08919062131870666,21.20689655172414,2.623782851762312,37.857142857142854,4.3180438447869705,0.5550714285714287,0.058166382407091835,0.5406785714285716,0.05835844130850028,16.741935483870968,5.124891816324737,22.607142857142858,5.300868452358193,0.7621785714285715,0.06698869643257324,9.827586206896552,2.5223142083248153,24.464285714285715,3.0121008155025826,34.464285714285715,4.5499869178252546,17.857142857142858,2.9528929407577107,7.482758620689655,2.1977373048396265,6.32258064516129,1.9215808903815552,10.6,2.7492945803706035,18.75862068965517,2.7601135123369875,22.724137931034484,2.6578260682119503,57.964285714285715,3.12080406136271,0.3870357142857143,0.04060968881186884,5.551724137931035,2.147859514170058,18.892857142857142,3.457030257469292,0.29503571428571423,0.07244026000672049,16.516129032258064,2.9311086382907012,38.3448275862069,3.4045753046343545,0.43024999999999997,0.04779324684978459,0.4358928571428572,0.04990015162577297,17.4,4.91022859219265,23.714285714285715,5.408204623410366,0.7371428571428572,0.0723288346198134,10.0,2.9361010975735176,21.285714285714285,3.183954481076345,30.666666666666668,5.221529260292616,9.482758620689655,2.3697602298118747,6.464285714285714,1.7946864547601262,3.25,1.4591203713417602,11.892857142857142,2.199987974955111,18.928571428571427,3.3102374473248832,16.0,10.540925533894598
