Year,Team,Rslt,Rslt_std,Tm,Tm_std,Opp_score,Opp_score_std,OT,OT_std,FG,FG_std,FGA,FGA_std,FG%,FG%_std,3P,3P_std,3PA,3PA_std,3P%,3P%_std,2P,2P_std,2PA,2PA_std,2P%,2P%_std,eFG%,eFG%_std,FT,FT_std,FTA,FTA_std,FT%,FT%_std,ORB,ORB_std,DRB,DRB_std,TRB,TRB_std,AST,AST_std,STL,STL_std,BLK,BLK_std,TOV,TOV_std,PF,PF_std,FG_opp,FG_opp_std,FGA_opp,FGA_opp_std,FG%_opp,FG%_opp_std,3P_opp,3P_opp_std,3PA_opp,3PA_opp_std,3P%_opp,3P%_opp_std,2P_opp,2P_opp_std,2PA_opp,2PA_opp_std,2P%_opp,2P%_opp_std,eFG%_opp,eFG%_opp_std,FT_opp,FT_opp_std,FTA_opp,FTA_opp_std,FT%_opp,FT%_opp_std,ORB_opp,ORB_opp_std,DRB_opp,DRB_opp_std,TRB_opp,TRB_opp_std,AST_opp,AST_opp_std,STL_opp,STL_opp_std,BLK_opp,BLK_opp_std,TOV_opp,TOV_opp_std,PF_opp,PF_opp_std,Spread,Spread_std
2024,colorado-state,0.7058823529411765,0.4624972900628803,75.78571428571429,7.795331664990001,68.96428571428571,6.6079757804749795,0.0,0.0,27.178571428571427,2.161165176619992,56.392857142857146,4.961625224432501,0.4895357142857143,0.056443011011669916,7.413793103448276,1.8031171695410133,21.75,3.4707774772082836,0.33427586206896553,0.05471216667493629,19.896551724137932,2.6368924836715184,35.0,3.6351458999998494,0.5813571428571427,0.07250553709926512,0.5539285714285714,0.06531911895905593,14.03448275862069,4.709282312781623,18.035714285714285,5.500721453403773,0.7613571428571431,0.07000646228674008,6.379310344827586,2.2742941307367106,23.285714285714285,3.895459302136678,29.928571428571427,5.381233311952935,18.137931034482758,3.481831803714764,6.548387096774194,2.4336352736515985,3.0,1.0827805840074194,9.586206896551724,1.7630582475450018,16.928571428571427,2.5081876506763385,24.466666666666665,3.0255615988615645,56.392857142857146,3.4247388190686863,0.43762068965517237,0.041317943000506493,6.28125,2.0037766761148648,19.071428571428573,3.2424107564014024,0.33192857142857146,0.06877441846297673,18.035714285714285,2.9749838823982055,37.214285714285715,3.7550671233054014,0.4817857142857142,0.05519819987863073,0.49296428571428563,0.04751645496102896,12.655172413793103,4.311743615398081,17.285714285714285,4.767615623155744,0.7302333333333332,0.1168980349480377,7.741935483870968,2.032531130314841,22.06896551724138,3.1045017369108945,30.535714285714285,3.6258551262875076,11.464285714285714,2.2849287671390264,5.193548387096774,1.7966516048603614,2.7333333333333334,1.507071454117585,10.678571428571429,2.7494588212089686,16.566666666666666,3.1805804429416638,7.464285714285714,8.469912513681471
