Year,Team,Rslt,Rslt_std,Tm,Tm_std,Opp_score,Opp_score_std,OT,OT_std,FG,FG_std,FGA,FGA_std,FG%,FG%_std,3P,3P_std,3PA,3PA_std,3P%,3P%_std,2P,2P_std,2PA,2PA_std,2P%,2P%_std,eFG%,eFG%_std,FT,FT_std,FTA,FTA_std,FT%,FT%_std,ORB,ORB_std,DRB,DRB_std,TRB,TRB_std,AST,AST_std,STL,STL_std,BLK,BLK_std,TOV,TOV_std,PF,PF_std,FG_opp,FG_opp_std,FGA_opp,FGA_opp_std,FG%_opp,FG%_opp_std,3P_opp,3P_opp_std,3PA_opp,3PA_opp_std,3P%_opp,3P%_opp_std,2P_opp,2P_opp_std,2PA_opp,2PA_opp_std,2P%_opp,2P%_opp_std,eFG%_opp,eFG%_opp_std,FT_opp,FT_opp_std,FTA_opp,FTA_opp_std,FT%_opp,FT%_opp_std,ORB_opp,ORB_opp_std,DRB_opp,DRB_opp_std,TRB_opp,TRB_opp_std,AST_opp,AST_opp_std,STL_opp,STL_opp_std,BLK_opp,BLK_opp_std,TOV_opp,TOV_opp_std,PF_opp,PF_opp_std,Spread,Spread_std
2024,baylor,0.696969696969697,0.46669372215943755,78.62068965517241,11.797135830069239,71.25925925925925,7.9158681558606485,0.12121212121212122,0.33143398263980844,27.14814814814815,3.968178265456171,57.758620689655174,7.149701154662704,0.48270370370370375,0.04884734054237426,8.6,3.102835188484324,21.814814814814813,2.961769702741888,0.3806666666666667,0.11152405742536174,18.814814814814813,3.5304939405680145,35.0,6.0128068448808625,0.5394444444444444,0.07299174523050446,0.556074074074074,0.06473373031469637,16.333333333333332,4.394051923645454,22.22222222222222,5.033222956847166,0.7385925925925926,0.055670223541618644,8.833333333333334,3.2914029430219167,21.964285714285715,3.282751136844678,32.111111111111114,5.32290647422377,14.366666666666667,3.9346676092654,6.37037037037037,2.0408924923283354,2.8620689655172415,1.3289130341059754,11.241379310344827,3.1013265872824847,17.103448275862068,3.4573403029559224,26.142857142857142,2.8246833413386323,56.629629629629626,4.6005697652836615,0.45707407407407397,0.043598629059185524,6.566666666666666,2.1283526628524854,20.5,3.5952643749696525,0.3331111111111112,0.07272938953795846,19.071428571428573,2.6933191890246233,36.407407407407405,4.002492101171846,0.5268888888888889,0.05599885529965585,0.516925925925926,0.053151399088558565,12.892857142857142,4.271692228772398,16.678571428571427,5.793058243235935,0.7322142857142856,0.08215042983267416,6.758620689655173,2.1655611680148388,18.321428571428573,3.197841533939804,26.0,4.332347027793453,14.137931034482758,2.6284723690908174,6.428571428571429,2.3480263016473035,3.5517241379310347,1.4780829016125616,10.857142857142858,2.6064632730293353,19.142857142857142,3.3190168749003095,8.785714285714286,11.89571084500361
