Year,Team,Rslt,Rslt_std,Tm,Tm_std,Opp_score,Opp_score_std,OT,OT_std,FG,FG_std,FGA,FGA_std,FG%,FG%_std,3P,3P_std,3PA,3PA_std,3P%,3P%_std,2P,2P_std,2PA,2PA_std,2P%,2P%_std,eFG%,eFG%_std,FT,FT_std,FTA,FTA_std,FT%,FT%_std,ORB,ORB_std,DRB,DRB_std,TRB,TRB_std,AST,AST_std,STL,STL_std,BLK,BLK_std,TOV,TOV_std,PF,PF_std,FG_opp,FG_opp_std,FGA_opp,FGA_opp_std,FG%_opp,FG%_opp_std,3P_opp,3P_opp_std,3PA_opp,3PA_opp_std,3P%_opp,3P%_opp_std,2P_opp,2P_opp_std,2PA_opp,2PA_opp_std,2P%_opp,2P%_opp_std,eFG%_opp,eFG%_opp_std,FT_opp,FT_opp_std,FTA_opp,FTA_opp_std,FT%_opp,FT%_opp_std,ORB_opp,ORB_opp_std,DRB_opp,DRB_opp_std,TRB_opp,TRB_opp_std,AST_opp,AST_opp_std,STL_opp,STL_opp_std,BLK_opp,BLK_opp_std,TOV_opp,TOV_opp_std,PF_opp,PF_opp_std,Spread,Spread_std
2024,north-carolina,0.7941176470588235,0.41042563012190475,81.28571428571429,6.938124107967956,70.53571428571429,8.587165888080769,0.0,0.0,27.689655172413794,3.0249374052067126,62.107142857142854,3.52072473299215,0.449642857142857,0.04011484835071745,7.548387096774194,1.8044151347443924,22.464285714285715,3.469252698451683,0.35353571428571423,0.04889102177887071,20.035714285714285,3.3497611065416995,39.86206896551724,4.41364878150748,0.5003571428571427,0.05309684672628998,0.5143214285714287,0.040693118511363736,16.903225806451612,4.459856789252897,23.20689655172414,3.8487410775178676,0.7521428571428572,0.0754721995840383,10.535714285714286,1.9528164438810074,28.0,3.595632271043777,37.758620689655174,4.7257287602306315,14.709677419354838,2.8424584240535724,5.517241379310345,2.0808770413178537,4.0,2.1172526114494827,9.586206896551724,2.0092152231176934,16.392857142857142,2.8328664414568285,24.928571428571427,3.1023118193274226,61.892857142857146,3.9000406998283315,0.40478571428571425,0.05305786997362,6.928571428571429,2.2921536279159507,22.071428571428573,4.250739120292266,0.3142142857142858,0.08814985436968586,18.035714285714285,2.937397977514603,39.32142857142857,2.994483464127197,0.45092857142857146,0.07344382008715715,0.4633214285714286,0.0604912320377024,12.275862068965518,4.382567347083686,17.214285714285715,5.094347941825426,0.7408214285714286,0.08647502468447114,6.933333333333334,2.1161665623339365,22.966666666666665,2.941772083031884,30.137931034482758,3.805298354466107,9.96875,3.0846589710601617,5.709677419354839,2.068712133785926,3.53125,2.1847621115057283,9.5,3.0143335742003945,18.96551724137931,1.8800220101426177,10.5,8.144527815247077
