Year,Team,Rslt,Rslt_std,Tm,Tm_std,Opp_score,Opp_score_std,OT,OT_std,FG,FG_std,FGA,FGA_std,FG%,FG%_std,3P,3P_std,3PA,3PA_std,3P%,3P%_std,2P,2P_std,2PA,2PA_std,2P%,2P%_std,eFG%,eFG%_std,FT,FT_std,FTA,FTA_std,FT%,FT%_std,ORB,ORB_std,DRB,DRB_std,TRB,TRB_std,AST,AST_std,STL,STL_std,BLK,BLK_std,TOV,TOV_std,PF,PF_std,FG_opp,FG_opp_std,FGA_opp,FGA_opp_std,FG%_opp,FG%_opp_std,3P_opp,3P_opp_std,3PA_opp,3PA_opp_std,3P%_opp,3P%_opp_std,2P_opp,2P_opp_std,2PA_opp,2PA_opp_std,2P%_opp,2P%_opp_std,eFG%_opp,eFG%_opp_std,FT_opp,FT_opp_std,FTA_opp,FTA_opp_std,FT%_opp,FT%_opp_std,ORB_opp,ORB_opp_std,DRB_opp,DRB_opp_std,TRB_opp,TRB_opp_std,AST_opp,AST_opp_std,STL_opp,STL_opp_std,BLK_opp,BLK_opp_std,TOV_opp,TOV_opp_std,PF_opp,PF_opp_std,Spread,Spread_std
2024,dayton,0.7741935483870968,0.4250237185032414,74.72,8.364209466530593,66.52,5.694441734416699,0.0,0.0,25.32,3.3630343441600474,52.88461538461539,3.8918059877329245,0.48148000000000013,0.04997842868011493,9.28,2.4752104287649295,23.555555555555557,4.4750017905740584,0.4086666666666667,0.09792226116041863,15.96,2.8207563997386704,30.0,3.7735924528226414,0.5359200000000001,0.05209520131451647,0.5684000000000001,0.06469222003713687,14.24,2.8472208672083497,19.88,4.275121830622687,0.7408799999999998,0.06913291546000357,7.1923076923076925,2.2453370485382504,23.76923076923077,3.385943795253457,31.153846153846153,3.4835878940231457,14.48,2.987752778706208,5.142857142857143,1.6265001215808885,3.76,1.6901676445449627,9.807692307692308,2.898540746917052,12.74074074074074,2.2117273547473912,24.6,2.581988897471611,59.61538461538461,4.318119248718572,0.41684,0.03726669648180082,7.28,1.9043809142780934,23.64,4.498888751680797,0.32264000000000004,0.06257720564763712,17.153846153846153,2.6637163166119273,34.892857142857146,5.159236849353291,0.4818400000000001,0.04915339933988967,0.48248,0.04618091236286555,8.73076923076923,3.6830171577954105,12.36,3.98831626963894,0.7101153846153845,0.10700442118831424,8.25,2.757145598595013,21.12,2.6191601707417593,30.037037037037038,3.897548356452193,12.074074074074074,2.3026059806215873,5.48,1.8284784202536637,2.7241379310344827,1.4855627054164149,9.035714285714286,2.3488711687097203,16.76,2.742869543622761,7.538461538461538,7.585411098843722
