Year,Team,Rslt,Rslt_std,Tm,Tm_std,Opp_score,Opp_score_std,OT,OT_std,FG,FG_std,FGA,FGA_std,FG%,FG%_std,3P,3P_std,3PA,3PA_std,3P%,3P%_std,2P,2P_std,2PA,2PA_std,2P%,2P%_std,eFG%,eFG%_std,FT,FT_std,FTA,FTA_std,FT%,FT%_std,ORB,ORB_std,DRB,DRB_std,TRB,TRB_std,AST,AST_std,STL,STL_std,BLK,BLK_std,TOV,TOV_std,PF,PF_std,FG_opp,FG_opp_std,FGA_opp,FGA_opp_std,FG%_opp,FG%_opp_std,3P_opp,3P_opp_std,3PA_opp,3PA_opp_std,3P%_opp,3P%_opp_std,2P_opp,2P_opp_std,2PA_opp,2PA_opp_std,2P%_opp,2P%_opp_std,eFG%_opp,eFG%_opp_std,FT_opp,FT_opp_std,FTA_opp,FTA_opp_std,FT%_opp,FT%_opp_std,ORB_opp,ORB_opp_std,DRB_opp,DRB_opp_std,TRB_opp,TRB_opp_std,AST_opp,AST_opp_std,STL_opp,STL_opp_std,BLK_opp,BLK_opp_std,TOV_opp,TOV_opp_std,PF_opp,PF_opp_std,Spread,Spread_std
2024,wagner,0.5161290322580645,0.508000508000762,62.52,6.292323365286731,61.96,6.024118192731613,0.0,0.0,22.23076923076923,2.470751987678121,57.42307692307692,4.346705206687722,0.3911999999999999,0.049028053194064315,6.8076923076923075,1.7209121016305458,22.4,3.894440481849308,0.3192,0.06427415239944177,15.56,3.042477060992682,35.77777777777778,5.056095584945223,0.4389999999999999,0.06696578728475211,0.45172000000000007,0.052150838919426803,10.76,2.7880698221768645,14.821428571428571,4.303775873867826,0.7226153846153847,0.08587855467953658,9.592592592592593,1.646891226599593,23.37037037037037,3.454630650948511,32.34615384615385,3.6435401212810348,12.076923076923077,3.4049737376147493,6.1,1.9887615276329897,2.230769230769231,0.9511127086814604,8.633333333333333,2.235810943419108,15.538461538461538,2.87375391056046,22.423076923076923,2.2302121320282864,53.44444444444444,3.5009156311471226,0.41948,0.044682323126713094,6.777777777777778,1.9081471748860572,21.8,3.7969285832981723,0.2865,0.0522220260043595,16.23076923076923,2.0259850405704833,31.84,4.2980615785878795,0.50432,0.054294505553815785,0.47735999999999995,0.047012303354193014,10.142857142857142,4.178554470186725,15.44,5.323532661682466,0.6899999999999998,0.08662418830788547,7.346153846153846,2.3313911330758326,24.04,3.272104317815474,31.423076923076923,4.8676324998756995,13.185185185185185,2.60232199623332,4.642857142857143,1.3666473091931466,3.0384615384615383,1.1825656592602114,10.24,2.1656407827707715,14.26923076923077,2.1271143327558546,-0.2692307692307692,9.77571559450332
