Year,Team,Rslt,Rslt_std,Tm,Tm_std,Opp_score,Opp_score_std,OT,OT_std,FG,FG_std,FGA,FGA_std,FG%,FG%_std,3P,3P_std,3PA,3PA_std,3P%,3P%_std,2P,2P_std,2PA,2PA_std,2P%,2P%_std,eFG%,eFG%_std,FT,FT_std,FTA,FTA_std,FT%,FT%_std,ORB,ORB_std,DRB,DRB_std,TRB,TRB_std,AST,AST_std,STL,STL_std,BLK,BLK_std,TOV,TOV_std,PF,PF_std,FG_opp,FG_opp_std,FGA_opp,FGA_opp_std,FG%_opp,FG%_opp_std,3P_opp,3P_opp_std,3PA_opp,3PA_opp_std,3P%_opp,3P%_opp_std,2P_opp,2P_opp_std,2PA_opp,2PA_opp_std,2P%_opp,2P%_opp_std,eFG%_opp,eFG%_opp_std,FT_opp,FT_opp_std,FTA_opp,FTA_opp_std,FT%_opp,FT%_opp_std,ORB_opp,ORB_opp_std,DRB_opp,DRB_opp_std,TRB_opp,TRB_opp_std,AST_opp,AST_opp_std,STL_opp,STL_opp_std,BLK_opp,BLK_opp_std,TOV_opp,TOV_opp_std,PF_opp,PF_opp_std,Spread,Spread_std
2024,gonzaga,0.78125,0.42001344064515445,83.51851851851852,10.857008974604556,68.46428571428571,7.015760790598513,0.0,0.0,31.5,4.717971943458255,61.57142857142857,5.2523615248097295,0.5139615384615384,0.05131898733937041,6.730769230769231,2.0699312511809143,19.192307692307693,3.1877168101226405,0.3522692307692309,0.08901036240452352,24.51851851851852,3.3324785228734943,42.53846153846154,3.8286370340450846,0.5814444444444445,0.06064609400405535,0.5712307692307693,0.0657268941559284,13.846153846153847,4.258566028064449,19.192307692307693,5.782865938402728,0.7310000000000001,0.05978829316847906,9.25925925925926,2.3953896839328124,25.40740740740741,5.242278272037978,35.592592592592595,6.464454639733641,16.5,4.052159917870962,6.666666666666667,2.0939473213563384,3.8275862068965516,1.8911252417021343,9.346153846153847,2.3654565342412477,15.37037037037037,2.306314878564572,24.642857142857142,3.021089890583219,60.96296296296296,4.815691351289366,0.4094615384615385,0.04836794870095756,7.344827586206897,2.0920916066559783,22.153846153846153,4.780730552476746,0.3392307692307692,0.05063777853919557,17.5,2.6570660511172846,39.370370370370374,3.5964528266714315,0.4532307692307693,0.07052506373896174,0.4692692307692309,0.05161980836253285,11.296296296296296,4.195371211363733,14.821428571428571,4.667091817368288,0.717,0.09975409766019638,9.222222222222221,2.7781196370834573,19.59259259259259,3.21366384795226,29.074074074074073,4.471498853214881,11.692307692307692,2.3455358580798675,5.5,1.47648230602334,2.5925925925925926,1.2171612389003692,10.535714285714286,2.5456155896283184,16.807692307692307,2.7279183385025405,15.153846153846153,12.217012098520025
