Year,Team,Rslt,Rslt_std,Tm,Tm_std,Opp_score,Opp_score_std,OT,OT_std,FG,FG_std,FGA,FGA_std,FG%,FG%_std,3P,3P_std,3PA,3PA_std,3P%,3P%_std,2P,2P_std,2PA,2PA_std,2P%,2P%_std,eFG%,eFG%_std,FT,FT_std,FTA,FTA_std,FT%,FT%_std,ORB,ORB_std,DRB,DRB_std,TRB,TRB_std,AST,AST_std,STL,STL_std,BLK,BLK_std,TOV,TOV_std,PF,PF_std,FG_opp,FG_opp_std,FGA_opp,FGA_opp_std,FG%_opp,FG%_opp_std,3P_opp,3P_opp_std,3PA_opp,3PA_opp_std,3P%_opp,3P%_opp_std,2P_opp,2P_opp_std,2PA_opp,2PA_opp_std,2P%_opp,2P%_opp_std,eFG%_opp,eFG%_opp_std,FT_opp,FT_opp_std,FTA_opp,FTA_opp_std,FT%_opp,FT%_opp_std,ORB_opp,ORB_opp_std,DRB_opp,DRB_opp_std,TRB_opp,TRB_opp_std,AST_opp,AST_opp_std,STL_opp,STL_opp_std,BLK_opp,BLK_opp_std,TOV_opp,TOV_opp_std,PF_opp,PF_opp_std,Spread,Spread_std
2024,alabama-birmingham,0.6764705882352942,0.47485807993381707,77.7,8.49807280383678,74.89285714285714,7.761916934453402,0.11764705882352941,0.3270349700838643,26.833333333333332,3.6960681189921116,59.57142857142857,4.2811262919986754,0.45339285714285715,0.0510876801019684,6.166666666666667,1.7237355852380878,19.103448275862068,3.3947946244024725,0.32325,0.07024540317107353,20.266666666666666,3.039207398187133,40.785714285714285,3.614345316027795,0.5122142857142856,0.06755593410503796,0.5041785714285715,0.05986593266775265,17.285714285714285,4.126312521665685,23.137931034482758,5.416404566097821,0.7433928571428572,0.06772019737327356,10.655172413793103,2.7160352152798746,24.133333333333333,4.116688770939772,35.233333333333334,4.492778368811928,14.0,4.085297439895141,6.379310344827586,1.8010670072298864,4.34375,2.1343485067783794,10.838709677419354,3.0232077246257094,15.724137931034482,2.3129534570719925,26.833333333333332,2.817229420759942,60.464285714285715,3.6765739170042218,0.4440714285714286,0.03999715598355071,7.724137931034483,1.9981518554500366,22.035714285714285,3.0729662694409274,0.3396428571428571,0.0702878811985839,19.3,2.7183920196347313,38.25,3.728022015512804,0.5075714285714287,0.047223211941075614,0.50675,0.05104654738569495,12.862068965517242,3.345830432163019,18.724137931034484,4.7426375401709135,0.7210714285714289,0.07883030465003246,8.571428571428571,2.7812676490136177,22.483870967741936,4.668125731968063,31.551724137931036,4.755344413668777,13.266666666666667,2.970351579484679,6.193548387096774,2.227395412265331,3.9655172413793105,1.841636667685444,10.321428571428571,2.37352014602739,18.322580645161292,2.936972327348847,1.793103448275862,8.478457197698292
