Year,Team,Rslt,Rslt_std,Tm,Tm_std,Opp_score,Opp_score_std,OT,OT_std,FG,FG_std,FGA,FGA_std,FG%,FG%_std,3P,3P_std,3PA,3PA_std,3P%,3P%_std,2P,2P_std,2PA,2PA_std,2P%,2P%_std,eFG%,eFG%_std,FT,FT_std,FTA,FTA_std,FT%,FT%_std,ORB,ORB_std,DRB,DRB_std,TRB,TRB_std,AST,AST_std,STL,STL_std,BLK,BLK_std,TOV,TOV_std,PF,PF_std,FG_opp,FG_opp_std,FGA_opp,FGA_opp_std,FG%_opp,FG%_opp_std,3P_opp,3P_opp_std,3PA_opp,3PA_opp_std,3P%_opp,3P%_opp_std,2P_opp,2P_opp_std,2PA_opp,2PA_opp_std,2P%_opp,2P%_opp_std,eFG%_opp,eFG%_opp_std,FT_opp,FT_opp_std,FTA_opp,FTA_opp_std,FT%_opp,FT%_opp_std,ORB_opp,ORB_opp_std,DRB_opp,DRB_opp_std,TRB_opp,TRB_opp_std,AST_opp,AST_opp_std,STL_opp,STL_opp_std,BLK_opp,BLK_opp_std,TOV_opp,TOV_opp_std,PF_opp,PF_opp_std,Spread,Spread_std
2024,oregon,0.6764705882352942,0.47485807993381707,74.93103448275862,7.156071520458088,71.25,8.720452757529065,0.0,0.0,26.82758620689655,3.2630941223371916,60.03448275862069,4.4680033781536155,0.45785714285714285,0.04245757297167966,7.451612903225806,2.56695292357066,21.137931034482758,3.1136122560120065,0.33844827586206894,0.0857890211952291,20.0,3.070597894314954,36.89655172413793,5.122393606133526,0.5258214285714284,0.05878967758438713,0.5203928571428571,0.04824116828457118,13.5,4.290385461401739,19.413793103448278,6.316176744673215,0.7103333333333332,0.08588859397331317,7.862068965517241,1.9950678100010693,22.033333333333335,3.881728492817861,30.5,3.168128317640723,13.655172413793103,3.1878772837665315,7.448275862068965,1.8436417163660415,3.34375,1.6384370010627851,9.379310344827585,2.3966314619757503,16.1,2.771156860379359,25.571428571428573,3.202181795896082,56.82142857142857,3.6316874093392784,0.45,0.045520040356683285,7.0344827586206895,2.259626369568487,20.464285714285715,3.6053678381931085,0.34986206896551725,0.08926394414397076,18.733333333333334,3.413293821610393,36.10344827586207,3.658110632418705,0.5174642857142857,0.05925493081083485,0.5077586206896552,0.05846284239486392,13.142857142857142,3.855868886220701,18.344827586206897,5.286612891263079,0.7279642857142857,0.09315160170104914,7.357142857142857,1.682464808157315,23.258064516129032,3.4153354343361735,30.689655172413794,3.060152287011944,12.571428571428571,2.76791901279204,5.482758620689655,2.046262964094938,3.28125,1.7822489417369787,12.0,2.5071326821120348,17.678571428571427,3.3116357313163562,3.7857142857142856,7.685277617854287
