Year,Team,Rslt,Rslt_std,Tm,Tm_std,Opp_score,Opp_score_std,OT,OT_std,FG,FG_std,FGA,FGA_std,FG%,FG%_std,3P,3P_std,3PA,3PA_std,3P%,3P%_std,2P,2P_std,2PA,2PA_std,2P%,2P%_std,eFG%,eFG%_std,FT,FT_std,FTA,FTA_std,FT%,FT%_std,ORB,ORB_std,DRB,DRB_std,TRB,TRB_std,AST,AST_std,STL,STL_std,BLK,BLK_std,TOV,TOV_std,PF,PF_std,FG_opp,FG_opp_std,FGA_opp,FGA_opp_std,FG%_opp,FG%_opp_std,3P_opp,3P_opp_std,3PA_opp,3PA_opp_std,3P%_opp,3P%_opp_std,2P_opp,2P_opp_std,2PA_opp,2PA_opp_std,2P%_opp,2P%_opp_std,eFG%_opp,eFG%_opp_std,FT_opp,FT_opp_std,FTA_opp,FTA_opp_std,FT%_opp,FT%_opp_std,ORB_opp,ORB_opp_std,DRB_opp,DRB_opp_std,TRB_opp,TRB_opp_std,AST_opp,AST_opp_std,STL_opp,STL_opp_std,BLK_opp,BLK_opp_std,TOV_opp,TOV_opp_std,PF_opp,PF_opp_std,Spread,Spread_std
2024,kansas,0.6875,0.47092907485988494,76.37037037037037,9.094157668729068,68.26923076923077,6.521090045737398,0.0,0.0,28.444444444444443,4.022373326717347,57.46153846153846,4.1204928756717365,0.48726923076923084,0.06310597923639737,5.233333333333333,1.9241358711314314,17.185185185185187,3.186957037158668,0.33088888888888884,0.08338295958238678,22.53846153846154,3.5353163279205355,40.22222222222222,4.263740984099196,0.5488076923076923,0.08015086735938383,0.536076923076923,0.06903559839788344,13.035714285714286,3.9013971178155487,17.74074074074074,4.645863276512298,0.7259615384615384,0.07342341902648271,6.793103448275862,2.076730093626372,25.5,4.216633728461603,32.407407407407405,5.2715437766534565,18.576923076923077,3.0354317903464993,6.9655172413793105,2.2277913248758554,3.7777777777777777,1.7614096918559585,11.357142857142858,3.1057209542234547,14.37037037037037,2.322931638256149,24.62962962962963,2.589151155051343,59.84615384615385,4.49615220109202,0.4038846153846155,0.036672962163508876,8.25,1.7769095101910528,24.653846153846153,3.451866830482401,0.33311538461538454,0.045346070985766276,16.0,2.6076809620810595,35.42307692307692,4.346705206687722,0.44929629629629636,0.05444956368746204,0.4716923076923078,0.04484976631445852,11.5,3.8392707640904935,16.73076923076923,4.919818633305031,0.7089615384615386,0.07726032915758554,7.962962962962963,1.720498172075158,22.576923076923077,4.139305032713359,30.423076923076923,4.527012939438781,12.074074074074074,2.4325663233258243,6.866666666666666,2.4173700918393815,2.586206896551724,1.3233410471581375,11.074074074074074,2.3192493136610772,16.192307692307693,2.3327105395951855,6.884615384615385,10.999370611364718
