Year,Team,Rslt,Rslt_std,Tm,Tm_std,Opp_score,Opp_score_std,OT,OT_std,FG,FG_std,FGA,FGA_std,FG%,FG%_std,3P,3P_std,3PA,3PA_std,3P%,3P%_std,2P,2P_std,2PA,2PA_std,2P%,2P%_std,eFG%,eFG%_std,FT,FT_std,FTA,FTA_std,FT%,FT%_std,ORB,ORB_std,DRB,DRB_std,TRB,TRB_std,AST,AST_std,STL,STL_std,BLK,BLK_std,TOV,TOV_std,PF,PF_std,FG_opp,FG_opp_std,FGA_opp,FGA_opp_std,FG%_opp,FG%_opp_std,3P_opp,3P_opp_std,3PA_opp,3PA_opp_std,3P%_opp,3P%_opp_std,2P_opp,2P_opp_std,2PA_opp,2PA_opp_std,2P%_opp,2P%_opp_std,eFG%_opp,eFG%_opp_std,FT_opp,FT_opp_std,FTA_opp,FTA_opp_std,FT%_opp,FT%_opp_std,ORB_opp,ORB_opp_std,DRB_opp,DRB_opp_std,TRB_opp,TRB_opp_std,AST_opp,AST_opp_std,STL_opp,STL_opp_std,BLK_opp,BLK_opp_std,TOV_opp,TOV_opp_std,PF_opp,PF_opp_std,Spread,Spread_std
2024,north-carolina-state,0.6111111111111112,0.49441323247304414,77.93103448275862,6.7502964722339565,73.17241379310344,7.280448207931596,0.0,0.0,27.90625,2.680387249345067,61.03333333333333,4.055505694334753,0.4616896551724138,0.04019426349286662,7.242424242424242,2.222474733128352,20.766666666666666,3.308123057100437,0.35380000000000006,0.07007257321692546,19.84375,2.6409843594949165,40.32258064516129,4.237822528722296,0.5117931034482759,0.061912022436417684,0.5235172413793104,0.041179589855772664,14.482758620689655,4.437025142843637,19.903225806451612,5.198428215718526,0.7391034482758618,0.0937958820401233,8.838709677419354,2.8530308351359537,23.806451612903224,2.8684415610654006,32.59375,3.774783693866957,13.096774193548388,2.2855318667606657,7.366666666666666,2.456284456925405,3.433333333333333,1.165105688067746,9.0,2.1908902300206643,16.866666666666667,3.4112727257132933,26.1,2.795933006942467,59.03448275862069,4.0043080249427225,0.4421379310344827,0.03984050714853184,7.206896551724138,1.5207918601088706,20.517241379310345,3.4498518566037464,0.348896551724138,0.0607579182538529,18.70967741935484,2.505906999964907,38.03448275862069,3.4484236421535486,0.49082758620689654,0.05292182169788433,0.5035172413793103,0.04515419668018148,13.533333333333333,4.546566217247483,18.533333333333335,5.763938627860912,0.7376206896551725,0.0874746550203884,8.133333333333333,2.315365962484092,24.551724137931036,3.257806085790073,32.86206896551724,3.700619040213162,12.862068965517242,2.3256970987370416,5.241379310344827,1.2437033527158519,2.8484848484848486,1.1214168527250503,12.0,2.9711254108328298,16.333333333333332,3.5502347340234657,3.6551724137931036,8.553511651734315
