Year,Team,Rslt,Rslt_std,Tm,Tm_std,Opp_score,Opp_score_std,OT,OT_std,FG,FG_std,FGA,FGA_std,FG%,FG%_std,3P,3P_std,3PA,3PA_std,3P%,3P%_std,2P,2P_std,2PA,2PA_std,2P%,2P%_std,eFG%,eFG%_std,FT,FT_std,FTA,FTA_std,FT%,FT%_std,ORB,ORB_std,DRB,DRB_std,TRB,TRB_std,AST,AST_std,STL,STL_std,BLK,BLK_std,TOV,TOV_std,PF,PF_std,FG_opp,FG_opp_std,FGA_opp,FGA_opp_std,FG%_opp,FG%_opp_std,3P_opp,3P_opp_std,3PA_opp,3PA_opp_std,3P%_opp,3P%_opp_std,2P_opp,2P_opp_std,2PA_opp,2PA_opp_std,2P%_opp,2P%_opp_std,eFG%_opp,eFG%_opp_std,FT_opp,FT_opp_std,FTA_opp,FTA_opp_std,FT%_opp,FT%_opp_std,ORB_opp,ORB_opp_std,DRB_opp,DRB_opp_std,TRB_opp,TRB_opp_std,AST_opp,AST_opp_std,STL_opp,STL_opp_std,BLK_opp,BLK_opp_std,TOV_opp,TOV_opp_std,PF_opp,PF_opp_std,Spread,Spread_std
2024,florida-atlantic,0.7575757575757576,0.4351941398892446,82.51851851851852,8.648567557562396,72.66666666666667,9.298469683853277,0.12121212121212122,0.33143398263980844,29.607142857142858,3.8038896828873363,61.0,5.697502826812678,0.48514814814814816,0.04030909775501509,8.222222222222221,2.1543039806456377,23.928571428571427,3.731036708561699,0.3577857142857143,0.07272442003784746,21.233333333333334,3.5397577681913863,37.0,3.61068373539376,0.5644444444444445,0.04747820012573652,0.5526296296296297,0.04957833595444078,14.857142857142858,3.471730123859004,21.185185185185187,4.682512779045662,0.7161071428571427,0.0882917467246092,9.89655172413793,2.6905234167644103,25.074074074074073,3.7511631624370954,35.25925925925926,3.727162176742232,14.925925925925926,3.852331221540515,6.928571428571429,2.0354009783964293,3.032258064516129,1.494074316932103,10.266666666666667,2.164499358111332,16.037037037037038,2.5940980570026126,26.666666666666668,3.3741095691478935,61.0,4.323460152737352,0.43299999999999994,0.04397289374848311,7.407407407407407,1.8241807277885949,22.0,3.5518142709585216,0.3480357142857143,0.08892797007935054,19.225806451612904,4.03079543365289,38.77777777777778,3.489912202260564,0.4848888888888889,0.051092926902724815,0.4951111111111111,0.05420284787673723,11.607142857142858,3.8426388089271435,16.285714285714285,4.206319257156035,0.7136666666666668,0.08347040009672707,8.928571428571429,2.402600002598596,20.357142857142858,2.7650502066875107,29.214285714285715,3.7649174193603736,9.962962962962964,2.17470566499118,5.448275862068965,1.4780829016125614,2.1333333333333333,1.4793599112881346,11.071428571428571,2.308255256257923,18.285714285714285,2.070196678027062,7.607142857142857,8.586549713292062
