Year,Team,Rslt,Rslt_std,Tm,Tm_std,Opp_score,Opp_score_std,OT,OT_std,FG,FG_std,FGA,FGA_std,FG%,FG%_std,3P,3P_std,3PA,3PA_std,3P%,3P%_std,2P,2P_std,2PA,2PA_std,2P%,2P%_std,eFG%,eFG%_std,FT,FT_std,FTA,FTA_std,FT%,FT%_std,ORB,ORB_std,DRB,DRB_std,TRB,TRB_std,AST,AST_std,STL,STL_std,BLK,BLK_std,TOV,TOV_std,PF,PF_std,FG_opp,FG_opp_std,FGA_opp,FGA_opp_std,FG%_opp,FG%_opp_std,3P_opp,3P_opp_std,3PA_opp,3PA_opp_std,3P%_opp,3P%_opp_std,2P_opp,2P_opp_std,2PA_opp,2PA_opp_std,2P%_opp,2P%_opp_std,eFG%_opp,eFG%_opp_std,FT_opp,FT_opp_std,FTA_opp,FTA_opp_std,FT%_opp,FT%_opp_std,ORB_opp,ORB_opp_std,DRB_opp,DRB_opp_std,TRB_opp,TRB_opp_std,AST_opp,AST_opp_std,STL_opp,STL_opp_std,BLK_opp,BLK_opp_std,TOV_opp,TOV_opp_std,PF_opp,PF_opp_std,Spread,Spread_std
2024,mississippi-state,0.6176470588235294,0.4932702180563817,74.21428571428571,7.009819265684825,68.07142857142857,9.797688961929186,0.0,0.0,25.862068965517242,2.695553719037472,57.75,4.880991095471705,0.45396428571428565,0.041574103534004016,6.931034482758621,1.980819355771001,21.857142857142858,4.266269822814563,0.3238275862068966,0.06842778725755727,19.0,2.5213375135318272,35.70967741935484,5.152304004922438,0.5359999999999999,0.04993625566289116,0.51425,0.04810992428610561,15.0,3.7712361663282534,22.379310344827587,4.887402122538021,0.6683928571428571,0.07518142958535276,10.862068965517242,2.5315740153260173,24.357142857142858,3.908341371366155,35.107142857142854,4.391399723822865,14.0,3.1052950170405937,7.966666666666667,2.2358109434191085,2.78125,1.736410368473402,12.433333333333334,2.1444930810596343,16.82758620689655,2.0189984348193426,24.0,3.7511902872859664,57.58620689655172,4.110241923530869,0.4131785714285714,0.051148334444066856,6.7272727272727275,2.6489706405593583,22.862068965517242,3.925412971277531,0.2811379310344828,0.0589713757064337,17.53125,3.5376716873873324,33.535714285714285,3.4799121195496245,0.4978928571428572,0.07071661719207124,0.46844827586206894,0.06351579455250063,14.0,3.208784239598589,18.862068965517242,4.356638103687574,0.7558214285714284,0.0717960349526395,7.966666666666667,2.3850588561137096,20.862068965517242,2.668923511335536,28.620689655172413,3.1215128326713666,11.428571428571429,3.3931147214952095,7.142857142857143,2.1031596285780174,3.6129032258064515,2.044136645054805,11.642857142857142,2.541715456206194,18.357142857142858,1.9477296510683388,6.793103448275862,10.550488513892303
