Year,Team,Rslt,Rslt_std,Tm,Tm_std,Opp_score,Opp_score_std,OT,OT_std,FG,FG_std,FGA,FGA_std,FG%,FG%_std,3P,3P_std,3PA,3PA_std,3P%,3P%_std,2P,2P_std,2PA,2PA_std,2P%,2P%_std,eFG%,eFG%_std,FT,FT_std,FTA,FTA_std,FT%,FT%_std,ORB,ORB_std,DRB,DRB_std,TRB,TRB_std,AST,AST_std,STL,STL_std,BLK,BLK_std,TOV,TOV_std,PF,PF_std,FG_opp,FG_opp_std,FGA_opp,FGA_opp_std,FG%_opp,FG%_opp_std,3P_opp,3P_opp_std,3PA_opp,3PA_opp_std,3P%_opp,3P%_opp_std,2P_opp,2P_opp_std,2PA_opp,2PA_opp_std,2P%_opp,2P%_opp_std,eFG%_opp,eFG%_opp_std,FT_opp,FT_opp_std,FTA_opp,FTA_opp_std,FT%_opp,FT%_opp_std,ORB_opp,ORB_opp_std,DRB_opp,DRB_opp_std,TRB_opp,TRB_opp_std,AST_opp,AST_opp_std,STL_opp,STL_opp_std,BLK_opp,BLK_opp_std,TOV_opp,TOV_opp_std,PF_opp,PF_opp_std,Spread,Spread_std
2024,west-virginia,0.28125,0.45680340939917435,69.11538461538461,7.452929212474371,77.15384615384616,9.561139294842672,0.0,0.0,23.807692307692307,3.18771681012264,55.03846153846154,5.157369633685522,0.43176923076923074,0.04977172505936092,7.115384615384615,2.0065278084676144,20.653846153846153,3.58822861804883,0.35751851851851846,0.07939839679178298,16.107142857142858,2.922952410432095,35.370370370370374,4.386589249310362,0.4791923076923076,0.0737330423789873,0.5023333333333333,0.06313904070809487,14.307692307692308,3.630638850331779,19.96153846153846,5.180585057545291,0.7059642857142857,0.07405327518845853,7.37037037037037,2.4674519424538115,22.807692307692307,3.464323665816816,30.73076923076923,3.768901084482768,13.333333333333334,2.511511956509924,4.103448275862069,1.5662700822155,3.3703703703703702,1.3908533116302866,11.961538461538462,2.1813898180888116,14.923076923076923,2.667179437879303,27.26923076923077,3.156677903210175,60.892857142857146,5.187872508458661,0.4478461538461538,0.053860332199266885,9.25925925925926,2.5357837901129168,26.192307692307693,4.90729441357847,0.34603846153846146,0.05858838162586897,18.310344827586206,3.9470011064085284,35.0,3.8574603043971822,0.5142307692307693,0.06624216644543425,0.5216538461538462,0.06411922788536512,12.814814814814815,5.505501004499165,17.0,7.044829992954381,0.7325384615384617,0.05938432841700292,9.461538461538462,2.004610071425747,24.03846153846154,2.7492656362129755,33.407407407407405,3.8755571238136874,15.384615384615385,3.5448771270883066,7.444444444444445,2.0254787341673333,3.730769230769231,1.638479595422349,9.461538461538462,2.5648511727703696,18.03846153846154,2.8352180759972487,-5.846153846153846,7.55085323757419
