Year,Team,Rslt,Rslt_std,Tm,Tm_std,Opp_score,Opp_score_std,OT,OT_std,FG,FG_std,FGA,FGA_std,FG%,FG%_std,3P,3P_std,3PA,3PA_std,3P%,3P%_std,2P,2P_std,2PA,2PA_std,2P%,2P%_std,eFG%,eFG%_std,FT,FT_std,FTA,FTA_std,FT%,FT%_std,ORB,ORB_std,DRB,DRB_std,TRB,TRB_std,AST,AST_std,STL,STL_std,BLK,BLK_std,TOV,TOV_std,PF,PF_std,FG_opp,FG_opp_std,FGA_opp,FGA_opp_std,FG%_opp,FG%_opp_std,3P_opp,3P_opp_std,3PA_opp,3PA_opp_std,3P%_opp,3P%_opp_std,2P_opp,2P_opp_std,2PA_opp,2PA_opp_std,2P%_opp,2P%_opp_std,eFG%_opp,eFG%_opp_std,FT_opp,FT_opp_std,FTA_opp,FTA_opp_std,FT%_opp,FT%_opp_std,ORB_opp,ORB_opp_std,DRB_opp,DRB_opp_std,TRB_opp,TRB_opp_std,AST_opp,AST_opp_std,STL_opp,STL_opp_std,BLK_opp,BLK_opp_std,TOV_opp,TOV_opp_std,PF_opp,PF_opp_std,Spread,Spread_std
2024,grand-canyon,0.8787878787878788,0.33143398263980844,78.5,7.099817420709311,67.29629629629629,6.597288573665436,0.0,0.0,26.22222222222222,3.5769920037472542,56.55555555555556,5.139091010116128,0.46340740740740743,0.042301354096583706,6.793103448275862,1.8589419099666729,20.214285714285715,3.5834717581236553,0.3394074074074074,0.05828263975547175,18.925925925925927,3.561826734501509,35.925925925925924,5.022456692204646,0.531074074074074,0.0692592265033364,0.528148148148148,0.04591522598450297,18.77777777777778,4.9015957631817235,24.925925925925927,6.238379510528269,0.7532962962962962,0.06545686472480285,10.214285714285714,2.6297041497750113,24.071428571428573,4.0178174601214955,34.333333333333336,4.574174999174925,11.96551724137931,3.3110503148082966,7.896551724137931,2.6638429220396036,4.896551724137931,1.896327796901288,11.464285714285714,2.574549839934523,18.142857142857142,3.147183169877773,23.296296296296298,2.5990355432324805,57.370370370370374,4.360205959745022,0.4035185185185185,0.04319844225322729,6.321428571428571,1.7008401285415224,19.142857142857142,3.111677952896103,0.3191111111111111,0.0573366129056049,17.25925925925926,2.2117273547473912,38.035714285714285,3.882364140926418,0.44866666666666677,0.06275409885479133,0.4568148148148148,0.05219345452407511,13.444444444444445,4.534765987799433,19.714285714285715,6.017610839165342,0.7067777777777778,0.09498191460780363,8.214285714285714,2.4997354357366,20.0,2.53546276418555,27.724137931034484,3.205982707868636,10.758620689655173,2.572591417420423,6.0,2.2677868380553634,2.3333333333333335,0.9999999999999999,12.413793103448276,3.698621764342094,19.678571428571427,3.6112332091690353,12.892857142857142,8.962222300937897
