Year,Team,Rslt,Rslt_std,Tm,Tm_std,Opp_score,Opp_score_std,OT,OT_std,FG,FG_std,FGA,FGA_std,FG%,FG%_std,3P,3P_std,3PA,3PA_std,3P%,3P%_std,2P,2P_std,2PA,2PA_std,2P%,2P%_std,eFG%,eFG%_std,FT,FT_std,FTA,FTA_std,FT%,FT%_std,ORB,ORB_std,DRB,DRB_std,TRB,TRB_std,AST,AST_std,STL,STL_std,BLK,BLK_std,TOV,TOV_std,PF,PF_std,FG_opp,FG_opp_std,FGA_opp,FGA_opp_std,FG%_opp,FG%_opp_std,3P_opp,3P_opp_std,3PA_opp,3PA_opp_std,3P%_opp,3P%_opp_std,2P_opp,2P_opp_std,2PA_opp,2PA_opp_std,2P%_opp,2P%_opp_std,eFG%_opp,eFG%_opp_std,FT_opp,FT_opp_std,FTA_opp,FTA_opp_std,FT%_opp,FT%_opp_std,ORB_opp,ORB_opp_std,DRB_opp,DRB_opp_std,TRB_opp,TRB_opp_std,AST_opp,AST_opp_std,STL_opp,STL_opp_std,BLK_opp,BLK_opp_std,TOV_opp,TOV_opp_std,PF_opp,PF_opp_std,Spread,Spread_std
2024,new-mexico,0.7428571428571429,0.44343957363115993,80.70967741935483,7.7338802179634545,70.93333333333334,9.351132453394056,0.0,0.0,30.166666666666668,3.3122898979129363,65.33333333333333,3.0323921743156137,0.45903448275862074,0.052042210037773796,6.28125,2.331196217921523,18.966666666666665,3.7183916928706147,0.3189666666666667,0.07664629164537907,23.741935483870968,3.983028512204282,45.758620689655174,3.1013265872824847,0.5149655172413794,0.06751903581246058,0.5063103448275862,0.052219388468457806,15.206896551724139,3.7737752066524615,21.20689655172414,5.0382771314410615,0.7208620689655171,0.09760295814381675,10.551724137931034,2.3388978921179295,25.0,3.7416573867739413,35.86666666666667,4.591846847540144,14.6,3.6350781426880325,8.290322580645162,2.438490631341401,4.580645161290323,2.2623615029195654,9.551724137931034,2.7069514600185483,17.586206896551722,2.0618514803674866,24.806451612903224,3.978436500592577,58.774193548387096,5.469367284670473,0.4234827586206897,0.05654114853655266,6.3125,1.9909067475447852,21.454545454545453,3.7256787057101177,0.2992068965517241,0.07340902013004398,18.275862068965516,3.1155892784069175,37.241379310344826,3.942942813376407,0.4958620689655172,0.06935556633234846,0.4777241379310345,0.06465562430055548,14.413793103448276,3.386076969204822,20.366666666666667,3.8370546654624467,0.7449655172413793,0.06890857439837049,7.903225806451613,2.5994209446166714,23.258064516129032,3.511578390937461,31.741935483870968,4.718529021743138,13.466666666666667,3.170264139254595,5.6,1.7733661737517428,4.275862068965517,1.5560148668987237,13.379310344827585,2.9810567769482623,18.033333333333335,3.056743064262932,10.838709677419354,12.788267472423172
