Year,Team,Rslt,Rslt_std,Tm,Tm_std,Opp_score,Opp_score_std,OT,OT_std,FG,FG_std,FGA,FGA_std,FG%,FG%_std,3P,3P_std,3PA,3PA_std,3P%,3P%_std,2P,2P_std,2PA,2PA_std,2P%,2P%_std,eFG%,eFG%_std,FT,FT_std,FTA,FTA_std,FT%,FT%_std,ORB,ORB_std,DRB,DRB_std,TRB,TRB_std,AST,AST_std,STL,STL_std,BLK,BLK_std,TOV,TOV_std,PF,PF_std,FG_opp,FG_opp_std,FGA_opp,FGA_opp_std,FG%_opp,FG%_opp_std,3P_opp,3P_opp_std,3PA_opp,3PA_opp_std,3P%_opp,3P%_opp_std,2P_opp,2P_opp_std,2PA_opp,2PA_opp_std,2P%_opp,2P%_opp_std,eFG%_opp,eFG%_opp_std,FT_opp,FT_opp_std,FTA_opp,FTA_opp_std,FT%_opp,FT%_opp_std,ORB_opp,ORB_opp_std,DRB_opp,DRB_opp_std,TRB_opp,TRB_opp_std,AST_opp,AST_opp_std,STL_opp,STL_opp_std,BLK_opp,BLK_opp_std,TOV_opp,TOV_opp_std,PF_opp,PF_opp_std,Spread,Spread_std
2024,samford,0.8529411764705882,0.3594906279535709,84.46428571428571,9.215454583177282,73.64285714285714,8.363121363569881,0.0,0.0,29.20689655172414,4.287684276296702,60.107142857142854,4.817708735521218,0.4967857142857142,0.04405161715016798,9.571428571428571,2.394879900005371,24.677419354838708,4.369493462436988,0.3876428571428572,0.0627778058716049,19.714285714285715,3.779644730092272,35.48275862068966,5.302429966232277,0.56425,0.0736591876545345,0.5779642857142857,0.05569924671533794,15.310344827586206,5.757625057731592,22.03448275862069,6.920377563093184,0.7313214285714285,0.07281231762472334,8.392857142857142,2.484608706271558,23.5,2.848001248439177,31.714285714285715,3.680349649825889,16.733333333333334,4.463903760343539,9.612903225806452,3.800679056474327,3.7142857142857144,1.38395950639602,11.903225806451612,2.5213070513747087,19.5,3.0257515452847583,25.178571428571427,3.00682644843451,59.25,3.2617309651301545,0.4285714285714285,0.05692583125919432,7.586206896551724,2.9702962981026264,23.75,4.819904717054216,0.3246071428571428,0.08026499596162438,16.806451612903224,2.56150157575213,35.62068965517241,5.525355793996104,0.4945,0.059048316688147036,0.4947142857142858,0.07090831698742693,15.413793103448276,4.5317707149422155,22.107142857142858,5.58661950201707,0.6947500000000001,0.08496736846403863,9.9,2.2491377658238663,21.20689655172414,2.425744515236914,31.344827586206897,3.628024472954211,12.931034482758621,3.9544823977965513,7.161290322580645,2.5046193881645755,3.4827586206896552,1.0895834608815431,14.827586206896552,3.606234339082027,18.857142857142858,4.2835973607712425,12.241379310344827,11.44756734112347
