Year,Team,Rslt,Rslt_std,Tm,Tm_std,Opp_score,Opp_score_std,OT,OT_std,FG,FG_std,FGA,FGA_std,FG%,FG%_std,3P,3P_std,3PA,3PA_std,3P%,3P%_std,2P,2P_std,2PA,2PA_std,2P%,2P%_std,eFG%,eFG%_std,FT,FT_std,FTA,FTA_std,FT%,FT%_std,ORB,ORB_std,DRB,DRB_std,TRB,TRB_std,AST,AST_std,STL,STL_std,BLK,BLK_std,TOV,TOV_std,PF,PF_std,FG_opp,FG_opp_std,FGA_opp,FGA_opp_std,FG%_opp,FG%_opp_std,3P_opp,3P_opp_std,3PA_opp,3PA_opp_std,3P%_opp,3P%_opp_std,2P_opp,2P_opp_std,2PA_opp,2PA_opp_std,2P%_opp,2P%_opp_std,eFG%_opp,eFG%_opp_std,FT_opp,FT_opp_std,FTA_opp,FTA_opp_std,FT%_opp,FT%_opp_std,ORB_opp,ORB_opp_std,DRB_opp,DRB_opp_std,TRB_opp,TRB_opp_std,AST_opp,AST_opp_std,STL_opp,STL_opp_std,BLK_opp,BLK_opp_std,TOV_opp,TOV_opp_std,PF_opp,PF_opp_std,Spread,Spread_std
2024,michigan-state,0.5757575757575758,0.5018903659106632,72.86206896551724,8.8629410546348,66.35714285714286,8.534089748220827,0.0,0.0,26.925925925925927,2.5256518720752825,59.214285714285715,4.245757297167965,0.4599999999999999,0.04823021714811004,6.379310344827586,2.3362637006163784,18.24137931034483,3.5015830339779694,0.3625555555555555,0.09218765699682416,21.466666666666665,3.4112727257132933,40.857142857142854,4.758729099823045,0.5008518518518518,0.05975186106126654,0.5152962962962964,0.056790989815432194,12.793103448275861,4.78374711426116,17.0,5.370861555295747,0.7208888888888888,0.08861295847818426,8.689655172413794,2.6063582731995734,22.928571428571427,3.1731345809440654,31.214285714285715,4.833196495052562,15.88888888888889,3.8363978831644556,6.962962962962963,2.15694729940758,3.7777777777777777,1.339728254114167,9.133333333333333,2.012603963188903,16.035714285714285,2.60316250481122,22.77777777777778,2.5318484177091665,54.392857142857146,4.121661708352014,0.42278571428571426,0.05698561036226416,7.407407407407407,1.5256589814356707,22.75862068965517,3.9338746113886343,0.3373214285714286,0.055621774028088544,15.11111111111111,2.8056719109323653,32.22222222222222,4.466398767320038,0.47762962962962957,0.06712568472542793,0.4889629629629631,0.0651905381769952,12.310344827586206,4.226645480721613,17.571428571428573,5.174213638079391,0.7040000000000001,0.09597876367677943,8.03448275862069,2.2596263695684873,21.96551724137931,3.01760026014866,30.5,3.168128317640723,11.96551724137931,2.859604850583002,4.931034482758621,1.6675695419801542,2.967741935483871,1.760376303857444,11.592592592592593,3.04149835619095,17.033333333333335,3.8099989440973587,7.25,12.041979042468862
