Year,Team,Rslt,Rslt_std,Tm,Tm_std,Opp_score,Opp_score_std,OT,OT_std,FG,FG_std,FGA,FGA_std,FG%,FG%_std,3P,3P_std,3PA,3PA_std,3P%,3P%_std,2P,2P_std,2PA,2PA_std,2P%,2P%_std,eFG%,eFG%_std,FT,FT_std,FTA,FTA_std,FT%,FT%_std,ORB,ORB_std,DRB,DRB_std,TRB,TRB_std,AST,AST_std,STL,STL_std,BLK,BLK_std,TOV,TOV_std,PF,PF_std,FG_opp,FG_opp_std,FGA_opp,FGA_opp_std,FG%_opp,FG%_opp_std,3P_opp,3P_opp_std,3PA_opp,3PA_opp_std,3P%_opp,3P%_opp_std,2P_opp,2P_opp_std,2PA_opp,2PA_opp_std,2P%_opp,2P%_opp_std,eFG%_opp,eFG%_opp_std,FT_opp,FT_opp_std,FTA_opp,FTA_opp_std,FT%_opp,FT%_opp_std,ORB_opp,ORB_opp_std,DRB_opp,DRB_opp_std,TRB_opp,TRB_opp_std,AST_opp,AST_opp_std,STL_opp,STL_opp_std,BLK_opp,BLK_opp_std,TOV_opp,TOV_opp_std,PF_opp,PF_opp_std,Spread,Spread_std
2025,nebraska-omaha,0.6470588235294118,0.485071250072666,78.64285714285714,7.699034502788793,75.0,8.277591347639634,0.0,0.0,27.482758620689655,3.214039399429282,58.58620689655172,5.206570309160959,0.46671428571428575,0.045610961274235265,8.451612903225806,2.1577567004865545,22.387096774193548,3.963814823751136,0.36853571428571436,0.06245678929548435,19.0,2.9814239699997196,35.806451612903224,4.989451237953326,0.5319285714285714,0.05992274567921141,0.5382857142857144,0.04915572921120907,15.172413793103448,3.8736192518592203,21.333333333333332,5.944184833375669,0.72825,0.06364171995254779,8.15625,2.490101371171398,23.896551724137932,3.12072367507244,32.41379310344828,4.36313486071745,13.233333333333333,2.9441155024818615,5.90625,2.387593943431269,2.272727272727273,1.5056710977319896,10.586206896551724,2.834950760208699,18.20689655172414,3.4161309604457872,25.838709677419356,3.3871991791995186,57.6551724137931,3.7251640622448288,0.4496428571428571,0.04947443356643487,8.633333333333333,2.3994731222432595,25.142857142857142,4.8588543514356966,0.34585714285714275,0.06228115123327281,17.137931034482758,3.2702570664686554,31.862068965517242,4.469932389477772,0.53325,0.06332609607771858,0.5262857142857144,0.052673598097224536,15.413793103448276,5.07456712706548,21.285714285714285,5.961960545405642,0.7003928571428572,0.08056758804498397,6.793103448275862,1.878055802168592,22.517241379310345,2.9352620916705257,28.225806451612904,3.7122291364206386,12.821428571428571,2.708745389899462,5.903225806451613,2.3714248699839713,2.5714285714285716,1.425393290199597,9.785714285714286,1.685606668612177,18.357142857142858,2.7784126258669213,3.392857142857143,9.923183799546228
