Year,Team,Rslt,Rslt_std,Tm,Tm_std,Opp_score,Opp_score_std,OT,OT_std,FG,FG_std,FGA,FGA_std,FG%,FG%_std,3P,3P_std,3PA,3PA_std,3P%,3P%_std,2P,2P_std,2PA,2PA_std,2P%,2P%_std,eFG%,eFG%_std,FT,FT_std,FTA,FTA_std,FT%,FT%_std,ORB,ORB_std,DRB,DRB_std,TRB,TRB_std,AST,AST_std,STL,STL_std,BLK,BLK_std,TOV,TOV_std,PF,PF_std,FG_opp,FG_opp_std,FGA_opp,FGA_opp_std,FG%_opp,FG%_opp_std,3P_opp,3P_opp_std,3PA_opp,3PA_opp_std,3P%_opp,3P%_opp_std,2P_opp,2P_opp_std,2PA_opp,2PA_opp_std,2P%_opp,2P%_opp_std,eFG%_opp,eFG%_opp_std,FT_opp,FT_opp_std,FTA_opp,FTA_opp_std,FT%_opp,FT%_opp_std,ORB_opp,ORB_opp_std,DRB_opp,DRB_opp_std,TRB_opp,TRB_opp_std,AST_opp,AST_opp_std,STL_opp,STL_opp_std,BLK_opp,BLK_opp_std,TOV_opp,TOV_opp_std,PF_opp,PF_opp_std,Spread,Spread_std
2025,oklahoma,0.6060606060606061,0.49619766344887317,79.37037037037037,7.942815564289472,74.71428571428571,8.657504314314892,0.0,0.0,26.607142857142858,4.2368689147834395,55.77777777777778,5.056095584945221,0.47529629629629633,0.052859621651498816,8.466666666666667,2.2853858548934634,22.482758620689655,3.6017921100392356,0.37142857142857144,0.06717717236362726,17.64516129032258,4.542747972294407,32.111111111111114,4.003203845127179,0.5401111111111112,0.07500888836220235,0.5545925925925927,0.06413163101673071,17.678571428571427,4.4309815936875525,22.11111111111111,4.602117684228336,0.7931851851851852,0.0830921809878074,7.0,1.9215378456610457,21.714285714285715,3.1252513126460353,29.185185185185187,3.408553009450435,13.75,4.248093254190202,8.03448275862069,1.9545324362452967,1.9333333333333333,1.436790804568276,11.296296296296296,1.8566888396533887,18.48148148148148,2.8334590218476827,25.714285714285715,3.0167083220837076,58.32142857142857,4.530175137065538,0.44275000000000003,0.0473283448075487,7.172413793103448,2.139241613236559,24.866666666666667,4.717782451996681,0.30577777777777787,0.0566421515598881,18.51851851851852,2.7786323471804826,33.77777777777778,4.144814492771321,0.5484074074074073,0.06332836237801734,0.5100740740740741,0.05062222522380547,15.10344827586207,5.531370455257946,20.77777777777778,6.110100926607787,0.7208214285714287,0.08140300002271669,8.892857142857142,3.68519847914435,21.5,3.6158089100606623,30.555555555555557,4.725815626252608,12.241379310344827,3.0314444036488273,6.862068965517241,1.6844697752246314,3.125,2.2965612442055834,12.178571428571429,2.7087453898994616,18.535714285714285,2.3330498694030726,4.481481481481482,11.712486336484503
