Year,Team,Rslt,Rslt_std,Tm,Tm_std,Opp_score,Opp_score_std,OT,OT_std,FG,FG_std,FGA,FGA_std,FG%,FG%_std,3P,3P_std,3PA,3PA_std,3P%,3P%_std,2P,2P_std,2PA,2PA_std,2P%,2P%_std,eFG%,eFG%_std,FT,FT_std,FTA,FTA_std,FT%,FT%_std,ORB,ORB_std,DRB,DRB_std,TRB,TRB_std,AST,AST_std,STL,STL_std,BLK,BLK_std,TOV,TOV_std,PF,PF_std,FG_opp,FG_opp_std,FGA_opp,FGA_opp_std,FG%_opp,FG%_opp_std,3P_opp,3P_opp_std,3PA_opp,3PA_opp_std,3P%_opp,3P%_opp_std,2P_opp,2P_opp_std,2PA_opp,2PA_opp_std,2P%_opp,2P%_opp_std,eFG%_opp,eFG%_opp_std,FT_opp,FT_opp_std,FTA_opp,FTA_opp_std,FT%_opp,FT%_opp_std,ORB_opp,ORB_opp_std,DRB_opp,DRB_opp_std,TRB_opp,TRB_opp_std,AST_opp,AST_opp_std,STL_opp,STL_opp_std,BLK_opp,BLK_opp_std,TOV_opp,TOV_opp_std,PF_opp,PF_opp_std,Spread,Spread_std
2025,vanderbilt,0.625,0.4918693768379647,78.37037037037037,8.449616050212661,73.77777777777777,8.932797534640075,0.0,0.0,27.615384615384617,3.5897289376990353,61.5,5.029910535983717,0.44815384615384607,0.04390051690601587,8.148148148148149,2.3485462558079444,24.37037037037037,3.670549614558353,0.3337857142857143,0.08207781183588653,19.714285714285715,3.230148980134265,36.88461538461539,4.4029710249050975,0.5395384615384615,0.06588003082526953,0.5126923076923077,0.05192053099171405,15.346153846153847,3.979369876674524,20.5,6.197371007726374,0.7500769230769231,0.06892890428661873,9.678571428571429,3.1038037765937916,21.53846153846154,3.3493971903107487,30.5,5.487359211051443,13.692307692307692,2.8812390497038702,9.285714285714286,2.608492438983254,3.607142857142857,1.3700307029348382,9.892857142857142,2.4994708434695725,17.96153846153846,2.9459228670251263,24.724137931034484,3.5040441097612782,55.92307692307692,4.4355209563078555,0.4632692307692307,0.05593750633863308,7.8076923076923075,1.5752899610987372,20.807692307692307,3.020188481128034,0.3703076923076924,0.05706681643881615,17.73076923076923,2.8503710959479265,35.38461538461539,4.271551690680314,0.5199230769230769,0.08096711583200829,0.5333846153846153,0.06047417757891506,14.88888888888889,4.725815626252608,21.346153846153847,5.88518348187927,0.7196153846153847,0.07515694348392672,8.23076923076923,2.065094521956655,23.346153846153847,3.0191695241215943,31.53846153846154,4.022245832673773,12.37037037037037,3.1882976908127896,5.580645161290323,2.553092158519248,4.344827586206897,1.9689711248874104,12.928571428571429,3.1142274641414196,17.26923076923077,2.9196943991821103,3.3461538461538463,12.419153941206487
