Year,Team,Rslt,Rslt_std,Tm,Tm_std,Opp_score,Opp_score_std,OT,OT_std,FG,FG_std,FGA,FGA_std,FG%,FG%_std,3P,3P_std,3PA,3PA_std,3P%,3P%_std,2P,2P_std,2PA,2PA_std,2P%,2P%_std,eFG%,eFG%_std,FT,FT_std,FTA,FTA_std,FT%,FT%_std,ORB,ORB_std,DRB,DRB_std,TRB,TRB_std,AST,AST_std,STL,STL_std,BLK,BLK_std,TOV,TOV_std,PF,PF_std,FG_opp,FG_opp_std,FGA_opp,FGA_opp_std,FG%_opp,FG%_opp_std,3P_opp,3P_opp_std,3PA_opp,3PA_opp_std,3P%_opp,3P%_opp_std,2P_opp,2P_opp_std,2PA_opp,2PA_opp_std,2P%_opp,2P%_opp_std,eFG%_opp,eFG%_opp_std,FT_opp,FT_opp_std,FTA_opp,FTA_opp_std,FT%_opp,FT%_opp_std,ORB_opp,ORB_opp_std,DRB_opp,DRB_opp_std,TRB_opp,TRB_opp_std,AST_opp,AST_opp_std,STL_opp,STL_opp_std,BLK_opp,BLK_opp_std,TOV_opp,TOV_opp_std,PF_opp,PF_opp_std,Spread,Spread_std
2025,american,0.6470588235294118,0.485071250072666,68.79310344827586,7.8393663662716095,65.6896551724138,8.481506976424237,0.0,0.0,23.483870967741936,3.295157737670389,53.63333333333333,4.1562859193850175,0.44210714285714287,0.05004689599707258,8.5,2.1131770492269006,24.2,4.0462839486501005,0.35686206896551725,0.08240046989200757,15.25,2.689141402284655,29.75862068965517,3.602134014459773,0.5135,0.06683340260456372,0.5226785714285714,0.061813970356359826,12.344827586206897,4.385657322201912,16.310344827586206,5.1485327193834145,0.7521428571428569,0.09335861335640482,6.607142857142857,2.362347948691689,21.93103448275862,3.022901095716292,27.433333333333334,3.4907101671815104,12.535714285714286,2.6031625048112206,6.419354838709677,2.0780470567079257,1.5161290322580645,1.1509696706671722,9.964285714285714,2.3171205447813064,17.75,2.8103644155426086,23.821428571428573,3.3004328720422635,53.03448275862069,4.3217288093398265,0.4470689655172415,0.06181824224200836,5.967741935483871,2.136724455293537,18.607142857142858,3.9189878295888607,0.3334642857142857,0.09105614147036376,17.892857142857142,2.9607217052389467,34.07142857142857,4.512768481218526,0.5217142857142857,0.059932589998391884,0.5112857142857142,0.06636423464646932,12.275862068965518,4.455306240269156,18.178571428571427,5.09940861806232,0.6832068965517242,0.08725511827408539,7.535714285714286,1.8754188244751535,22.5,3.23751161874077,29.724137931034484,4.190947316403178,11.857142857142858,2.876652963972588,5.612903225806452,1.838068177096789,2.7241379310344827,1.3064825110670781,10.964285714285714,2.1684973950597572,15.517241379310345,2.3086899447703546,2.1785714285714284,9.261843554700437
