Year,Team,Rslt,Rslt_std,Tm,Tm_std,Opp_score,Opp_score_std,OT,OT_std,FG,FG_std,FGA,FGA_std,FG%,FG%_std,3P,3P_std,3PA,3PA_std,3P%,3P%_std,2P,2P_std,2PA,2PA_std,2P%,2P%_std,eFG%,eFG%_std,FT,FT_std,FTA,FTA_std,FT%,FT%_std,ORB,ORB_std,DRB,DRB_std,TRB,TRB_std,AST,AST_std,STL,STL_std,BLK,BLK_std,TOV,TOV_std,PF,PF_std,FG_opp,FG_opp_std,FGA_opp,FGA_opp_std,FG%_opp,FG%_opp_std,3P_opp,3P_opp_std,3PA_opp,3PA_opp_std,3P%_opp,3P%_opp_std,2P_opp,2P_opp_std,2PA_opp,2PA_opp_std,2P%_opp,2P%_opp_std,eFG%_opp,eFG%_opp_std,FT_opp,FT_opp_std,FTA_opp,FTA_opp_std,FT%_opp,FT%_opp_std,ORB_opp,ORB_opp_std,DRB_opp,DRB_opp_std,TRB_opp,TRB_opp_std,AST_opp,AST_opp_std,STL_opp,STL_opp_std,BLK_opp,BLK_opp_std,TOV_opp,TOV_opp_std,PF_opp,PF_opp_std,Spread,Spread_std
2025,maryland,0.7575757575757576,0.4351941398892446,80.42857142857143,7.2542634791092775,68.10714285714286,7.880304965495076,0.0,0.0,28.88888888888889,3.154158833780878,61.77777777777778,4.877998748961688,0.4697037037037037,0.044525545662284886,8.482758620689655,2.4292957482596296,22.037037037037038,3.3337606563699373,0.3648888888888889,0.07405888163291388,20.862068965517242,3.237328461324625,39.48275862068966,4.0144443633955165,0.5275925925925927,0.07498115622724012,0.5341481481481483,0.05029046683150848,15.2,4.3817804600413295,20.444444444444443,4.116882066408746,0.7616071428571428,0.06297814981799127,8.962962962962964,2.0471646711691736,25.0,3.691832827963589,33.55555555555556,3.7859388972001824,14.178571428571429,3.1038037765937916,7.535714285714286,2.4416470284707845,4.379310344827586,1.3473199085445857,9.827586206896552,2.3001392118931996,15.666666666666666,2.601774542351963,25.24137931034483,3.3663797045596233,59.3448275862069,3.744289576608297,0.42077777777777786,0.03796084352363157,6.451612903225806,1.670103982340009,20.964285714285715,3.94857820503404,0.30662962962962964,0.06427294451020114,18.464285714285715,3.225846347252866,38.17857142857143,5.340644789956244,0.4764074074074074,0.05378894600427407,0.47548148148148156,0.04395747102893045,11.206896551724139,4.126389898695846,15.071428571428571,4.868101549722715,0.7432222222222222,0.08920690441256099,8.444444444444445,2.4389993744808445,22.074074074074073,3.8423342857607747,30.25,4.510276332176621,11.89655172413793,2.554335636104214,4.925925925925926,1.5423739426343335,2.1,1.3222238320605801,13.266666666666667,3.8945880516370437,18.142857142857142,2.304814376944337,11.857142857142858,12.137222471066819
