Year,Team,Rslt,Rslt_std,Tm,Tm_std,Opp_score,Opp_score_std,OT,OT_std,FG,FG_std,FGA,FGA_std,FG%,FG%_std,3P,3P_std,3PA,3PA_std,3P%,3P%_std,2P,2P_std,2PA,2PA_std,2P%,2P%_std,eFG%,eFG%_std,FT,FT_std,FTA,FTA_std,FT%,FT%_std,ORB,ORB_std,DRB,DRB_std,TRB,TRB_std,AST,AST_std,STL,STL_std,BLK,BLK_std,TOV,TOV_std,PF,PF_std,FG_opp,FG_opp_std,FGA_opp,FGA_opp_std,FG%_opp,FG%_opp_std,3P_opp,3P_opp_std,3PA_opp,3PA_opp_std,3P%_opp,3P%_opp_std,2P_opp,2P_opp_std,2PA_opp,2PA_opp_std,2P%_opp,2P%_opp_std,eFG%_opp,eFG%_opp_std,FT_opp,FT_opp_std,FTA_opp,FTA_opp_std,FT%_opp,FT%_opp_std,ORB_opp,ORB_opp_std,DRB_opp,DRB_opp_std,TRB_opp,TRB_opp_std,AST_opp,AST_opp_std,STL_opp,STL_opp_std,BLK_opp,BLK_opp_std,TOV_opp,TOV_opp_std,PF_opp,PF_opp_std,Spread,Spread_std
2025,louisville,0.7941176470588235,0.4104256301219048,78.60714285714286,7.699635805308686,69.28571428571429,6.294366339755546,0.0,0.0,27.0,3.2317865716108862,59.6551724137931,4.812749897548664,0.4554285714285714,0.04310832915259002,9.03448275862069,2.2596263695684873,28.0,5.028490259085155,0.32700000000000007,0.06488394197277107,17.482758620689655,3.191738103013247,30.857142857142858,4.519212367579159,0.5665714285714285,0.06029706004222303,0.5351428571428571,0.057823943705081766,14.758620689655173,5.103606374864411,20.071428571428573,6.75457908565283,0.7523928571428572,0.09871032790938766,9.379310344827585,2.596890903471307,25.310344827586206,3.219399325915385,34.41379310344828,4.075337333796609,13.413793103448276,2.6527242247938028,6.0344827586206895,1.7213524296878073,2.5517241379310347,1.3252009792737027,10.724137931034482,2.4038147023330874,15.875,3.159726407102668,25.033333333333335,3.5572493570883874,58.535714285714285,4.041288232978512,0.4275357142857143,0.05777958254202049,8.258064516129032,1.8067972019660254,22.689655172413794,3.4857203423996483,0.34110714285714294,0.06289576284716629,16.75,3.122498999199199,35.17857142857143,4.722315591980755,0.48464285714285726,0.0739239921389302,0.495357142857143,0.06448842232336448,10.870967741935484,4.52210817712175,15.642857142857142,4.870274809451384,0.7169285714285716,0.09910186624973262,7.931034482758621,2.8275561694908227,21.607142857142858,2.8846886437583814,30.2,4.397491447914681,11.2,2.4551142960963244,6.870967741935484,1.8751344037849833,2.8,1.3995073024658258,12.172413793103448,3.2521307906975325,18.103448275862068,3.1435288131357693,9.172413793103448,10.763924422138853
