Year,Team,Rslt,Rslt_std,Tm,Tm_std,Opp_score,Opp_score_std,OT,OT_std,FG,FG_std,FGA,FGA_std,FG%,FG%_std,3P,3P_std,3PA,3PA_std,3P%,3P%_std,2P,2P_std,2PA,2PA_std,2P%,2P%_std,eFG%,eFG%_std,FT,FT_std,FTA,FTA_std,FT%,FT%_std,ORB,ORB_std,DRB,DRB_std,TRB,TRB_std,AST,AST_std,STL,STL_std,BLK,BLK_std,TOV,TOV_std,PF,PF_std,FG_opp,FG_opp_std,FGA_opp,FGA_opp_std,FG%_opp,FG%_opp_std,3P_opp,3P_opp_std,3PA_opp,3PA_opp_std,3P%_opp,3P%_opp_std,2P_opp,2P_opp_std,2PA_opp,2PA_opp_std,2P%_opp,2P%_opp_std,eFG%_opp,eFG%_opp_std,FT_opp,FT_opp_std,FTA_opp,FTA_opp_std,FT%_opp,FT%_opp_std,ORB_opp,ORB_opp_std,DRB_opp,DRB_opp_std,TRB_opp,TRB_opp_std,AST_opp,AST_opp_std,STL_opp,STL_opp_std,BLK_opp,BLK_opp_std,TOV_opp,TOV_opp_std,PF_opp,PF_opp_std,Spread,Spread_std
2025,tennessee,0.7941176470588235,0.4104256301219048,74.34482758620689,6.263704187442383,64.24137931034483,9.34900748136932,0.0,0.0,25.620689655172413,2.9810567769482623,56.25,4.679545720275436,0.4599642857142857,0.055926196169500196,8.357142857142858,1.8502109131881217,24.137931034482758,3.5226221760322085,0.3458571428571428,0.07320833502723798,17.482758620689655,3.312537758870212,31.633333333333333,5.327115628512322,0.5468214285714286,0.09582045462117951,0.5376071428571428,0.06610784639131238,15.241379310344827,4.171803073815866,19.233333333333334,5.537853021880774,0.7436896551724138,0.08219971474067458,9.464285714285714,3.0487659052432257,23.838709677419356,3.484219417062674,32.89655172413793,3.967230300367958,15.89655172413793,3.6775848789486725,6.9655172413793105,1.5694120514358612,4.870967741935484,1.7270772127860212,9.448275862068966,1.9380809156142011,15.535714285714286,2.531024428188052,21.689655172413794,3.9106397748035886,56.44827586206897,3.59151984239613,0.3852857142857142,0.05534461541131581,7.4375,2.4221757747675885,25.20689655172414,4.443127199433393,0.2682758620689655,0.06334198368027105,14.344827586206897,3.558449321875286,30.535714285714285,4.549986917825254,0.47220689655172415,0.0748757920589372,0.4460357142857144,0.05969954534404525,11.758620689655173,3.7383645432365316,16.06896551724138,4.689890605507299,0.7336071428571429,0.08492189844780224,7.645161290322581,2.8583023760823973,18.620689655172413,3.5598333940092544,27.0,4.189935029992179,10.1,2.354013447358538,6.033333333333333,1.8842968748696896,2.53125,1.7035896636031471,10.233333333333333,2.595531084228313,17.344827586206897,2.96739257922032,12.310344827586206,10.549554656395495
