Year,Team,Rslt,Rslt_std,Tm,Tm_std,Opp_score,Opp_score_std,OT,OT_std,FG,FG_std,FGA,FGA_std,FG%,FG%_std,3P,3P_std,3PA,3PA_std,3P%,3P%_std,2P,2P_std,2PA,2PA_std,2P%,2P%_std,eFG%,eFG%_std,FT,FT_std,FTA,FTA_std,FT%,FT%_std,ORB,ORB_std,DRB,DRB_std,TRB,TRB_std,AST,AST_std,STL,STL_std,BLK,BLK_std,TOV,TOV_std,PF,PF_std,FG_opp,FG_opp_std,FGA_opp,FGA_opp_std,FG%_opp,FG%_opp_std,3P_opp,3P_opp_std,3PA_opp,3PA_opp_std,3P%_opp,3P%_opp_std,2P_opp,2P_opp_std,2PA_opp,2PA_opp_std,2P%_opp,2P%_opp_std,eFG%_opp,eFG%_opp_std,FT_opp,FT_opp_std,FTA_opp,FTA_opp_std,FT%_opp,FT%_opp_std,ORB_opp,ORB_opp_std,DRB_opp,DRB_opp_std,TRB_opp,TRB_opp_std,AST_opp,AST_opp_std,STL_opp,STL_opp_std,BLK_opp,BLK_opp_std,TOV_opp,TOV_opp_std,PF_opp,PF_opp_std,Spread,Spread_std
2025,troy,0.696969696969697,0.46669372215943755,74.64285714285714,8.138678961483567,64.96296296296296,6.142421731641741,0.0,0.0,25.25,3.013856886670854,57.25925925925926,4.711627128649953,0.4409259259259259,0.05045708452652986,7.9655172413793105,2.4419365649402356,25.22222222222222,4.060440799615171,0.3000357142857143,0.059560415728007826,17.14814814814815,2.9444041280903797,31.214285714285715,5.307975430859037,0.552037037037037,0.06671263372537094,0.5078148148148149,0.05907494395129802,15.89655172413793,5.374176532178188,22.6,7.4722475038385,0.7093333333333333,0.05901499157645648,12.037037037037036,2.738352697987514,22.821428571428573,3.139398048323931,34.629629629629626,4.464803795742085,14.285714285714286,3.0411637983964703,9.37037037037037,2.0782416411688795,4.5,1.7950549357115013,12.25,2.8103644155426086,16.79310344827586,2.807888255113079,23.103448275862068,2.6233134389574526,56.93333333333333,5.159078595449287,0.40399999999999997,0.036965680549146375,6.517241379310345,2.399712626473256,21.321428571428573,4.714466086015518,0.31362962962962954,0.07177965650739135,15.851851851851851,2.5525809518347335,35.407407407407405,4.667887508196163,0.45137037037037026,0.045572552593173346,0.4637037037037037,0.0482770966678617,11.642857142857142,3.4449564391621657,16.962962962962962,3.228258419280034,0.7152592592592595,0.08804264377281683,9.241379310344827,2.6813532352925438,19.586206896551722,3.1112381708356924,29.0,2.6890089681459286,11.892857142857142,2.5580560575661346,7.548387096774194,2.419899580250103,2.7333333333333334,1.5742175578808126,12.266666666666667,2.5855478087369357,17.392857142857142,3.258485057158444,8.148148148148149,8.769280751594449
