Year,Team,Rslt,Rslt_std,Tm,Tm_std,Opp_score,Opp_score_std,OT,OT_std,FG,FG_std,FGA,FGA_std,FG%,FG%_std,3P,3P_std,3PA,3PA_std,3P%,3P%_std,2P,2P_std,2PA,2PA_std,2P%,2P%_std,eFG%,eFG%_std,FT,FT_std,FTA,FTA_std,FT%,FT%_std,ORB,ORB_std,DRB,DRB_std,TRB,TRB_std,AST,AST_std,STL,STL_std,BLK,BLK_std,TOV,TOV_std,PF,PF_std,FG_opp,FG_opp_std,FGA_opp,FGA_opp_std,FG%_opp,FG%_opp_std,3P_opp,3P_opp_std,3PA_opp,3PA_opp_std,3P%_opp,3P%_opp_std,2P_opp,2P_opp_std,2PA_opp,2PA_opp_std,2P%_opp,2P%_opp_std,eFG%_opp,eFG%_opp_std,FT_opp,FT_opp_std,FTA_opp,FTA_opp_std,FT%_opp,FT%_opp_std,ORB_opp,ORB_opp_std,DRB_opp,DRB_opp_std,TRB_opp,TRB_opp_std,AST_opp,AST_opp_std,STL_opp,STL_opp_std,BLK_opp,BLK_opp_std,TOV_opp,TOV_opp_std,PF_opp,PF_opp_std,Spread,Spread_std
2025,mcneese-state,0.8181818181818182,0.39167472590032015,75.06896551724138,9.613721720551155,63.888888888888886,5.344539509078642,0.0,0.0,27.11111111111111,3.682947537517004,57.370370370370374,4.31587541835728,0.47092592592592597,0.047898069598106684,7.892857142857143,3.0712439959305873,21.185185185185187,4.69071945471577,0.34925925925925927,0.10636822566067101,19.428571428571427,3.3931147214952095,36.03703703703704,4.228852194531146,0.539148148148148,0.05607460943566011,0.5381481481481483,0.06723020366546784,14.428571428571429,3.553074531210769,19.285714285714285,4.867558083179049,0.7169259259259261,0.08904533241597351,10.296296296296296,1.9377785619068433,22.266666666666666,2.9117281671784254,32.96551724137931,4.144555452817326,14.074074074074074,3.6891308745674243,8.821428571428571,2.53937250091685,3.4285714285714284,1.5257923607235448,10.161290322580646,2.9450158368962795,16.11111111111111,2.764240517940803,21.689655172413794,2.4655258534418474,54.851851851851855,4.888791762826976,0.4054074074074073,0.03553899186836823,8.214285714285714,1.9693417373089106,24.88888888888889,4.725815626252608,0.31866666666666676,0.05437193846376724,13.724137931034482,2.6578260682119508,29.814814814814813,4.557639715036696,0.4779629629629631,0.0619400960491304,0.47922222222222216,0.04863943741240099,11.129032258064516,4.924374312091984,16.25925925925926,5.035203705241363,0.7184444444444444,0.10074237261959657,9.214285714285714,2.726511036812878,20.0,3.3222036417169005,28.75,4.2130748865881795,12.37037037037037,1.757361399462014,6.766666666666667,2.528231402183848,2.9310344827586206,1.386955413918214,12.758620689655173,3.5421459638976835,15.666666666666666,2.6165155925684536,11.75,10.71041376245395
