Year,Team,Rslt,Rslt_std,Tm,Tm_std,Opp_score,Opp_score_std,OT,OT_std,FG,FG_std,FGA,FGA_std,FG%,FG%_std,3P,3P_std,3PA,3PA_std,3P%,3P%_std,2P,2P_std,2PA,2PA_std,2P%,2P%_std,eFG%,eFG%_std,FT,FT_std,FTA,FTA_std,FT%,FT%_std,ORB,ORB_std,DRB,DRB_std,TRB,TRB_std,AST,AST_std,STL,STL_std,BLK,BLK_std,TOV,TOV_std,PF,PF_std,FG_opp,FG_opp_std,FGA_opp,FGA_opp_std,FG%_opp,FG%_opp_std,3P_opp,3P_opp_std,3PA_opp,3PA_opp_std,3P%_opp,3P%_opp_std,2P_opp,2P_opp_std,2PA_opp,2PA_opp_std,2P%_opp,2P%_opp_std,eFG%_opp,eFG%_opp_std,FT_opp,FT_opp_std,FTA_opp,FTA_opp_std,FT%_opp,FT%_opp_std,ORB_opp,ORB_opp_std,DRB_opp,DRB_opp_std,TRB_opp,TRB_opp_std,AST_opp,AST_opp_std,STL_opp,STL_opp_std,BLK_opp,BLK_opp_std,TOV_opp,TOV_opp_std,PF_opp,PF_opp_std,Spread,Spread_std
2025,michigan,0.7352941176470589,0.4478110755198991,78.0,9.454063165900024,70.82758620689656,9.539650208910933,0.0,0.0,27.535714285714285,3.805280374710742,58.3,3.6497519991326004,0.47260714285714295,0.05686718723593584,7.666666666666667,2.382889195816757,23.96875,4.276600813277881,0.33896551724137924,0.09490953691302226,18.96551724137931,3.7271471148538726,33.142857142857146,4.904376622253847,0.5823928571428573,0.076861269582962,0.5422857142857144,0.07017853272209712,15.0,3.8913824205360674,20.620689655172413,5.059741616098086,0.7263928571428572,0.07605959616847943,9.03125,2.6333392881380884,25.0,4.697761756117628,34.714285714285715,4.34491736150492,16.178571428571427,3.0313616477011514,5.357142857142857,1.7683280597740134,3.4827586206896552,1.5496702334730172,13.666666666666666,2.73336136795267,16.928571428571427,2.0892772350933626,25.620689655172413,3.7264862145711954,62.793103448275865,3.9222743979994528,0.40717857142857133,0.04797071141268549,7.678571428571429,1.492042384180314,23.892857142857142,4.130637881994659,0.32128571428571434,0.06141230250911375,17.75,3.146132252170615,38.25,4.151081965160587,0.4586071428571429,0.058241094875312344,0.46889285714285706,0.05709598110376122,12.928571428571429,3.558282684298096,17.24137931034483,4.7633659498734495,0.7316785714285714,0.07037942332467087,9.357142857142858,2.2642844624702363,19.928571428571427,3.7310367085617,29.551724137931036,4.594921162828676,10.733333333333333,3.8410965867191815,6.875,2.5495097567963922,2.5172413793103448,1.3261299671054765,10.724137931034482,3.493836938342163,18.551724137931036,2.860896548992887,6.285714285714286,9.606545387688245
