Year,Team,Rslt,Rslt_std,Tm,Tm_std,Opp_score,Opp_score_std,OT,OT_std,FG,FG_std,FGA,FGA_std,FG%,FG%_std,3P,3P_std,3PA,3PA_std,3P%,3P%_std,2P,2P_std,2PA,2PA_std,2P%,2P%_std,eFG%,eFG%_std,FT,FT_std,FTA,FTA_std,FT%,FT%_std,ORB,ORB_std,DRB,DRB_std,TRB,TRB_std,AST,AST_std,STL,STL_std,BLK,BLK_std,TOV,TOV_std,PF,PF_std,FG_opp,FG_opp_std,FGA_opp,FGA_opp_std,FG%_opp,FG%_opp_std,3P_opp,3P_opp_std,3PA_opp,3PA_opp_std,3P%_opp,3P%_opp_std,2P_opp,2P_opp_std,2PA_opp,2PA_opp_std,2P%_opp,2P%_opp_std,eFG%_opp,eFG%_opp_std,FT_opp,FT_opp_std,FTA_opp,FTA_opp_std,FT%_opp,FT%_opp_std,ORB_opp,ORB_opp_std,DRB_opp,DRB_opp_std,TRB_opp,TRB_opp_std,AST_opp,AST_opp_std,STL_opp,STL_opp_std,BLK_opp,BLK_opp_std,TOV_opp,TOV_opp_std,PF_opp,PF_opp_std,Spread,Spread_std
2025,bryant,0.6764705882352942,0.47485807993381707,81.89285714285714,7.685191559887711,73.07142857142857,8.502411733796789,0.0,0.0,29.9,4.03732584763727,65.14285714285714,4.377673030734612,0.45892857142857135,0.04440464487835126,7.655172413793103,1.9137820085774346,22.9,3.7448815643534688,0.33610714285714277,0.04184657982901641,21.516129032258064,3.8111325328300643,42.32142857142857,3.300432872042263,0.5224285714285716,0.060301973784678414,0.517642857142857,0.04544448325375764,13.785714285714286,3.4998110304239636,19.0,4.58257569495584,0.7192499999999998,0.07517023889023378,12.071428571428571,2.5081876506763385,25.322580645161292,4.3311822618017635,38.13333333333333,5.775891233414102,14.620689655172415,3.5698518687099643,6.838709677419355,1.8091761328212055,5.655172413793103,2.256353918366112,11.137931034482758,4.041959725633758,15.275862068965518,2.433347954159012,26.5,2.937623125867175,63.82142857142857,4.737975590736269,0.4134285714285713,0.04187054880393684,7.28125,2.098146263237023,22.633333333333333,4.1562859193850175,0.3208928571428572,0.0567158866539332,19.25,3.0261208514214046,42.53333333333333,6.339440491646438,0.46732142857142855,0.058008335015038416,0.4709285714285714,0.048059321808556696,12.724137931034482,4.130864244787886,17.724137931034484,5.2365238723804035,0.7144642857142857,0.10733626018882318,8.275862068965518,2.839725234748425,22.892857142857142,3.095268620118104,31.107142857142858,3.499622050644112,11.142857142857142,2.519763153394848,6.566666666666666,2.6350859873862826,2.1666666666666665,1.11674815279973,11.413793103448276,2.0444566406908766,17.0,2.2771001702132443,8.464285714285714,10.376191204644597
