Year,Team,Rslt,Rslt_std,Tm,Tm_std,Opp_score,Opp_score_std,OT,OT_std,FG,FG_std,FGA,FGA_std,FG%,FG%_std,3P,3P_std,3PA,3PA_std,3P%,3P%_std,2P,2P_std,2PA,2PA_std,2P%,2P%_std,eFG%,eFG%_std,FT,FT_std,FTA,FTA_std,FT%,FT%_std,ORB,ORB_std,DRB,DRB_std,TRB,TRB_std,AST,AST_std,STL,STL_std,BLK,BLK_std,TOV,TOV_std,PF,PF_std,FG_opp,FG_opp_std,FGA_opp,FGA_opp_std,FG%_opp,FG%_opp_std,3P_opp,3P_opp_std,3PA_opp,3PA_opp_std,3P%_opp,3P%_opp_std,2P_opp,2P_opp_std,2PA_opp,2PA_opp_std,2P%_opp,2P%_opp_std,eFG%_opp,eFG%_opp_std,FT_opp,FT_opp_std,FTA_opp,FTA_opp_std,FT%_opp,FT%_opp_std,ORB_opp,ORB_opp_std,DRB_opp,DRB_opp_std,TRB_opp,TRB_opp_std,AST_opp,AST_opp_std,STL_opp,STL_opp_std,BLK_opp,BLK_opp_std,TOV_opp,TOV_opp_std,PF_opp,PF_opp_std,Spread,Spread_std
2025,colorado-state,0.7352941176470589,0.4478110755198991,75.35714285714286,6.837880794267604,66.46428571428571,7.603518400286283,0.0,0.0,26.321428571428573,2.7762694317504484,54.93103448275862,4.4954821327540975,0.4843214285714286,0.05317201545468469,8.266666666666667,2.4485510611074814,23.321428571428573,3.32280082024266,0.35603571428571434,0.08005946037644268,17.862068965517242,2.8626179068796764,31.678571428571427,3.9162867090270073,0.5699285714285715,0.06316288676549121,0.5615357142857144,0.05972063489954066,13.392857142857142,3.8038896828873363,17.344827586206897,5.128880844707919,0.801107142857143,0.07711143417433812,6.586206896551724,1.7630582475450016,24.607142857142858,2.897499377998664,31.464285714285715,3.615625993206615,16.24137931034483,4.120117651005621,4.870967741935484,2.3056732275537364,2.606060606060606,1.8360860876364489,11.066666666666666,2.4765567494675613,17.413793103448278,2.5427381385780388,23.24137931034483,3.1356837077854225,56.275862068965516,3.9360654005540128,0.4191071428571429,0.04453907089263129,6.903225806451613,1.8139246347754259,20.93103448275862,3.9544823977965513,0.3375714285714285,0.06601202391676309,16.066666666666666,2.715642215697451,34.82142857142857,4.595114728173756,0.4802142857142856,0.05479345536943944,0.48196428571428573,0.049143389701187194,12.548387096774194,3.766861732507308,19.3,5.70631833720458,0.6987499999999999,0.08432987476439045,7.758620689655173,2.29370524345269,20.857142857142858,3.0757629070390746,28.310344827586206,3.536578736937943,11.275862068965518,2.7889648838149093,6.1,2.0060254063781153,2.466666666666667,1.2793676598989838,10.178571428571429,3.067796548237132,16.862068965517242,3.1364691013375725,8.4,12.433547500543675
