Year,Team,Rslt,Rslt_std,Tm,Tm_std,Opp_score,Opp_score_std,OT,OT_std,FG,FG_std,FGA,FGA_std,FG%,FG%_std,3P,3P_std,3PA,3PA_std,3P%,3P%_std,2P,2P_std,2PA,2PA_std,2P%,2P%_std,eFG%,eFG%_std,FT,FT_std,FTA,FTA_std,FT%,FT%_std,ORB,ORB_std,DRB,DRB_std,TRB,TRB_std,AST,AST_std,STL,STL_std,BLK,BLK_std,TOV,TOV_std,PF,PF_std,FG_opp,FG_opp_std,FGA_opp,FGA_opp_std,FG%_opp,FG%_opp_std,3P_opp,3P_opp_std,3PA_opp,3PA_opp_std,3P%_opp,3P%_opp_std,2P_opp,2P_opp_std,2PA_opp,2PA_opp_std,2P%_opp,2P%_opp_std,eFG%_opp,eFG%_opp_std,FT_opp,FT_opp_std,FTA_opp,FTA_opp_std,FT%_opp,FT%_opp_std,ORB_opp,ORB_opp_std,DRB_opp,DRB_opp_std,TRB_opp,TRB_opp_std,AST_opp,AST_opp_std,STL_opp,STL_opp_std,BLK_opp,BLK_opp_std,TOV_opp,TOV_opp_std,PF_opp,PF_opp_std,Spread,Spread_std
2025,iowa-state,0.7272727272727273,0.45226701686664544,81.28571428571429,8.218574909616237,67.17857142857143,10.14361164195757,0.0,0.0,27.814814814814813,3.4645128088735655,58.074074074074076,4.953055979167158,0.47660714285714284,0.04810123528537325,7.866666666666666,2.012603963188903,21.633333333333333,3.595814936488148,0.3684285714285714,0.07687528552018212,20.20689655172414,3.9131583001168506,36.51851851851852,4.200461241801268,0.5577500000000001,0.07030759139244785,0.5468518518518519,0.05588842160515601,17.11111111111111,3.8162943497721145,23.285714285714285,4.404182716103568,0.7600370370370371,0.05346133144726157,9.172413793103448,2.841892798787976,24.107142857142858,3.3812038806525235,32.96296296296296,4.702548257483395,14.75,3.3180203825864694,9.258064516129032,3.1934071870598637,3.310344827586207,1.4663718169068578,11.25,2.7028791233711424,16.266666666666666,3.3002960508094583,24.133333333333333,3.5789936298209373,57.370370370370374,3.913960694627415,0.4120714285714286,0.046029723546154935,8.03448275862069,2.2117019726363556,23.857142857142858,4.65645140450748,0.3443103448275862,0.0886627250750505,16.357142857142858,2.6557315475985246,33.81481481481482,4.252031523845052,0.47459259259259273,0.054926005651841255,0.4801111111111111,0.0553237557358315,11.866666666666667,4.85466951418467,16.185185185185187,4.946148750733996,0.7323571428571428,0.1109618600760387,8.344827586206897,2.2721271039170934,20.285714285714285,2.4168719124665756,28.379310344827587,3.3638179106426955,13.10344827586207,3.446994835942575,7.071428571428571,2.1590219223934852,3.259259259259259,1.4030897935132194,14.071428571428571,3.11422746414142,18.29032258064516,3.2165566307994307,12.481481481481481,12.191959425944406
