Year,Team,Rslt,Rslt_std,Tm,Tm_std,Opp_score,Opp_score_std,OT,OT_std,FG,FG_std,FGA,FGA_std,FG%,FG%_std,3P,3P_std,3PA,3PA_std,3P%,3P%_std,2P,2P_std,2PA,2PA_std,2P%,2P%_std,eFG%,eFG%_std,FT,FT_std,FTA,FTA_std,FT%,FT%_std,ORB,ORB_std,DRB,DRB_std,TRB,TRB_std,AST,AST_std,STL,STL_std,BLK,BLK_std,TOV,TOV_std,PF,PF_std,FG_opp,FG_opp_std,FGA_opp,FGA_opp_std,FG%_opp,FG%_opp_std,3P_opp,3P_opp_std,3PA_opp,3PA_opp_std,3P%_opp,3P%_opp_std,2P_opp,2P_opp_std,2PA_opp,2PA_opp_std,2P%_opp,2P%_opp_std,eFG%_opp,eFG%_opp_std,FT_opp,FT_opp_std,FTA_opp,FTA_opp_std,FT%_opp,FT%_opp_std,ORB_opp,ORB_opp_std,DRB_opp,DRB_opp_std,TRB_opp,TRB_opp_std,AST_opp,AST_opp_std,STL_opp,STL_opp_std,BLK_opp,BLK_opp_std,TOV_opp,TOV_opp_std,PF_opp,PF_opp_std,Spread,Spread_std
2025,robert-morris,0.7647058823529411,0.4305615452020462,76.28571428571429,7.080788525126714,69.93103448275862,8.77468369182762,0.0,0.0,26.137931034482758,2.6689235113355356,58.142857142857146,5.562535298027235,0.4578275862068967,0.05018613138359274,7.607142857142857,1.6179384622799682,21.75862068965517,3.3450941948491963,0.35951724137931035,0.0745460647086538,18.79310344827586,2.907862621347601,37.37931034482759,5.7097272458213695,0.5096428571428571,0.0637728691214284,0.5242413793103448,0.058749866366057,16.25,3.5342242063486493,22.310344827586206,5.057550566627105,0.7276071428571428,0.056766147505758244,10.35483870967742,2.7993854932439985,22.4,3.6160561484807614,33.92857142857143,4.2594432902501635,16.1,3.898275480791209,6.275862068965517,1.9437914299514516,4.5,1.8335945477441957,12.379310344827585,2.0600588255028107,16.933333333333334,3.2898310755640825,25.535714285714285,2.847769014472269,57.964285714285715,3.7661468948863948,0.44160714285714286,0.045952744878894475,6.6,2.0273985369399394,20.607142857142858,4.573185013097673,0.33917857142857144,0.0777155561773682,18.724137931034484,2.8397252347484243,36.58620689655172,4.663821558238865,0.49560714285714275,0.06346439029864571,0.4999333333333333,0.05822307477952026,11.964285714285714,3.6866339445719105,17.833333333333332,5.994729485906383,0.7275517241379311,0.08771283755483676,7.896551724137931,2.703764935712091,19.633333333333333,3.316451503446514,27.964285714285715,3.6360554823736493,13.035714285714286,2.7009208698096923,7.275862068965517,1.7707252695705131,3.3333333333333335,1.9947848672643038,12.607142857142858,2.3466175139152434,19.178571428571427,2.7762694317504484,6.178571428571429,7.185652223952805
