Year,Team,Rslt,Rslt_std,Tm,Tm_std,Opp_score,Opp_score_std,OT,OT_std,FG,FG_std,FGA,FGA_std,FG%,FG%_std,3P,3P_std,3PA,3PA_std,3P%,3P%_std,2P,2P_std,2PA,2PA_std,2P%,2P%_std,eFG%,eFG%_std,FT,FT_std,FTA,FTA_std,FT%,FT%_std,ORB,ORB_std,DRB,DRB_std,TRB,TRB_std,AST,AST_std,STL,STL_std,BLK,BLK_std,TOV,TOV_std,PF,PF_std,FG_opp,FG_opp_std,FGA_opp,FGA_opp_std,FG%_opp,FG%_opp_std,3P_opp,3P_opp_std,3PA_opp,3PA_opp_std,3P%_opp,3P%_opp_std,2P_opp,2P_opp_std,2PA_opp,2PA_opp_std,2P%_opp,2P%_opp_std,eFG%_opp,eFG%_opp_std,FT_opp,FT_opp_std,FTA_opp,FTA_opp_std,FT%_opp,FT%_opp_std,ORB_opp,ORB_opp_std,DRB_opp,DRB_opp_std,TRB_opp,TRB_opp_std,AST_opp,AST_opp_std,STL_opp,STL_opp_std,BLK_opp,BLK_opp_std,TOV_opp,TOV_opp_std,PF_opp,PF_opp_std,Spread,Spread_std
2025,auburn,0.8484848484848485,0.36410954062720957,84.4074074074074,8.949685251273705,69.70370370370371,8.75660109163725,0.0,0.0,29.814814814814813,3.113704657663712,60.964285714285715,4.834154281676126,0.48518518518518516,0.04827966368903086,9.172413793103448,2.0885566704107505,24.806451612903224,3.0596225784532063,0.3685925925925926,0.05891536253830527,20.7,2.995974310464881,36.03703703703704,3.379593529058254,0.5695185185185185,0.07501711105852418,0.5609629629629629,0.057075174100264456,15.185185185185185,3.873351133430715,20.107142857142858,5.1520530658807075,0.7397777777777781,0.07191251807863674,10.0,2.7621784210346787,24.344827586206897,4.002462296324294,34.03703703703704,4.8236714510636265,16.555555555555557,3.8162943497721145,6.814814814814815,1.7328730486821602,6.068965517241379,2.1201589307468476,8.793103448275861,1.8003831009940157,18.666666666666668,2.814796071312613,23.51851851851852,3.0680784561522234,57.214285714285715,4.058435594031211,0.41266666666666674,0.048325817275909726,5.666666666666667,1.2403473458920846,19.88888888888889,3.2855550208255218,0.299,0.07294149394179926,17.964285714285715,2.9997795333452832,37.48148148148148,4.66055766199687,0.4731851851851851,0.06113795059411956,0.4621481481481481,0.05431156818529953,16.142857142857142,4.782021002434521,22.0,5.149613433891763,0.7355925925925926,0.07608459828944421,8.892857142857142,2.62945263582008,19.821428571428573,2.893844955131257,29.25925925925926,4.310921662944664,8.962962962962964,2.15694729940758,5.857142857142857,1.5803020272576054,2.4193548387096775,1.7468866314749238,10.714285714285714,2.4923162342769047,17.555555555555557,2.275848672360967,13.333333333333334,11.238669507895155
