Year,Team,Rslt,Rslt_std,Tm,Tm_std,Opp_score,Opp_score_std,OT,OT_std,FG,FG_std,FGA,FGA_std,FG%,FG%_std,3P,3P_std,3PA,3PA_std,3P%,3P%_std,2P,2P_std,2PA,2PA_std,2P%,2P%_std,eFG%,eFG%_std,FT,FT_std,FTA,FTA_std,FT%,FT%_std,ORB,ORB_std,DRB,DRB_std,TRB,TRB_std,AST,AST_std,STL,STL_std,BLK,BLK_std,TOV,TOV_std,PF,PF_std,FG_opp,FG_opp_std,FGA_opp,FGA_opp_std,FG%_opp,FG%_opp_std,3P_opp,3P_opp_std,3PA_opp,3PA_opp_std,3P%_opp,3P%_opp_std,2P_opp,2P_opp_std,2PA_opp,2PA_opp_std,2P%_opp,2P%_opp_std,eFG%_opp,eFG%_opp_std,FT_opp,FT_opp_std,FTA_opp,FTA_opp_std,FT%_opp,FT%_opp_std,ORB_opp,ORB_opp_std,DRB_opp,DRB_opp_std,TRB_opp,TRB_opp_std,AST_opp,AST_opp_std,STL_opp,STL_opp_std,BLK_opp,BLK_opp_std,TOV_opp,TOV_opp_std,PF_opp,PF_opp_std,Spread,Spread_std
2025,north-carolina-wilmington,0.7941176470588235,0.4104256301219048,77.92857142857143,6.959824239099249,69.92857142857143,7.943917176419962,0.0,0.0,26.666666666666668,3.6983997782203364,58.310344827586206,4.496851662757766,0.4678214285714287,0.044809104210035484,6.774193548387097,1.9783777431581804,21.357142857142858,3.508870090523346,0.3347142857142858,0.06541483416703377,20.06896551724138,3.7789930110202508,37.714285714285715,4.649628761422531,0.5475714285714287,0.05550003575002423,0.5264285714285716,0.04781168969988063,15.75,5.2748529907547255,21.321428571428573,6.2778480119684055,0.7539285714285715,0.08139793817182557,11.03448275862069,2.570196749287739,24.821428571428573,3.2552359125815826,34.7,3.706006308497152,15.0,3.0550504633038935,6.533333333333333,1.4558640835892125,3.1875,1.5747503642410816,10.206896551724139,2.3049529022896325,16.566666666666666,2.582211473128029,24.857142857142858,2.8115408417381924,57.464285714285715,4.686324808593639,0.4342857142857142,0.047029429039349355,7.931034482758621,2.534491136342174,24.5,3.23751161874077,0.3182857142857142,0.0699919874476951,16.571428571428573,3.2934117335311788,33.285714285714285,4.420969751646526,0.5053928571428571,0.06803884472515968,0.5014285714285714,0.05663556569495269,11.566666666666666,3.308123057100437,16.419354838709676,4.717161530330058,0.6813448275862067,0.07447496025130526,7.896551724137931,2.193249832460089,19.233333333333334,3.500574665466478,27.79310344827586,3.9313693574415693,11.586206896551724,2.9095561931984246,6.107142857142857,1.52362350055011,3.3666666666666667,1.8096167118144553,11.178571428571429,2.0914919613373186,18.482758620689655,3.6608028945181297,8.285714285714286,8.191491262311711
