Year,Team,Rslt,Rslt_std,Tm,Tm_std,Opp_score,Opp_score_std,OT,OT_std,FG,FG_std,FGA,FGA_std,FG%,FG%_std,3P,3P_std,3PA,3PA_std,3P%,3P%_std,2P,2P_std,2PA,2PA_std,2P%,2P%_std,eFG%,eFG%_std,FT,FT_std,FTA,FTA_std,FT%,FT%_std,ORB,ORB_std,DRB,DRB_std,TRB,TRB_std,AST,AST_std,STL,STL_std,BLK,BLK_std,TOV,TOV_std,PF,PF_std,FG_opp,FG_opp_std,FGA_opp,FGA_opp_std,FG%_opp,FG%_opp_std,3P_opp,3P_opp_std,3PA_opp,3PA_opp_std,3P%_opp,3P%_opp_std,2P_opp,2P_opp_std,2PA_opp,2PA_opp_std,2P%_opp,2P%_opp_std,eFG%_opp,eFG%_opp_std,FT_opp,FT_opp_std,FTA_opp,FTA_opp_std,FT%_opp,FT%_opp_std,ORB_opp,ORB_opp_std,DRB_opp,DRB_opp_std,TRB_opp,TRB_opp_std,AST_opp,AST_opp_std,STL_opp,STL_opp_std,BLK_opp,BLK_opp_std,TOV_opp,TOV_opp_std,PF_opp,PF_opp_std,Spread,Spread_std
2025,memphis,0.8529411764705882,0.35949062795357095,80.03571428571429,6.551687047974985,72.62068965517241,7.163467800999777,0.0,0.0,27.93103448275862,3.5145720577004065,59.51724137931034,4.180060574195174,0.47820689655172416,0.057414146657885655,7.310344827586207,1.8917763435433237,19.833333333333332,3.6015641557267988,0.37193103448275866,0.08602446953981124,20.535714285714285,3.179589338230389,39.827586206896555,5.625636253014545,0.5235357142857144,0.053843725961311636,0.5361071428571429,0.06644091738263029,16.677419354838708,4.460097882141104,23.142857142857142,5.555873006803239,0.7013448275862069,0.0629162004245494,10.310344827586206,2.3619521023911867,24.06896551724138,4.4072264884161605,34.607142857142854,4.848361966336028,14.642857142857142,3.176467706422826,7.931034482758621,2.1535856227423973,4.517241379310345,1.8443095815270047,13.448275862068966,2.6536525622587193,17.857142857142858,2.22301573134311,24.9,2.868977950901439,60.172413793103445,4.796345078116709,0.418,0.03834830625454784,7.741935483870968,2.235587050947825,24.774193548387096,4.005909613053817,0.31853571428571437,0.0670927948567737,17.06896551724138,2.3134858436498966,35.3448275862069,3.5079080260479785,0.48221428571428576,0.04306528819849054,0.48360714285714285,0.049989879928222423,14.678571428571429,3.356073228227822,20.689655172413794,4.089214457184569,0.717357142857143,0.06537595791279753,9.655172413793103,2.991366888576018,20.766666666666666,2.932379677789464,30.535714285714285,4.3757085594021685,13.571428571428571,2.167582224141151,7.633333333333334,2.4842029642958106,3.6875,1.9081742667424442,12.607142857142858,2.3466175139152434,18.82758620689655,2.9528311537675327,7.142857142857143,6.084067144260739
