Year,Team,Rslt,Rslt_std,Tm,Tm_std,Opp_score,Opp_score_std,OT,OT_std,FG,FG_std,FGA,FGA_std,FG%,FG%_std,3P,3P_std,3PA,3PA_std,3P%,3P%_std,2P,2P_std,2PA,2PA_std,2P%,2P%_std,eFG%,eFG%_std,FT,FT_std,FTA,FTA_std,FT%,FT%_std,ORB,ORB_std,DRB,DRB_std,TRB,TRB_std,AST,AST_std,STL,STL_std,BLK,BLK_std,TOV,TOV_std,PF,PF_std,FG_opp,FG_opp_std,FGA_opp,FGA_opp_std,FG%_opp,FG%_opp_std,3P_opp,3P_opp_std,3PA_opp,3PA_opp_std,3P%_opp,3P%_opp_std,2P_opp,2P_opp_std,2PA_opp,2PA_opp_std,2P%_opp,2P%_opp_std,eFG%_opp,eFG%_opp_std,FT_opp,FT_opp_std,FTA_opp,FTA_opp_std,FT%_opp,FT%_opp_std,ORB_opp,ORB_opp_std,DRB_opp,DRB_opp_std,TRB_opp,TRB_opp_std,AST_opp,AST_opp_std,STL_opp,STL_opp_std,BLK_opp,BLK_opp_std,TOV_opp,TOV_opp_std,PF_opp,PF_opp_std,Spread,Spread_std
2025,arizona,0.6470588235294118,0.48507125007266594,82.72413793103448,10.898546927143668,72.25,7.311203984550267,0.0,0.0,29.103448275862068,3.9491846137273066,60.714285714285715,4.404182716103568,0.4754285714285715,0.054340782428307345,7.133333333333334,2.012603963188903,21.035714285714285,3.1326493681055436,0.3277142857142858,0.07274453378616977,21.258064516129032,3.6052530372174427,39.57142857142857,3.8627237696520464,0.5536071428571427,0.06147106472920246,0.5357241379310343,0.0662403074051076,17.0,4.166190448976482,21.75,5.067141790588253,0.7879285714285714,0.053586156705591324,9.90625,2.7399008105427654,25.785714285714285,2.7535450935131935,35.58620689655172,4.578811771778712,16.2,4.42095324406478,7.931034482758621,2.2189288677641392,4.466666666666667,1.7564331673207403,10.935483870967742,2.6323055024188426,16.428571428571427,2.316264096574345,25.344827586206897,2.3494051233232502,61.25,4.599718187824925,0.41725000000000007,0.036692541375497455,8.96551724137931,2.514000207703845,26.06896551724138,4.847171741503041,0.33399999999999996,0.07484255078100563,16.82758620689655,2.9285413911712013,36.13793103448276,4.112039274505278,0.4678928571428571,0.05427115684789173,0.48785714285714293,0.04152617584636564,11.225806451612904,4.256051984483232,17.035714285714285,4.646640704989987,0.7135,0.09719605997196631,9.0,2.32992949004287,19.857142857142858,2.460266256507627,28.571428571428573,3.8338508967372085,13.678571428571429,2.3890734517113446,6.285714285714286,1.6745843676067218,2.6875,1.0906494070196242,11.310344827586206,2.8548636229106847,18.0,2.9125175743143,7.75,11.91210091243976
