Year,Team,Rslt,Rslt_std,Tm,Tm_std,Opp_score,Opp_score_std,OT,OT_std,FG,FG_std,FGA,FGA_std,FG%,FG%_std,3P,3P_std,3PA,3PA_std,3P%,3P%_std,2P,2P_std,2PA,2PA_std,2P%,2P%_std,eFG%,eFG%_std,FT,FT_std,FTA,FTA_std,FT%,FT%_std,ORB,ORB_std,DRB,DRB_std,TRB,TRB_std,AST,AST_std,STL,STL_std,BLK,BLK_std,TOV,TOV_std,PF,PF_std,FG_opp,FG_opp_std,FGA_opp,FGA_opp_std,FG%_opp,FG%_opp_std,3P_opp,3P_opp_std,3PA_opp,3PA_opp_std,3P%_opp,3P%_opp_std,2P_opp,2P_opp_std,2PA_opp,2PA_opp_std,2P%_opp,2P%_opp_std,eFG%_opp,eFG%_opp_std,FT_opp,FT_opp_std,FTA_opp,FTA_opp_std,FT%_opp,FT%_opp_std,ORB_opp,ORB_opp_std,DRB_opp,DRB_opp_std,TRB_opp,TRB_opp_std,AST_opp,AST_opp_std,STL_opp,STL_opp_std,BLK_opp,BLK_opp_std,TOV_opp,TOV_opp_std,PF_opp,PF_opp_std,Spread,Spread_std
2025,alabama-state,0.5588235294117647,0.5039947372613783,71.89285714285714,8.795366144082099,72.55172413793103,10.418343050657445,0.0,0.0,24.733333333333334,3.0954174509106682,62.62068965517241,4.1353337497322835,0.40182142857142855,0.055770066026052584,9.172413793103448,2.7133132818598815,26.689655172413794,3.991987047966589,0.3335357142857143,0.07997383004498092,15.96774193548387,2.9267031618955586,35.89655172413793,3.9672303003679574,0.45306896551724146,0.07159755135202539,0.4739642857142856,0.07072035808463534,12.35483870967742,3.7731365122116833,18.8,5.208745960666407,0.6961428571428573,0.0735973602011066,9.310344827586206,2.8673463126813425,22.79310344827586,3.6876174106715145,32.06666666666667,4.6825673280380276,11.785714285714286,3.03506840312376,7.689655172413793,2.494328542282931,2.6551724137931036,1.1733913629477568,8.483870967741936,2.0795988033261845,18.214285714285715,3.1547394428670255,24.642857142857142,3.623118011738526,57.6,5.804873101467244,0.4328214285714286,0.054947822773183906,7.25,2.675333139518779,22.551724137931036,5.2412253671974165,0.32825000000000004,0.0870336780281697,17.689655172413794,2.7137671270218515,34.793103448275865,3.5794982723523416,0.505392857142857,0.0671898026245023,0.4963214285714286,0.06831357631536142,15.862068965517242,4.231886930799769,22.071428571428573,5.517168969603291,0.705344827586207,0.10147458367987978,8.892857142857142,2.601129180927586,26.862068965517242,3.943567437984424,35.5,5.308972140177907,12.25,3.0261208514214046,5.285714285714286,1.1501092655705905,3.0689655172413794,1.6675695419801544,11.96551724137931,2.382716915933958,16.24137931034483,2.947822106643105,-0.5357142857142857,10.26133390670889
