Year,Team,Rslt,Rslt_std,Tm,Tm_std,Opp_score,Opp_score_std,OT,OT_std,FG,FG_std,FGA,FGA_std,FG%,FG%_std,3P,3P_std,3PA,3PA_std,3P%,3P%_std,2P,2P_std,2PA,2PA_std,2P%,2P%_std,eFG%,eFG%_std,FT,FT_std,FTA,FTA_std,FT%,FT%_std,ORB,ORB_std,DRB,DRB_std,TRB,TRB_std,AST,AST_std,STL,STL_std,BLK,BLK_std,TOV,TOV_std,PF,PF_std,FG_opp,FG_opp_std,FGA_opp,FGA_opp_std,FG%_opp,FG%_opp_std,3P_opp,3P_opp_std,3PA_opp,3PA_opp_std,3P%_opp,3P%_opp_std,2P_opp,2P_opp_std,2PA_opp,2PA_opp_std,2P%_opp,2P%_opp_std,eFG%_opp,eFG%_opp_std,FT_opp,FT_opp_std,FTA_opp,FTA_opp_std,FT%_opp,FT%_opp_std,ORB_opp,ORB_opp_std,DRB_opp,DRB_opp_std,TRB_opp,TRB_opp_std,AST_opp,AST_opp_std,STL_opp,STL_opp_std,BLK_opp,BLK_opp_std,TOV_opp,TOV_opp_std,PF_opp,PF_opp_std,Spread,Spread_std
2025,saint-marys-ca,0.8484848484848485,0.36410954062720957,73.29629629629629,5.614643045129095,62.035714285714285,7.213578466039881,0.0,0.0,27.142857142857142,2.850786580399193,59.214285714285715,5.057866208393673,0.4500357142857143,0.04437506986357121,6.444444444444445,1.908147174886057,20.14814814814815,3.6868133384526796,0.3244074074074075,0.08358931623822383,20.714285714285715,3.2301489801342655,39.629629629629626,3.854549241811532,0.5214814814814814,0.0746150997145558,0.5085555555555556,0.04345938274662847,11.724137931034482,3.8442587221924476,17.88888888888889,4.500712194354384,0.6881,0.11979129840023352,12.333333333333334,3.3741095691478935,24.11111111111111,3.724485853348737,36.0,5.084471639398911,15.035714285714286,3.4905389890190937,5.827586206896552,2.054072010096067,3.935483870967742,1.691852709723234,9.068965517241379,2.374432781630754,14.962962962962964,2.2443344307471285,22.85185185185185,2.769389042643823,55.32142857142857,3.9726245772468904,0.40944444444444444,0.04702236238325935,5.285714285714286,1.8228415517403926,16.448275862068964,3.571576351622345,0.30381481481481487,0.0623199171996568,17.571428571428573,3.213727170753972,38.111111111111114,3.7141448268574284,0.4497037037037036,0.06899042007900855,0.4567777777777777,0.05131826285606423,9.724137931034482,3.081008087856704,13.0,3.51715373140987,0.749,0.10486731543314079,6.642857142857143,1.9853964193074747,19.074074074074073,2.644674269981465,25.444444444444443,3.4006032647315036,11.892857142857142,3.01034371993786,5.068965517241379,1.8695116719682752,2.586206896551724,1.118584608822058,10.25925925925926,2.443084314685224,16.714285714285715,2.719710535484502,11.851851851851851,8.207424892243813
