Year,Team,Rslt,Rslt_std,Tm,Tm_std,Opp_score,Opp_score_std,OT,OT_std,FG,FG_std,FGA,FGA_std,FG%,FG%_std,3P,3P_std,3PA,3PA_std,3P%,3P%_std,2P,2P_std,2PA,2PA_std,2P%,2P%_std,eFG%,eFG%_std,FT,FT_std,FTA,FTA_std,FT%,FT%_std,ORB,ORB_std,DRB,DRB_std,TRB,TRB_std,AST,AST_std,STL,STL_std,BLK,BLK_std,TOV,TOV_std,PF,PF_std,FG_opp,FG_opp_std,FGA_opp,FGA_opp_std,FG%_opp,FG%_opp_std,3P_opp,3P_opp_std,3PA_opp,3PA_opp_std,3P%_opp,3P%_opp_std,2P_opp,2P_opp_std,2PA_opp,2PA_opp_std,2P%_opp,2P%_opp_std,eFG%_opp,eFG%_opp_std,FT_opp,FT_opp_std,FTA_opp,FTA_opp_std,FT%_opp,FT%_opp_std,ORB_opp,ORB_opp_std,DRB_opp,DRB_opp_std,TRB_opp,TRB_opp_std,AST_opp,AST_opp_std,STL_opp,STL_opp_std,BLK_opp,BLK_opp_std,TOV_opp,TOV_opp_std,PF_opp,PF_opp_std,Spread,Spread_std
2025,texas,0.5588235294117647,0.5039947372613783,77.21428571428571,9.08542643715602,72.42857142857143,9.795798689115246,0.0,0.0,27.666666666666668,4.4126255639716465,59.07142857142857,4.928590598843171,0.4571785714285713,0.057936781364869024,7.0625,2.1241696669978007,20.892857142857142,3.3259839615021165,0.3536071428571429,0.07743783135436919,19.785714285714285,3.348378743756478,38.58620689655172,3.9687821213936143,0.5110000000000001,0.0708153571961253,0.5198571428571428,0.06728365289644987,16.178571428571427,3.580332815365503,21.357142857142858,5.071447201694673,0.7647,0.06270189459822482,9.366666666666667,2.3559657706859154,23.964285714285715,3.8246969655525493,32.857142857142854,5.254375853368848,12.571428571428571,2.924083540233512,6.142857142857143,1.75782453332154,4.266666666666667,1.6801751413906607,9.290322580645162,2.1006911305107305,18.448275862068964,3.2905297760233916,24.642857142857142,2.585060866312374,57.785714285714285,4.93931426382503,0.42439285714285707,0.04829871502447941,6.9655172413793105,2.4125084547696356,20.964285714285715,3.3164253720952703,0.3235,0.09256929336488465,17.75,2.675333139518779,37.25,3.627314076201206,0.4798571428571429,0.07973414821476674,0.4814285714285714,0.05302021177949837,15.413793103448276,5.3819622110694265,22.655172413793103,6.376720283684606,0.6938214285714287,0.0886775488607893,8.4,3.3383869737055494,22.24137931034483,3.719208560335241,31.75862068965517,5.159285473879617,12.10344827586207,3.2661120135000066,5.862068965517241,1.7263532565794473,2.8620689655172415,1.2166739770795063,10.433333333333334,3.0814610656067964,19.166666666666668,3.1522661069769162,4.321428571428571,14.460811850137576
