Year,Team,Rslt,Rslt_std,Tm,Tm_std,Opp_score,Opp_score_std,OT,OT_std,FG,FG_std,FGA,FGA_std,FG%,FG%_std,3P,3P_std,3PA,3PA_std,3P%,3P%_std,2P,2P_std,2PA,2PA_std,2P%,2P%_std,eFG%,eFG%_std,FT,FT_std,FTA,FTA_std,FT%,FT%_std,ORB,ORB_std,DRB,DRB_std,TRB,TRB_std,AST,AST_std,STL,STL_std,BLK,BLK_std,TOV,TOV_std,PF,PF_std,FG_opp,FG_opp_std,FGA_opp,FGA_opp_std,FG%_opp,FG%_opp_std,3P_opp,3P_opp_std,3PA_opp,3PA_opp_std,3P%_opp,3P%_opp_std,2P_opp,2P_opp_std,2PA_opp,2PA_opp_std,2P%_opp,2P%_opp_std,eFG%_opp,eFG%_opp_std,FT_opp,FT_opp_std,FTA_opp,FTA_opp_std,FT%_opp,FT%_opp_std,ORB_opp,ORB_opp_std,DRB_opp,DRB_opp_std,TRB_opp,TRB_opp_std,AST_opp,AST_opp_std,STL_opp,STL_opp_std,BLK_opp,BLK_opp_std,TOV_opp,TOV_opp_std,PF_opp,PF_opp_std,Spread,Spread_std
2026,miami-oh,1.0,0.0,88.33333333333333,10.381196018245237,73.17857142857143,7.822349611156065,0.125,0.3360107525161235,30.73076923076923,3.5502979289934786,59.34615384615385,5.090715530785885,0.5166153846153846,0.03170246289874266,10.0,2.23606797749979,27.14814814814815,3.968178265456171,0.3861153846153846,0.080678783790078,20.653846153846153,3.211757247268949,33.964285714285715,4.879906972831764,0.6259999999999999,0.05811024006145561,0.6006538461538462,0.03676622614051359,18.076923076923077,5.432664737846995,24.37037037037037,6.628308451971206,0.7414230769230772,0.08543543671190454,6.555555555555555,2.3424729426782047,25.428571428571427,2.949307155657528,31.59259259259259,3.6612236212171476,15.37037037037037,2.989058871028293,7.655172413793103,2.6359582436125515,3.1923076923076925,1.132050556087696,9.88888888888889,2.3912232681095915,16.0,2.3533936216582085,26.535714285714285,3.5222272294791908,62.15384615384615,4.738711282129839,0.44192307692307686,0.03974410454588008,7.296296296296297,2.09054308024742,23.821428571428573,4.513794260302371,0.32253846153846155,0.0653410932074025,19.384615384615383,2.843616332446036,38.69230769230769,4.379673328176254,0.5094230769230769,0.061487021770076374,0.5012692307692308,0.04530479682533203,13.346153846153847,3.610454904217004,18.892857142857142,4.314826168888484,0.739846153846154,0.06453135195093454,8.518518518518519,2.375684037045887,21.307692307692307,2.895088679391093,30.607142857142858,4.192933082066518,12.62962962962963,2.2039849948558765,6.2592592592592595,2.4430843146852235,2.1,1.5391444107819703,12.423076923076923,2.283384801965309,18.655172413793103,4.79043587391262,11.392857142857142,9.488157475249464
