Year,Team,Rslt,Rslt_std,Tm,Tm_std,Opp_score,Opp_score_std,OT,OT_std,FG,FG_std,FGA,FGA_std,FG%,FG%_std,3P,3P_std,3PA,3PA_std,3P%,3P%_std,2P,2P_std,2PA,2PA_std,2P%,2P%_std,eFG%,eFG%_std,FT,FT_std,FTA,FTA_std,FT%,FT%_std,ORB,ORB_std,DRB,DRB_std,TRB,TRB_std,AST,AST_std,STL,STL_std,BLK,BLK_std,TOV,TOV_std,PF,PF_std,FG_opp,FG_opp_std,FGA_opp,FGA_opp_std,FG%_opp,FG%_opp_std,3P_opp,3P_opp_std,3PA_opp,3PA_opp_std,3P%_opp,3P%_opp_std,2P_opp,2P_opp_std,2PA_opp,2PA_opp_std,2P%_opp,2P%_opp_std,eFG%_opp,eFG%_opp_std,FT_opp,FT_opp_std,FTA_opp,FTA_opp_std,FT%_opp,FT%_opp_std,ORB_opp,ORB_opp_std,DRB_opp,DRB_opp_std,TRB_opp,TRB_opp_std,AST_opp,AST_opp_std,STL_opp,STL_opp_std,BLK_opp,BLK_opp_std,TOV_opp,TOV_opp_std,PF_opp,PF_opp_std,Spread,Spread_std
2026,california-baptist,0.7575757575757576,0.4351941398892446,74.79310344827586,8.516284025093286,66.92592592592592,6.916679538655513,0.0,0.0,25.48148148148148,4.032277180360901,59.32142857142857,5.86927701667017,0.4329629629629629,0.06762537159373605,6.172413793103448,1.6051027007026548,17.607142857142858,3.0712439959305877,0.33622222222222226,0.071488209535308,19.535714285714285,4.229369472813429,39.96296296296296,4.751368074091774,0.47755555555555557,0.07858867276636938,0.4861851851851852,0.06940629379410501,15.25925925925926,4.238945737876456,21.333333333333332,5.053559294048259,0.7096785714285714,0.07554446989169315,12.466666666666667,4.133407489138273,23.88888888888889,2.516611478423583,35.0,4.329057719728479,10.0,3.051285766293647,4.964285714285714,1.8354965592579082,2.7857142857142856,1.499559018070729,11.074074074074074,3.626037527129049,18.344827586206897,3.243409384197058,23.333333333333332,2.336993466302048,56.333333333333336,3.36269122990683,0.4106666666666665,0.046826192538923214,5.142857142857143,1.9760470401187076,17.77777777777778,3.5984327072654767,0.29129629629629633,0.07827408197374089,17.85185185185185,2.64144051176777,37.6551724137931,4.7001205308934475,0.4625185185185185,0.05928897314157445,0.4547142857142857,0.05419023907109113,14.518518518518519,4.379764398039714,20.333333333333332,5.7512540438519215,0.7275185185185186,0.07889689979790587,7.75,3.227486121839514,20.703703703703702,3.4509175459335317,28.5,6.191391873668904,10.607142857142858,3.7548909903226684,6.103448275862069,2.512039973325705,3.2333333333333334,2.2996751394765385,10.5,2.23606797749979,17.82758620689655,3.2740207425519006,6.037037037037037,7.213670150279747
