Year,Team,Rslt,Rslt_std,Tm,Tm_std,Opp_score,Opp_score_std,OT,OT_std,FG,FG_std,FGA,FGA_std,FG%,FG%_std,3P,3P_std,3PA,3PA_std,3P%,3P%_std,2P,2P_std,2PA,2PA_std,2P%,2P%_std,eFG%,eFG%_std,FT,FT_std,FTA,FTA_std,FT%,FT%_std,ORB,ORB_std,DRB,DRB_std,TRB,TRB_std,AST,AST_std,STL,STL_std,BLK,BLK_std,TOV,TOV_std,PF,PF_std,FG_opp,FG_opp_std,FGA_opp,FGA_opp_std,FG%_opp,FG%_opp_std,3P_opp,3P_opp_std,3PA_opp,3PA_opp_std,3P%_opp,3P%_opp_std,2P_opp,2P_opp_std,2PA_opp,2PA_opp_std,2P%_opp,2P%_opp_std,eFG%_opp,eFG%_opp_std,FT_opp,FT_opp_std,FTA_opp,FTA_opp_std,FT%_opp,FT%_opp_std,ORB_opp,ORB_opp_std,DRB_opp,DRB_opp_std,TRB_opp,TRB_opp_std,AST_opp,AST_opp_std,STL_opp,STL_opp_std,BLK_opp,BLK_opp_std,TOV_opp,TOV_opp_std,PF_opp,PF_opp_std,Spread,Spread_std
2026,michigan-state,0.78125,0.42001344064515445,79.18518518518519,6.480960500022277,67.07407407407408,10.250425604394438,0.0,0.0,27.862068965517242,3.4612563566575743,58.80769230769231,4.833377541796053,0.4743076923076923,0.044125067008011894,7.444444444444445,2.2588855886396955,21.692307692307693,3.4959317014979656,0.3624814814814815,0.08234746755732937,20.40740740740741,3.003321997379405,37.38461538461539,4.561376310517895,0.5408461538461539,0.06778831303857166,0.5393076923076923,0.057284391752566756,16.107142857142858,4.7167101349727325,20.653846153846153,4.971456991203345,0.759074074074074,0.06393501864930212,10.88888888888889,2.3588350014578308,25.51851851851852,3.4347810407245465,36.80769230769231,4.030079212811885,18.40740740740741,3.6295714862486417,4.862068965517241,1.826865737717285,3.9285714285714284,1.6085091194337655,11.0,2.4651415936864716,16.26923076923077,2.3758399324481827,23.214285714285715,3.489212400328071,56.61538461538461,3.753152521035329,0.4052962962962963,0.04716812386381197,8.535714285714286,2.4416470284707845,25.73076923076923,4.359428332317826,0.3279615384615385,0.07745320175137023,14.73076923076923,2.237099770822791,30.962962962962962,4.2920452492550005,0.48642307692307707,0.06592187684034677,0.48169230769230764,0.05511861335757222,12.666666666666666,4.206222496766866,17.428571428571427,5.287501485358842,0.7486538461538463,0.07167702131517036,6.296296296296297,2.0156086085046527,18.357142857142858,2.9340186789564937,24.925925925925927,3.361843884238872,12.703703703703704,2.508674409613032,6.461538461538462,1.7258219892160196,2.8620689655172415,1.4323840748664567,9.0,2.513961017995307,18.25925925925926,2.781706623260573,10.576923076923077,9.343117582148166
