Year,Team,Rslt,Rslt_std,Tm,Tm_std,Opp_score,Opp_score_std,OT,OT_std,FG,FG_std,FGA,FGA_std,FG%,FG%_std,3P,3P_std,3PA,3PA_std,3P%,3P%_std,2P,2P_std,2PA,2PA_std,2P%,2P%_std,eFG%,eFG%_std,FT,FT_std,FTA,FTA_std,FT%,FT%_std,ORB,ORB_std,DRB,DRB_std,TRB,TRB_std,AST,AST_std,STL,STL_std,BLK,BLK_std,TOV,TOV_std,PF,PF_std,FG_opp,FG_opp_std,FGA_opp,FGA_opp_std,FG%_opp,FG%_opp_std,3P_opp,3P_opp_std,3PA_opp,3PA_opp_std,3P%_opp,3P%_opp_std,2P_opp,2P_opp_std,2PA_opp,2PA_opp_std,2P%_opp,2P%_opp_std,eFG%_opp,eFG%_opp_std,FT_opp,FT_opp_std,FTA_opp,FTA_opp_std,FT%_opp,FT%_opp_std,ORB_opp,ORB_opp_std,DRB_opp,DRB_opp_std,TRB_opp,TRB_opp_std,AST_opp,AST_opp_std,STL_opp,STL_opp_std,BLK_opp,BLK_opp_std,TOV_opp,TOV_opp_std,PF_opp,PF_opp_std,Spread,Spread_std
2026,illinois,0.75,0.43994134506405985,83.5,6.513063795173513,69.73076923076923,10.109629834203396,0.125,0.3360107525161235,28.14814814814815,2.6268393365953884,62.03703703703704,4.710720028921608,0.4626923076923077,0.04084484714699687,10.62962962962963,2.574253411531317,31.925925925925927,3.418568367988226,0.3483703703703704,0.06166668976668544,17.346153846153847,3.019169524121595,30.346153846153847,3.898125782396537,0.5747307692307693,0.0602677742693773,0.5543846153846155,0.0556561421035105,15.73076923076923,4.556820754058183,20.384615384615383,4.691071716159736,0.7892692307692308,0.08370833062117902,11.285714285714286,2.290999181291266,24.77777777777778,4.2183968275722705,36.666666666666664,4.739360554076727,14.653846153846153,2.8557634032574577,3.5806451612903225,2.334868926348074,4.266666666666667,1.8370390969378305,8.653846153846153,2.0965172585468057,13.413793103448276,3.868529079815649,26.22222222222222,3.478873970491616,62.535714285714285,3.6053678381931085,0.4093846153846154,0.048414937300859474,8.037037037037036,2.084401435599521,26.535714285714285,5.01466104505832,0.31188461538461537,0.05560814826845212,17.62962962962963,2.6911271322933152,36.42307692307692,4.759605672095763,0.48234615384615387,0.0836545000858614,0.47746153846153844,0.06264964853483587,8.642857142857142,3.7338718432478295,12.692307692307692,4.831308152202514,0.7393333333333333,0.12307377399817496,8.73076923076923,2.77931923042593,18.74074074074074,3.300263306425397,27.185185185185187,4.437922565250175,13.148148148148149,3.738610433999239,5.222222222222222,1.6486202467362574,2.6206896551724137,1.4739110533215525,7.571428571428571,2.332199270892914,19.0,2.7735009811261455,13.576923076923077,13.318177283466614
