Year,Team,Rslt,Rslt_std,Tm,Tm_std,Opp_score,Opp_score_std,OT,OT_std,FG,FG_std,FGA,FGA_std,FG%,FG%_std,3P,3P_std,3PA,3PA_std,3P%,3P%_std,2P,2P_std,2PA,2PA_std,2P%,2P%_std,eFG%,eFG%_std,FT,FT_std,FTA,FTA_std,FT%,FT%_std,ORB,ORB_std,DRB,DRB_std,TRB,TRB_std,AST,AST_std,STL,STL_std,BLK,BLK_std,TOV,TOV_std,PF,PF_std,FG_opp,FG_opp_std,FGA_opp,FGA_opp_std,FG%_opp,FG%_opp_std,3P_opp,3P_opp_std,3PA_opp,3PA_opp_std,3P%_opp,3P%_opp_std,2P_opp,2P_opp_std,2PA_opp,2PA_opp_std,2P%_opp,2P%_opp_std,eFG%_opp,eFG%_opp_std,FT_opp,FT_opp_std,FTA_opp,FTA_opp_std,FT%_opp,FT%_opp_std,ORB_opp,ORB_opp_std,DRB_opp,DRB_opp_std,TRB_opp,TRB_opp_std,AST_opp,AST_opp_std,STL_opp,STL_opp_std,BLK_opp,BLK_opp_std,TOV_opp,TOV_opp_std,PF_opp,PF_opp_std,Spread,Spread_std
2026,howard,0.696969696969697,0.4666937221594376,76.5925925925926,8.845943265175979,66.5,6.790516262487788,0.0,0.0,25.464285714285715,3.8052803747107427,56.55555555555556,5.3732480746560425,0.46062962962962967,0.06882762646817167,6.714285714285714,2.0158105227158787,19.24137931034483,3.6317564858362674,0.35225,0.08623551945002023,19.464285714285715,3.8536384236885928,36.892857142857146,4.058272627556793,0.5173703703703703,0.08318244459210783,0.5196666666666667,0.07483006388837618,18.892857142857142,5.137655364609682,25.40740740740741,6.588213597369047,0.7235000000000001,0.057083110299645384,10.392857142857142,2.148889217182884,22.035714285714285,3.260108415115497,32.785714285714285,4.07664661444276,15.88888888888889,4.200122098347338,8.89655172413793,2.582147882041047,3.413793103448276,1.5240275911289032,12.555555555555555,2.2417941532712202,18.785714285714285,2.8720510525889416,22.607142857142858,3.4139071318303174,55.392857142857146,4.748015458446907,0.42064285714285715,0.05098889805504454,5.84375,2.541391224278291,19.14814814814815,3.46081030644674,0.2970740740740741,0.07272282782324739,16.551724137931036,3.737705626417588,36.172413793103445,5.503693341210852,0.4747037037037036,0.05378004692535559,0.4689629629629631,0.051494197941636316,14.892857142857142,4.645501892227343,22.285714285714285,5.8995112343509275,0.7023703703703703,0.07149402780229976,8.607142857142858,2.9102537208251653,19.22222222222222,4.602117684228336,27.535714285714285,6.179309219796533,10.148148148148149,2.8243951524544113,6.0,1.9051586888313607,3.7142857142857144,1.462041770116756,14.827586206896552,3.083006018218969,19.571428571428573,3.048115039004481,11.107142857142858,12.647175898241402
