Year,Team,Rslt,Rslt_std,Tm,Tm_std,Opp_score,Opp_score_std,OT,OT_std,FG,FG_std,FGA,FGA_std,FG%,FG%_std,3P,3P_std,3PA,3PA_std,3P%,3P%_std,2P,2P_std,2PA,2PA_std,2P%,2P%_std,eFG%,eFG%_std,FT,FT_std,FTA,FTA_std,FT%,FT%_std,ORB,ORB_std,DRB,DRB_std,TRB,TRB_std,AST,AST_std,STL,STL_std,BLK,BLK_std,TOV,TOV_std,PF,PF_std,FG_opp,FG_opp_std,FGA_opp,FGA_opp_std,FG%_opp,FG%_opp_std,3P_opp,3P_opp_std,3PA_opp,3PA_opp_std,3P%_opp,3P%_opp_std,2P_opp,2P_opp_std,2PA_opp,2PA_opp_std,2P%_opp,2P%_opp_std,eFG%_opp,eFG%_opp_std,FT_opp,FT_opp_std,FTA_opp,FTA_opp_std,FT%_opp,FT%_opp_std,ORB_opp,ORB_opp_std,DRB_opp,DRB_opp_std,TRB_opp,TRB_opp_std,AST_opp,AST_opp_std,STL_opp,STL_opp_std,BLK_opp,BLK_opp_std,TOV_opp,TOV_opp_std,PF_opp,PF_opp_std,Spread,Spread_std
2026,villanova,0.75,0.43994134506405985,77.23076923076923,8.415736176034477,70.07407407407408,8.02364738625255,0.0,0.0,27.23076923076923,3.6255503560998,59.73076923076923,3.4705353167221027,0.4596153846153846,0.056337608698330065,9.206896551724139,2.1276967819826007,26.392857142857142,4.094615124266628,0.34303703703703703,0.054898144484183314,17.703703703703702,3.750023741615253,32.23076923076923,4.2076852763265675,0.5507307692307692,0.08099706547390847,0.5346153846153846,0.06235451991512847,12.807692307692308,3.577923764075817,18.5,4.941659640242335,0.699153846153846,0.053035604876492025,8.9,2.9867523591975975,20.962962962962962,3.131496097118406,30.884615384615383,3.850474496234697,14.785714285714286,3.201355533001177,7.296296296296297,2.2500395691360766,2.032258064516129,1.3287555824339787,9.037037037037036,2.425528990383517,15.851851851851851,2.0134872868064138,25.76923076923077,2.470751987678121,57.74074074074074,4.562325592810624,0.4505769230769231,0.03955570560808954,7.214285714285714,2.4997354357366,20.571428571428573,4.375255094603872,0.33511538461538465,0.07327118228775999,19.03448275862069,3.3325532749003823,35.32142857142857,4.869052470211423,0.5157692307692309,0.06565808872777683,0.5135384615384615,0.050116049939500036,12.074074074074074,3.197666528121909,16.307692307692307,3.760523695117272,0.7074814814814815,0.08304186635036309,9.071428571428571,2.5229108912284963,21.482758620689655,4.524699592673627,30.76923076923077,5.486767298201682,13.344827586206897,3.1084661131102393,5.071428571428571,1.864454471471609,1.9655172413793103,1.5694120514358612,12.333333333333334,2.6746674847251857,16.185185185185187,2.8694282067370556,7.576923076923077,8.607778235633523
