Year,Team,Rslt,Rslt_std,Tm,Tm_std,Opp_score,Opp_score_std,OT,OT_std,FG,FG_std,FGA,FGA_std,FG%,FG%_std,3P,3P_std,3PA,3PA_std,3P%,3P%_std,2P,2P_std,2PA,2PA_std,2P%,2P%_std,eFG%,eFG%_std,FT,FT_std,FTA,FTA_std,FT%,FT%_std,ORB,ORB_std,DRB,DRB_std,TRB,TRB_std,AST,AST_std,STL,STL_std,BLK,BLK_std,TOV,TOV_std,PF,PF_std,FG_opp,FG_opp_std,FGA_opp,FGA_opp_std,FG%_opp,FG%_opp_std,3P_opp,3P_opp_std,3PA_opp,3PA_opp_std,3P%_opp,3P%_opp_std,2P_opp,2P_opp_std,2PA_opp,2PA_opp_std,2P%_opp,2P%_opp_std,eFG%_opp,eFG%_opp_std,FT_opp,FT_opp_std,FTA_opp,FTA_opp_std,FT%_opp,FT%_opp_std,ORB_opp,ORB_opp_std,DRB_opp,DRB_opp_std,TRB_opp,TRB_opp_std,AST_opp,AST_opp_std,STL_opp,STL_opp_std,BLK_opp,BLK_opp_std,TOV_opp,TOV_opp_std,PF_opp,PF_opp_std,Spread,Spread_std
2026,virginia-commonwealth,0.7878787878787878,0.41514875026728054,81.51851851851852,7.627734669109577,71.55555555555556,7.355444521071728,0.0,0.0,26.928571428571427,3.1614409680886015,58.2962962962963,4.435996244144339,0.4674444444444444,0.0452551172910384,9.035714285714286,1.990386950228576,25.571428571428573,3.824178163257908,0.36333333333333334,0.049155170320432914,17.333333333333332,3.0382181012509997,33.29032258064516,4.6346056889958955,0.5414444444444445,0.057583606997754104,0.5483333333333333,0.05080051483688238,19.107142857142858,4.466660743895623,25.966666666666665,5.346499553096808,0.7379259259259259,0.06070922241809465,9.758620689655173,2.544674725407568,23.142857142857142,3.5560515527059846,33.22222222222222,4.209269380539658,13.892857142857142,3.2470988272072647,7.275862068965517,2.358821614464942,4.428571428571429,1.9518001458970666,10.11111111111111,2.1182963643408086,17.035714285714285,2.411118425853874,25.444444444444443,1.967687696712787,58.62068965517241,3.9768418293868044,0.4334814814814815,0.05023052272379229,6.5,1.8954135676924424,20.22222222222222,3.3892741829452935,0.33133333333333337,0.07397972695272671,18.62962962962963,2.589151155051343,38.407407407407405,5.001993904428814,0.48492592592592587,0.06426323624564463,0.49478571428571433,0.06216844331262722,13.571428571428571,3.8818530457480054,19.51851851851852,4.326753716217012,0.711962962962963,0.09852546780537409,8.633333333333333,2.3412836640190138,20.714285714285715,3.660167400109645,30.107142857142858,4.076484375994205,12.535714285714286,2.6031625048112206,6.071428571428571,2.0354009783964293,2.6774193548387095,1.640875716890091,10.827586206896552,2.9285413911712013,20.185185185185187,2.450071224035947,10.714285714285714,9.148394487183076
