Year,Team,Rslt,Rslt_std,Tm,Tm_std,Opp_score,Opp_score_std,OT,OT_std,FG,FG_std,FGA,FGA_std,FG%,FG%_std,3P,3P_std,3PA,3PA_std,3P%,3P%_std,2P,2P_std,2PA,2PA_std,2P%,2P%_std,eFG%,eFG%_std,FT,FT_std,FTA,FTA_std,FT%,FT%_std,ORB,ORB_std,DRB,DRB_std,TRB,TRB_std,AST,AST_std,STL,STL_std,BLK,BLK_std,TOV,TOV_std,PF,PF_std,FG_opp,FG_opp_std,FGA_opp,FGA_opp_std,FG%_opp,FG%_opp_std,3P_opp,3P_opp_std,3PA_opp,3PA_opp_std,3P%_opp,3P%_opp_std,2P_opp,2P_opp_std,2PA_opp,2PA_opp_std,2P%_opp,2P%_opp_std,eFG%_opp,eFG%_opp_std,FT_opp,FT_opp_std,FTA_opp,FTA_opp_std,FT%_opp,FT%_opp_std,ORB_opp,ORB_opp_std,DRB_opp,DRB_opp_std,TRB_opp,TRB_opp_std,AST_opp,AST_opp_std,STL_opp,STL_opp_std,BLK_opp,BLK_opp_std,TOV_opp,TOV_opp_std,PF_opp,PF_opp_std,Spread,Spread_std
2026,hawaii,0.75,0.43994134506405985,79.65384615384616,8.517944858672461,70.26923076923077,8.784339211609225,0.0,0.0,26.692307692307693,2.7823620292008124,58.81481481481482,4.953918705561341,0.4625,0.050600592881902086,7.678571428571429,2.681259673950555,23.153846153846153,3.8749689825061333,0.3189230769230769,0.08310182817576185,19.14814814814815,2.8379801010808823,34.925925925925924,3.315765672405394,0.5621538461538461,0.0659076276664195,0.5257307692307692,0.06275766578980303,18.51851851851852,5.213668207925796,24.307692307692307,6.39855752975141,0.7422692307692308,0.07034916215126243,9.25925925925926,2.6252119708202404,26.444444444444443,3.925589944232129,35.53846153846154,5.368282922728787,14.25,4.124228322881659,6.178571428571429,2.000991817566542,3.925925925925926,1.439175135702765,13.076923076923077,2.076980056198459,17.884615384615383,2.8471308094560475,24.678571428571427,3.1629050339787717,59.84615384615385,3.946566180286936,0.4065,0.04235209557979392,5.642857142857143,2.4223387186198524,18.678571428571427,4.944533617886798,0.29669230769230764,0.07084787603352367,18.51851851851852,2.8470007210067765,39.55555555555556,5.679472709363983,0.4656923076923078,0.06524401534594218,0.4559615384615384,0.05176522444207561,14.703703703703704,3.9205063920838557,20.653846153846153,4.816158699148588,0.6942692307692307,0.07809970944494363,7.62962962962963,2.4674519424538115,21.93103448275862,4.122508203948856,28.607142857142858,4.21056243022663,8.962962962962964,2.766301077688698,7.555555555555555,1.671787006431081,2.4285714285714284,1.7089865185644153,11.178571428571429,2.7359549951433295,20.5,3.2031234756093934,8.296296296296296,12.541668441377618
