Year,Team,Rslt,Rslt_std,Tm,Tm_std,Opp_score,Opp_score_std,OT,OT_std,FG,FG_std,FGA,FGA_std,FG%,FG%_std,3P,3P_std,3PA,3PA_std,3P%,3P%_std,2P,2P_std,2PA,2PA_std,2P%,2P%_std,eFG%,eFG%_std,FT,FT_std,FTA,FTA_std,FT%,FT%_std,ORB,ORB_std,DRB,DRB_std,TRB,TRB_std,AST,AST_std,STL,STL_std,BLK,BLK_std,TOV,TOV_std,PF,PF_std,FG_opp,FG_opp_std,FGA_opp,FGA_opp_std,FG%_opp,FG%_opp_std,3P_opp,3P_opp_std,3PA_opp,3PA_opp_std,3P%_opp,3P%_opp_std,2P_opp,2P_opp_std,2PA_opp,2PA_opp_std,2P%_opp,2P%_opp_std,eFG%_opp,eFG%_opp_std,FT_opp,FT_opp_std,FTA_opp,FTA_opp_std,FT%_opp,FT%_opp_std,ORB_opp,ORB_opp_std,DRB_opp,DRB_opp_std,TRB_opp,TRB_opp_std,AST_opp,AST_opp_std,STL_opp,STL_opp_std,BLK_opp,BLK_opp_std,TOV_opp,TOV_opp_std,PF_opp,PF_opp_std,Spread,Spread_std
2026,hofstra,0.7058823529411765,0.4624972900628803,75.10714285714286,5.915073561511744,66.82142857142857,7.68863312722615,0.0,0.0,25.724137931034484,2.6578260682119503,58.392857142857146,3.8136138757942963,0.4455357142857143,0.048772701945109166,9.466666666666667,2.224213667070142,25.862068965517242,4.493838145815688,0.37053571428571414,0.05334824940225981,16.535714285714285,3.024371901209472,33.285714285714285,3.183954481076345,0.4948214285714286,0.07700699995667953,0.5281428571428571,0.05372475413018849,13.266666666666667,4.791755371492777,18.678571428571427,5.375207637185483,0.7495000000000002,0.0786259310726241,10.419354838709678,2.68047500203959,24.333333333333332,4.121711507023076,34.51724137931034,4.822719221523805,12.903225806451612,3.1660157791739594,4.766666666666667,1.6750364552560582,3.466666666666667,1.6965143440419919,9.379310344827585,2.440927708642297,16.966666666666665,3.5475424551743377,22.387096774193548,3.584014688909991,57.785714285714285,4.271847053521141,0.3916071428571429,0.05141144078302264,6.84375,2.3842138759875575,22.310344827586206,3.6361621081639486,0.3172068965517241,0.06989245785508355,15.0,3.7032803990902057,34.392857142857146,4.9166330372807385,0.44531034482758614,0.08017307325328653,0.45524999999999993,0.05896051723477834,13.821428571428571,4.447667482146797,19.142857142857142,5.929925898695629,0.7160344827586207,0.08305225668157053,8.931034482758621,2.6448202002453054,20.75862068965517,3.3450941948491963,29.535714285714285,3.939187196262164,12.071428571428571,2.463490017999478,4.903225806451613,2.0388696003697313,3.0,2.2288431832418967,9.448275862068966,2.2926311599269473,16.82758620689655,2.5921442519003643,6.931034482758621,9.184346288591719
