Year,Team,Rslt,Rslt_std,Tm,Tm_std,Opp_score,Opp_score_std,OT,OT_std,FG,FG_std,FGA,FGA_std,FG%,FG%_std,3P,3P_std,3PA,3PA_std,3P%,3P%_std,2P,2P_std,2PA,2PA_std,2P%,2P%_std,eFG%,eFG%_std,FT,FT_std,FTA,FTA_std,FT%,FT%_std,ORB,ORB_std,DRB,DRB_std,TRB,TRB_std,AST,AST_std,STL,STL_std,BLK,BLK_std,TOV,TOV_std,PF,PF_std,FG_opp,FG_opp_std,FGA_opp,FGA_opp_std,FG%_opp,FG%_opp_std,3P_opp,3P_opp_std,3PA_opp,3PA_opp_std,3P%_opp,3P%_opp_std,2P_opp,2P_opp_std,2PA_opp,2PA_opp_std,2P%_opp,2P%_opp_std,eFG%_opp,eFG%_opp_std,FT_opp,FT_opp_std,FTA_opp,FTA_opp_std,FT%_opp,FT%_opp_std,ORB_opp,ORB_opp_std,DRB_opp,DRB_opp_std,TRB_opp,TRB_opp_std,AST_opp,AST_opp_std,STL_opp,STL_opp_std,BLK_opp,BLK_opp_std,TOV_opp,TOV_opp_std,PF_opp,PF_opp_std,Spread,Spread_std
2026,louisville,0.696969696969697,0.46669372215943755,84.85185185185185,10.121202815809317,73.0,8.94427190999916,0.0,0.0,28.85185185185185,3.3131869819266124,61.464285714285715,5.627196807944779,0.4703333333333333,0.051055023108557945,10.8,3.0444975804295495,32.107142857142854,4.139594592015429,0.35288888888888886,0.07503657227970358,17.2,3.22062319949159,29.185185185185187,2.855992849552526,0.5954285714285714,0.06979834900489784,0.5621481481481482,0.06772722648962681,15.586206896551724,4.851489030473828,20.17241379310345,5.83749558285083,0.7638214285714288,0.063507977668268,9.413793103448276,3.1905803477839303,26.464285714285715,4.409435529988129,36.607142857142854,5.411505477627417,17.966666666666665,4.3508487743739455,6.928571428571429,2.2921536279159507,2.9,1.1551981469084383,11.25925925925926,2.0679345435369267,18.40740740740741,2.7069605330767805,25.571428571428573,3.4472594743648006,59.0,3.826598638851107,0.4248888888888888,0.05375251932080331,7.518518518518518,2.20785956859667,23.22222222222222,3.73479824739141,0.32466666666666666,0.06663967402265825,17.62962962962963,4.207576939724775,35.96551724137931,4.791978107962526,0.4796785714285715,0.09293010259465964,0.49203703703703716,0.060222332607840295,14.11111111111111,4.9562185750935726,19.925925925925927,5.973827055297942,0.7029259259259258,0.08835980896570476,8.10344827586207,2.1932498324600886,21.433333333333334,3.6829835481701454,29.607142857142858,3.7941405674411492,12.03448275862069,3.5404071458831807,6.633333333333334,1.7515182248421006,3.3666666666666667,1.8285727114117007,11.071428571428571,2.2921536279159502,17.928571428571427,2.5809640953286546,12.928571428571429,16.041447638166648
