Year,Team,Rslt,Rslt_std,Tm,Tm_std,Opp_score,Opp_score_std,OT,OT_std,FG,FG_std,FGA,FGA_std,FG%,FG%_std,3P,3P_std,3PA,3PA_std,3P%,3P%_std,2P,2P_std,2PA,2PA_std,2P%,2P%_std,eFG%,eFG%_std,FT,FT_std,FTA,FTA_std,FT%,FT%_std,ORB,ORB_std,DRB,DRB_std,TRB,TRB_std,AST,AST_std,STL,STL_std,BLK,BLK_std,TOV,TOV_std,PF,PF_std,FG_opp,FG_opp_std,FGA_opp,FGA_opp_std,FG%_opp,FG%_opp_std,3P_opp,3P_opp_std,3PA_opp,3PA_opp_std,3P%_opp,3P%_opp_std,2P_opp,2P_opp_std,2PA_opp,2PA_opp_std,2P%_opp,2P%_opp_std,eFG%_opp,eFG%_opp_std,FT_opp,FT_opp_std,FTA_opp,FTA_opp_std,FT%_opp,FT%_opp_std,ORB_opp,ORB_opp_std,DRB_opp,DRB_opp_std,TRB_opp,TRB_opp_std,AST_opp,AST_opp_std,STL_opp,STL_opp_std,BLK_opp,BLK_opp_std,TOV_opp,TOV_opp_std,PF_opp,PF_opp_std,Spread,Spread_std
2026,gonzaga,1.0,0.0,84.92592592592592,8.887873873672037,65.14814814814815,9.582450721154887,0.0,0.0,32.148148148148145,4.239953770645144,63.642857142857146,4.98304001897314,0.5107037037037037,0.04714039164258739,6.193548387096774,2.372331551290273,19.074074074074073,3.2690380368863385,0.33488888888888896,0.07059054923306406,26.103448275862068,4.6240429711470865,44.03703703703704,5.338405707566211,0.587851851851852,0.054832404585177484,0.5614814814814816,0.052745667244859205,13.428571428571429,3.604817470373361,19.517241379310345,5.622789658772416,0.7092962962962963,0.09606801069066996,11.233333333333333,2.8488755595889037,25.357142857142858,3.540394262563357,36.51724137931034,4.5951891742123125,18.37037037037037,3.649532616526165,8.285714285714286,2.8134221004577173,3.3870967741935485,1.6467628721188874,9.678571428571429,2.24521831700289,16.814814814814813,2.542515971314136,22.296296296296298,3.940078238336966,57.392857142857146,5.006213070991817,0.3891481481481481,0.05098997164126695,7.586206896551724,2.784103361424212,25.5,4.566382797341004,0.3033333333333334,0.08697170185225148,14.88888888888889,3.672489548954427,32.357142857142854,4.506902407659757,0.456962962962963,0.08275658536728314,0.45718518518518525,0.0630579934767238,12.592592592592593,2.804656283058027,17.82758620689655,4.504513335987436,0.7154814814814814,0.09344738147970283,7.483870967741935,2.8386730202911767,20.535714285714285,3.1208040613627106,28.448275862068964,4.452817782808606,11.214285714285714,2.9609450800708492,5.285714285714286,1.6745843676067218,2.1,1.373392477244478,13.214285714285714,3.1781329582836997,17.766666666666666,3.081461065606797,18.925925925925927,11.769994202749785
