Year,Team,Rslt,Rslt_std,Tm,Tm_std,Opp_score,Opp_score_std,OT,OT_std,FG,FG_std,FGA,FGA_std,FG%,FG%_std,3P,3P_std,3PA,3PA_std,3P%,3P%_std,2P,2P_std,2PA,2PA_std,2P%,2P%_std,eFG%,eFG%_std,FT,FT_std,FTA,FTA_std,FT%,FT%_std,ORB,ORB_std,DRB,DRB_std,TRB,TRB_std,AST,AST_std,STL,STL_std,BLK,BLK_std,TOV,TOV_std,PF,PF_std,FG_opp,FG_opp_std,FGA_opp,FGA_opp_std,FG%_opp,FG%_opp_std,3P_opp,3P_opp_std,3PA_opp,3PA_opp_std,3P%_opp,3P%_opp_std,2P_opp,2P_opp_std,2PA_opp,2PA_opp_std,2P%_opp,2P%_opp_std,eFG%_opp,eFG%_opp_std,FT_opp,FT_opp_std,FTA_opp,FTA_opp_std,FT%_opp,FT%_opp_std,ORB_opp,ORB_opp_std,DRB_opp,DRB_opp_std,TRB_opp,TRB_opp_std,AST_opp,AST_opp_std,STL_opp,STL_opp_std,BLK_opp,BLK_opp_std,TOV_opp,TOV_opp_std,PF_opp,PF_opp_std,Spread,Spread_std
2026,texas-christian,0.6666666666666666,0.47871355387816905,77.11111111111111,9.195874214238826,71.85185185185185,10.556455202327458,0.0,0.0,27.0,2.775554665954844,60.142857142857146,4.222639912505899,0.4456666666666667,0.03717629517685864,7.148148148148148,2.4760965512382858,21.785714285714285,4.573329631170699,0.32525925925925925,0.07256805431539767,19.59259259259259,2.4691832853933904,38.57142857142857,2.986743196298423,0.5164074074074074,0.05807638157518163,0.5042962962962964,0.040634217122267786,15.966666666666667,3.699798068425686,22.535714285714285,4.4761271525409425,0.6981071428571429,0.062386690939247647,10.464285714285714,3.20280135318076,21.866666666666667,3.2877340832705513,32.370370370370374,4.207576939724775,15.428571428571429,3.3046383948376135,7.875,2.8141348295185993,4.517241379310345,2.1977373048396265,10.068965517241379,2.1865013554397588,15.933333333333334,3.777732702007395,25.517241379310345,4.076243803650369,58.111111111111114,3.6514837167011076,0.4509642857142856,0.04659556658521093,7.535714285714286,1.9528164438810074,21.75,3.4707774772082836,0.3368518518518519,0.07045713574371285,18.48148148148148,3.017517705898858,36.074074074074076,4.75496441728922,0.5161851851851852,0.06644027800446459,0.5111851851851853,0.05396368938536145,11.962962962962964,5.687242683825734,16.357142857142858,6.068829197686142,0.6967777777777777,0.11174604908979774,8.071428571428571,1.6539195069439554,22.17241379310345,4.080169512560909,29.821428571428573,4.846178879844381,15.392857142857142,3.258485057158444,5.931034482758621,1.8112946136230577,3.7857142857142856,1.5240575195022406,13.214285714285714,3.142977390677012,18.77777777777778,2.5318484177091665,4.7407407407407405,7.8082431422606815
