Year,Team,Rslt,Rslt_std,Tm,Tm_std,Opp_score,Opp_score_std,OT,OT_std,FG,FG_std,FGA,FGA_std,FG%,FG%_std,3P,3P_std,3PA,3PA_std,3P%,3P%_std,2P,2P_std,2PA,2PA_std,2P%,2P%_std,eFG%,eFG%_std,FT,FT_std,FTA,FTA_std,FT%,FT%_std,ORB,ORB_std,DRB,DRB_std,TRB,TRB_std,AST,AST_std,STL,STL_std,BLK,BLK_std,TOV,TOV_std,PF,PF_std,FG_opp,FG_opp_std,FGA_opp,FGA_opp_std,FG%_opp,FG%_opp_std,3P_opp,3P_opp_std,3PA_opp,3PA_opp_std,3P%_opp,3P%_opp_std,2P_opp,2P_opp_std,2PA_opp,2PA_opp_std,2P%_opp,2P%_opp_std,eFG%_opp,eFG%_opp_std,FT_opp,FT_opp_std,FTA_opp,FTA_opp_std,FT%_opp,FT%_opp_std,ORB_opp,ORB_opp_std,DRB_opp,DRB_opp_std,TRB_opp,TRB_opp_std,AST_opp,AST_opp_std,STL_opp,STL_opp_std,BLK_opp,BLK_opp_std,TOV_opp,TOV_opp_std,PF_opp,PF_opp_std,Spread,Spread_std
2026,northern-iowa,0.6571428571428571,0.4815939919779354,70.36666666666666,8.802363841344114,61.0,7.0761167720317175,0.0,0.0,25.6,3.509592765451619,54.793103448275865,4.186537184363602,0.4764827586206898,0.06101207180881452,7.1875,2.9885534314954496,21.79310344827586,4.58553089576977,0.3506551724137931,0.08228490395400126,18.3,2.654209408883726,32.36666666666667,4.106205004652092,0.5566551724137931,0.06872578839233337,0.5470689655172414,0.0720569868895856,10.129032258064516,3.3340859365436373,14.0,4.326001122779063,0.7083793103448276,0.08339767630931393,5.733333333333333,1.529780992514115,22.933333333333334,2.2732831086237417,28.6,3.4401283055462755,15.0,3.6351458999998494,6.166666666666667,2.018591747649376,3.0,1.2909944487358056,8.827586206896552,2.188753159698158,15.172413793103448,2.3156141659432903,21.862068965517242,3.5226221760322085,54.0,3.585685828003181,0.4040689655172413,0.05515234163820553,6.096774193548387,2.005905260469321,22.379310344827587,3.5093120317179816,0.28913333333333335,0.07325333149224439,15.3,3.6308068828691034,31.17241379310345,4.567501391955698,0.4924137931034483,0.08159416875233325,0.4622758620689655,0.05804856129121802,11.03448275862069,3.417212299737585,15.379310344827585,4.2712811151377075,0.7126551724137931,0.11034403209380746,7.32258064516129,2.856420799697803,22.93103448275862,3.8352782957578624,30.032258064516128,5.901885975221492,10.620689655172415,2.4700172512909453,5.387096774193548,1.430091357334412,2.4,0.8550055454548938,10.548387096774194,3.3549834542803074,14.451612903225806,2.987068905325301,7.517241379310345,9.970028978519185
