Year,Team,Rslt,Rslt_std,Tm,Tm_std,Opp_score,Opp_score_std,OT,OT_std,FG,FG_std,FGA,FGA_std,FG%,FG%_std,3P,3P_std,3PA,3PA_std,3P%,3P%_std,2P,2P_std,2PA,2PA_std,2P%,2P%_std,eFG%,eFG%_std,FT,FT_std,FTA,FTA_std,FT%,FT%_std,ORB,ORB_std,DRB,DRB_std,TRB,TRB_std,AST,AST_std,STL,STL_std,BLK,BLK_std,TOV,TOV_std,PF,PF_std,FG_opp,FG_opp_std,FGA_opp,FGA_opp_std,FG%_opp,FG%_opp_std,3P_opp,3P_opp_std,3PA_opp,3PA_opp_std,3P%_opp,3P%_opp_std,2P_opp,2P_opp_std,2PA_opp,2PA_opp_std,2P%_opp,2P%_opp_std,eFG%_opp,eFG%_opp_std,FT_opp,FT_opp_std,FTA_opp,FTA_opp_std,FT%_opp,FT%_opp_std,ORB_opp,ORB_opp_std,DRB_opp,DRB_opp_std,TRB_opp,TRB_opp_std,AST_opp,AST_opp_std,STL_opp,STL_opp_std,BLK_opp,BLK_opp_std,TOV_opp,TOV_opp_std,PF_opp,PF_opp_std,Spread,Spread_std
2026,brigham-young,0.6764705882352942,0.47485807993381707,83.42857142857143,9.979343745322215,75.60714285714286,9.488157475249464,0.0,0.0,29.310344827586206,3.9740537802445326,63.03448275862069,4.671209377060182,0.47471428571428564,0.05052015156633752,8.233333333333333,2.445027795249009,24.357142857142858,4.253227843643824,0.3493214285714286,0.06832333453753588,20.642857142857142,3.3134326579600164,37.42857142857143,4.383712036269173,0.5583214285714286,0.08641547082486792,0.54675,0.05647262529232555,15.535714285714286,3.0243719012094723,21.03125,4.822557044930925,0.7615172413793102,0.07180858518592285,10.464285714285714,2.531024428188052,24.25,3.492054473292827,34.89655172413793,4.003077633755299,13.285714285714286,3.386871634842317,7.354838709677419,2.950123015477763,4.206896551724138,1.423760371712569,10.535714285714286,3.0365933990080847,15.96551724137931,3.099340466946034,26.96551724137931,3.343252892241003,61.58620689655172,3.354285546445561,0.4408214285714286,0.0511903156143661,8.321428571428571,2.2941725116537146,23.857142857142858,3.688965384557791,0.34742857142857153,0.07652180931987496,18.862068965517242,3.419734095041335,37.275862068965516,4.605094630050955,0.49817857142857147,0.05079592690832791,0.510142857142857,0.06300776806060374,12.413793103448276,3.8592860311138817,17.607142857142858,4.499706045660593,0.7125000000000002,0.09572472106108339,8.166666666666666,2.0524725767134915,21.413793103448278,3.1226961951322765,30.5,3.191423692521127,14.571428571428571,2.847072198912438,6.379310344827586,1.7811271131234427,2.966666666666667,1.2452207485597395,11.0,3.194823399144957,18.448275862068964,2.369240488555528,7.571428571428571,12.145502357384297
