Year,Team,Rslt,Rslt_std,Tm,Tm_std,Opp_score,Opp_score_std,OT,OT_std,FG,FG_std,FGA,FGA_std,FG%,FG%_std,3P,3P_std,3PA,3PA_std,3P%,3P%_std,2P,2P_std,2PA,2PA_std,2P%,2P%_std,eFG%,eFG%_std,FT,FT_std,FTA,FTA_std,FT%,FT%_std,ORB,ORB_std,DRB,DRB_std,TRB,TRB_std,AST,AST_std,STL,STL_std,BLK,BLK_std,TOV,TOV_std,PF,PF_std,FG_opp,FG_opp_std,FGA_opp,FGA_opp_std,FG%_opp,FG%_opp_std,3P_opp,3P_opp_std,3PA_opp,3PA_opp_std,3P%_opp,3P%_opp_std,2P_opp,2P_opp_std,2PA_opp,2PA_opp_std,2P%_opp,2P%_opp_std,eFG%_opp,eFG%_opp_std,FT_opp,FT_opp_std,FTA_opp,FTA_opp_std,FT%_opp,FT%_opp_std,ORB_opp,ORB_opp_std,DRB_opp,DRB_opp_std,TRB_opp,TRB_opp_std,AST_opp,AST_opp_std,STL_opp,STL_opp_std,BLK_opp,BLK_opp_std,TOV_opp,TOV_opp_std,PF_opp,PF_opp_std,Spread,Spread_std
2026,ucla,0.6764705882352942,0.47485807993381707,77.96551724137932,9.233025965137669,71.03571428571429,9.35110269931422,0.0,0.0,27.433333333333334,3.645340278647034,57.43333333333333,4.328600421521418,0.46925,0.04891915098745412,8.033333333333333,1.8285727114117012,20.928571428571427,3.1379230147600574,0.3915172413793103,0.0721187615225525,19.275862068965516,3.1384317253337346,37.43333333333333,3.9972691827721873,0.5251034482758622,0.07538725964150811,0.5374642857142857,0.060870525703914366,14.666666666666666,5.201679657992004,19.535714285714285,5.315819457801075,0.7602500000000001,0.08904290476443862,8.517241379310345,1.9202062697081794,21.0,3.3166247903554,28.928571428571427,3.933978962347216,16.413793103448278,3.354285546445561,6.2,2.023994002989616,2.5625,1.6448845434529205,8.064516129032258,2.4891160930601814,16.533333333333335,3.3190498571161884,24.4,3.358981783322091,55.642857142857146,3.466391930505409,0.4323448275862068,0.05846016706275245,8.068965517241379,2.5061500707938262,24.714285714285715,3.5366561195480273,0.3161785714285714,0.07706132890560877,16.448275862068964,3.0306317928840203,31.6,4.327936515564736,0.5347241379310346,0.08576874911716478,0.508,0.0666338808270543,14.214285714285714,4.441864330453907,19.035714285714285,5.540972924711053,0.75825,0.09728028424970654,8.6,2.6470543159754274,20.448275862068964,2.7332111791359437,29.928571428571427,3.0420335721303693,15.178571428571429,3.3890189930789316,4.84375,1.686939871196439,3.0,1.3896166675593025,11.166666666666666,2.877778517433595,17.551724137931036,3.987356866186562,6.821428571428571,11.274532334650486
