Year,Team,Rslt,Rslt_std,Tm,Tm_std,Opp_score,Opp_score_std,OT,OT_std,FG,FG_std,FGA,FGA_std,FG%,FG%_std,3P,3P_std,3PA,3PA_std,3P%,3P%_std,2P,2P_std,2PA,2PA_std,2P%,2P%_std,eFG%,eFG%_std,FT,FT_std,FTA,FTA_std,FT%,FT%_std,ORB,ORB_std,DRB,DRB_std,TRB,TRB_std,AST,AST_std,STL,STL_std,BLK,BLK_std,TOV,TOV_std,PF,PF_std,FG_opp,FG_opp_std,FGA_opp,FGA_opp_std,FG%_opp,FG%_opp_std,3P_opp,3P_opp_std,3PA_opp,3PA_opp_std,3P%_opp,3P%_opp_std,2P_opp,2P_opp_std,2PA_opp,2PA_opp_std,2P%_opp,2P%_opp_std,eFG%_opp,eFG%_opp_std,FT_opp,FT_opp_std,FTA_opp,FTA_opp_std,FT%_opp,FT%_opp_std,ORB_opp,ORB_opp_std,DRB_opp,DRB_opp_std,TRB_opp,TRB_opp_std,AST_opp,AST_opp_std,STL_opp,STL_opp_std,BLK_opp,BLK_opp_std,TOV_opp,TOV_opp_std,PF_opp,PF_opp_std,Spread,Spread_std
2026,kennesaw-state,0.6176470588235294,0.4932702180563817,83.17857142857143,8.768857231296284,76.71428571428571,9.45107143781864,0.0,0.0,27.142857142857142,3.063697665606609,60.5,5.963972293466946,0.44517241379310335,0.05804928261247214,9.214285714285714,2.200288581361509,27.03448275862069,5.570860145311555,0.3529642857142857,0.07301926795075045,18.275862068965516,3.1836249748196734,34.892857142857146,4.886408100740678,0.5167142857142856,0.06216754967669412,0.52525,0.06901777817130672,18.633333333333333,4.958332125953683,27.178571428571427,6.826167361452606,0.6963214285714284,0.047716798479601044,11.275862068965518,2.9868348240252343,23.642857142857142,4.330890642421458,35.206896551724135,6.460756868227191,14.142857142857142,2.850786580399194,7.137931034482759,1.552052510411259,5.0,2.314052443156252,10.935483870967742,2.780113713153568,19.896551724137932,3.277028571153696,24.689655172413794,3.8368834849194062,59.535714285714285,6.22112376925431,0.41785714285714287,0.07571276827869446,7.866666666666666,2.129162589689508,22.275862068965516,3.1836249748196734,0.33960714285714283,0.07893989241034355,16.096774193548388,3.986266747301937,36.964285714285715,4.834154281676126,0.4666785714285715,0.08165285759506004,0.48292857142857154,0.0885341233948301,20.214285714285715,4.36617590844575,26.964285714285715,5.1888922878205115,0.7349285714285714,0.06926595474526057,8.551724137931034,2.9469864377087673,22.06896551724138,2.658289386627082,30.928571428571427,3.5164014795070493,11.535714285714286,2.3488711687097203,7.607142857142857,1.8122890316921123,4.366666666666666,2.2664469129444447,11.448275862068966,2.2926311599269473,20.0,3.625307868699863,4.25,9.48536885008813
