Year,Team,Rslt,Rslt_std,Tm,Tm_std,Opp_score,Opp_score_std,OT,OT_std,FG,FG_std,FGA,FGA_std,FG%,FG%_std,3P,3P_std,3PA,3PA_std,3P%,3P%_std,2P,2P_std,2PA,2PA_std,2P%,2P%_std,eFG%,eFG%_std,FT,FT_std,FTA,FTA_std,FT%,FT%_std,ORB,ORB_std,DRB,DRB_std,TRB,TRB_std,AST,AST_std,STL,STL_std,BLK,BLK_std,TOV,TOV_std,PF,PF_std,FG_opp,FG_opp_std,FGA_opp,FGA_opp_std,FG%_opp,FG%_opp_std,3P_opp,3P_opp_std,3PA_opp,3PA_opp_std,3P%_opp,3P%_opp_std,2P_opp,2P_opp_std,2PA_opp,2PA_opp_std,2P%_opp,2P%_opp_std,eFG%_opp,eFG%_opp_std,FT_opp,FT_opp_std,FTA_opp,FTA_opp_std,FT%_opp,FT%_opp_std,ORB_opp,ORB_opp_std,DRB_opp,DRB_opp_std,TRB_opp,TRB_opp_std,AST_opp,AST_opp_std,STL_opp,STL_opp_std,BLK_opp,BLK_opp_std,TOV_opp,TOV_opp_std,PF_opp,PF_opp_std,Spread,Spread_std
2026,houston,0.8235294117647058,0.3869529949759475,75.79310344827586,7.098185433841665,62.67857142857143,8.739241307135226,0.0,0.0,27.535714285714285,3.260108415115497,61.42857142857143,2.8729720245711152,0.44782142857142854,0.04460032683107999,8.827586206896552,1.8529699233786319,24.892857142857142,3.794140567441149,0.34850000000000003,0.05312494008711218,18.0,3.3763886032268267,36.62068965517241,3.8211235548821074,0.5205000000000001,0.06162340825079738,0.5236551724137931,0.05426013786912409,12.5,4.849589520621154,15.827586206896552,5.775990734542192,0.7718275862068966,0.07254607844354474,10.689655172413794,1.8146910062806454,21.161290322580644,3.3575464672242274,32.275862068965516,3.7022826137025433,14.1,3.7540782421622305,7.862068965517241,2.5174269450463345,3.7096774193548385,1.3214524430110168,7.4375,2.850438562747845,18.4,3.616056148480761,20.928571428571427,3.005286347712316,51.93103448275862,3.7314401134410615,0.3993448275862069,0.04678390738435368,6.709677419354839,2.2977314665715656,21.25,4.742440378195675,0.3144827586206897,0.05961161241717397,14.1,3.376899210201878,31.24137931034483,4.396875289938405,0.4565,0.07043173737477751,0.4673571428571428,0.042475451983045705,14.392857142857142,4.121661708352013,20.862068965517242,6.283334748881557,0.6902666666666666,0.1196535035823867,8.366666666666667,2.1890532252525303,20.366666666666667,2.0758601596203077,28.766666666666666,3.4107672646097287,11.214285714285714,2.266619980845077,4.233333333333333,1.7943077299853158,2.25,0.927960727138337,13.107142857142858,3.4355363559290204,15.766666666666667,3.5881349812511454,13.607142857142858,11.13998233163798
