Year,Team,Rslt,Rslt_std,Tm,Tm_std,Opp_score,Opp_score_std,OT,OT_std,FG,FG_std,FGA,FGA_std,FG%,FG%_std,3P,3P_std,3PA,3PA_std,3P%,3P%_std,2P,2P_std,2PA,2PA_std,2P%,2P%_std,eFG%,eFG%_std,FT,FT_std,FTA,FTA_std,FT%,FT%_std,ORB,ORB_std,DRB,DRB_std,TRB,TRB_std,AST,AST_std,STL,STL_std,BLK,BLK_std,TOV,TOV_std,PF,PF_std,FG_opp,FG_opp_std,FGA_opp,FGA_opp_std,FG%_opp,FG%_opp_std,3P_opp,3P_opp_std,3PA_opp,3PA_opp_std,3P%_opp,3P%_opp_std,2P_opp,2P_opp_std,2PA_opp,2PA_opp_std,2P%_opp,2P%_opp_std,eFG%_opp,eFG%_opp_std,FT_opp,FT_opp_std,FTA_opp,FTA_opp_std,FT%_opp,FT%_opp_std,ORB_opp,ORB_opp_std,DRB_opp,DRB_opp_std,TRB_opp,TRB_opp_std,AST_opp,AST_opp_std,STL_opp,STL_opp_std,BLK_opp,BLK_opp_std,TOV_opp,TOV_opp_std,PF_opp,PF_opp_std,Spread,Spread_std
2026,arizona,1.0,0.0,86.07142857142857,7.953236338369949,69.93103448275862,8.643457618679653,0.0,0.0,30.428571428571427,3.4364987719368982,60.57142857142857,4.341262586686141,0.4991379310344827,0.04379801376606269,5.53125,2.488481529483521,15.89655172413793,3.857690163687952,0.3555357142857143,0.07872572272128987,24.75,3.417005403262618,44.607142857142854,5.258779507144401,0.5519285714285714,0.05180299474499774,0.5493214285714287,0.04739436876334773,19.066666666666666,6.022562940129069,26.344827586206897,6.382318555805816,0.7319285714285716,0.054028064429810424,11.428571428571429,2.0803947529356845,27.724137931034484,2.4186264065748726,39.25,3.8741785270246982,16.857142857142858,3.341260415475149,7.964285714285714,1.6883510003933129,4.21875,1.92997367523414,10.571428571428571,2.5155600426231786,16.103448275862068,2.7431060026677643,24.75,3.122498999199199,62.43333333333333,4.553765651545477,0.39521428571428574,0.04377328556437737,7.103448275862069,1.8773999419068705,22.75862068965517,4.3560727103812305,0.31349999999999995,0.058518436474391616,17.142857142857142,2.6347293868249433,39.214285714285715,4.085721685714985,0.4403214285714286,0.05618030073323024,0.4536071428571428,0.054956103213594766,13.066666666666666,4.050826508541047,17.4,5.176871642217914,0.7159999999999999,0.11231747097274888,8.766666666666667,2.621967323152247,18.551724137931036,2.4287887471587815,28.0,3.5276684147527875,11.8,2.5106668986271496,5.59375,2.394339763531025,3.2,1.517711525904073,11.655172413793103,2.272127103917094,19.535714285714285,2.9120712096648207,17.321428571428573,10.70151796580685
