Year,Team,Rslt,Rslt_std,Tm,Tm_std,Opp_score,Opp_score_std,OT,OT_std,FG,FG_std,FGA,FGA_std,FG%,FG%_std,3P,3P_std,3PA,3PA_std,3P%,3P%_std,2P,2P_std,2PA,2PA_std,2P%,2P%_std,eFG%,eFG%_std,FT,FT_std,FTA,FTA_std,FT%,FT%_std,ORB,ORB_std,DRB,DRB_std,TRB,TRB_std,AST,AST_std,STL,STL_std,BLK,BLK_std,TOV,TOV_std,PF,PF_std,FG_opp,FG_opp_std,FGA_opp,FGA_opp_std,FG%_opp,FG%_opp_std,3P_opp,3P_opp_std,3PA_opp,3PA_opp_std,3P%_opp,3P%_opp_std,2P_opp,2P_opp_std,2PA_opp,2PA_opp_std,2P%_opp,2P%_opp_std,eFG%_opp,eFG%_opp_std,FT_opp,FT_opp_std,FTA_opp,FTA_opp_std,FT%_opp,FT%_opp_std,ORB_opp,ORB_opp_std,DRB_opp,DRB_opp_std,TRB_opp,TRB_opp_std,AST_opp,AST_opp_std,STL_opp,STL_opp_std,BLK_opp,BLK_opp_std,TOV_opp,TOV_opp_std,PF_opp,PF_opp_std,Spread,Spread_std
2026,southern-methodist,0.6060606060606061,0.49619766344887317,83.39285714285714,10.07504906968764,77.92592592592592,6.8888199610557725,0.0,0.0,30.703703703703702,3.739753332207217,62.629629629629626,4.541671567471676,0.4903703703703704,0.051372057765757435,8.285714285714286,2.4321480044076087,22.821428571428573,4.8690524702114235,0.3788571428571429,0.06346577630427884,22.392857142857142,3.665042930517961,39.42857142857143,4.992057183229667,0.5546296296296297,0.06508937532828825,0.5581111111111111,0.05751142584360174,13.5,5.066228051190222,18.535714285714285,6.033745491490726,0.739851851851852,0.07322289664164204,10.142857142857142,2.206292108430991,23.392857142857142,3.3812038806525235,34.25,4.385371304859086,16.321428571428573,4.776900990054438,6.785714285714286,2.1833908874032995,3.689655172413793,1.5607564163356833,10.892857142857142,2.424249188302252,16.344827586206897,2.662918137105628,26.703703703703702,2.812264551714847,61.888888888888886,3.876292174958052,0.43167857142857147,0.05514630612620467,9.482758620689655,2.063642577980783,29.785714285714285,3.3372992280534475,0.3410370370370371,0.07569040254244284,16.06896551724138,2.865198004660643,32.214285714285715,4.175387698629007,0.5165185185185186,0.06768954604571258,0.5183333333333334,0.06732870001829715,13.428571428571429,2.8729720245711157,18.75862068965517,4.041350308408186,0.7222413793103448,0.07582105586389093,8.89655172413793,2.7169419204345866,21.321428571428573,2.8421897065541435,30.714285714285715,3.933306429824591,16.48148148148148,2.5171774542495675,6.666666666666667,1.61721508012528,2.7419354838709675,1.2101719419290211,11.166666666666666,3.1522661069769162,17.0,2.855494029733936,5.444444444444445,10.489310798410019
