Year,Team,Rslt,Rslt_std,Tm,Tm_std,Opp_score,Opp_score_std,OT,OT_std,FG,FG_std,FGA,FGA_std,FG%,FG%_std,3P,3P_std,3PA,3PA_std,3P%,3P%_std,2P,2P_std,2PA,2PA_std,2P%,2P%_std,eFG%,eFG%_std,FT,FT_std,FTA,FTA_std,FT%,FT%_std,ORB,ORB_std,DRB,DRB_std,TRB,TRB_std,AST,AST_std,STL,STL_std,BLK,BLK_std,TOV,TOV_std,PF,PF_std,FG_opp,FG_opp_std,FGA_opp,FGA_opp_std,FG%_opp,FG%_opp_std,3P_opp,3P_opp_std,3PA_opp,3PA_opp_std,3P%_opp,3P%_opp_std,2P_opp,2P_opp_std,2PA_opp,2PA_opp_std,2P%_opp,2P%_opp_std,eFG%_opp,eFG%_opp_std,FT_opp,FT_opp_std,FTA_opp,FTA_opp_std,FT%_opp,FT%_opp_std,ORB_opp,ORB_opp_std,DRB_opp,DRB_opp_std,TRB_opp,TRB_opp_std,AST_opp,AST_opp_std,STL_opp,STL_opp_std,BLK_opp,BLK_opp_std,TOV_opp,TOV_opp_std,PF_opp,PF_opp_std,Spread,Spread_std
2026,prairie-view,0.5142857142857142,0.50709255283711,77.72413793103448,8.145535813841917,75.51724137931035,12.913505360267411,0.0,0.0,25.866666666666667,3.170264139254595,59.96666666666667,4.965281763254302,0.4393793103448276,0.05099958948931666,5.933333333333334,2.1644993581113314,18.870967741935484,3.4616174974893936,0.3297333333333334,0.08661883737678397,19.566666666666666,3.2555875928490456,41.0,4.402193810457189,0.4844827586206897,0.06609928716368126,0.49420689655172423,0.05706849225169501,19.484848484848484,5.495004618521786,26.333333333333332,5.689272017750077,0.7512758620689656,0.0681342668935621,7.866666666666666,2.6226248148639617,22.5,3.636500781112866,31.066666666666666,5.445234128358823,12.033333333333333,2.8705800607294463,7.766666666666667,2.955804731235709,4.433333333333334,2.0625283000496615,11.129032258064516,2.6298534241014395,18.903225806451612,3.6272564352843637,25.4,4.303967696327946,58.806451612903224,5.8732123796023235,0.437241379310345,0.06258232017135155,6.758620689655173,2.230553621442013,19.29032258064516,4.043047929364651,0.3358333333333334,0.08503917285310476,19.0,4.09878030638384,39.03333333333333,5.301160141947677,0.49248275862068963,0.07255865641458402,0.49272413793103437,0.07100648690271903,16.96551724137931,4.5236107466483135,23.633333333333333,6.789867366199042,0.7166896551724139,0.06710445133642448,10.689655172413794,2.660604768467152,24.633333333333333,3.7368928023281525,34.96551724137931,5.1372780356686505,12.419354838709678,4.039589034777236,6.344827586206897,1.7783592371494235,3.0625,1.5644745588092157,13.89655172413793,3.3310747684944713,20.586206896551722,3.343621233881766,1.6551724137931034,12.116328599010997
