Year,Team,Rslt,Rslt_std,Tm,Tm_std,Opp_score,Opp_score_std,OT,OT_std,FG,FG_std,FGA,FGA_std,FG%,FG%_std,3P,3P_std,3PA,3PA_std,3P%,3P%_std,2P,2P_std,2PA,2PA_std,2P%,2P%_std,eFG%,eFG%_std,FT,FT_std,FTA,FTA_std,FT%,FT%_std,ORB,ORB_std,DRB,DRB_std,TRB,TRB_std,AST,AST_std,STL,STL_std,BLK,BLK_std,TOV,TOV_std,PF,PF_std,FG_opp,FG_opp_std,FGA_opp,FGA_opp_std,FG%_opp,FG%_opp_std,3P_opp,3P_opp_std,3PA_opp,3PA_opp_std,3P%_opp,3P%_opp_std,2P_opp,2P_opp_std,2PA_opp,2PA_opp_std,2P%_opp,2P%_opp_std,eFG%_opp,eFG%_opp_std,FT_opp,FT_opp_std,FTA_opp,FTA_opp_std,FT%_opp,FT%_opp_std,ORB_opp,ORB_opp_std,DRB_opp,DRB_opp_std,TRB_opp,TRB_opp_std,AST_opp,AST_opp_std,STL_opp,STL_opp_std,BLK_opp,BLK_opp_std,TOV_opp,TOV_opp_std,PF_opp,PF_opp_std,Spread,Spread_std
2026,kentucky,0.6176470588235294,0.4932702180563817,80.53571428571429,9.402450991953357,74.07142857142857,9.556570636375913,0.0,0.0,28.035714285714285,4.574341829662839,60.464285714285715,3.95794693185039,0.46389285714285705,0.06202230141663459,8.0,2.5325467623418674,24.03448275862069,4.0043080249427225,0.3345714285714286,0.08176997029672961,20.1,3.985750480969892,37.56666666666667,4.91783056553033,0.5392142857142858,0.07516419416621245,0.5276071428571428,0.07545140171768859,16.03448275862069,3.332553274900382,22.0,4.200340122282616,0.7300357142857143,0.07814871015871534,10.392857142857142,2.2167591578746584,22.964285714285715,3.815001022835093,32.516129032258064,5.661984150112841,15.413793103448276,4.16204998750882,6.766666666666667,1.8323403789601471,4.551724137931035,1.4537195371222187,10.333333333333334,2.4821199689438633,18.642857142857142,2.7109419671410064,25.03448275862069,4.118622850807308,59.89655172413793,4.995318004936557,0.42771428571428577,0.06047274080899905,7.129032258064516,2.7171300482171867,22.892857142857142,4.840716856266195,0.3166785714285715,0.08471173497413474,16.870967741935484,4.137164370949995,35.793103448275865,5.6148992507487705,0.49624999999999997,0.07585982443271909,0.4899285714285715,0.07026454169853966,16.448275862068964,4.618179966923827,22.413793103448278,6.05048546682301,0.7298214285714285,0.0761665103676629,8.931034482758621,3.1388241028717223,22.0,3.946064947695181,30.857142857142858,5.91742114572497,13.25,3.902025941945146,6.65625,2.3638319764533238,3.225806451612903,1.5429339458610414,10.32258064516129,2.3436025939308847,18.125,3.395917853028269,6.035714285714286,13.953579503209237
