Year,Team,Rslt,Rslt_std,Tm,Tm_std,Opp_score,Opp_score_std,OT,OT_std,FG,FG_std,FGA,FGA_std,FG%,FG%_std,3P,3P_std,3PA,3PA_std,3P%,3P%_std,2P,2P_std,2PA,2PA_std,2P%,2P%_std,eFG%,eFG%_std,FT,FT_std,FTA,FTA_std,FT%,FT%_std,ORB,ORB_std,DRB,DRB_std,TRB,TRB_std,AST,AST_std,STL,STL_std,BLK,BLK_std,TOV,TOV_std,PF,PF_std,FG_opp,FG_opp_std,FGA_opp,FGA_opp_std,FG%_opp,FG%_opp_std,3P_opp,3P_opp_std,3PA_opp,3PA_opp_std,3P%_opp,3P%_opp_std,2P_opp,2P_opp_std,2PA_opp,2PA_opp_std,2P%_opp,2P%_opp_std,eFG%_opp,eFG%_opp_std,FT_opp,FT_opp_std,FTA_opp,FTA_opp_std,FT%_opp,FT%_opp_std,ORB_opp,ORB_opp_std,DRB_opp,DRB_opp_std,TRB_opp,TRB_opp_std,AST_opp,AST_opp_std,STL_opp,STL_opp_std,BLK_opp,BLK_opp_std,TOV_opp,TOV_opp_std,PF_opp,PF_opp_std,Spread,Spread_std
2026,tennessee-state,0.71875,0.45680340939917435,80.03846153846153,9.022109594682474,73.57692307692308,9.984680573450818,0.0,0.0,28.76923076923077,4.572156535445324,62.80769230769231,4.964024421932115,0.45996153846153853,0.05518657863591892,6.076923076923077,1.7871335019651313,19.0,4.224470836229533,0.323,0.08249363611818793,21.642857142857142,4.6999943712675964,43.370370370370374,4.939231862953125,0.5118846153846154,0.07623821977096627,0.510076923076923,0.06041054416369585,15.407407407407407,5.322371212874514,20.444444444444443,6.727288477270039,0.7754999999999999,0.06288608749159069,10.76923076923077,2.454509194241363,23.03846153846154,3.8103099005804686,33.80769230769231,3.8472767591555534,12.538461538461538,2.956088892178572,9.23076923076923,2.2504700363735983,3.3846153846153846,1.3587324409735149,11.346153846153847,2.3313911330758326,17.428571428571427,3.7656200259577677,25.59259259259259,3.565424338315246,56.84615384615385,4.730262637040846,0.44607692307692304,0.06201414230765308,7.0,1.901416476047427,20.444444444444443,4.088758823646696,0.32676923076923087,0.07853015099555466,18.153846153846153,3.1583832280748667,36.03846153846154,3.8312480392766974,0.5084230769230769,0.06869536990331915,0.5063461538461538,0.06746491965914866,15.76923076923077,5.644875143403563,22.75862068965517,8.559268879048162,0.721076923076923,0.0745535636046584,8.0,1.9813949444585564,22.23076923076923,2.746746326950377,30.344827586206897,3.84778101237737,12.379310344827585,4.2712811151377075,7.466666666666667,2.4737704480984197,3.0689655172413794,1.4621665549733924,14.25925925925926,2.955992513165711,16.071428571428573,3.321407236661297,7.777777777777778,11.164274523721891
