Year,Team,Rslt,Rslt_std,Tm,Tm_std,Opp_score,Opp_score_std,OT,OT_std,FG,FG_std,FGA,FGA_std,FG%,FG%_std,3P,3P_std,3PA,3PA_std,3P%,3P%_std,2P,2P_std,2PA,2PA_std,2P%,2P%_std,eFG%,eFG%_std,FT,FT_std,FTA,FTA_std,FT%,FT%_std,ORB,ORB_std,DRB,DRB_std,TRB,TRB_std,AST,AST_std,STL,STL_std,BLK,BLK_std,TOV,TOV_std,PF,PF_std,FG_opp,FG_opp_std,FGA_opp,FGA_opp_std,FG%_opp,FG%_opp_std,3P_opp,3P_opp_std,3PA_opp,3PA_opp_std,3P%_opp,3P%_opp_std,2P_opp,2P_opp_std,2PA_opp,2PA_opp_std,2P%_opp,2P%_opp_std,eFG%_opp,eFG%_opp_std,FT_opp,FT_opp_std,FTA_opp,FTA_opp_std,FT%_opp,FT%_opp_std,ORB_opp,ORB_opp_std,DRB_opp,DRB_opp_std,TRB_opp,TRB_opp_std,AST_opp,AST_opp_std,STL_opp,STL_opp_std,BLK_opp,BLK_opp_std,TOV_opp,TOV_opp_std,PF_opp,PF_opp_std,Spread,Spread_std
2026,duke,1.0,0.0,81.19354838709677,10.743740363078741,63.3448275862069,8.036860892470774,0.0,0.0,28.17241379310345,3.306583967926085,58.107142857142854,4.491467513327957,0.4887142857142858,0.042993416501062844,9.03448275862069,1.8024340412082778,26.066666666666666,4.093167842699068,0.341241379310345,0.05120522795045568,19.321428571428573,3.453967889239009,31.766666666666666,4.994364640364131,0.6001785714285715,0.06079233234510478,0.5642142857142858,0.04878247798882462,16.17241379310345,4.472686676749712,22.25,4.6953483679378145,0.7176428571428571,0.07218505759284631,10.4,3.201292842285592,26.82758620689655,3.87361925185922,37.03448275862069,4.531498952733045,16.928571428571427,2.9555794246559737,7.766666666666667,2.3588912259983403,2.5806451612903225,1.5005375380928683,9.928571428571429,1.6761634196950514,15.516129032258064,2.3504746718047613,22.571428571428573,3.1438189966341707,56.93333333333333,4.282549460900302,0.3883571428571429,0.059767583363927484,7.9,1.9887615276329897,25.928571428571427,3.962122246777944,0.30289285714285713,0.05957338411772572,14.571428571428571,2.741026726106025,30.896551724137932,5.709295850917212,0.4669642857142858,0.07073240241447162,0.4577857142857143,0.06833921771024803,9.517241379310345,2.8985302883551722,13.642857142857142,3.3907749110423855,0.7258214285714287,0.09305556029376913,7.214285714285714,2.200288581361509,18.517241379310345,3.3017386075388093,26.379310344827587,4.901995170361381,11.666666666666666,2.758477007752439,6.451612903225806,2.2779919472702175,2.896551724137931,1.3717774597268968,11.428571428571429,2.898640440295485,18.392857142857142,2.8065965379769366,17.17241379310345,11.946514630747334
