Year,Team,Rslt,Rslt_std,Tm,Tm_std,Opp_score,Opp_score_std,OT,OT_std,FG,FG_std,FGA,FGA_std,FG%,FG%_std,3P,3P_std,3PA,3PA_std,3P%,3P%_std,2P,2P_std,2PA,2PA_std,2P%,2P%_std,eFG%,eFG%_std,FT,FT_std,FTA,FTA_std,FT%,FT%_std,ORB,ORB_std,DRB,DRB_std,TRB,TRB_std,AST,AST_std,STL,STL_std,BLK,BLK_std,TOV,TOV_std,PF,PF_std,FG_opp,FG_opp_std,FGA_opp,FGA_opp_std,FG%_opp,FG%_opp_std,3P_opp,3P_opp_std,3PA_opp,3PA_opp_std,3P%_opp,3P%_opp_std,2P_opp,2P_opp_std,2PA_opp,2PA_opp_std,2P%_opp,2P%_opp_std,eFG%_opp,eFG%_opp_std,FT_opp,FT_opp_std,FTA_opp,FTA_opp_std,FT%_opp,FT%_opp_std,ORB_opp,ORB_opp_std,DRB_opp,DRB_opp_std,TRB_opp,TRB_opp_std,AST_opp,AST_opp_std,STL_opp,STL_opp_std,BLK_opp,BLK_opp_std,TOV_opp,TOV_opp_std,PF_opp,PF_opp_std,Spread,Spread_std
2026,texas,0.5625,0.5040161287741853,83.53846153846153,8.882480596008165,76.5,9.2660671268883,0.0,0.0,28.296296296296298,3.4620449138847094,57.88461538461539,5.006611014064688,0.48757692307692313,0.05935666640027764,7.137931034482759,2.1501517875163154,20.551724137931036,4.78529150400737,0.3559230769230769,0.052275365576472506,21.25,3.996526269427266,37.30769230769231,4.64559344557167,0.566923076923077,0.08402710185501965,0.5504230769230769,0.06930175932942717,20.392857142857142,4.280353790451038,26.23076923076923,4.835764198615911,0.7636153846153846,0.06806530800522505,10.222222222222221,2.6937724952954465,24.333333333333332,4.0667507347342475,34.74074074074074,5.537234748587842,11.88888888888889,3.355057414771059,5.862068965517241,2.0826517768569284,2.7419354838709675,1.6117845582972905,10.285714285714286,2.6226526415648106,18.73076923076923,3.181920078288483,26.413793103448278,4.022412578995972,58.11538461538461,4.3664807163382555,0.4519615384615385,0.056078146024440424,7.206896551724138,2.526704662836947,19.51851851851852,4.126559102750139,0.3621538461538462,0.0781852632189429,18.6,3.9792565585320947,38.69230769230769,4.173911649944026,0.49576923076923085,0.06199697263080363,0.5121923076923077,0.0675289681430239,17.423076923076923,4.751194181871138,23.615384615384617,6.286982888966206,0.734,0.05651690012730705,6.857142857142857,1.77876956462077,19.185185185185187,3.7317456941659253,26.73076923076923,4.812963264415736,11.692307692307692,2.753459362608873,6.296296296296297,1.7718919661201524,3.5714285714285716,1.8141128109919986,8.851851851851851,2.626839336595388,20.857142857142858,2.4901924024175726,6.038461538461538,14.103845629418297
