Year,Team,Rslt,Rslt_std,Tm,Tm_std,Opp_score,Opp_score_std,OT,OT_std,FG,FG_std,FGA,FGA_std,FG%,FG%_std,3P,3P_std,3PA,3PA_std,3P%,3P%_std,2P,2P_std,2PA,2PA_std,2P%,2P%_std,eFG%,eFG%_std,FT,FT_std,FTA,FTA_std,FT%,FT%_std,ORB,ORB_std,DRB,DRB_std,TRB,TRB_std,AST,AST_std,STL,STL_std,BLK,BLK_std,TOV,TOV_std,PF,PF_std,FG_opp,FG_opp_std,FGA_opp,FGA_opp_std,FG%_opp,FG%_opp_std,3P_opp,3P_opp_std,3PA_opp,3PA_opp_std,3P%_opp,3P%_opp_std,2P_opp,2P_opp_std,2PA_opp,2PA_opp_std,2P%_opp,2P%_opp_std,eFG%_opp,eFG%_opp_std,FT_opp,FT_opp_std,FTA_opp,FTA_opp_std,FT%_opp,FT%_opp_std,ORB_opp,ORB_opp_std,DRB_opp,DRB_opp_std,TRB_opp,TRB_opp_std,AST_opp,AST_opp_std,STL_opp,STL_opp_std,BLK_opp,BLK_opp_std,TOV_opp,TOV_opp_std,PF_opp,PF_opp_std,Spread,Spread_std
2026,utah-state,0.8235294117647058,0.3869529949759475,82.93103448275862,9.34624078166021,70.10714285714286,8.89585540497615,0.0,0.0,28.586206896551722,3.6007662019880313,58.827586206896555,3.5261164950900037,0.500107142857143,0.0592335861219606,8.206896551724139,2.5687588768679097,23.964285714285715,3.8052803747107427,0.3592142857142857,0.082814096645285,20.266666666666666,3.1176177170854444,34.214285714285715,3.938011745530542,0.6071071428571427,0.06712086350353606,0.5733571428571428,0.07322679851778323,15.321428571428571,3.7123774096589415,21.689655172413794,5.392477884422907,0.7143793103448277,0.07068461834752991,9.0,1.8708286933869707,21.464285714285715,3.3827683475404715,30.714285714285715,4.035556254807296,17.25,2.7705461421759296,8.678571428571429,2.161165176619992,2.7419354838709675,1.1823068393465344,9.9,2.771156860379359,18.9,2.904811703791273,23.103448275862068,2.9802304271674664,55.172413793103445,3.882828180566706,0.4187499999999999,0.04873102669719738,7.620689655172414,1.9349011252598982,22.689655172413794,4.552106641638274,0.34596666666666664,0.0842457338870101,15.517241379310345,2.384783453109863,32.892857142857146,4.148531964480624,0.48114285714285715,0.047319023099488725,0.4895,0.06446043862826369,15.607142857142858,3.5729361897286966,21.357142857142858,4.684207397393815,0.7365714285714285,0.06784646532534216,8.931034482758621,2.3441573948064187,20.285714285714285,3.904955473328377,29.82758620689655,5.332306961995513,11.793103448275861,2.9806436306948823,5.517241379310345,1.9202062697081792,3.096774193548387,1.7767918413004458,12.96774193548387,3.060325374506682,18.066666666666666,3.0278401694861676,12.0,11.524531001946015
