Year,Team,Rslt,Rslt_std,Tm,Tm_std,Opp_score,Opp_score_std,OT,OT_std,FG,FG_std,FGA,FGA_std,FG%,FG%_std,3P,3P_std,3PA,3PA_std,3P%,3P%_std,2P,2P_std,2PA,2PA_std,2P%,2P%_std,eFG%,eFG%_std,FT,FT_std,FTA,FTA_std,FT%,FT%_std,ORB,ORB_std,DRB,DRB_std,TRB,TRB_std,AST,AST_std,STL,STL_std,BLK,BLK_std,TOV,TOV_std,PF,PF_std,FG_opp,FG_opp_std,FGA_opp,FGA_opp_std,FG%_opp,FG%_opp_std,3P_opp,3P_opp_std,3PA_opp,3PA_opp_std,3P%_opp,3P%_opp_std,2P_opp,2P_opp_std,2PA_opp,2PA_opp_std,2P%_opp,2P%_opp_std,eFG%_opp,eFG%_opp_std,FT_opp,FT_opp_std,FTA_opp,FTA_opp_std,FT%_opp,FT%_opp_std,ORB_opp,ORB_opp_std,DRB_opp,DRB_opp_std,TRB_opp,TRB_opp_std,AST_opp,AST_opp_std,STL_opp,STL_opp_std,BLK_opp,BLK_opp_std,TOV_opp,TOV_opp_std,PF_opp,PF_opp_std,Spread,Spread_std
2026,clemson,0.7058823529411765,0.4624972900628803,73.10344827586206,6.878251582167246,66.42857142857143,7.345588605256352,0.0,0.0,25.285714285714285,2.1918560181345863,55.607142857142854,4.271692228772398,0.45760714285714293,0.032325129870798996,8.35483870967742,1.7233375969665026,23.857142857142858,4.300855089090366,0.34239285714285705,0.049571750681294935,17.035714285714285,2.3330498694030726,31.607142857142858,3.98459334524668,0.5411785714285713,0.05696331085065881,0.5306785714285713,0.036124326031317607,14.964285714285714,3.696666595102122,20.535714285714285,4.947742791431132,0.7285714285714286,0.05925927248677102,7.266666666666667,3.453467356383899,23.17241379310345,3.3707668215878184,31.266666666666666,5.551845504491919,12.533333333333333,2.4457328544635244,6.285714285714286,1.606863585376986,2.8,1.3493293353264109,8.862068965517242,1.9406209965412486,16.103448275862068,2.30441854435912,22.678571428571427,2.6112799675222624,54.333333333333336,4.714857904271482,0.42300000000000004,0.042229813436210475,7.34375,2.3225316415081307,23.517241379310345,3.757095094191526,0.3316071428571429,0.0654988488933142,15.4,2.471911169032214,31.310344827586206,3.2082866842406497,0.4947857142857141,0.0722733274620303,0.48978571428571444,0.04859153800959141,13.551724137931034,4.672000236183273,17.607142857142858,4.732388682843226,0.7391071428571427,0.086926251963508,6.806451612903226,2.6130359716711347,22.466666666666665,2.1291625896895083,29.1,3.0552385763833056,10.3,2.2460693636232376,5.464285714285714,1.6662697940174713,3.0357142857142856,1.502643173856158,10.517241379310345,2.293168264575274,17.964285714285715,2.987407433645966,5.821428571428571,9.365237421318904
