Year,Team,Rslt,Rslt_std,Tm,Tm_std,Opp_score,Opp_score_std,OT,OT_std,FG,FG_std,FGA,FGA_std,FG%,FG%_std,3P,3P_std,3PA,3PA_std,3P%,3P%_std,2P,2P_std,2PA,2PA_std,2P%,2P%_std,eFG%,eFG%_std,FT,FT_std,FTA,FTA_std,FT%,FT%_std,ORB,ORB_std,DRB,DRB_std,TRB,TRB_std,AST,AST_std,STL,STL_std,BLK,BLK_std,TOV,TOV_std,PF,PF_std,FG_opp,FG_opp_std,FGA_opp,FGA_opp_std,FG%_opp,FG%_opp_std,3P_opp,3P_opp_std,3PA_opp,3PA_opp_std,3P%_opp,3P%_opp_std,2P_opp,2P_opp_std,2PA_opp,2PA_opp_std,2P%_opp,2P%_opp_std,eFG%_opp,eFG%_opp_std,FT_opp,FT_opp_std,FTA_opp,FTA_opp_std,FT%_opp,FT%_opp_std,ORB_opp,ORB_opp_std,DRB_opp,DRB_opp_std,TRB_opp,TRB_opp_std,AST_opp,AST_opp_std,STL_opp,STL_opp_std,BLK_opp,BLK_opp_std,TOV_opp,TOV_opp_std,PF_opp,PF_opp_std,Spread,Spread_std
2026,wright-state,0.6764705882352942,0.47485807993381707,80.03571428571429,8.31100182425388,74.82758620689656,8.434914537280832,0.0,0.0,28.933333333333334,3.4434679124928427,58.57142857142857,4.1937216869150475,0.487551724137931,0.054050628519470095,6.933333333333334,2.211776214491083,19.428571428571427,3.5842099333829265,0.3607857142857143,0.1003598551667973,21.033333333333335,3.123695129869081,38.3,4.793314309427822,0.5547142857142857,0.05826876244823359,0.550607142857143,0.06282682800731164,16.535714285714285,4.203016049855617,22.75,4.317277948996206,0.730142857142857,0.09635455909400997,8.866666666666667,2.4173700918393815,22.06896551724138,3.011063344244718,31.413793103448278,4.22168924703396,13.5,3.598371279074599,6.931034482758621,2.034190510862431,4.166666666666667,1.2617266038997932,10.586206896551724,2.096208164746703,17.06896551724138,3.2506157052248095,26.344827586206897,3.568471682356923,57.964285714285715,3.68663394457191,0.4572857142857143,0.052041192475631416,6.241379310344827,1.7040953279378204,19.964285714285715,3.6765739170042218,0.3304285714285714,0.07953216380411815,19.857142857142858,3.2285105580252367,37.1,4.830577890751861,0.5228571428571429,0.05270021033461032,0.51475,0.06299478226482406,14.566666666666666,5.1574073500851805,18.82758620689655,6.083167440435482,0.7273928571428571,0.09453055131688978,7.967741935483871,2.786681072144687,19.607142857142858,3.9938775896437035,27.344827586206897,5.065822892320129,11.551724137931034,2.873353030079663,6.785714285714286,1.8126539343499315,2.933333333333333,1.5742175578808129,11.517241379310345,2.613436293672326,19.266666666666666,2.9587198225762688,5.206896551724138,9.784752388811116
