Year,Team,Rslt,Rslt_std,Tm,Tm_std,Opp_score,Opp_score_std,OT,OT_std,FG,FG_std,FGA,FGA_std,FG%,FG%_std,3P,3P_std,3PA,3PA_std,3P%,3P%_std,2P,2P_std,2PA,2PA_std,2P%,2P%_std,eFG%,eFG%_std,FT,FT_std,FTA,FTA_std,FT%,FT%_std,ORB,ORB_std,DRB,DRB_std,TRB,TRB_std,AST,AST_std,STL,STL_std,BLK,BLK_std,TOV,TOV_std,PF,PF_std,FG_opp,FG_opp_std,FGA_opp,FGA_opp_std,FG%_opp,FG%_opp_std,3P_opp,3P_opp_std,3PA_opp,3PA_opp_std,3P%_opp,3P%_opp_std,2P_opp,2P_opp_std,2PA_opp,2PA_opp_std,2P%_opp,2P%_opp_std,eFG%_opp,eFG%_opp_std,FT_opp,FT_opp_std,FTA_opp,FTA_opp_std,FT%_opp,FT%_opp_std,ORB_opp,ORB_opp_std,DRB_opp,DRB_opp_std,TRB_opp,TRB_opp_std,AST_opp,AST_opp_std,STL_opp,STL_opp_std,BLK_opp,BLK_opp_std,TOV_opp,TOV_opp_std,PF_opp,PF_opp_std,Spread,Spread_std
2026,missouri,0.625,0.4918693768379647,79.07407407407408,8.250528775249807,74.74074074074075,7.876901931951676,0.0,0.0,28.115384615384617,3.7770562407983608,57.07692307692308,4.98736866031038,0.49296153846153856,0.053385002215401864,7.2592592592592595,1.3754046283686454,20.46153846153846,2.6112184011418003,0.3608888888888889,0.07110249012913757,20.48148148148148,3.856765986502665,36.851851851851855,4.873031781800601,0.5760384615384615,0.07454903394101405,0.5566153846153846,0.05709296063304261,17.214285714285715,5.3772989423449316,24.62962962962963,5.758927171378551,0.6826666666666668,0.08431260513479219,9.296296296296296,3.5389569825326395,22.296296296296298,3.3028520870350686,31.884615384615383,6.231063620775658,14.407407407407407,3.444720143363879,6.413793103448276,2.2915565729638,3.103448275862069,1.4228951268002576,11.448275862068966,2.4287887471587815,17.93103448275862,1.8695116719682752,25.53846153846154,2.453255294188018,59.03703703703704,3.684494344614818,0.4358461538461538,0.04004666508731263,9.566666666666666,3.081461065606797,25.14814814814815,4.529422647056633,0.3793571428571428,0.07290390137694167,16.307692307692307,2.588732983824029,33.285714285714285,5.44913953694725,0.4968888888888889,0.06794190580269709,0.5120769230769231,0.04345473329976662,15.357142857142858,3.95543962733634,20.77777777777778,3.640935354604673,0.7402307692307694,0.08244382703019443,9.11111111111111,2.846500325410855,19.346153846153847,2.979158373666062,28.384615384615383,4.988602394073298,12.714285714285714,3.483900994225602,6.419354838709677,2.2623615029195654,3.2142857142857144,1.4493202201477424,10.884615384615385,2.6881506368047616,18.444444444444443,2.900044208327937,4.730769230769231,12.533340152753192
