Year,Team,Rslt,Rslt_std,Tm,Tm_std,Opp_score,Opp_score_std,OT,OT_std,FG,FG_std,FGA,FGA_std,FG%,FG%_std,3P,3P_std,3PA,3PA_std,3P%,3P%_std,2P,2P_std,2PA,2PA_std,2P%,2P%_std,eFG%,eFG%_std,FT,FT_std,FTA,FTA_std,FT%,FT%_std,ORB,ORB_std,DRB,DRB_std,TRB,TRB_std,AST,AST_std,STL,STL_std,BLK,BLK_std,TOV,TOV_std,PF,PF_std,FG_opp,FG_opp_std,FGA_opp,FGA_opp_std,FG%_opp,FG%_opp_std,3P_opp,3P_opp_std,3PA_opp,3PA_opp_std,3P%_opp,3P%_opp_std,2P_opp,2P_opp_std,2PA_opp,2PA_opp_std,2P%_opp,2P%_opp_std,eFG%_opp,eFG%_opp_std,FT_opp,FT_opp_std,FTA_opp,FTA_opp_std,FT%_opp,FT%_opp_std,ORB_opp,ORB_opp_std,DRB_opp,DRB_opp_std,TRB_opp,TRB_opp_std,AST_opp,AST_opp_std,STL_opp,STL_opp_std,BLK_opp,BLK_opp_std,TOV_opp,TOV_opp_std,PF_opp,PF_opp_std,Spread,Spread_std
2026,north-carolina,0.75,0.43994134506405985,80.23076923076923,7.71651575418695,71.55555555555556,7.722760234593952,0.0,0.0,28.076923076923077,2.296485609327033,58.73076923076923,3.6502897672123766,0.47792307692307695,0.04409165279453523,8.758620689655173,1.6830069266853704,25.071428571428573,3.8096230145813004,0.3601851851851852,0.055573262135558174,19.26923076923077,1.929926264035853,33.689655172413794,3.9288625060102325,0.5707307692307692,0.05848388338153184,0.5567037037037037,0.052158644696006194,14.76923076923077,3.797975169036178,21.692307692307693,5.49741197851666,0.6941923076923077,0.06557134693188435,8.464285714285714,2.456769074559977,25.77777777777778,4.7176700029156615,34.23076923076923,5.361400505895394,15.827586206896552,3.576400480104077,5.333333333333333,2.0939473213563384,2.966666666666667,1.2994251602637363,9.88888888888889,2.0064000163579108,15.178571428571429,2.2616541214516785,26.464285714285715,3.225846347252866,62.74074074074074,4.390484401105791,0.4238461538461538,0.054347542581200343,8.206896551724139,3.233522077337735,22.214285714285715,5.180856091542193,0.3453076923076924,0.09138217297953435,18.22222222222222,3.2855550208255218,40.25925925925926,6.32815802944143,0.4697692307692307,0.060294150755978104,0.484923076923077,0.0628801546288958,10.296296296296296,3.2083402708327706,15.535714285714286,4.558119681014862,0.7031153846153846,0.057117651858651836,8.307692307692308,2.494301197036649,21.7,3.4755302249912297,30.307692307692307,4.1834840099537205,12.461538461538462,2.6567765315249114,5.5,1.8155705153742436,3.074074074074074,1.4121975762272057,8.444444444444445,2.1897195699156993,18.153846153846153,2.5249523986373714,7.461538461538462,9.466702780718403
