Year,Team,Rslt,Rslt_std,Tm,Tm_std,Opp_score,Opp_score_std,OT,OT_std,ORtg,ORtg_std,DRtg,DRtg_std,Pace,Pace_std,FTr,FTr_std,3PAr,3PAr_std,TS%,TS%_std,TRB%,TRB%_std,AST%,AST%_std,STL%,STL%_std,BLK%,BLK%_std,eFG%,eFG%_std,TOV%,TOV%_std,ORB%,ORB%_std,FT/FGA,FT/FGA_std,eFG%_opp,eFG%_opp_std,TOV%_opp,TOV%_opp_std,ORB%_opp,ORB%_opp_std,FT/FGA_opp,FT/FGA_opp_std,Spread,Spread_std
2011,ucla,0.6875,0.47092907485988494,69.84615384615384,6.347864571285735,64.96296296296296,9.312859106061078,0.0,0.0,102.26153846153845,8.776380890689598,96.88148148148147,9.094674563342299,67.42222222222222,4.5369706373419,0.4182692307692307,0.112484152729994,0.2913076923076924,0.04660623926537667,0.5453846153846155,0.037251659746193225,54.24230769230769,4.123801457579943,58.72962962962962,10.50354573153623,7.261538461538461,1.760471964690588,12.75769230769231,5.584061108327743,0.5102692307692307,0.05052647440089815,17.919230769230772,4.0600511554185355,35.099999999999994,5.971867379639303,0.2840769230769231,0.07637587214660037,0.4681153846153846,0.0656081256693571,14.55384615384615,3.376297471400382,28.58846153846154,5.9968209526766385,0.2106923076923077,0.07825024944664098,3.3333333333333335,8.105079129305752
