Year,Team,Rslt,Rslt_std,Tm,Tm_std,Opp_score,Opp_score_std,OT,OT_std,ORtg,ORtg_std,DRtg,DRtg_std,Pace,Pace_std,FTr,FTr_std,3PAr,3PAr_std,TS%,TS%_std,TRB%,TRB%_std,AST%,AST%_std,STL%,STL%_std,BLK%,BLK%_std,eFG%,eFG%_std,TOV%,TOV%_std,ORB%,ORB%_std,FT/FGA,FT/FGA_std,eFG%_opp,eFG%_opp_std,TOV%_opp,TOV%_opp_std,ORB%_opp,ORB%_opp_std,FT/FGA_opp,FT/FGA_opp_std,Spread,Spread_std
2011,st-johns-ny,0.65625,0.48255870443481425,69.76923076923077,8.006535791752597,66.38461538461539,7.940160819917557,0.0,0.0,103.51153846153849,9.949485491142825,98.78461538461536,8.144725523070365,67.93703703703704,3.6086592596727174,0.4604999999999999,0.12113339754171844,0.2336153846153846,0.04427286024017597,0.5375384615384615,0.04910171546431408,50.06538461538461,4.772834990459428,51.99615384615384,10.259687354660697,11.596153846153848,3.6283859518227404,9.0,3.579385422108103,0.4930769230769231,0.05580102011750185,15.8962962962963,3.639471800379141,32.07307692307691,5.4272319052944615,0.3235,0.09152584334492635,0.5017307692307692,0.05040917193710501,20.596153846153843,3.4480696941019935,31.173076923076923,7.2299132881277455,0.2750769230769231,0.09529235985195164,3.769230769230769,8.954586276574446
