Year,Team,Rslt,Rslt_std,Tm,Tm_std,Opp_score,Opp_score_std,OT,OT_std,ORtg,ORtg_std,DRtg,DRtg_std,Pace,Pace_std,FTr,FTr_std,3PAr,3PAr_std,TS%,TS%_std,TRB%,TRB%_std,AST%,AST%_std,STL%,STL%_std,BLK%,BLK%_std,eFG%,eFG%_std,TOV%,TOV%_std,ORB%,ORB%_std,FT/FGA,FT/FGA_std,eFG%_opp,eFG%_opp_std,TOV%_opp,TOV%_opp_std,ORB%_opp,ORB%_opp_std,FT/FGA_opp,FT/FGA_opp_std,Spread,Spread_std
2011,arkansas-little-rock,0.5428571428571428,0.505432670960188,66.9,7.255675543063299,66.1,9.448043037654903,0.0,0.0,100.20000000000003,9.077365886014036,98.95172413793104,12.227913637296522,66.64827586206897,4.326134920428822,0.4282068965517241,0.09366443878866759,0.30910344827586206,0.05992456259306732,0.5236206896551724,0.05328857676644315,48.241379310344826,5.493276230433198,52.61724137931036,9.707952151477132,8.476666666666665,2.605125363762662,7.189655172413793,3.0924267894771353,0.4797931034482759,0.05855179594070342,15.268965517241378,2.6742293213287054,27.458620689655174,8.367134568458876,0.2937931034482759,0.07188849466378212,0.4909655172413792,0.08493547246444573,18.086206896551722,2.22738221396634,29.7448275862069,7.590105693170389,0.3085862068965517,0.13101840580658322,0.13793103448275862,9.927322103061382
