Year,Team,Rslt,Rslt_std,Tm,Tm_std,Opp_score,Opp_score_std,OT,OT_std,ORtg,ORtg_std,DRtg,DRtg_std,Pace,Pace_std,FTr,FTr_std,3PAr,3PAr_std,TS%,TS%_std,TRB%,TRB%_std,AST%,AST%_std,STL%,STL%_std,BLK%,BLK%_std,eFG%,eFG%_std,TOV%,TOV%_std,ORB%,ORB%_std,FT/FGA,FT/FGA_std,eFG%_opp,eFG%_opp_std,TOV%_opp,TOV%_opp_std,ORB%_opp,ORB%_opp_std,FT/FGA_opp,FT/FGA_opp_std,Spread,Spread_std
2011,arizona,0.7941176470588235,0.41042563012190475,77.0,7.324128422062051,67.0,8.844332774281067,0.0,0.0,111.05714285714285,9.276111436708995,97.65,10.233876207098767,68.58620689655173,4.512104682955698,0.43764285714285717,0.10165381131318862,0.36767857142857147,0.05734757805692154,0.5889999999999999,0.05069735912473373,54.08571428571429,7.049177219427774,56.38928571428572,8.931979138060687,7.146428571428572,2.7006833350451287,6.557142857142858,2.6869270030234764,0.5515862068965517,0.06060970999611207,16.1,2.752238146457318,31.710714285714293,8.640573510017177,0.32475,0.09330619645176999,0.48610344827586205,0.0697840264303199,15.739285714285714,3.3815774628959985,25.644827586206894,6.00990766549564,0.23589285714285715,0.09949403082251804,9.321428571428571,9.349405096655918
