Year,Team,Rslt,Rslt_std,Tm,Tm_std,Opp_score,Opp_score_std,OT,OT_std,ORtg,ORtg_std,DRtg,DRtg_std,Pace,Pace_std,FTr,FTr_std,3PAr,3PAr_std,TS%,TS%_std,TRB%,TRB%_std,AST%,AST%_std,STL%,STL%_std,BLK%,BLK%_std,eFG%,eFG%_std,TOV%,TOV%_std,ORB%,ORB%_std,FT/FGA,FT/FGA_std,eFG%_opp,eFG%_opp_std,TOV%_opp,TOV%_opp_std,ORB%_opp,ORB%_opp_std,FT/FGA_opp,FT/FGA_opp_std,Spread,Spread_std
2011,penn-state,0.5757575757575758,0.5018903659106632,64.03703703703704,4.183129868719773,62.55555555555556,9.174937993223015,0.0,0.0,104.76666666666668,8.266614970888815,101.94444444444444,14.517319453072737,60.84814814814818,3.403094787256759,0.31055555555555553,0.09611384809106227,0.36037037037037034,0.04762364324588572,0.5444074074074073,0.05548753100351552,52.203571428571415,6.002189856109441,53.28928571428572,8.775358567569647,6.970370370370371,2.2894095333504687,6.403333333333333,3.904416891722478,0.5101481481481481,0.06112452844160008,14.862962962962964,3.3501031153071814,30.388888888888886,6.230405180880993,0.22844444444444442,0.053295499401077535,0.5104074074074074,0.06925385813149232,15.055555555555555,3.208322510804257,27.211111111111112,6.836740863966225,0.187962962962963,0.08004637188793538,0.7777777777777778,9.668876847244434
