Year,Team,Rslt,Rslt_std,Tm,Tm_std,Opp_score,Opp_score_std,OT,OT_std,ORtg,ORtg_std,DRtg,DRtg_std,Pace,Pace_std,FTr,FTr_std,3PAr,3PAr_std,TS%,TS%_std,TRB%,TRB%_std,AST%,AST%_std,STL%,STL%_std,BLK%,BLK%_std,eFG%,eFG%_std,TOV%,TOV%_std,ORB%,ORB%_std,FT/FGA,FT/FGA_std,eFG%_opp,eFG%_opp_std,TOV%_opp,TOV%_opp_std,ORB%_opp,ORB%_opp_std,FT/FGA_opp,FT/FGA_opp_std,Spread,Spread_std
2011,north-carolina,0.7878787878787878,0.41514875026728054,75.92592592592592,9.164840532944476,68.17857142857143,6.944507936217689,0.0,0.0,102.4148148148148,10.013479519116824,91.82962962962965,8.202945756758306,74.1962962962963,3.325019546672619,0.37681481481481477,0.08993417979365075,0.2501851851851852,0.055051051158158955,0.5210740740740741,0.0514982642918305,54.85925925925926,3.4408473083573763,53.046428571428564,10.045285687837085,8.0,2.1891340051051453,13.477777777777776,4.58176430019748,0.4940714285714285,0.07083048547029501,15.214814814814817,2.905128582313024,35.77777777777777,5.807643063129651,0.24985185185185182,0.07287486836177777,0.46251851851851855,0.052997365950779085,16.21851851851852,2.603848784017323,27.23703703703704,5.063378937804899,0.15422222222222223,0.04338586559391588,8.074074074074074,9.322949046164466
