Year,Team,Rslt,Rslt_std,Tm,Tm_std,Opp_score,Opp_score_std,OT,OT_std,ORtg,ORtg_std,DRtg,DRtg_std,Pace,Pace_std,FTr,FTr_std,3PAr,3PAr_std,TS%,TS%_std,TRB%,TRB%_std,AST%,AST%_std,STL%,STL%_std,BLK%,BLK%_std,eFG%,eFG%_std,TOV%,TOV%_std,ORB%,ORB%_std,FT/FGA,FT/FGA_std,eFG%_opp,eFG%_opp_std,TOV%_opp,TOV%_opp_std,ORB%_opp,ORB%_opp_std,FT/FGA_opp,FT/FGA_opp_std,Spread,Spread_std
2011,texas,0.7941176470588235,0.41042563012190475,74.42857142857143,7.130677446537661,60.32142857142857,9.269837872362935,0.0,0.0,105.81785714285714,6.181157363245683,87.66428571428571,14.32460236112098,69.31071428571428,4.790062188238872,0.4341785714285714,0.1045657877522757,0.25160714285714286,0.04464621363043446,0.5350357142857143,0.04029105418848018,54.74285714285714,4.838535787966083,51.307142857142864,6.3088373391163435,8.039285714285715,2.493597622017053,11.225,4.384959563139707,0.5079642857142858,0.0464761843774391,14.049999999999999,3.1716919190913906,35.27142857142857,6.424654891602386,0.2801428571428571,0.06192750497974121,0.41946428571428557,0.06461021713885629,15.928571428571429,3.2230486077690994,28.182758620689658,6.0979545145141705,0.2125,0.05631820967272256,13.964285714285714,10.075574215259186
