Year,Team,Rslt,Rslt_std,Tm,Tm_std,Opp_score,Opp_score_std,OT,OT_std,ORtg,ORtg_std,DRtg,DRtg_std,Pace,Pace_std,FTr,FTr_std,3PAr,3PAr_std,TS%,TS%_std,TRB%,TRB%_std,AST%,AST%_std,STL%,STL%_std,BLK%,BLK%_std,eFG%,eFG%_std,TOV%,TOV%_std,ORB%,ORB%_std,FT/FGA,FT/FGA_std,eFG%_opp,eFG%_opp_std,TOV%_opp,TOV%_opp_std,ORB%_opp,ORB%_opp_std,FT/FGA_opp,FT/FGA_opp_std,Spread,Spread_std
2011,texas-am,0.75,0.43994134506405985,68.18518518518519,9.583788543629437,60.30769230769231,6.868881893113206,0.125,0.3360107525161235,106.26296296296296,10.327489386924446,92.61923076923077,12.02440914908568,64.03461538461539,3.947043684348306,0.461,0.12920619180209594,0.308076923076923,0.0645246762576446,0.5432307692307692,0.043994824870484645,55.23076923076923,5.20474931044862,58.08461538461539,9.44646779733853,9.76923076923077,3.0122110458291904,3.6034482758620694,2.7806066602478636,0.4991538461538462,0.05453416713048238,16.626923076923077,2.8496396533327077,37.08846153846153,6.7216859148923005,0.32342307692307687,0.10703575966075005,0.46157692307692305,0.056148498164722505,17.859259259259264,3.9939626803136123,27.526923076923076,5.856726573252858,0.24726923076923074,0.07471843557907658,8.0,10.545141061171254
