Year,Team,Rslt,Rslt_std,Tm,Tm_std,Opp_score,Opp_score_std,OT,OT_std,ORtg,ORtg_std,DRtg,DRtg_std,Pace,Pace_std,FTr,FTr_std,3PAr,3PAr_std,TS%,TS%_std,TRB%,TRB%_std,AST%,AST%_std,STL%,STL%_std,BLK%,BLK%_std,eFG%,eFG%_std,TOV%,TOV%_std,ORB%,ORB%_std,FT/FGA,FT/FGA_std,eFG%_opp,eFG%_opp_std,TOV%_opp,TOV%_opp_std,ORB%_opp,ORB%_opp_std,FT/FGA_opp,FT/FGA_opp_std,Spread,Spread_std
2011,illinois,0.59375,0.49899091723584604,71.65384615384616,8.299119508440919,64.88461538461539,7.971584149098211,0.0,0.0,105.36923076923075,9.098077565321992,96.67692307692307,9.377560778467188,67.58461538461538,5.539869479162288,0.28407692307692306,0.10095382036433216,0.31615384615384623,0.04280064701164439,0.5565384615384615,0.05467155075117645,51.18076923076922,4.68128351893104,63.13461538461539,6.082101104565251,8.150000000000002,3.265608672207985,13.218518518518518,5.093966041159877,0.5294230769230768,0.062003337379159244,16.161538461538466,2.72192239758255,29.907407407407412,6.686606931075898,0.20430769230769233,0.07872116321842265,0.4529615384615384,0.04775142365980791,15.011538461538464,4.2578235682636665,30.434615384615388,7.171217040792578,0.22353846153846157,0.06876873171390077,5.576923076923077,9.538021081641944
