Year,Team,Rslt,Rslt_std,Tm,Tm_std,Opp_score,Opp_score_std,OT,OT_std,ORtg,ORtg_std,DRtg,DRtg_std,Pace,Pace_std,FTr,FTr_std,3PAr,3PAr_std,TS%,TS%_std,TRB%,TRB%_std,AST%,AST%_std,STL%,STL%_std,BLK%,BLK%_std,eFG%,eFG%_std,TOV%,TOV%_std,ORB%,ORB%_std,FT/FGA,FT/FGA_std,eFG%_opp,eFG%_opp_std,TOV%_opp,TOV%_opp_std,ORB%_opp,ORB%_opp_std,FT/FGA_opp,FT/FGA_opp_std,Spread,Spread_std
2011,tennessee,0.5757575757575758,0.5018903659106632,70.03703703703704,7.475506062012851,66.77777777777777,7.4179270032564375,0.0,0.0,101.15185185185182,7.157425964601133,96.43333333333334,9.802276030831583,68.63703703703703,4.781466475091261,0.4049629629629631,0.16067465490656804,0.2962222222222223,0.0373211976612728,0.5179629629629631,0.04823379080580932,53.42592592592593,4.976992650231246,52.922222222222224,11.035897138023063,10.35925925925926,2.878869871649592,9.777419354838711,6.341225416664057,0.4788518518518518,0.05092732658006498,15.68888888888889,3.177969033752088,36.54074074074075,7.283556784305277,0.27485185185185185,0.11145633974573035,0.47644444444444456,0.06189279399670005,17.522222222222222,2.512634739339034,28.470370370370368,6.139582472324395,0.27755555555555556,0.08858517558448104,2.8620689655172415,8.339767630931394
