Year,Team,Rslt,Rslt_std,Tm,Tm_std,Opp_score,Opp_score_std,OT,OT_std,ORtg,ORtg_std,DRtg,DRtg_std,Pace,Pace_std,FTr,FTr_std,3PAr,3PAr_std,TS%,TS%_std,TRB%,TRB%_std,AST%,AST%_std,STL%,STL%_std,BLK%,BLK%_std,eFG%,eFG%_std,TOV%,TOV%_std,ORB%,ORB%_std,FT/FGA,FT/FGA_std,eFG%_opp,eFG%_opp_std,TOV%_opp,TOV%_opp_std,ORB%_opp,ORB%_opp_std,FT/FGA_opp,FT/FGA_opp_std,Spread,Spread_std
2011,villanova,0.65625,0.48255870443481425,73.70370370370371,7.009964417855567,66.5925925925926,8.762943214991969,0.0,0.0,105.82962962962964,9.761415991814003,96.9923076923077,9.82783488167859,68.55555555555556,4.071224851917638,0.4349999999999999,0.125402073348091,0.32630769230769224,0.05828603210428326,0.5545000000000002,0.05800293096042647,53.48846153846155,6.587887486779169,57.111538461538466,11.981964010063692,9.096153846153847,2.7992114274174815,10.638461538461538,3.6657416082508516,0.5029230769230769,0.05912219419265363,14.607692307692306,2.8653688177158734,32.89615384615385,6.833241150097413,0.3268846153846154,0.10689595948325716,0.46550000000000014,0.05526680739829288,15.599999999999998,2.4581293700698503,27.0,8.136141591688286,0.2606153846153846,0.11326926394148659,6.0,8.522910301065007
