Year,Team,Rslt,Rslt_std,Tm,Tm_std,Opp_score,Opp_score_std,OT,OT_std,ORtg,ORtg_std,DRtg,DRtg_std,Pace,Pace_std,FTr,FTr_std,3PAr,3PAr_std,TS%,TS%_std,TRB%,TRB%_std,AST%,AST%_std,STL%,STL%_std,BLK%,BLK%_std,eFG%,eFG%_std,TOV%,TOV%_std,ORB%,ORB%_std,FT/FGA,FT/FGA_std,eFG%_opp,eFG%_opp_std,TOV%_opp,TOV%_opp_std,ORB%_opp,ORB%_opp_std,FT/FGA_opp,FT/FGA_opp_std,Spread,Spread_std
2011,saint-peters,0.6060606060606061,0.49619766344887317,62.25,7.961132433870801,59.17857142857143,6.815307234337473,0.0,0.0,91.44814814814815,8.551399812103206,88.83703703703704,7.569887111654366,66.91111111111111,4.021130087361908,0.39911111111111125,0.11721424609312421,0.3248148148148148,0.06094325042266593,0.4997777777777778,0.055718615404226464,49.58148148148148,3.8797340349998453,53.8925925925926,8.593419930206258,11.54074074074074,3.196543717500472,12.299999999999999,4.039992383846591,0.4664444444444445,0.057990936515534205,18.992592592592594,3.221194943820828,30.86296296296296,6.654099265643476,0.2594814814814815,0.08246834841336699,0.4222962962962963,0.05749904000189569,17.762962962962963,3.549338849392415,31.49259259259259,7.434996556096968,0.2743703703703703,0.0954475885774081,2.357142857142857,10.32513755881565
