Year,Team,Rslt,Rslt_std,Tm,Tm_std,Opp_score,Opp_score_std,OT,OT_std,ORtg,ORtg_std,DRtg,DRtg_std,Pace,Pace_std,FTr,FTr_std,3PAr,3PAr_std,TS%,TS%_std,TRB%,TRB%_std,AST%,AST%_std,STL%,STL%_std,BLK%,BLK%_std,eFG%,eFG%_std,TOV%,TOV%_std,ORB%,ORB%_std,FT/FGA,FT/FGA_std,eFG%_opp,eFG%_opp_std,TOV%_opp,TOV%_opp_std,ORB%_opp,ORB%_opp_std,FT/FGA_opp,FT/FGA_opp_std,Spread,Spread_std
2011,princeton,0.8064516129032258,0.4016096644512494,69.73076923076923,6.135520791637445,62.68,6.283045970440345,0.12903225806451613,0.34077710054823884,105.29199999999999,8.226730820927592,94.85600000000001,8.15158880219065,65.05199999999999,2.106363374792361,0.3708000000000001,0.084645338520992,0.31600000000000006,0.06108736912543104,0.5545769230769231,0.03858929704145756,54.49999999999999,5.565893159832181,55.29600000000001,8.169173764830811,8.876923076923077,2.4980484690746403,10.320000000000002,4.2465672411176225,0.52152,0.045834048479269196,16.004000000000005,3.468486701718777,29.931999999999995,5.7058975338387095,0.27031999999999995,0.08275401299433562,0.46296000000000015,0.042502431303005093,15.863999999999999,2.946025571285264,23.24615384615385,5.856021227367999,0.24536000000000002,0.08671307091013826,6.96,6.432210610150552
