Year,Team,Rslt,Rslt_std,Tm,Tm_std,Opp_score,Opp_score_std,OT,OT_std,ORtg,ORtg_std,DRtg,DRtg_std,Pace,Pace_std,FTr,FTr_std,3PAr,3PAr_std,TS%,TS%_std,TRB%,TRB%_std,AST%,AST%_std,STL%,STL%_std,BLK%,BLK%_std,eFG%,eFG%_std,TOV%,TOV%_std,ORB%,ORB%_std,FT/FGA,FT/FGA_std,eFG%_opp,eFG%_opp_std,TOV%_opp,TOV%_opp_std,ORB%_opp,ORB%_opp_std,FT/FGA_opp,FT/FGA_opp_std,Spread,Spread_std
2011,brigham-young,0.8823529411764706,0.3270349700838643,81.35714285714286,6.945365018348225,67.27586206896552,8.383216872009974,0.0,0.0,111.6857142857143,8.203238488129045,93.55,9.867098338905397,72.55357142857142,3.959562465807924,0.3778620689655173,0.0846926055711102,0.3737142857142858,0.05526224157519621,0.56925,0.04692912307504363,52.646428571428565,4.8500081819600425,53.325,11.198003294238566,10.937931034482757,3.540017533562657,10.520689655172413,4.614912111091981,0.5231785714285715,0.05426208933154287,13.537931034482755,3.170445416330493,29.9,5.552843782610319,0.29510714285714285,0.06936716017001784,0.46950000000000003,0.05684449222480836,17.375000000000004,3.5903806669117038,26.150000000000002,7.887331614684398,0.22721428571428576,0.08955584111183747,13.821428571428571,9.51433060033583
