Year,Team,Rslt,Rslt_std,Tm,Tm_std,Opp_score,Opp_score_std,OT,OT_std,ORtg,ORtg_std,DRtg,DRtg_std,Pace,Pace_std,FTr,FTr_std,3PAr,3PAr_std,TS%,TS%_std,TRB%,TRB%_std,AST%,AST%_std,STL%,STL%_std,BLK%,BLK%_std,eFG%,eFG%_std,TOV%,TOV%_std,ORB%,ORB%_std,FT/FGA,FT/FGA_std,eFG%_opp,eFG%_opp_std,TOV%_opp,TOV%_opp_std,ORB%_opp,ORB%_opp_std,FT/FGA_opp,FT/FGA_opp_std,Spread,Spread_std
2011,florida,0.7878787878787878,0.41514875026728054,70.85185185185185,7.911548052852399,63.214285714285715,8.381448398020312,0.12121212121212122,0.33143398263980844,107.14444444444443,9.312453751390922,94.12962962962963,10.490905028599215,64.97037037037038,2.4270613466962025,0.3524999999999999,0.09245198954252078,0.30662962962962964,0.04042576115847622,0.5445185185185186,0.04959324579506798,54.13333333333334,4.061166941049939,53.44137931034484,10.689264215002268,8.511111111111113,3.3031841669857953,9.177777777777775,2.928419543993146,0.5178518518518518,0.050615217918134905,15.7,3.539230685636901,37.055172413793095,7.930483060719232,0.24022222222222223,0.07278859448553385,0.47329629629629627,0.05159145338792138,15.94814814814815,4.270954709553139,28.677777777777774,5.0291713137021,0.1701481481481482,0.047460674979562495,7.888888888888889,7.561711921217786
