Year,Team,Rslt,Rslt_std,Tm,Tm_std,Opp_score,Opp_score_std,OT,OT_std,ORtg,ORtg_std,DRtg,DRtg_std,Pace,Pace_std,FTr,FTr_std,3PAr,3PAr_std,TS%,TS%_std,TRB%,TRB%_std,AST%,AST%_std,STL%,STL%_std,BLK%,BLK%_std,eFG%,eFG%_std,TOV%,TOV%_std,ORB%,ORB%_std,FT/FGA,FT/FGA_std,eFG%_opp,eFG%_opp_std,TOV%_opp,TOV%_opp_std,ORB%_opp,ORB%_opp_std,FT/FGA_opp,FT/FGA_opp_std,Spread,Spread_std
2011,wofford,0.6363636363636364,0.48850421045919723,73.88888888888889,7.443806580658609,68.0,6.146362971528592,0.12121212121212122,0.33143398263980844,110.35185185185183,11.399034047145275,100.72222222222223,8.91154537808348,65.71851851851851,3.3170929159590044,0.42537037037037034,0.11858432512453813,0.2654444444444445,0.05306841254697949,0.5678148148148148,0.0668051339788038,50.62222222222221,5.262591737430502,55.34814814814815,9.433425447286668,10.077777777777776,2.1485833138163986,6.096666666666667,3.6561222470067203,0.5341851851851852,0.07624002433460597,15.170370370370371,4.170483721696378,32.19629629629629,7.412592273727472,0.2933333333333334,0.09449053676671298,0.4981481481481481,0.052595483649120485,17.26666666666667,2.916531132382071,30.57777777777778,6.815555360481997,0.29466666666666663,0.08394686964429897,5.2592592592592595,9.776709343334575
