Year,Team,Rslt,Rslt_std,Tm,Tm_std,Opp_score,Opp_score_std,OT,OT_std,ORtg,ORtg_std,DRtg,DRtg_std,Pace,Pace_std,FTr,FTr_std,3PAr,3PAr_std,TS%,TS%_std,TRB%,TRB%_std,AST%,AST%_std,STL%,STL%_std,BLK%,BLK%_std,eFG%,eFG%_std,TOV%,TOV%_std,ORB%,ORB%_std,FT/FGA,FT/FGA_std,eFG%_opp,eFG%_opp_std,TOV%_opp,TOV%_opp_std,ORB%_opp,ORB%_opp_std,FT/FGA_opp,FT/FGA_opp_std,Spread,Spread_std
2011,gonzaga,0.7272727272727273,0.45226701686664544,75.44444444444444,8.924182071261525,65.07407407407408,9.63138270257873,0.0,0.0,108.39629629629633,10.924513067179962,92.92962962962963,14.389173676355396,69.6148148148148,3.7766187261688198,0.41885185185185186,0.11049946178208767,0.27855555555555556,0.05997777366102658,0.5722592592592594,0.05448400795194057,54.15555555555555,5.585030358249103,56.585185185185175,9.018259413490103,10.233333333333333,3.2567090515048847,10.096296296296295,4.600374690549379,0.5238518518518519,0.06740788797925182,16.42857142857143,3.737384423369147,33.455555555555556,5.831963209057038,0.31448148148148153,0.093000980296889,0.46329629629629626,0.0771306657636222,18.133333333333333,3.883000425919666,26.83333333333334,6.70269750519549,0.24807407407407406,0.10188527708461947,11.222222222222221,12.914908896111957
