Year,Team,Rslt,Rslt_std,Tm,Tm_std,Opp_score,Opp_score_std,OT,OT_std,ORtg,ORtg_std,DRtg,DRtg_std,Pace,Pace_std,FTr,FTr_std,3PAr,3PAr_std,TS%,TS%_std,TRB%,TRB%_std,AST%,AST%_std,STL%,STL%_std,BLK%,BLK%_std,eFG%,eFG%_std,TOV%,TOV%_std,ORB%,ORB%_std,FT/FGA,FT/FGA_std,eFG%_opp,eFG%_opp_std,TOV%_opp,TOV%_opp_std,ORB%_opp,ORB%_opp_std,FT/FGA_opp,FT/FGA_opp_std,Spread,Spread_std
2011,southern-california,0.5757575757575758,0.5018903659106632,66.70370370370371,5.669179935369943,62.0,8.598018720956935,0.0,0.0,101.47407407407408,6.6321821790298,95.38148148148147,12.500493437554224,65.65185185185187,3.019344092089995,0.35262962962962974,0.09084735640205589,0.3145555555555555,0.05109744336019874,0.5306296296296298,0.035316315850356834,50.98518518518519,4.704883200030148,50.48148148148148,10.248190723508863,8.981481481481481,2.216726109350148,7.544444444444443,3.702216938053503,0.5011481481481481,0.046322202438425136,14.644444444444446,3.1475672331468134,28.603703703703705,5.149867920747056,0.22340740740740744,0.07465987453844847,0.46081481481481473,0.06280129655510983,15.82962962962963,3.747185078348281,25.87777777777778,7.115818420594485,0.25007407407407406,0.07409449576044298,3.814814814814815,8.940130084396195
