Year,Team,Rslt,Rslt_std,Tm,Tm_std,Opp_score,Opp_score_std,OT,OT_std,ORtg,ORtg_std,DRtg,DRtg_std,Pace,Pace_std,FTr,FTr_std,3PAr,3PAr_std,TS%,TS%_std,TRB%,TRB%_std,AST%,AST%_std,STL%,STL%_std,BLK%,BLK%_std,eFG%,eFG%_std,TOV%,TOV%_std,ORB%,ORB%_std,FT/FGA,FT/FGA_std,eFG%_opp,eFG%_opp_std,TOV%_opp,TOV%_opp_std,ORB%_opp,ORB%_opp_std,FT/FGA_opp,FT/FGA_opp_std,Spread,Spread_std
2011,wisconsin,0.7419354838709677,0.44480272297456924,68.36,8.061637550770936,58.6,6.123724356957945,0.0,0.0,116.53599999999997,14.434474935607,99.75600000000003,10.405250277303923,58.00400000000001,2.4302743329371954,0.27712,0.13212535714237444,0.39696000000000004,0.053500373830469634,0.5638,0.07558604368532594,53.44,4.899914965248546,54.716000000000015,10.188992426470179,5.449999999999999,2.4853571171966413,8.636000000000001,4.032769933102226,0.5198846153846154,0.07877630452011668,10.132,3.1029179815135297,32.51999999999999,7.2915476180757866,0.22069230769230772,0.11925997458687278,0.47888000000000003,0.06603365303641268,14.608000000000004,2.9467383098379583,24.00384615384615,7.306242852204177,0.22756,0.08700722192247415,10.26923076923077,10.701617419092097
