Year,Team,Rslt,Rslt_std,Tm,Tm_std,Opp_score,Opp_score_std,OT,OT_std,ORtg,ORtg_std,DRtg,DRtg_std,Pace,Pace_std,FTr,FTr_std,3PAr,3PAr_std,TS%,TS%_std,TRB%,TRB%_std,AST%,AST%_std,STL%,STL%_std,BLK%,BLK%_std,eFG%,eFG%_std,TOV%,TOV%_std,ORB%,ORB%_std,FT/FGA,FT/FGA_std,eFG%_opp,eFG%_opp_std,TOV%_opp,TOV%_opp_std,ORB%_opp,ORB%_opp_std,FT/FGA_opp,FT/FGA_opp_std,Spread,Spread_std
2011,alabama-state,0.5,0.5075192189225523,60.483870967741936,10.066018636124001,62.4,9.485378948313212,0.0,0.0,89.1892857142857,12.651843352319856,92.96071428571429,11.671787424945746,67.96071428571429,3.129707037018983,0.4887142857142857,0.15416702273661156,0.3128214285714286,0.06389288117271176,0.4756071428571428,0.06324282379768285,51.57857142857142,5.694009662069957,54.75172413793103,10.462744132316585,10.789285714285715,2.617935189435494,13.089285714285717,4.110631138862785,0.4396785714285715,0.06625095586811675,19.71428571428571,2.6047981773975395,35.69285714285714,6.713056850283057,0.2949285714285715,0.10103535449110305,0.46231034482758615,0.07402948420744065,19.86785714285714,3.0423009775653753,31.51071428571429,5.3684496200254435,0.355,0.07976818264798918,-1.8214285714285714,12.918701836595545
