Year,Team,Rslt,Rslt_std,Tm,Tm_std,Opp_score,Opp_score_std,OT,OT_std,ORtg,ORtg_std,DRtg,DRtg_std,Pace,Pace_std,FTr,FTr_std,3PAr,3PAr_std,TS%,TS%_std,TRB%,TRB%_std,AST%,AST%_std,STL%,STL%_std,BLK%,BLK%_std,eFG%,eFG%_std,TOV%,TOV%_std,ORB%,ORB%_std,FT/FGA,FT/FGA_std,eFG%_opp,eFG%_opp_std,TOV%_opp,TOV%_opp_std,ORB%_opp,ORB%_opp_std,FT/FGA_opp,FT/FGA_opp_std,Spread,Spread_std
2011,kansas-state,0.6875,0.47092907485988494,72.96153846153847,8.906091260393728,64.84615384615384,6.983937615370332,0.0,0.0,102.0923076923077,11.583848171550699,92.20000000000002,9.77637969802728,70.93076923076923,3.098744162497992,0.42923076923076925,0.09901244677001277,0.3268846153846154,0.045268379182892705,0.5298461538461539,0.05028533965894418,55.23076923076922,5.016753470583878,55.21923076923077,11.850232714365376,8.884615384615385,2.2263319263204773,12.896296296296294,4.8962687113196,0.4982307692307692,0.059544475943487954,17.403846153846153,4.129647032784353,39.67777777777778,5.564885328373687,0.27703846153846157,0.08764404407339076,0.47126923076923083,0.06515922509809807,19.78846153846154,3.087306518384842,27.534615384615385,6.291705162048985,0.3208461538461539,0.07040891551938139,6.2592592592592595,12.053064061737714
