Year,Team,Rslt,Rslt_std,Tm,Tm_std,Opp_score,Opp_score_std,OT,OT_std,ORtg,ORtg_std,DRtg,DRtg_std,Pace,Pace_std,FTr,FTr_std,3PAr,3PAr_std,TS%,TS%_std,TRB%,TRB%_std,AST%,AST%_std,STL%,STL%_std,BLK%,BLK%_std,eFG%,eFG%_std,TOV%,TOV%_std,ORB%,ORB%_std,FT/FGA,FT/FGA_std,eFG%_opp,eFG%_opp_std,TOV%_opp,TOV%_opp_std,ORB%_opp,ORB%_opp_std,FT/FGA_opp,FT/FGA_opp_std,Spread,Spread_std
2011,west-virginia,0.6451612903225806,0.48637345711392,69.12,7.3047929470998705,64.36,6.915441658587927,0.0,0.0,105.396,9.060329280256136,98.168,10.67277377254854,65.46800000000002,3.4406540075979746,0.40047999999999995,0.10711174849971718,0.33535999999999994,0.06896308191102445,0.52704,0.03622554347418407,52.48399999999999,3.960185180855394,64.392,9.044055137676535,6.796000000000001,2.0729367251960844,11.927999999999999,2.5712383527527485,0.48539999999999994,0.044852536160177175,15.347999999999999,2.2962142757155743,37.542307692307695,6.981585669569518,0.28335999999999995,0.09653664243867886,0.46044,0.06491730637254342,15.176000000000002,2.0919050328986417,32.60399999999999,7.034289824376967,0.2368399999999999,0.09439927612716811,4.88,8.186981535747266
