Year,Team,Rslt,Rslt_std,Tm,Tm_std,Opp_score,Opp_score_std,OT,OT_std,ORtg,ORtg_std,DRtg,DRtg_std,Pace,Pace_std,FTr,FTr_std,3PAr,3PAr_std,TS%,TS%_std,TRB%,TRB%_std,AST%,AST%_std,STL%,STL%_std,BLK%,BLK%_std,eFG%,eFG%_std,TOV%,TOV%_std,ORB%,ORB%_std,FT/FGA,FT/FGA_std,eFG%_opp,eFG%_opp_std,TOV%_opp,TOV%_opp_std,ORB%_opp,ORB%_opp_std,FT/FGA_opp,FT/FGA_opp_std,Spread,Spread_std
2012,long-island-university,0.7575757575757576,0.43519413988924455,81.92592592592592,7.829559010697493,76.70370370370371,6.087912455240963,0.0,0.0,107.2,9.22288124511741,100.34444444444443,6.273591373204725,76.33333333333333,4.433699618568257,0.5040740740740741,0.12526462018952148,0.31066666666666665,0.057125368202819424,0.5830714285714286,0.05647544767840438,51.57037037037038,4.122062106688351,54.23448275862068,12.634654041904776,7.8999999999999995,2.214983938125477,6.962962962962963,2.956758639527693,0.5319629629629631,0.06835567698076418,18.40740740740741,3.8923915849657584,32.29259259259259,6.119258748845944,0.36622222222222217,0.09889673453943817,0.48985185185185187,0.04690063449111873,15.292592592592595,2.976565641799794,32.99999999999999,6.924593850905626,0.14657142857142857,0.05114208861117453,5.518518518518518,8.586081627890438
