Year,Team,Rslt,Rslt_std,Tm,Tm_std,Opp_score,Opp_score_std,OT,OT_std,ORtg,ORtg_std,DRtg,DRtg_std,Pace,Pace_std,FTr,FTr_std,3PAr,3PAr_std,TS%,TS%_std,TRB%,TRB%_std,AST%,AST%_std,STL%,STL%_std,BLK%,BLK%_std,eFG%,eFG%_std,TOV%,TOV%_std,ORB%,ORB%_std,FT/FGA,FT/FGA_std,eFG%_opp,eFG%_opp_std,TOV%_opp,TOV%_opp_std,ORB%_opp,ORB%_opp_std,FT/FGA_opp,FT/FGA_opp_std,Spread,Spread_std
2012,iowa-state,0.6875,0.47092907485988494,72.84615384615384,6.862607712479609,66.51851851851852,7.831741973289361,0.0,0.0,106.58846153846153,8.089119948329454,97.71538461538461,9.14958763257415,68.5230769230769,3.578637471698714,0.39234615384615384,0.12856809629381383,0.419,0.05862763853337435,0.5598076923076923,0.053953327408618065,53.642307692307696,4.448026355760323,57.9423076923077,8.906454876186064,8.430769230769231,2.1443449779863744,6.780769230769229,3.172383234197184,0.532576923076923,0.057990463406958966,15.784615384615385,2.263040840584599,31.076923076923077,5.325283668861796,0.26684615384615373,0.08399128159883848,0.48415384615384605,0.05106677378311054,15.115384615384617,2.75284468253366,25.342307692307696,5.546615045371227,0.1723076923076923,0.05614963524780494,5.481481481481482,10.05511875143268
