Year,Team,Rslt,Rslt_std,Tm,Tm_std,Opp_score,Opp_score_std,OT,OT_std,ORtg,ORtg_std,DRtg,DRtg_std,Pace,Pace_std,FTr,FTr_std,3PAr,3PAr_std,TS%,TS%_std,TRB%,TRB%_std,AST%,AST%_std,STL%,STL%_std,BLK%,BLK%_std,eFG%,eFG%_std,TOV%,TOV%_std,ORB%,ORB%_std,FT/FGA,FT/FGA_std,eFG%_opp,eFG%_opp_std,TOV%_opp,TOV%_opp_std,ORB%_opp,ORB%_opp_std,FT/FGA_opp,FT/FGA_opp_std,Spread,Spread_std
2012,louisville,0.7428571428571429,0.44343957363115993,67.83333333333333,9.96920545837352,60.36666666666667,7.73029567768063,0.0,0.0,98.53103448275861,11.071620846892289,87.66551724137929,8.407024098168872,68.26551724137931,4.628427368067672,0.38,0.11327053582337415,0.3326896551724138,0.04710709944089097,0.512551724137931,0.05233517405483384,52.16206896551725,4.641614081414803,56.62758620689656,7.837724549151648,12.951724137931036,3.4389180908343806,12.87241379310345,4.085155754306782,0.4750000000000001,0.053738786205655434,17.689655172413794,3.15292889090969,34.634482758620685,7.030153212213239,0.2585862068965517,0.08188952368081005,0.43310344827586217,0.06262835096685515,18.93103448275862,3.634468270037769,31.62068965517241,6.7936619259816,0.2251724137931035,0.07753619844282746,7.827586206896552,8.066991674707676
