Year,Team,Rslt,Rslt_std,Tm,Tm_std,Opp_score,Opp_score_std,OT,OT_std,ORtg,ORtg_std,DRtg,DRtg_std,Pace,Pace_std,FTr,FTr_std,3PAr,3PAr_std,TS%,TS%_std,TRB%,TRB%_std,AST%,AST%_std,STL%,STL%_std,BLK%,BLK%_std,eFG%,eFG%_std,TOV%,TOV%_std,ORB%,ORB%_std,FT/FGA,FT/FGA_std,eFG%_opp,eFG%_opp_std,TOV%_opp,TOV%_opp_std,ORB%_opp,ORB%_opp_std,FT/FGA_opp,FT/FGA_opp_std,Spread,Spread_std
2012,montana,0.8064516129032258,0.40160966445124946,70.64,6.682564378041312,61.36,6.7446274915669,0.0,0.0,104.00399999999999,7.705651605585778,91.03599999999999,10.614647112991241,67.18800000000002,2.823313655972358,0.39244,0.11793327209344555,0.31023999999999996,0.03780683359746841,0.5628799999999999,0.05373416045682672,49.175999999999995,3.1197328945493608,55.65599999999999,9.135921774329434,10.075999999999999,3.8893315621067845,9.504000000000001,4.148541912527823,0.5252,0.06885068385039227,16.58,3.1266329067118406,25.86,6.014565653478229,0.28008000000000005,0.09293901226072934,0.4550800000000001,0.051193196162511036,18.572,3.9311279127836407,30.351999999999993,3.1703206988147636,0.25107999999999997,0.08188402367576555,9.44,7.8160092118676525
