Year,Team,Rslt,Rslt_std,Tm,Tm_std,Opp_score,Opp_score_std,OT,OT_std,ORtg,ORtg_std,DRtg,DRtg_std,Pace,Pace_std,FTr,FTr_std,3PAr,3PAr_std,TS%,TS%_std,TRB%,TRB%_std,AST%,AST%_std,STL%,STL%_std,BLK%,BLK%_std,eFG%,eFG%_std,TOV%,TOV%_std,ORB%,ORB%_std,FT/FGA,FT/FGA_std,eFG%_opp,eFG%_opp_std,TOV%_opp,TOV%_opp_std,ORB%_opp,ORB%_opp_std,FT/FGA_opp,FT/FGA_opp_std,Spread,Spread_std
2012,duke,0.8181818181818182,0.39167472590032015,77.07407407407408,6.408683567724737,67.3103448275862,7.746443646123141,0.0,0.0,110.00370370370372,8.268126077407677,97.79259259259258,7.881230181500169,69.36296296296295,3.604820292986788,0.4414074074074073,0.12192376535526026,0.38266666666666665,0.0574355826456575,0.565111111111111,0.04717914576242129,51.233333333333334,5.559122786361726,47.7,6.918314601337303,8.95185185185185,2.279569859960152,8.481481481481481,3.5321639735695083,0.5288888888888891,0.05285708840706036,15.07777777777778,2.9428313594659836,33.06296296296296,6.8561678098655845,0.30807407407407406,0.08450030765803161,0.46459259259259267,0.04640976294774729,15.740740740740742,2.656814063622249,31.9962962962963,7.1453848193448755,0.22211111111111112,0.06302950062247004,8.62962962962963,8.15309355232322
