Year,Team,Rslt,Rslt_std,Tm,Tm_std,Opp_score,Opp_score_std,OT,OT_std,ORtg,ORtg_std,DRtg,DRtg_std,Pace,Pace_std,FTr,FTr_std,3PAr,3PAr_std,TS%,TS%_std,TRB%,TRB%_std,AST%,AST%_std,STL%,STL%_std,BLK%,BLK%_std,eFG%,eFG%_std,TOV%,TOV%_std,ORB%,ORB%_std,FT/FGA,FT/FGA_std,eFG%_opp,eFG%_opp_std,TOV%_opp,TOV%_opp_std,ORB%_opp,ORB%_opp_std,FT/FGA_opp,FT/FGA_opp_std,Spread,Spread_std
2012,baylor,0.7941176470588235,0.4104256301219048,74.60714285714286,7.761916934453402,64.5,9.118560640153037,0.0,0.0,108.68214285714286,10.017616097412214,93.78214285714286,13.428467648478863,68.47142857142856,4.101116121149635,0.35410714285714284,0.1154967818329005,0.3177142857142857,0.04305883756052283,0.5725714285714287,0.05672965686705647,54.92142857142857,5.033028478100999,57.26071428571428,9.665300259201942,11.003571428571425,2.850793540318872,12.658620689655171,5.980773793784028,0.5319642857142857,0.07091282187925049,17.325,3.1637559722348767,38.379310344827594,7.6421004643611665,0.2559655172413794,0.0979425789351746,0.4700714285714286,0.06652258239315405,17.928571428571427,3.8693340553312314,29.81428571428571,5.921881225478711,0.21853571428571428,0.07847787239105336,9.571428571428571,11.003126058933574
