Year,Team,Rslt,Rslt_std,Tm,Tm_std,Opp_score,Opp_score_std,OT,OT_std,ORtg,ORtg_std,DRtg,DRtg_std,Pace,Pace_std,FTr,FTr_std,3PAr,3PAr_std,TS%,TS%_std,TRB%,TRB%_std,AST%,AST%_std,STL%,STL%_std,BLK%,BLK%_std,eFG%,eFG%_std,TOV%,TOV%_std,ORB%,ORB%_std,FT/FGA,FT/FGA_std,eFG%_opp,eFG%_opp_std,TOV%_opp,TOV%_opp_std,ORB%_opp,ORB%_opp_std,FT/FGA_opp,FT/FGA_opp_std,Spread,Spread_std
2012,california,0.7272727272727273,0.45226701686664544,71.53571428571429,7.089283215384791,60.32142857142857,10.770513834259175,0.0,0.0,106.55555555555556,9.657015518158223,90.6777777777778,13.558259853550908,67.35555555555555,3.15037645288175,0.35244444444444445,0.06941532380884771,0.22851851851851845,0.05205202306743808,0.5621111111111111,0.05357549190939205,53.51111111111112,4.315921626626171,60.02222222222225,8.295519334293727,7.04074074074074,1.7936338832444336,7.92962962962963,2.9192747801749053,0.524888888888889,0.059028893403233106,15.644444444444446,2.813064758112286,31.01111111111111,6.793001677820476,0.2638148148148148,0.05773016611592314,0.4542592592592592,0.06937944308299918,16.85185185185185,3.6949414870323176,25.34074074074074,7.709996471078673,0.1839629629629629,0.07502742138787633,11.214285714285714,11.103410029613169
