Year,Team,Rslt,Rslt_std,Tm,Tm_std,Opp_score,Opp_score_std,OT,OT_std,ORtg,ORtg_std,DRtg,DRtg_std,Pace,Pace_std,FTr,FTr_std,3PAr,3PAr_std,TS%,TS%_std,TRB%,TRB%_std,AST%,AST%_std,STL%,STL%_std,BLK%,BLK%_std,eFG%,eFG%_std,TOV%,TOV%_std,ORB%,ORB%_std,FT/FGA,FT/FGA_std,eFG%_opp,eFG%_opp_std,TOV%_opp,TOV%_opp_std,ORB%_opp,ORB%_opp_std,FT/FGA_opp,FT/FGA_opp_std,Spread,Spread_std
2012,harvard,0.8666666666666667,0.3457459036417604,65.2,7.2514366392690315,55.041666666666664,7.8987019663754365,0.0,0.0,105.83749999999998,7.341354720379258,88.25833333333333,9.343210353521156,61.866666666666646,3.592221871072901,0.41391666666666665,0.13348340286559862,0.33849999999999997,0.06399524438853113,0.5750000000000001,0.04371051012802497,54.49166666666665,4.743683825033457,58.31250000000001,8.39261126902965,9.529166666666667,3.5450491094490912,12.083333333333334,4.145995099167248,0.5323333333333334,0.05247166246955436,17.279166666666665,3.3468972219792996,28.979166666666668,6.724839042306331,0.31575,0.10813367331385643,0.44904166666666673,0.06725582513427929,17.279166666666665,5.183332750827126,23.383333333333336,5.940184938320463,0.18779166666666666,0.045675584922045764,11.52,7.578038444522875
