Year,Team,Rslt,Rslt_std,Tm,Tm_std,Opp_score,Opp_score_std,OT,OT_std,ORtg,ORtg_std,DRtg,DRtg_std,Pace,Pace_std,FTr,FTr_std,3PAr,3PAr_std,TS%,TS%_std,TRB%,TRB%_std,AST%,AST%_std,STL%,STL%_std,BLK%,BLK%_std,eFG%,eFG%_std,TOV%,TOV%_std,ORB%,ORB%_std,FT/FGA,FT/FGA_std,eFG%_opp,eFG%_opp_std,TOV%_opp,TOV%_opp_std,ORB%_opp,ORB%_opp_std,FT/FGA_opp,FT/FGA_opp_std,Spread,Spread_std
2012,murray-state,1.0,0.0,74.2,6.082762530298219,61.52,6.436355076179892,0.0,0.0,109.24400000000001,7.353235115693411,90.95599999999999,7.696648621315642,67.71999999999998,3.591889010905915,0.45204,0.12093437614397876,0.35180000000000006,0.04517004907384243,0.58908,0.045377968222475536,52.324,4.723900224743675,52.052,7.4534734632026876,12.159999999999998,2.37942570101835,10.5,3.928952362483753,0.54896,0.06035276850871603,17.732,2.720557540897331,32.864000000000004,5.523652173456736,0.33104000000000006,0.08709931113390049,0.46299999999999997,0.04745348599769394,20.464000000000002,3.516375975347346,31.635999999999996,6.462641358866615,0.23003999999999997,0.06209836283402862,12.04,5.926494185716657
