Year,Team,Rslt,Rslt_std,Tm,Tm_std,Opp_score,Opp_score_std,OT,OT_std,ORtg,ORtg_std,DRtg,DRtg_std,Pace,Pace_std,FTr,FTr_std,3PAr,3PAr_std,TS%,TS%_std,TRB%,TRB%_std,AST%,AST%_std,STL%,STL%_std,BLK%,BLK%_std,eFG%,eFG%_std,TOV%,TOV%_std,ORB%,ORB%_std,FT/FGA,FT/FGA_std,eFG%_opp,eFG%_opp_std,TOV%_opp,TOV%_opp_std,ORB%_opp,ORB%_opp_std,FT/FGA_opp,FT/FGA_opp_std,Spread,Spread_std
2012,colorado,0.6764705882352942,0.47485807993381707,66.6896551724138,8.477295088629653,62.857142857142854,8.876578777527454,0.0,0.0,100.71785714285716,10.07262713795748,93.4392857142857,12.686106114950652,66.43214285714285,3.4089265793326238,0.4302857142857143,0.09653587210552668,0.30614285714285716,0.04964445012860379,0.5384999999999999,0.056136407939022026,51.98928571428571,6.702146659188371,50.22857142857141,9.712605674828408,8.8,2.666388874419789,9.007142857142858,3.60256375494808,0.5020357142857143,0.05274079322347427,16.768965517241377,3.612093125705437,28.485714285714277,6.193946524226177,0.29127586206896544,0.09156414478843473,0.4631785714285715,0.06356918282698784,16.000000000000007,3.932203227482301,26.232142857142858,8.545653154129756,0.20675,0.08146647799578079,3.857142857142857,10.401973764678424
