Year,Team,Rslt,Rslt_std,Tm,Tm_std,Opp_score,Opp_score_std,OT,OT_std,ORtg,ORtg_std,DRtg,DRtg_std,Pace,Pace_std,FTr,FTr_std,3PAr,3PAr_std,TS%,TS%_std,TRB%,TRB%_std,AST%,AST%_std,STL%,STL%_std,BLK%,BLK%_std,eFG%,eFG%_std,TOV%,TOV%_std,ORB%,ORB%_std,FT/FGA,FT/FGA_std,eFG%_opp,eFG%_opp_std,TOV%_opp,TOV%_opp_std,ORB%_opp,ORB%_opp_std,FT/FGA_opp,FT/FGA_opp_std,Spread,Spread_std
2012,connecticut,0.6060606060606061,0.49619766344887317,69.4074074074074,6.8120891365687815,64.29629629629629,6.803928813079049,0.0,0.0,104.36666666666666,7.610316884133215,97.63333333333331,7.573435355036913,65.9888888888889,3.38711737360312,0.3411111111111111,0.07673948604172899,0.2885555555555556,0.050339870521313064,0.5331481481481481,0.05237417427563064,52.91111111111112,4.345407242430116,53.4888888888889,10.237838313498282,8.57777777777778,2.432683439732494,17.27037037037037,4.134174163166811,0.506037037037037,0.06261142773640355,15.766666666666664,3.1428796202992415,34.53214285714286,6.191634354420161,0.22548148148148148,0.05910314996835902,0.44566666666666677,0.047784773886507155,13.700000000000003,3.2876874682501205,31.52857142857142,5.72433771960061,0.17840740740740746,0.06744984419167684,4.592592592592593,9.136820096810569
