Year,Team,Rslt,Rslt_std,Tm,Tm_std,Opp_score,Opp_score_std,OT,OT_std,ORtg,ORtg_std,DRtg,DRtg_std,Pace,Pace_std,FTr,FTr_std,3PAr,3PAr_std,TS%,TS%_std,TRB%,TRB%_std,AST%,AST%_std,STL%,STL%_std,BLK%,BLK%_std,eFG%,eFG%_std,TOV%,TOV%_std,ORB%,ORB%_std,FT/FGA,FT/FGA_std,eFG%_opp,eFG%_opp_std,TOV%_opp,TOV%_opp_std,ORB%_opp,ORB%_opp_std,FT/FGA_opp,FT/FGA_opp_std,Spread,Spread_std
2012,saint-marys-ca,0.84375,0.36890203262847354,74.73076923076923,9.245789062303734,62.03703703703704,9.464433346772463,0.0,0.0,113.56538461538463,10.454317473950839,95.38846153846156,12.78756667777187,65.43461538461538,2.7288008073426395,0.3781538461538462,0.1236329057517269,0.38988461538461533,0.06691686001185465,0.5765384615384614,0.05126732352618441,57.119230769230775,3.295696494614665,61.00769230769231,11.637316634926561,10.453846153846152,3.5518142709585216,7.5222222222222195,3.2711246399757394,0.5419615384615385,0.05565068248942201,14.87037037037037,3.8588374908289125,35.36666666666667,6.480325252995824,0.27365384615384614,0.09023123286653786,0.47557692307692306,0.062132228723536444,16.042307692307695,3.971616605557297,24.234615384615385,5.744419365449727,0.1935384615384615,0.07075661426000018,12.76923076923077,10.218836302858334
