Year,Team,Rslt,Rslt_std,Tm,Tm_std,Opp_score,Opp_score_std,OT,OT_std,ORtg,ORtg_std,DRtg,DRtg_std,Pace,Pace_std,FTr,FTr_std,3PAr,3PAr_std,TS%,TS%_std,TRB%,TRB%_std,AST%,AST%_std,STL%,STL%_std,BLK%,BLK%_std,eFG%,eFG%_std,TOV%,TOV%_std,ORB%,ORB%_std,FT/FGA,FT/FGA_std,eFG%_opp,eFG%_opp_std,TOV%_opp,TOV%_opp_std,ORB%_opp,ORB%_opp_std,FT/FGA_opp,FT/FGA_opp_std,Spread,Spread_std
2012,davidson,0.78125,0.42001344064515445,77.65384615384616,7.042399066751657,67.34615384615384,9.444330818823778,0.0,0.0,110.55769230769229,9.601590413131484,95.01538461538462,11.410510674205332,70.3923076923077,2.6759556165113167,0.37480769230769234,0.1200140055929371,0.3806923076923078,0.06293791812938794,0.5563846153846155,0.03343899151957416,55.18076923076923,4.83040530231319,51.50769230769232,10.848444057169601,7.765384615384615,1.9579463338288527,8.303846153846155,3.4874037069695007,0.5130384615384614,0.0439513192240968,14.396153846153847,3.2986640652519643,34.03846153846153,4.967822615438432,0.28573076923076923,0.09652421776624048,0.4720384615384616,0.06076017167140381,15.649999999999999,2.2111083193728884,23.565384615384612,7.4318203588457274,0.26876923076923076,0.06763626701248832,11.076923076923077,10.680535855182836
