Year,Team,Rslt,Rslt_std,Tm,Tm_std,Opp_score,Opp_score_std,OT,OT_std,ORtg,ORtg_std,DRtg,DRtg_std,Pace,Pace_std,FTr,FTr_std,3PAr,3PAr_std,TS%,TS%_std,TRB%,TRB%_std,AST%,AST%_std,STL%,STL%_std,BLK%,BLK%_std,eFG%,eFG%_std,TOV%,TOV%_std,ORB%,ORB%_std,FT/FGA,FT/FGA_std,eFG%_opp,eFG%_opp_std,TOV%_opp,TOV%_opp_std,ORB%_opp,ORB%_opp_std,FT/FGA_opp,FT/FGA_opp_std,Spread,Spread_std
2012,florida-state,0.7272727272727273,0.45226701686664544,71.22222222222223,7.880518009786164,63.0,8.489812899995092,0.0,0.0,100.41481481481479,9.860827851956747,90.18518518518516,11.964682120040559,69.22592592592592,3.4792342871774578,0.34474074074074074,0.0952549585192662,0.3185185185185185,0.06165996729606307,0.552142857142857,0.06411604888690292,53.05555555555556,4.438843693275686,47.88148148148148,7.472361228967879,10.588888888888889,3.3306655991458123,16.52592592592593,4.886527207347582,0.5172592592592592,0.058625665548193644,20.22962962962963,2.6707554124132136,34.67037037037036,6.376508256864217,0.2422222222222222,0.0812812464572304,0.44462962962962965,0.06640096625116475,18.603703703703705,3.565592137842927,29.918518518518518,6.104036308809054,0.24537037037037035,0.08527067678333695,6.428571428571429,10.894880113999085
