Year,Team,Rslt,Rslt_std,Tm,Tm_std,Opp_score,Opp_score_std,OT,OT_std,ORtg,ORtg_std,DRtg,DRtg_std,Pace,Pace_std,FTr,FTr_std,3PAr,3PAr_std,TS%,TS%_std,TRB%,TRB%_std,AST%,AST%_std,STL%,STL%_std,BLK%,BLK%_std,eFG%,eFG%_std,TOV%,TOV%_std,ORB%,ORB%_std,FT/FGA,FT/FGA_std,eFG%_opp,eFG%_opp_std,TOV%_opp,TOV%_opp_std,ORB%_opp,ORB%_opp_std,FT/FGA_opp,FT/FGA_opp_std,Spread,Spread_std
2012,ohio-state,0.7941176470588235,0.4104256301219048,75.51724137931035,7.529089727067052,59.0,10.44208011064065,0.0,0.0,110.80357142857144,8.293749638660616,86.88214285714287,15.595679685981143,67.59642857142856,3.606217074345578,0.3691785714285714,0.12280368361329683,0.266,0.03527949627110423,0.5522068965517242,0.05333879538943543,56.07857142857142,4.959491994807619,54.35000000000001,9.630141724275383,10.617857142857142,3.7581569134674764,8.760714285714284,4.135692810939302,0.522392857142857,0.05487112124870374,14.48571428571429,3.1889524909314644,34.00357142857143,7.490017165725132,0.25732142857142853,0.09559600703401037,0.455392857142857,0.0720284610855265,19.896551724137936,6.335358979490806,22.573333333333334,6.743984974281402,0.20146428571428568,0.06440639612983996,15.241379310344827,13.244015285656369
