Year,Team,Rslt,Rslt_std,Tm,Tm_std,Opp_score,Opp_score_std,OT,OT_std,ORtg,ORtg_std,DRtg,DRtg_std,Pace,Pace_std,FTr,FTr_std,3PAr,3PAr_std,TS%,TS%_std,TRB%,TRB%_std,AST%,AST%_std,STL%,STL%_std,BLK%,BLK%_std,eFG%,eFG%_std,TOV%,TOV%_std,ORB%,ORB%_std,FT/FGA,FT/FGA_std,eFG%_opp,eFG%_opp_std,TOV%_opp,TOV%_opp_std,ORB%_opp,ORB%_opp_std,FT/FGA_opp,FT/FGA_opp_std,Spread,Spread_std
2012,north-carolina-asheville,0.7272727272727273,0.45226701686664544,79.88888888888889,10.4304780233157,72.0,9.691538883269567,0.0,0.0,112.29629629629629,12.613591005842789,98.86666666666667,10.39948223563225,71.55555555555557,4.037833895060886,0.4871481481481481,0.13508251145238936,0.3268888888888889,0.0687035624053039,0.5885555555555556,0.06442308075009558,50.599999999999994,4.9486594921484315,60.22592592592595,10.988301212324112,11.751851851851852,2.7223251332370513,6.766666666666665,3.5554941234009174,0.5377777777777778,0.06974201544226206,16.129629629629633,2.912019496819613,32.78888888888889,7.236198180160914,0.3675185185185185,0.11370317983861798,0.5014814814814815,0.06182691122453839,18.759259259259256,2.8912679224572386,33.218518518518515,5.02149510658062,0.2332413793103448,0.07230523354522518,8.88888888888889,10.540520105884914
