Year,Team,Rslt,Rslt_std,Tm,Tm_std,Opp_score,Opp_score_std,OT,OT_std,ORtg,ORtg_std,DRtg,DRtg_std,Pace,Pace_std,FTr,FTr_std,3PAr,3PAr_std,TS%,TS%_std,TRB%,TRB%_std,AST%,AST%_std,STL%,STL%_std,BLK%,BLK%_std,eFG%,eFG%_std,TOV%,TOV%_std,ORB%,ORB%_std,FT/FGA,FT/FGA_std,eFG%_opp,eFG%_opp_std,TOV%_opp,TOV%_opp_std,ORB%_opp,ORB%_opp_std,FT/FGA_opp,FT/FGA_opp_std,Spread,Spread_std
2012,missouri,0.8823529411764706,0.3270349700838643,80.39285714285714,6.7238617966401915,65.39285714285714,7.243588663057609,0.0,0.0,118.67142857142858,9.835041551922512,96.89642857142859,9.50724800088146,67.71428571428572,3.0141289861207907,0.3803214285714285,0.1033777874169153,0.3791785714285714,0.06478000009801183,0.6164642857142857,0.0450830362634346,50.50714285714287,6.590561633541002,57.9448275862069,9.045385019322463,11.878571428571428,3.1312471947626546,7.114285714285713,2.983996113307255,0.5837142857142857,0.059538258563752375,13.30357142857143,2.3147645497188094,28.75714285714286,6.8487051261360286,0.2899642857142858,0.08418519362332563,0.5014285714285714,0.0618657019629219,18.24285714285714,2.861420078863792,29.953571428571426,8.833290655781898,0.1823928571428572,0.058753306785244507,14.75,10.59568395708925
