Year,Team,Rslt,Rslt_std,Tm,Tm_std,Opp_score,Opp_score_std,OT,OT_std,ORtg,ORtg_std,DRtg,DRtg_std,Pace,Pace_std,FTr,FTr_std,3PAr,3PAr_std,TS%,TS%_std,TRB%,TRB%_std,AST%,AST%_std,STL%,STL%_std,BLK%,BLK%_std,eFG%,eFG%_std,TOV%,TOV%_std,ORB%,ORB%_std,FT/FGA,FT/FGA_std,eFG%_opp,eFG%_opp_std,TOV%_opp,TOV%_opp_std,ORB%_opp,ORB%_opp_std,FT/FGA_opp,FT/FGA_opp_std,Spread,Spread_std
2012,new-mexico,0.8181818181818182,0.39167472590032015,73.62962962962963,8.082022538887673,58.17857142857143,9.28181643872127,0.0,0.0,108.1148148148148,10.972367520405475,86.22592592592592,13.105007633390567,68.04074074074074,3.0008023618383843,0.40451851851851856,0.11395153165689159,0.3652222222222221,0.04788153115389091,0.5666666666666665,0.06498165421575065,55.28148148148148,3.892501374639057,65.3,9.525350791036923,10.02222222222222,2.589228179226884,9.05185185185185,3.6286647650627604,0.5315555555555554,0.06971884930718485,16.733333333333334,3.443500008376987,31.63214285714286,5.570627570964651,0.2797407407407407,0.07874818317444761,0.4388518518518519,0.060237800363165596,18.603703703703705,3.22984656476261,23.866666666666667,6.211651582680357,0.2147777777777778,0.09434402403859438,13.851851851851851,11.251337369068292
