Year,Team,Rslt,Rslt_std,Tm,Tm_std,Opp_score,Opp_score_std,OT,OT_std,ORtg,ORtg_std,DRtg,DRtg_std,Pace,Pace_std,FTr,FTr_std,3PAr,3PAr_std,TS%,TS%_std,TRB%,TRB%_std,AST%,AST%_std,STL%,STL%_std,BLK%,BLK%_std,eFG%,eFG%_std,TOV%,TOV%_std,ORB%,ORB%_std,FT/FGA,FT/FGA_std,eFG%_opp,eFG%_opp_std,TOV%_opp,TOV%_opp_std,ORB%_opp,ORB%_opp_std,FT/FGA_opp,FT/FGA_opp_std,Spread,Spread_std
2012,north-carolina-state,0.6470588235294118,0.48507125007266594,73.5,7.601043485533122,69.66666666666667,9.862269911946841,0.0,0.0,105.51785714285714,7.297034078939633,98.34999999999995,10.156570578986095,69.25000000000001,3.883154502320103,0.3539285714285715,0.09782899993106967,0.26067857142857137,0.058194471909680225,0.5432142857142858,0.042504341514944644,54.078571428571436,5.262681835891288,60.48214285714287,10.552831937672556,9.796428571428573,3.5406090857948014,10.35714285714286,4.324129419674582,0.5080714285714285,0.043780537339501095,16.017857142857142,2.5634255974478357,35.24285714285714,6.502559528622589,0.2499642857142857,0.08806541429963977,0.47746428571428556,0.05885794709729466,15.428571428571429,2.5612290369848183,28.17857142857142,5.40646780993785,0.22807142857142854,0.08653148798384558,4.678571428571429,10.388931330021109
