Year,Team,Rslt,Rslt_std,Tm,Tm_std,Opp_score,Opp_score_std,OT,OT_std,ORtg,ORtg_std,DRtg,DRtg_std,Pace,Pace_std,FTr,FTr_std,3PAr,3PAr_std,TS%,TS%_std,TRB%,TRB%_std,AST%,AST%_std,STL%,STL%_std,BLK%,BLK%_std,eFG%,eFG%_std,TOV%,TOV%_std,ORB%,ORB%_std,FT/FGA,FT/FGA_std,eFG%_opp,eFG%_opp_std,TOV%_opp,TOV%_opp_std,ORB%_opp,ORB%_opp_std,FT/FGA_opp,FT/FGA_opp_std,Spread,Spread_std
2012,long-beach-state,0.7575757575757576,0.4351941398892446,73.78571428571429,4.8637521170475635,63.74074074074074,9.489235166523383,0.0,0.0,107.70370370370368,9.128504868794296,93.3037037037037,11.095753916960982,68.22962962962964,3.4172430199723665,0.4248518518518518,0.1317718610395382,0.32362962962962954,0.04818485889551434,0.5579259259259259,0.039902695037115854,53.41428571428573,5.115894931718296,54.5111111111111,8.414471660973929,9.966666666666665,3.5962587397289596,6.959259259259261,2.7645084775610873,0.5300714285714285,0.060474009459484494,15.959259259259264,3.1203130093555154,33.8074074074074,6.462550456635399,0.27517857142857144,0.10073619878688965,0.48021428571428576,0.05776283384274853,19.040740740740745,3.385178015914407,29.07407407407408,5.365458801272092,0.17825925925925926,0.07586505864037227,10.444444444444445,8.824499695268559
