Year,Team,Rslt,Rslt_std,Tm,Tm_std,Opp_score,Opp_score_std,OT,OT_std,ORtg,ORtg_std,DRtg,DRtg_std,Pace,Pace_std,FTr,FTr_std,3PAr,3PAr_std,TS%,TS%_std,TRB%,TRB%_std,AST%,AST%_std,STL%,STL%_std,BLK%,BLK%_std,eFG%,eFG%_std,TOV%,TOV%_std,ORB%,ORB%_std,FT/FGA,FT/FGA_std,eFG%_opp,eFG%_opp_std,TOV%_opp,TOV%_opp_std,ORB%_opp,ORB%_opp_std,FT/FGA_opp,FT/FGA_opp_std,Spread,Spread_std
2012,marquette,0.78125,0.42001344064515445,75.10344827586206,11.929389960412319,67.11538461538461,7.146058623195995,0.0,0.0,105.40384615384612,12.109582346860053,93.21923076923076,8.615846759582915,71.44999999999999,3.906737769546353,0.4061538461538462,0.10822705477197181,0.29250000000000004,0.06680254486170419,0.5501923076923078,0.06327465162655214,49.32692307692309,3.3771654022043625,64.63846153846154,7.328687572714608,12.08846153846154,3.0732818839900675,8.661538461538461,3.151136547098767,0.5085384615384615,0.06453602452536461,15.996153846153847,2.7589100411910166,32.10740740740741,5.35960144370154,0.28880769230769227,0.08131913390132448,0.4598076923076923,0.047020012106139854,19.257692307692306,3.4153972626238462,34.580769230769235,6.962586831387841,0.21088888888888882,0.08291484664926901,9.26923076923077,10.231549999126008
