Year,Team,Rslt,Rslt_std,Tm,Tm_std,Opp_score,Opp_score_std,OT,OT_std,ORtg,ORtg_std,DRtg,DRtg_std,Pace,Pace_std,FTr,FTr_std,3PAr,3PAr_std,TS%,TS%_std,TRB%,TRB%_std,AST%,AST%_std,STL%,STL%_std,BLK%,BLK%_std,eFG%,eFG%_std,TOV%,TOV%_std,ORB%,ORB%_std,FT/FGA,FT/FGA_std,eFG%_opp,eFG%_opp_std,TOV%_opp,TOV%_opp_std,ORB%_opp,ORB%_opp_std,FT/FGA_opp,FT/FGA_opp_std,Spread,Spread_std
2012,xavier,0.6363636363636364,0.48850421045919723,71.14814814814815,6.218481781714543,67.11111111111111,7.2182105886822185,0.0,0.0,100.89999999999999,6.372054372263072,95.46666666666667,8.272614692233276,69.32222222222224,3.771893355753776,0.3940000000000001,0.11419854505337489,0.2483703703703703,0.035105498307188454,0.5378888888888889,0.04459418152226841,52.00740740740739,4.538292285221046,53.292592592592605,10.628695770844784,8.267857142857142,2.1357717958670497,9.996296296296297,4.633696105825198,0.4985925925925927,0.04698220551791535,16.00357142857143,3.239396622241629,28.670370370370367,5.285743875661052,0.2644074074074075,0.07823940540676776,0.45814814814814814,0.04597633480197571,15.696296296296293,2.855020070181574,27.42222222222222,6.662832230615846,0.2738148148148149,0.0774557129228533,3.185185185185185,8.788265940082733
