Year,Team,Rslt,Rslt_std,Tm,Tm_std,Opp_score,Opp_score_std,OT,OT_std,ORtg,ORtg_std,DRtg,DRtg_std,Pace,Pace_std,FTr,FTr_std,3PAr,3PAr_std,TS%,TS%_std,TRB%,TRB%_std,AST%,AST%_std,STL%,STL%_std,BLK%,BLK%_std,eFG%,eFG%_std,TOV%,TOV%_std,ORB%,ORB%_std,FT/FGA,FT/FGA_std,eFG%_opp,eFG%_opp_std,TOV%_opp,TOV%_opp_std,ORB%_opp,ORB%_opp_std,FT/FGA_opp,FT/FGA_opp_std,Spread,Spread_std
2013,indiana,0.8181818181818182,0.39167472590032015,80.25925925925925,9.023868318531662,62.0,7.405818917996433,0.0,0.0,114.62592592592597,9.5200029327966,89.54814814814814,12.59561493812492,69.50370370370372,3.72357163956674,0.47381481481481486,0.16337593199946912,0.32425925925925925,0.05972603645144578,0.5961851851851853,0.055601630466572745,57.492592592592594,5.619740339328987,53.05185185185184,8.803293543213087,11.0,3.0926436012648533,9.522222222222224,3.079751904759829,0.5544814814814815,0.05539603593869147,15.885185185185184,2.709627238584631,38.400000000000006,6.464221054864526,0.35972413793103447,0.12409641889380213,0.43659259259259264,0.057130255529501156,17.692592592592593,3.7416497724857973,27.188888888888886,5.584892625738264,0.20078571428571426,0.061046040392633553,17.037037037037038,13.614137113483519
