Year,Team,Rslt,Rslt_std,Tm,Tm_std,Opp_score,Opp_score_std,OT,OT_std,ORtg,ORtg_std,DRtg,DRtg_std,Pace,Pace_std,FTr,FTr_std,3PAr,3PAr_std,TS%,TS%_std,TRB%,TRB%_std,AST%,AST%_std,STL%,STL%_std,BLK%,BLK%_std,eFG%,eFG%_std,TOV%,TOV%_std,ORB%,ORB%_std,FT/FGA,FT/FGA_std,eFG%_opp,eFG%_opp_std,TOV%_opp,TOV%_opp_std,ORB%_opp,ORB%_opp_std,FT/FGA_opp,FT/FGA_opp_std,Spread,Spread_std
2013,memphis,0.8823529411764706,0.3270349700838643,75.55172413793103,9.198548825364295,64.85714285714286,8.140954015048376,0.0,0.0,106.02500000000002,9.668261362715521,90.23571428571431,8.610898102844217,71.54285714285713,3.36599867646247,0.3717142857142856,0.11929666014475478,0.2857857142857143,0.05910214456399609,0.5599999999999998,0.0474404109656798,54.17499999999999,5.969529108545982,62.528571428571425,8.504284634397955,12.307142857142859,2.9092354311142974,15.660714285714288,3.9614194318885136,0.5345714285714287,0.04783492337382692,17.432142857142857,2.990609199852663,34.07142857142857,8.25495842656634,0.24882142857142855,0.08117838317052078,0.4579642857142857,0.048311858940489075,18.242857142857144,3.2743027045553075,27.59655172413793,7.896313912137408,0.2225714285714286,0.04855728085271584,11.620689655172415,6.6085107091615924
