Year,Team,Rslt,Rslt_std,Tm,Tm_std,Opp_score,Opp_score_std,OT,OT_std,ORtg,ORtg_std,DRtg,DRtg_std,Pace,Pace_std,FTr,FTr_std,3PAr,3PAr_std,TS%,TS%_std,TRB%,TRB%_std,AST%,AST%_std,STL%,STL%_std,BLK%,BLK%_std,eFG%,eFG%_std,TOV%,TOV%_std,ORB%,ORB%_std,FT/FGA,FT/FGA_std,eFG%_opp,eFG%_opp_std,TOV%_opp,TOV%_opp_std,ORB%_opp,ORB%_opp_std,FT/FGA_opp,FT/FGA_opp_std,Spread,Spread_std
2013,saint-marys-ca,0.8181818181818182,0.39167472590032015,74.32142857142857,7.986347477523504,63.96296296296296,7.095401986126603,0.0,0.0,113.9740740740741,10.364309787869011,97.44814814814812,11.63480753767532,65.49629629629631,3.2035414875849604,0.36970370370370376,0.10810743047643175,0.37803703703703706,0.07546648847793888,0.5741111111111111,0.051668569030320785,57.75925925925927,6.033257779193544,55.36071428571429,9.917897749381961,9.066666666666666,2.8635642126552705,7.7370370370370365,3.5784771307776406,0.5426296296296296,0.05690623066342637,14.703703703703706,3.0762716546896987,37.05185185185184,7.7525861873695145,0.2727407407407408,0.09032786118979297,0.47959259259259257,0.07614220464128503,15.337037037037037,2.799058653320674,21.88148148148148,7.819356506921538,0.2773333333333334,0.08499456996230362,11.481481481481481,10.504103119076008
