Year,Team,Rslt,Rslt_std,Tm,Tm_std,Opp_score,Opp_score_std,OT,OT_std,ORtg,ORtg_std,DRtg,DRtg_std,Pace,Pace_std,FTr,FTr_std,3PAr,3PAr_std,TS%,TS%_std,TRB%,TRB%_std,AST%,AST%_std,STL%,STL%_std,BLK%,BLK%_std,eFG%,eFG%_std,TOV%,TOV%_std,ORB%,ORB%_std,FT/FGA,FT/FGA_std,eFG%_opp,eFG%_opp_std,TOV%_opp,TOV%_opp_std,ORB%_opp,ORB%_opp_std,FT/FGA_opp,FT/FGA_opp_std,Spread,Spread_std
2013,missouri,0.696969696969697,0.46669372215943755,76.29629629629629,9.848134594214022,66.25925925925925,7.881783245085284,0.0,0.0,108.68888888888887,11.911123867833455,95.21851851851851,10.80712147816775,69.82962962962964,3.842756904460731,0.3536296296296296,0.12846614284530325,0.311037037037037,0.054596760598100195,0.5473703703703704,0.058262765618788286,58.17407407407408,4.917284475163767,51.564285714285724,6.490689302304312,9.718518518518518,2.6204868950161853,8.935714285714287,3.218374824027883,0.5113703703703704,0.06876612993895052,15.848148148148145,4.530271716283894,39.57777777777778,6.386845455449418,0.2626296296296296,0.10621862365609909,0.4628148148148149,0.06145169274568879,15.062962962962965,2.9084952689225285,25.38148148148148,4.982973860058719,0.1882962962962963,0.0704943068158507,10.037037037037036,10.482518346427582
