Year,Team,Rslt,Rslt_std,Tm,Tm_std,Opp_score,Opp_score_std,OT,OT_std,ORtg,ORtg_std,DRtg,DRtg_std,Pace,Pace_std,FTr,FTr_std,3PAr,3PAr_std,TS%,TS%_std,TRB%,TRB%_std,AST%,AST%_std,STL%,STL%_std,BLK%,BLK%_std,eFG%,eFG%_std,TOV%,TOV%_std,ORB%,ORB%_std,FT/FGA,FT/FGA_std,eFG%_opp,eFG%_opp_std,TOV%_opp,TOV%_opp_std,ORB%_opp,ORB%_opp_std,FT/FGA_opp,FT/FGA_opp_std,Spread,Spread_std
2013,kansas-state,0.7941176470588235,0.4104256301219048,69.35714285714286,7.354586806201087,60.75,6.444204976393735,0.0,0.0,107.11071428571428,10.15525185367848,94.73928571428569,10.771854246848307,64.55357142857144,2.6722832715859077,0.3163571428571429,0.08926415824444854,0.33092857142857135,0.04910150376472875,0.5290000000000001,0.054442630355264796,52.217857142857135,5.548843961778823,64.99310344827586,8.894738855657588,11.103571428571431,2.6295306077190315,9.910714285714288,3.5064321093621844,0.4939655172413792,0.060048482054456065,14.524999999999997,2.819722208539936,37.76785714285713,6.93290883163228,0.21842857142857142,0.0749377166429654,0.46858620689655167,0.06784621120139457,18.614285714285717,2.7042784052537363,32.03928571428572,5.83700451371435,0.24082142857142858,0.074499343060205,8.357142857142858,9.153887195811995
