Year,Team,Rslt,Rslt_std,Tm,Tm_std,Opp_score,Opp_score_std,OT,OT_std,ORtg,ORtg_std,DRtg,DRtg_std,Pace,Pace_std,FTr,FTr_std,3PAr,3PAr_std,TS%,TS%_std,TRB%,TRB%_std,AST%,AST%_std,STL%,STL%_std,BLK%,BLK%_std,eFG%,eFG%_std,TOV%,TOV%_std,ORB%,ORB%_std,FT/FGA,FT/FGA_std,eFG%_opp,eFG%_opp_std,TOV%_opp,TOV%_opp_std,ORB%_opp,ORB%_opp_std,FT/FGA_opp,FT/FGA_opp_std,Spread,Spread_std
2013,saint-louis,0.8181818181818182,0.39167472590032015,68.4074074074074,5.3006477054097925,57.592592592592595,7.050691505962426,0.0,0.0,102.96296296296296,8.774620226195553,86.98888888888888,10.400419123704484,66.14444444444443,2.669101452568365,0.4583703703703705,0.11989776033968663,0.34544444444444444,0.06637790024568148,0.5541481481481482,0.04836138296020247,49.951851851851856,4.967770771558048,56.1888888888889,9.384247575810358,11.029629629629628,3.112606478229956,8.518518518518519,3.6753897791241172,0.5083571428571428,0.06298513304048015,15.151851851851852,3.1495262611249437,25.177777777777784,5.808437717488991,0.33246428571428577,0.09785759954321273,0.45322222222222214,0.058148571867728704,20.53571428571428,3.605984150425746,26.02592592592592,6.832534871007449,0.23103703703703699,0.09063938755032812,11.222222222222221,8.233764132817493
