Year,Team,Rslt,Rslt_std,Tm,Tm_std,Opp_score,Opp_score_std,OT,OT_std,ORtg,ORtg_std,DRtg,DRtg_std,Pace,Pace_std,FTr,FTr_std,3PAr,3PAr_std,TS%,TS%_std,TRB%,TRB%_std,AST%,AST%_std,STL%,STL%_std,BLK%,BLK%_std,eFG%,eFG%_std,TOV%,TOV%_std,ORB%,ORB%_std,FT/FGA,FT/FGA_std,eFG%_opp,eFG%_opp_std,TOV%_opp,TOV%_opp_std,ORB%_opp,ORB%_opp_std,FT/FGA_opp,FT/FGA_opp_std,Spread,Spread_std
2013,ucla,0.7352941176470589,0.4478110755198991,73.55172413793103,9.15574061487636,68.96428571428571,7.661747904517672,0.11764705882352941,0.3270349700838643,102.66428571428571,9.72873613982345,96.60714285714285,9.45625125674481,71.11428571428571,3.7731717952970807,0.3221785714285715,0.10016617806182497,0.2368275862068966,0.0586533819299677,0.5289285714285714,0.05545096503947901,48.528571428571425,4.552317858365986,58.720689655172414,10.493548334583794,11.339285714285712,2.5162198699363367,8.164285714285715,3.581145511509296,0.49307142857142855,0.06062265104815047,13.8448275862069,3.0274442553434113,27.12857142857143,4.111038180391289,0.2345357142857143,0.0723266674567329,0.4737857142857144,0.050743623677417284,16.675000000000004,2.6045010896380765,31.53928571428571,5.828495726502889,0.16751724137931034,0.058433491307673384,5.035714285714286,8.621601393129387
