Year,Team,Rslt,Rslt_std,Tm,Tm_std,Opp_score,Opp_score_std,OT,OT_std,ORtg,ORtg_std,DRtg,DRtg_std,Pace,Pace_std,FTr,FTr_std,3PAr,3PAr_std,TS%,TS%_std,TRB%,TRB%_std,AST%,AST%_std,STL%,STL%_std,BLK%,BLK%_std,eFG%,eFG%_std,TOV%,TOV%_std,ORB%,ORB%_std,FT/FGA,FT/FGA_std,eFG%_opp,eFG%_opp_std,TOV%_opp,TOV%_opp_std,ORB%_opp,ORB%_opp_std,FT/FGA_opp,FT/FGA_opp_std,Spread,Spread_std
2013,cincinnati,0.6666666666666666,0.47871355387816905,65.85185185185185,10.610965676722953,59.5,5.547772325697746,0.0,0.0,98.55925925925928,9.467688340198071,89.05925925925928,10.906640858431839,66.30740740740741,6.727722550183733,0.3732857142857143,0.12602258972776714,0.3772222222222222,0.06800188534339625,0.49029629629629634,0.05021248298275489,54.79629629629629,4.364320502356975,52.99642857142857,10.614577053832434,9.803703703703704,3.088250871819427,15.677777777777775,4.712367797234236,0.4537777777777779,0.0580446335777864,15.362962962962966,2.7631013996466627,37.699999999999996,6.59667748538261,0.2371851851851852,0.09496438078686988,0.44381481481481483,0.0477904375992303,16.307407407407407,3.8852706000132904,27.862962962962957,6.319027928416993,0.21029629629629631,0.07925169972203694,6.888888888888889,10.134986369894571
