Year,Team,Rslt,Rslt_std,Tm,Tm_std,Opp_score,Opp_score_std,OT,OT_std,ORtg,ORtg_std,DRtg,DRtg_std,Pace,Pace_std,FTr,FTr_std,3PAr,3PAr_std,TS%,TS%_std,TRB%,TRB%_std,AST%,AST%_std,STL%,STL%_std,BLK%,BLK%_std,eFG%,eFG%_std,TOV%,TOV%_std,ORB%,ORB%_std,FT/FGA,FT/FGA_std,eFG%_opp,eFG%_opp_std,TOV%_opp,TOV%_opp_std,ORB%_opp,ORB%_opp_std,FT/FGA_opp,FT/FGA_opp_std,Spread,Spread_std
2013,new-mexico-state,0.7058823529411765,0.4624972900628803,68.21428571428571,7.866276557451235,61.92857142857143,7.527375084408618,0.0,0.0,102.33793103448276,9.634032451719692,92.52758620689656,10.995450245823243,66.325,3.7326016148009704,0.47100000000000003,0.11779108939449003,0.23921428571428577,0.05086464037238089,0.5395357142857142,0.06180044476818086,56.02499999999999,5.514064508818101,48.57142857142857,9.33181960513903,8.107142857142856,2.346301829503671,13.603571428571426,4.414662618110928,0.5020357142857143,0.0678519532964053,18.4,3.744922488442777,36.01071428571429,8.636714879822298,0.3078571428571429,0.0782615341331086,0.45182142857142854,0.04504981076248212,16.06071428571428,3.2534129413887456,25.61785714285715,7.227727144997913,0.2165714285714286,0.08260680115997471,6.142857142857143,8.691052383594954
