Year,Team,Rslt,Rslt_std,Tm,Tm_std,Opp_score,Opp_score_std,OT,OT_std,ORtg,ORtg_std,DRtg,DRtg_std,Pace,Pace_std,FTr,FTr_std,3PAr,3PAr_std,TS%,TS%_std,TRB%,TRB%_std,AST%,AST%_std,STL%,STL%_std,BLK%,BLK%_std,eFG%,eFG%_std,TOV%,TOV%_std,ORB%,ORB%_std,FT/FGA,FT/FGA_std,eFG%_opp,eFG%_opp_std,TOV%_opp,TOV%_opp_std,ORB%_opp,ORB%_opp_std,FT/FGA_opp,FT/FGA_opp_std,Spread,Spread_std
2013,temple,0.71875,0.45680340939917435,73.85185185185185,6.596640775096785,68.5,9.2097774131626,0.0,0.0,105.73076923076921,7.434770701549269,98.53846153846152,11.8576583497106,68.83846153846153,2.183772318365983,0.36703846153846154,0.10956294292112849,0.37173076923076925,0.07024787979280667,0.5387037037037038,0.050649485390972825,48.56153846153845,4.759334148645328,59.229629629629635,6.901494532391285,11.615384615384617,3.2705586443532617,9.542307692307693,2.693722046080193,0.4981923076923077,0.0557178744969829,13.89615384615385,2.9789233987104495,29.599999999999998,7.123579480526949,0.26126923076923075,0.07424045134146623,0.49126923076923074,0.06342968244745212,17.484615384615385,3.0411435096282196,30.7,6.873639725569204,0.24623076923076923,0.06334938528024257,5.269230769230769,6.750156693337969
