Year,Team,Rslt,Rslt_std,Tm,Tm_std,Opp_score,Opp_score_std,OT,OT_std,ORtg,ORtg_std,DRtg,DRtg_std,Pace,Pace_std,FTr,FTr_std,3PAr,3PAr_std,TS%,TS%_std,TRB%,TRB%_std,AST%,AST%_std,STL%,STL%_std,BLK%,BLK%_std,eFG%,eFG%_std,TOV%,TOV%_std,ORB%,ORB%_std,FT/FGA,FT/FGA_std,eFG%_opp,eFG%_opp_std,TOV%_opp,TOV%_opp_std,ORB%_opp,ORB%_opp_std,FT/FGA_opp,FT/FGA_opp_std,Spread,Spread_std
2013,belmont,0.8125,0.39655776945626603,75.77777777777777,7.697818538807619,63.2962962962963,9.067332806097072,0.0,0.0,111.59615384615383,10.29801848004676,91.82692307692307,12.314887175847213,68.89999999999999,3.9784419060732805,0.3129615384615384,0.11921593207930918,0.3829615384615384,0.0474505896858876,0.6037307692307693,0.05230797850600437,48.99615384615385,5.550746311567897,57.27307692307692,7.071042791119721,13.923076923076923,3.5653115086687936,7.213333333333334,5.726991948799055,0.5759615384615385,0.048357403378784324,16.980769230769234,3.289500780455202,28.73461538461538,7.1121834795057035,0.22769230769230767,0.08110623612559972,0.4757692307692307,0.0755864049640186,21.680769230769233,3.5585411877081574,31.811538461538458,6.978270669618765,0.2698461538461539,0.08307957260732259,13.846153846153847,11.491535346305325
