Year,Team,Rslt,Rslt_std,Tm,Tm_std,Opp_score,Opp_score_std,OT,OT_std,ORtg,ORtg_std,DRtg,DRtg_std,Pace,Pace_std,FTr,FTr_std,3PAr,3PAr_std,TS%,TS%_std,TRB%,TRB%_std,AST%,AST%_std,STL%,STL%_std,BLK%,BLK%_std,eFG%,eFG%_std,TOV%,TOV%_std,ORB%,ORB%_std,FT/FGA,FT/FGA_std,eFG%_opp,eFG%_opp_std,TOV%_opp,TOV%_opp_std,ORB%_opp,ORB%_opp_std,FT/FGA_opp,FT/FGA_opp_std,Spread,Spread_std
2013,bucknell,0.8484848484848485,0.36410954062720957,67.28571428571429,5.134178450325656,57.18518518518518,5.568020204960557,0.0,0.0,105.00740740740741,7.363575945982406,89.12962962962963,7.3232934381073935,63.859259259259254,2.4078811718794886,0.3667777777777778,0.1158474903726491,0.24244444444444446,0.057041370501750295,0.545,0.04504154460873584,55.74814814814813,3.715080532346959,55.64814814814814,8.481943281074322,5.511111111111112,2.305901014176343,10.844444444444445,4.010019502478312,0.49518518518518523,0.04417451147876413,12.503571428571432,3.7210594014048026,29.103703703703697,5.846858557016322,0.27699999999999997,0.10074759016014687,0.4219259259259259,0.035083335871043626,12.403703703703705,2.8551547824783214,21.251851851851853,4.63385288853591,0.1918148148148148,0.0695131625814836,10.11111111111111,6.128956074577673
