Year,Team,Rslt,Rslt_std,Tm,Tm_std,Opp_score,Opp_score_std,OT,OT_std,ORtg,ORtg_std,DRtg,DRtg_std,Pace,Pace_std,FTr,FTr_std,3PAr,3PAr_std,TS%,TS%_std,TRB%,TRB%_std,AST%,AST%_std,STL%,STL%_std,BLK%,BLK%_std,eFG%,eFG%_std,TOV%,TOV%_std,ORB%,ORB%_std,FT/FGA,FT/FGA_std,eFG%_opp,eFG%_opp_std,TOV%_opp,TOV%_opp_std,ORB%_opp,ORB%_opp_std,FT/FGA_opp,FT/FGA_opp_std,Spread,Spread_std
2013,wichita-state,0.7647058823529411,0.43056154520204615,69.25,6.386472973170484,59.93103448275862,6.458278377858246,0.0,0.0,104.76785714285714,8.86658536184229,91.01785714285712,9.670958953999705,66.04285714285713,3.0221930437433655,0.36060714285714296,0.07932648863363234,0.3563793103448276,0.046473812743694276,0.5384285714285714,0.0564009643806627,57.33448275862068,5.189844194060231,55.54642857142858,8.71399394515457,11.328571428571431,2.9963999563497357,13.127586206896554,5.519439448228424,0.5046071428571428,0.05934353176130286,16.071428571428573,3.2695970012013023,37.896428571428565,7.229593613027208,0.2441785714285714,0.06517216718555073,0.4520714285714286,0.057725999387546384,17.485714285714288,3.3638287583264277,22.199999999999996,6.909842684600419,0.25689285714285715,0.10547119644918834,9.241379310344827,8.806065979173484
