Year,Team,Rslt,Rslt_std,Tm,Tm_std,Opp_score,Opp_score_std,OT,OT_std,ORtg,ORtg_std,DRtg,DRtg_std,Pace,Pace_std,FTr,FTr_std,3PAr,3PAr_std,TS%,TS%_std,TRB%,TRB%_std,AST%,AST%_std,STL%,STL%_std,BLK%,BLK%_std,eFG%,eFG%_std,TOV%,TOV%_std,ORB%,ORB%_std,FT/FGA,FT/FGA_std,eFG%_opp,eFG%_opp_std,TOV%_opp,TOV%_opp_std,ORB%_opp,ORB%_opp_std,FT/FGA_opp,FT/FGA_opp_std,Spread,Spread_std
2013,harvard,0.6785714285714286,0.47559486560567094,68.86363636363636,6.304159281174949,63.63636363636363,6.484747339098729,0.0,0.0,106.11818181818181,9.092992401982466,97.56818181818181,8.453254451541772,64.97272727272727,3.4079992480132493,0.5098181818181818,0.1369385111798571,0.33354545454545453,0.03671606275282338,0.5888636363636364,0.047307802089382026,49.64090909090908,3.8205782522830467,57.3304347826087,11.308823376727037,10.904347826086955,2.4389785978541334,10.672727272727274,4.246811893104197,0.5501818181818182,0.06389696793136988,18.204545454545453,3.46815132211292,24.063636363636363,8.275065556037001,0.3675909090909091,0.10019678689407213,0.48450000000000004,0.060070395212220656,17.97391304347826,2.7832644978194456,28.913636363636364,5.693964679046909,0.2240454545454546,0.07157645081790737,4.681818181818182,7.266271485342485
