Year,Team,Rslt,Rslt_std,Tm,Tm_std,Opp_score,Opp_score_std,OT,OT_std,ORtg,ORtg_std,DRtg,DRtg_std,Pace,Pace_std,FTr,FTr_std,3PAr,3PAr_std,TS%,TS%_std,TRB%,TRB%_std,AST%,AST%_std,STL%,STL%_std,BLK%,BLK%_std,eFG%,eFG%_std,TOV%,TOV%_std,ORB%,ORB%_std,FT/FGA,FT/FGA_std,eFG%_opp,eFG%_opp_std,TOV%_opp,TOV%_opp_std,ORB%_opp,ORB%_opp_std,FT/FGA_opp,FT/FGA_opp_std,Spread,Spread_std
2013,james-madison,0.5882352941176471,0.4995541684356422,65.07142857142857,8.04583430947032,63.785714285714285,8.089120003675458,0.0,0.0,98.5857142857143,10.023517320327205,97.03928571428573,11.335403055642194,65.76785714285712,3.6676820383440454,0.38517857142857154,0.086986186034603,0.32125000000000004,0.05764876086811953,0.5134285714285715,0.044856502539830506,48.70714285714285,6.007336784141142,51.36071428571429,10.324345169288131,12.110344827586207,3.1590397306308815,13.224999999999996,4.855819341932057,0.47442857142857153,0.04793547250011753,14.696428571428573,3.088986666261061,26.228571428571424,7.810385163493308,0.2695714285714286,0.06453447460620108,0.4854999999999999,0.08443340571124677,17.91785714285714,2.6293293851993926,27.117857142857144,6.234792079543012,0.27625,0.08289333842689384,1.1428571428571428,8.712333895390023
