Year,Team,Rslt,Rslt_std,Tm,Tm_std,Opp_score,Opp_score_std,OT,OT_std,ORtg,ORtg_std,DRtg,DRtg_std,Pace,Pace_std,FTr,FTr_std,3PAr,3PAr_std,TS%,TS%_std,TRB%,TRB%_std,AST%,AST%_std,STL%,STL%_std,BLK%,BLK%_std,eFG%,eFG%_std,TOV%,TOV%_std,ORB%,ORB%_std,FT/FGA,FT/FGA_std,eFG%_opp,eFG%_opp_std,TOV%_opp,TOV%_opp_std,ORB%_opp,ORB%_opp_std,FT/FGA_opp,FT/FGA_opp_std,Spread,Spread_std
2013,florida,0.7878787878787878,0.41514875026728054,72.65517241379311,7.7748489285688995,53.58620689655172,7.971006574630827,0.0,0.0,112.81111111111112,8.715694655811053,84.09629629629629,9.778606219760542,63.88148148148148,3.1758750504675626,0.2864074074074074,0.0925029144070022,0.39725925925925937,0.07172253834829403,0.5770740740740741,0.05599239366331956,54.34444444444444,4.880048339399089,55.45185185185184,9.515427569130136,10.685185185185185,4.187959270217757,9.214814814814813,5.0380630972705935,0.5568888888888889,0.06165245851566376,14.807407407407409,3.0404865407625805,32.86296296296296,7.323048343213161,0.1960740740740741,0.07363105841649137,0.4295185185185186,0.05407997665165801,18.544444444444448,4.781642245515923,25.733333333333334,5.849654822163573,0.19162962962962962,0.05937957959546761,18.074074074074073,11.041620303079567
