Year,Team,Rslt,Rslt_std,Tm,Tm_std,Opp_score,Opp_score_std,OT,OT_std,ORtg,ORtg_std,DRtg,DRtg_std,Pace,Pace_std,FTr,FTr_std,3PAr,3PAr_std,TS%,TS%_std,TRB%,TRB%_std,AST%,AST%_std,STL%,STL%_std,BLK%,BLK%_std,eFG%,eFG%_std,TOV%,TOV%_std,ORB%,ORB%_std,FT/FGA,FT/FGA_std,eFG%_opp,eFG%_opp_std,TOV%_opp,TOV%_opp_std,ORB%_opp,ORB%_opp_std,FT/FGA_opp,FT/FGA_opp_std,Spread,Spread_std
2013,southern,0.71875,0.45680340939917435,67.53846153846153,10.218535195342898,56.25925925925926,10.21534514117249,0.0,0.0,100.3653846153846,10.671042772201497,85.49230769230768,13.226335035131179,67.01153846153844,4.1549321942074515,0.37884615384615383,0.089545828404317,0.3481153846153847,0.04937880267732455,0.5278076923076922,0.06203548612255358,49.95384615384614,4.707035650532575,48.5576923076923,9.5505883830023,11.326923076923078,3.304246684774936,10.534615384615384,4.291567760871759,0.4917692307692307,0.07264781218580925,14.442307692307695,2.799453243320642,24.066666666666666,7.544636403534531,0.26496153846153847,0.057964458606446605,0.4145384615384616,0.07129669320198843,17.234615384615385,3.4609758517149243,26.334615384615386,7.9634134544273065,0.22607692307692315,0.0857101735277315,10.071428571428571,13.21314881424188
