Year,Team,Rslt,Rslt_std,Tm,Tm_std,Opp_score,Opp_score_std,OT,OT_std,ORtg,ORtg_std,DRtg,DRtg_std,Pace,Pace_std,FTr,FTr_std,3PAr,3PAr_std,TS%,TS%_std,TRB%,TRB%_std,AST%,AST%_std,STL%,STL%_std,BLK%,BLK%_std,eFG%,eFG%_std,TOV%,TOV%_std,ORB%,ORB%_std,FT/FGA,FT/FGA_std,eFG%_opp,eFG%_opp_std,TOV%_opp,TOV%_opp_std,ORB%_opp,ORB%_opp_std,FT/FGA_opp,FT/FGA_opp_std,Spread,Spread_std
2013,butler,0.7647058823529411,0.43056154520204615,68.96428571428571,7.3357679941156855,63.10344827586207,7.271985519719823,0.0,0.0,104.70000000000002,9.643036251520998,96.08275862068969,8.929328440814622,65.91428571428573,3.4167034454079315,0.3882857142857143,0.12678586705408487,0.3547857142857143,0.04962254352002551,0.5466785714285713,0.05490938904496211,56.271428571428565,4.885189798265709,53.70357142857143,9.440122493824573,8.15,2.0030532250098156,5.464516129032258,3.516205188087177,0.5123214285714286,0.053079991048750656,17.096428571428568,3.101550644776964,34.560714285714276,6.842099487498366,0.26739285714285715,0.0987073261890233,0.4732857142857143,0.04047299707290643,14.567857142857141,2.724110941808432,23.275000000000002,6.893831112480738,0.24982142857142864,0.0898847218803798,6.758620689655173,8.441628026858467
