Year,Team,Rslt,Rslt_std,Tm,Tm_std,Opp_score,Opp_score_std,OT,OT_std,ORtg,ORtg_std,DRtg,DRtg_std,Pace,Pace_std,FTr,FTr_std,3PAr,3PAr_std,TS%,TS%_std,TRB%,TRB%_std,AST%,AST%_std,STL%,STL%_std,BLK%,BLK%_std,eFG%,eFG%_std,TOV%,TOV%_std,ORB%,ORB%_std,FT/FGA,FT/FGA_std,eFG%_opp,eFG%_opp_std,TOV%_opp,TOV%_opp_std,ORB%_opp,ORB%_opp_std,FT/FGA_opp,FT/FGA_opp_std,Spread,Spread_std
2013,north-carolina,0.7058823529411765,0.46249729006288026,76.20689655172414,9.540811998779722,70.13333333333334,10.16326492929258,0.0,0.0,104.99999999999999,10.82281540696936,94.30357142857143,11.855627891360825,72.81785714285715,5.211245217755228,0.27903571428571433,0.08938451359067336,0.3103571428571428,0.06382221503736087,0.5263214285714286,0.05968500870863859,50.935714285714276,5.24299986830513,59.253571428571426,9.238986722653934,11.028571428571427,3.2917244318821304,7.982142857142857,2.974714872290884,0.5025,0.05964369514349669,13.935714285714282,2.126414872888217,32.589285714285715,7.395410953733618,0.18624999999999997,0.06348206220832954,0.48128571428571426,0.06039920108795721,18.24642857142857,3.478556761482719,29.47857142857143,5.471837469352073,0.18346428571428566,0.06007987408310099,7.892857142857143,11.855110745735393
