Year,Team,Rslt,Rslt_std,Tm,Tm_std,Opp_score,Opp_score_std,OT,OT_std,ORtg,ORtg_std,DRtg,DRtg_std,Pace,Pace_std,FTr,FTr_std,3PAr,3PAr_std,TS%,TS%_std,TRB%,TRB%_std,AST%,AST%_std,STL%,STL%_std,BLK%,BLK%_std,eFG%,eFG%_std,TOV%,TOV%_std,ORB%,ORB%_std,FT/FGA,FT/FGA_std,eFG%_opp,eFG%_opp_std,TOV%_opp,TOV%_opp_std,ORB%_opp,ORB%_opp_std,FT/FGA_opp,FT/FGA_opp_std,Spread,Spread_std
2013,villanova,0.6060606060606061,0.49619766344887317,67.03703703703704,7.423877700633283,64.72413793103448,7.7500993160647305,0.15151515151515152,0.36410954062720957,96.95925925925924,9.034517536786739,92.81111111111112,8.621455050018366,68.69259259259259,4.332961851269683,0.5081851851851851,0.12337031092703633,0.3487407407407407,0.050755517011675765,0.5240740740740739,0.05110917870743129,53.340740740740735,4.814661842847187,58.048148148148144,7.807608240603933,10.781481481481485,3.3596058648227722,10.292857142857141,5.553305893718295,0.4711851851851852,0.053804515850678615,19.32222222222222,3.412796432132964,30.025925925925932,7.663077941190702,0.37096296296296294,0.10546216291290356,0.46796428571428567,0.05001516965648718,19.07777777777778,4.457692860777382,25.999999999999996,6.2604988741989365,0.27051851851851855,0.08574352201158737,2.25,10.60965667751859
