Year,Team,Rslt,Rslt_std,Tm,Tm_std,Opp_score,Opp_score_std,OT,OT_std,ORtg,ORtg_std,DRtg,DRtg_std,Pace,Pace_std,FTr,FTr_std,3PAr,3PAr_std,TS%,TS%_std,TRB%,TRB%_std,AST%,AST%_std,STL%,STL%_std,BLK%,BLK%_std,eFG%,eFG%_std,TOV%,TOV%_std,ORB%,ORB%_std,FT/FGA,FT/FGA_std,eFG%_opp,eFG%_opp_std,TOV%_opp,TOV%_opp_std,ORB%_opp,ORB%_opp_std,FT/FGA_opp,FT/FGA_opp_std,Spread,Spread_std
2013,michigan,0.7878787878787878,0.41514875026728054,75.11111111111111,8.51845658344882,63.75,8.369366540921499,0.0,0.0,115.13703703703702,10.769799232045857,96.7,10.624325686663429,65.5888888888889,3.4248338907875784,0.29085185185185186,0.10424516358591476,0.3435714285714285,0.05083774375870934,0.5711481481481481,0.053160644569588605,51.75925925925925,7.115057665546048,50.90357142857143,9.249724005606556,8.788888888888888,2.7674388789489,7.159259259259259,3.3711741003417215,0.5419999999999999,0.06214916345791404,12.385714285714284,3.650237362724896,28.95172413793103,6.660417226831062,0.20960714285714285,0.08505916863755587,0.4781111111111111,0.05471276980273601,15.814814814814813,3.2032079717903597,27.707142857142863,7.341506988876661,0.147,0.07795018132904355,12.222222222222221,10.735753828046276
