Year,Team,Rslt,Rslt_std,Tm,Tm_std,Opp_score,Opp_score_std,OT,OT_std,ORtg,ORtg_std,DRtg,DRtg_std,Pace,Pace_std,FTr,FTr_std,3PAr,3PAr_std,TS%,TS%_std,TRB%,TRB%_std,AST%,AST%_std,STL%,STL%_std,BLK%,BLK%_std,eFG%,eFG%_std,TOV%,TOV%_std,ORB%,ORB%_std,FT/FGA,FT/FGA_std,eFG%_opp,eFG%_opp_std,TOV%_opp,TOV%_opp_std,ORB%_opp,ORB%_opp_std,FT/FGA_opp,FT/FGA_opp_std,Spread,Spread_std
2013,ohio-state,0.7878787878787878,0.41514875026728054,69.0,7.661090502814054,57.55172413793103,9.26817213793125,0.0,0.0,107.26296296296296,9.3268903280184,89.13333333333333,11.531495333016643,64.60740740740742,4.358892407474979,0.33818518518518526,0.08315279589038162,0.30811111111111117,0.06576434229845775,0.5395555555555556,0.050400956441881244,53.11851851851851,5.124153741541286,52.58148148148148,10.458380409878043,10.333333333333334,2.897080758811691,12.296428571428573,4.604143234157135,0.5066296296296295,0.06390145547165582,13.881481481481485,2.936512457508978,30.16296296296296,6.674817666662579,0.23522222222222225,0.07094436245469096,0.4553333333333334,0.0667711360947574,17.574074074074073,3.5501454566725523,24.41481481481481,6.016944260471276,0.19570370370370369,0.08731191425212467,11.11111111111111,10.161516139652107
