Year,Team,Rslt,Rslt_std,Tm,Tm_std,Opp_score,Opp_score_std,OT,OT_std,ORtg,ORtg_std,DRtg,DRtg_std,Pace,Pace_std,FTr,FTr_std,3PAr,3PAr_std,TS%,TS%_std,TRB%,TRB%_std,AST%,AST%_std,STL%,STL%_std,BLK%,BLK%_std,eFG%,eFG%_std,TOV%,TOV%_std,ORB%,ORB%_std,FT/FGA,FT/FGA_std,eFG%_opp,eFG%_opp_std,TOV%_opp,TOV%_opp_std,ORB%_opp,ORB%_opp_std,FT/FGA_opp,FT/FGA_opp_std,Spread,Spread_std
2013,michigan-state,0.7575757575757576,0.4351941398892446,67.35714285714286,6.987895808516884,59.51851851851852,7.2820663295859935,0.0,0.0,102.6111111111111,9.256238367606395,91.06296296296297,12.239977003125334,65.85555555555555,2.9625006761873074,0.3801481481481482,0.1283327117312063,0.26933333333333337,0.05351060283144469,0.5427407407407409,0.05267797130650211,54.94814814814814,3.5211853740958357,53.8,9.479329739369357,11.918518518518518,3.49846527198131,9.825000000000001,4.631024604651642,0.5057037037037038,0.05275328266476724,17.29259259259259,3.142870555341936,33.63928571428571,6.340425227340203,0.2814642857142857,0.10491530345698334,0.4517037037037038,0.063082250834687,16.703703703703702,4.059696983906509,25.28518518518518,5.113383924241868,0.2129285714285715,0.07636701274058476,7.851851851851852,8.596527490811908
