Year,Team,Rslt,Rslt_std,Tm,Tm_std,Opp_score,Opp_score_std,OT,OT_std,ORtg,ORtg_std,DRtg,DRtg_std,Pace,Pace_std,FTr,FTr_std,3PAr,3PAr_std,TS%,TS%_std,TRB%,TRB%_std,AST%,AST%_std,STL%,STL%_std,BLK%,BLK%_std,eFG%,eFG%_std,TOV%,TOV%_std,ORB%,ORB%_std,FT/FGA,FT/FGA_std,eFG%_opp,eFG%_opp_std,TOV%_opp,TOV%_opp_std,ORB%_opp,ORB%_opp_std,FT/FGA_opp,FT/FGA_opp_std,Spread,Spread_std
2013,kansas,0.8529411764705882,0.3594906279535709,75.37931034482759,10.033564361337573,60.464285714285715,8.565573396979772,0.0,0.0,107.78928571428571,10.54002386973593,87.53214285714287,9.943658078334954,68.97586206896551,4.204220258299458,0.3905,0.08892339607983024,0.29157142857142865,0.04975750721056597,0.5709285714285712,0.05352391543795655,55.13928571428574,3.344795768078931,58.57142857142856,8.616042622700428,10.635714285714288,3.2144597248606686,17.532142857142855,5.67072100526703,0.53225,0.06049586762746693,16.914285714285715,2.028996154955794,32.63571428571428,4.066321869327801,0.28928571428571426,0.07628400013927349,0.41941379310344834,0.05557653490032546,15.707142857142857,3.0612184177314434,26.120689655172416,5.58898018491649,0.22635714285714284,0.06769606054828164,14.25,10.05770388346204
