Year,Team,Rslt,Rslt_std,Tm,Tm_std,Opp_score,Opp_score_std,OT,OT_std,ORtg,ORtg_std,DRtg,DRtg_std,Pace,Pace_std,FTr,FTr_std,3PAr,3PAr_std,TS%,TS%_std,TRB%,TRB%_std,AST%,AST%_std,STL%,STL%_std,BLK%,BLK%_std,eFG%,eFG%_std,TOV%,TOV%_std,ORB%,ORB%_std,FT/FGA,FT/FGA_std,eFG%_opp,eFG%_opp_std,TOV%_opp,TOV%_opp_std,ORB%_opp,ORB%_opp_std,FT/FGA_opp,FT/FGA_opp_std,Spread,Spread_std
2013,montana,0.8064516129032258,0.4016096644512494,70.56,6.513319686099657,64.12,7.666594202556091,0.12903225806451613,0.3407771005482389,106.976,7.624591792351901,97.428,10.729457892487703,64.63999999999999,3.4996428389194234,0.39299999999999996,0.09493374882867876,0.36103999999999997,0.05927512125672962,0.58472,0.029596621428805002,48.768,4.318441076746716,53.292,9.86854936992599,8.361538461538462,3.5277275317775802,8.204,3.8907454298630233,0.5402800000000001,0.03302716053997578,16.676,3.166001684564723,22.983999999999995,7.589393915195073,0.29956000000000005,0.08971811411303739,0.4703461538461538,0.05614904615944411,15.643999999999997,3.2690569486219316,28.736,5.290469418366074,0.23352,0.07645702496609888,7.16,6.974238309665077
