Year,Team,Rslt,Rslt_std,Tm,Tm_std,Opp_score,Opp_score_std,OT,OT_std,ORtg,ORtg_std,DRtg,DRtg_std,Pace,Pace_std,FTr,FTr_std,3PAr,3PAr_std,TS%,TS%_std,TRB%,TRB%_std,AST%,AST%_std,STL%,STL%_std,BLK%,BLK%_std,eFG%,eFG%_std,TOV%,TOV%_std,ORB%,ORB%_std,FT/FGA,FT/FGA_std,eFG%_opp,eFG%_opp_std,TOV%_opp,TOV%_opp_std,ORB%_opp,ORB%_opp_std,FT/FGA_opp,FT/FGA_opp_std,Spread,Spread_std
2013,new-mexico,0.8529411764705882,0.35949062795357095,67.67857142857143,7.418962548160308,59.607142857142854,6.261814230741555,0.0,0.0,102.49285714285712,9.423922615361263,90.00357142857145,7.998031338461065,65.79285714285713,3.633275083266862,0.4603214285714285,0.14326588944813445,0.3482142857142857,0.04587854912528587,0.5350000000000001,0.04921758192323521,51.81428571428571,4.578995060839853,67.1892857142857,8.749956160132049,9.382142857142856,2.2124318062608164,10.867857142857146,4.085208510153254,0.48167857142857146,0.06162614498759229,14.560714285714283,3.151288893948267,26.849999999999998,5.835935927351169,0.33232142857142855,0.12192986860135156,0.45267857142857154,0.050139105438568546,16.3,3.3392170295400643,25.67142857142857,7.113620588954537,0.16942857142857146,0.06347786349144993,7.678571428571429,5.040969714387864
