Year,Team,Rslt,Rslt_std,Tm,Tm_std,Opp_score,Opp_score_std,OT,OT_std,ORtg,ORtg_std,DRtg,DRtg_std,Pace,Pace_std,FTr,FTr_std,3PAr,3PAr_std,TS%,TS%_std,TRB%,TRB%_std,AST%,AST%_std,STL%,STL%_std,BLK%,BLK%_std,eFG%,eFG%_std,TOV%,TOV%_std,ORB%,ORB%_std,FT/FGA,FT/FGA_std,eFG%_opp,eFG%_opp_std,TOV%_opp,TOV%_opp_std,ORB%_opp,ORB%_opp_std,FT/FGA_opp,FT/FGA_opp_std,Spread,Spread_std
2014,louisville,0.8529411764705882,0.3594906279535709,80.66666666666667,9.382056731108971,61.214285714285715,7.685277617854287,0.0,0.0,116.81785714285716,11.428426338364726,88.28620689655172,10.417523839937445,70.1285714285714,3.1556952797145517,0.39828571428571424,0.09452879519856963,0.35421428571428565,0.06508988494146477,0.5643214285714285,0.05262660471481628,52.65172413793104,5.071955152013808,53.596428571428575,9.483923322512766,14.26785714285714,3.458221933566286,12.296428571428569,3.9126085021383483,0.5402142857142856,0.06480818257828659,12.335714285714287,2.554765233211341,36.60714285714285,4.4463825139451805,0.25250000000000006,0.06681344952206134,0.4438620689655173,0.06440703385385961,20.927586206896557,4.72825069976233,30.925000000000008,7.128847239418373,0.2619642857142857,0.07873983515484168,20.03448275862069,13.446940062495072
