Year,Team,Rslt,Rslt_std,Tm,Tm_std,Opp_score,Opp_score_std,OT,OT_std,ORtg,ORtg_std,DRtg,DRtg_std,Pace,Pace_std,FTr,FTr_std,3PAr,3PAr_std,TS%,TS%_std,TRB%,TRB%_std,AST%,AST%_std,STL%,STL%_std,BLK%,BLK%_std,eFG%,eFG%_std,TOV%,TOV%_std,ORB%,ORB%_std,FT/FGA,FT/FGA_std,eFG%_opp,eFG%_opp_std,TOV%_opp,TOV%_opp_std,ORB%_opp,ORB%_opp_std,FT/FGA_opp,FT/FGA_opp_std,Spread,Spread_std
2014,saint-josephs,0.7272727272727273,0.45226701686664544,71.5925925925926,7.212485218005166,66.74074074074075,7.654021530152994,0.0,0.0,105.82592592592593,9.647661836806828,98.51481481481481,8.173724492529221,67.5185185185185,2.867729876378639,0.42985185185185193,0.10481144377613899,0.3601851851851852,0.060740961364341185,0.562111111111111,0.06299287709021206,51.981481481481474,5.09494750007201,56.303703703703704,10.805357698186349,6.322222222222222,2.4118829754321593,12.159259259259258,4.834512087326613,0.5354444444444445,0.06672523068717269,15.762962962962964,3.2722784520584844,27.63333333333333,6.301587101675259,0.27907407407407403,0.08534406649914031,0.4787407407407407,0.05038054614828457,13.181481481481486,2.719592310656569,24.20740740740741,7.1029206303802574,0.20288888888888887,0.06938816865084385,4.925925925925926,8.434936167402109
