Year,Team,Rslt,Rslt_std,Tm,Tm_std,Opp_score,Opp_score_std,OT,OT_std,ORtg,ORtg_std,DRtg,DRtg_std,Pace,Pace_std,FTr,FTr_std,3PAr,3PAr_std,TS%,TS%_std,TRB%,TRB%_std,AST%,AST%_std,STL%,STL%_std,BLK%,BLK%_std,eFG%,eFG%_std,TOV%,TOV%_std,ORB%,ORB%_std,FT/FGA,FT/FGA_std,eFG%_opp,eFG%_opp_std,TOV%_opp,TOV%_opp_std,ORB%_opp,ORB%_opp_std,FT/FGA_opp,FT/FGA_opp_std,Spread,Spread_std
2014,wofford,0.625,0.4918693768379647,67.07692307692308,8.004614054021976,62.11538461538461,6.653281434461784,0.0,0.0,103.65185185185184,12.649091495815645,96.78461538461536,10.956119470239171,64.13846153846154,3.8584014226699557,0.32584615384615384,0.06116122451860643,0.301,0.06260351427835341,0.5311538461538461,0.0514009278575337,51.34615384615385,5.713018870560871,52.57307692307692,11.007508626108189,9.642307692307694,2.5112822345444292,4.1,3.0626785662227105,0.5041538461538462,0.06457410769507685,13.746153846153845,3.156482950276243,29.81923076923077,6.209735532582316,0.21492307692307694,0.03817844740365755,0.49153846153846165,0.06753560884110293,17.534615384615385,4.365037668354518,25.180769230769233,7.1520077869515335,0.2744615384615385,0.0780974933114915,4.846153846153846,12.562459337859949
