Year,Team,Rslt,Rslt_std,Tm,Tm_std,Opp_score,Opp_score_std,OT,OT_std,ORtg,ORtg_std,DRtg,DRtg_std,Pace,Pace_std,FTr,FTr_std,3PAr,3PAr_std,TS%,TS%_std,TRB%,TRB%_std,AST%,AST%_std,STL%,STL%_std,BLK%,BLK%_std,eFG%,eFG%_std,TOV%,TOV%_std,ORB%,ORB%_std,FT/FGA,FT/FGA_std,eFG%_opp,eFG%_opp_std,TOV%_opp,TOV%_opp_std,ORB%_opp,ORB%_opp_std,FT/FGA_opp,FT/FGA_opp_std,Spread,Spread_std
2014,michigan-state,0.7647058823529411,0.4305615452020462,76.21428571428571,10.264491626953006,66.83333333333333,8.73393434801306,0.0,0.0,111.11785714285713,11.460917601794904,96.40357142857144,9.145874688050554,67.05714285714285,4.336274947841802,0.3348928571428571,0.13242841232731892,0.3548928571428572,0.062446029607626886,0.5650357142857143,0.053475146281625724,54.885714285714286,5.067376725516556,61.29310344827587,8.721563221385862,10.489655172413793,3.4805936303602625,13.803571428571429,3.845775184860235,0.5409285714285714,0.05844904623080693,14.217857142857143,3.1631036764110134,32.06428571428571,6.122769543132167,0.23007142857142848,0.09152491203934326,0.47155172413793106,0.0530273421432597,15.803571428571429,3.530342774550384,23.48928571428571,4.954484634088392,0.28317857142857145,0.09569165510713491,9.464285714285714,8.569896247512084
