Year,Team,Rslt,Rslt_std,Tm,Tm_std,Opp_score,Opp_score_std,OT,OT_std,ORtg,ORtg_std,DRtg,DRtg_std,Pace,Pace_std,FTr,FTr_std,3PAr,3PAr_std,TS%,TS%_std,TRB%,TRB%_std,AST%,AST%_std,STL%,STL%_std,BLK%,BLK%_std,eFG%,eFG%_std,TOV%,TOV%_std,ORB%,ORB%_std,FT/FGA,FT/FGA_std,eFG%_opp,eFG%_opp_std,TOV%_opp,TOV%_opp_std,ORB%_opp,ORB%_opp_std,FT/FGA_opp,FT/FGA_opp_std,Spread,Spread_std
2014,western-michigan,0.71875,0.45680340939917435,73.15384615384616,8.938421819056462,66.92307692307692,9.006322565500648,0.125,0.3360107525161235,106.19615384615382,11.528693968328962,97.51851851851853,12.166158518834658,68.21153846153848,3.2942770889015307,0.5169230769230769,0.16789614005733974,0.354576923076923,0.048732882596393225,0.5743076923076923,0.056367912312427694,52.43461538461539,5.59055935002517,48.31538461538462,10.003027234100378,8.523076923076921,3.213012006489573,9.523076923076923,4.339060515116856,0.5273846153846153,0.07617877758172649,17.749999999999996,3.6082405684765533,30.615384615384617,6.605373104235206,0.3690769230769231,0.11999464090597482,0.46780769230769237,0.0648333366290949,16.11851851851852,3.625448199033417,28.77307692307693,6.456163423725127,0.24069230769230765,0.08595104152051643,4.6923076923076925,7.938610612792296
