Year,Team,Rslt,Rslt_std,Tm,Tm_std,Opp_score,Opp_score_std,OT,OT_std,ORtg,ORtg_std,DRtg,DRtg_std,Pace,Pace_std,FTr,FTr_std,3PAr,3PAr_std,TS%,TS%_std,TRB%,TRB%_std,AST%,AST%_std,STL%,STL%_std,BLK%,BLK%_std,eFG%,eFG%_std,TOV%,TOV%_std,ORB%,ORB%_std,FT/FGA,FT/FGA_std,eFG%_opp,eFG%_opp_std,TOV%_opp,TOV%_opp_std,ORB%_opp,ORB%_opp_std,FT/FGA_opp,FT/FGA_opp_std,Spread,Spread_std
2014,eastern-kentucky,0.7272727272727273,0.45226701686664544,78.55555555555556,8.441351210346022,71.0,6.696727099572883,0.0,0.0,113.85555555555555,11.614226466289368,103.68888888888888,8.050863944721103,68.89259259259259,3.3762662497459797,0.45525925925925925,0.1407202879125801,0.44296428571428575,0.0748912703921651,0.6077142857142857,0.06609300805898999,44.22222222222222,4.840798832148815,55.61111111111113,10.07034234134048,11.985185185185184,2.179397182656727,5.746666666666667,4.467718181256114,0.5707037037037038,0.08131364480767561,13.800000000000002,2.4896709699198283,20.74074074074074,5.867004166671257,0.3382592592592592,0.10989386228839611,0.5525185185185185,0.05554718740395438,21.281481481481478,3.3022180234872245,31.3074074074074,6.97318633304228,0.3871481481481482,0.08574322296776746,7.518518518518518,9.21691743217693
