Year,Team,Rslt,Rslt_std,Tm,Tm_std,Opp_score,Opp_score_std,OT,OT_std,ORtg,ORtg_std,DRtg,DRtg_std,Pace,Pace_std,FTr,FTr_std,3PAr,3PAr_std,TS%,TS%_std,TRB%,TRB%_std,AST%,AST%_std,STL%,STL%_std,BLK%,BLK%_std,eFG%,eFG%_std,TOV%,TOV%_std,ORB%,ORB%_std,FT/FGA,FT/FGA_std,eFG%_opp,eFG%_opp_std,TOV%_opp,TOV%_opp_std,ORB%_opp,ORB%_opp_std,FT/FGA_opp,FT/FGA_opp_std,Spread,Spread_std
2014,coastal-carolina,0.6363636363636364,0.48850421045919723,72.22222222222223,6.795549071229431,68.53571428571429,7.198158935692658,0.0,0.0,100.99259259259259,8.068787246874688,96.03703703703704,8.895035268151128,70.40370370370371,4.338333735564796,0.3916296296296297,0.1400269611808735,0.3125555555555555,0.05397815322555066,0.5290370370370371,0.07141400502674608,53.237037037037034,4.9023658455067265,40.01851851851852,8.700134262316656,8.97777777777778,1.9904258016301115,7.862962962962963,3.7742190377254663,0.4920740740740741,0.07691400088906787,17.322222222222223,3.684826823332233,31.948148148148153,8.35971891183551,0.2683333333333333,0.09344023182268399,0.4715555555555557,0.05744718867951231,15.851851851851851,2.8059511441509137,27.06666666666667,5.846892665865678,0.25037037037037035,0.05836565649035277,3.740740740740741,8.658444488974967
