Year,Team,Rslt,Rslt_std,Tm,Tm_std,Opp_score,Opp_score_std,OT,OT_std,ORtg,ORtg_std,DRtg,DRtg_std,Pace,Pace_std,FTr,FTr_std,3PAr,3PAr_std,TS%,TS%_std,TRB%,TRB%_std,AST%,AST%_std,STL%,STL%_std,BLK%,BLK%_std,eFG%,eFG%_std,TOV%,TOV%_std,ORB%,ORB%_std,FT/FGA,FT/FGA_std,eFG%_opp,eFG%_opp_std,TOV%_opp,TOV%_opp_std,ORB%_opp,ORB%_opp_std,FT/FGA_opp,FT/FGA_opp_std,Spread,Spread_std
2014,iowa,0.625,0.4918693768379647,81.07407407407408,7.785222322431557,70.46153846153847,9.11802947672695,0.0,0.0,111.8296296296296,10.502373900688243,97.97307692307692,12.605032572502386,71.64615384615385,4.532039785282628,0.4527692307692307,0.13339334546889742,0.2777307692307693,0.048767659523342055,0.5611851851851853,0.05217650299116897,56.11538461538463,5.076825173881198,57.43846153846153,8.880543988881623,9.915384615384616,2.5505595162932084,14.100000000000001,4.439279220774472,0.5095384615384616,0.052751667855513926,12.984615384615383,3.498764617140434,37.176923076923075,6.2134890483404055,0.32666666666666666,0.09735857593295164,0.47984615384615387,0.06762466550464692,15.369230769230768,2.8177678017564514,26.026923076923083,6.340382177270244,0.23740740740740734,0.07986009846998267,9.185185185185185,13.708607731127401
