Year,Team,Rslt,Rslt_std,Tm,Tm_std,Opp_score,Opp_score_std,OT,OT_std,ORtg,ORtg_std,DRtg,DRtg_std,Pace,Pace_std,FTr,FTr_std,3PAr,3PAr_std,TS%,TS%_std,TRB%,TRB%_std,AST%,AST%_std,STL%,STL%_std,BLK%,BLK%_std,eFG%,eFG%_std,TOV%,TOV%_std,ORB%,ORB%_std,FT/FGA,FT/FGA_std,eFG%_opp,eFG%_opp_std,TOV%_opp,TOV%_opp_std,ORB%_opp,ORB%_opp_std,FT/FGA_opp,FT/FGA_opp_std,Spread,Spread_std
2014,colorado,0.6764705882352942,0.47485807993381707,70.5,10.447399109259115,66.23333333333333,6.360889838712025,0.0,0.0,102.86428571428571,11.837987012492306,98.10714285714288,8.362213448400714,67.72142857142858,4.236294427467296,0.4781071428571427,0.14014710242263417,0.30478571428571427,0.058342765677316895,0.5312142857142856,0.0613492474177977,55.128571428571426,5.3673123933717815,47.33571428571429,9.688795142986116,8.514285714285712,2.7247445392610303,8.917857142857141,4.367476902898801,0.48271428571428565,0.062117485546197136,16.360714285714284,3.030259649761642,33.24285714285715,6.819385688170245,0.3454642857142856,0.11624223817747119,0.4926428571428571,0.06241807328823818,15.950000000000001,3.2441970986385544,24.385714285714283,6.680469837419913,0.21171428571428566,0.06418021914188615,3.9655172413793105,11.806423066101075
