Year,Team,Rslt,Rslt_std,Tm,Tm_std,Opp_score,Opp_score_std,OT,OT_std,ORtg,ORtg_std,DRtg,DRtg_std,Pace,Pace_std,FTr,FTr_std,3PAr,3PAr_std,TS%,TS%_std,TRB%,TRB%_std,AST%,AST%_std,STL%,STL%_std,BLK%,BLK%_std,eFG%,eFG%_std,TOV%,TOV%_std,ORB%,ORB%_std,FT/FGA,FT/FGA_std,eFG%_opp,eFG%_opp_std,TOV%_opp,TOV%_opp_std,ORB%_opp,ORB%_opp_std,FT/FGA_opp,FT/FGA_opp_std,Spread,Spread_std
2014,harvard,0.8666666666666667,0.34574590364176044,73.66666666666667,7.364230038365927,59.458333333333336,9.97378811061085,0.0,0.0,110.54583333333333,9.374803379580667,89.67500000000001,11.639223416496929,66.25833333333334,3.235525179689658,0.48433333333333334,0.14425932768174266,0.28124999999999994,0.06011384127672659,0.573375,0.05665671800988983,54.083333333333336,5.831598085592325,56.99583333333334,6.687202519456988,11.245833333333335,2.8737158442725663,13.787499999999996,4.276661894108738,0.530625,0.06840532174822556,14.45833333333333,2.5823677484831236,30.641666666666662,7.587456276883787,0.35183333333333344,0.09766565266328242,0.46045833333333325,0.0595555854108008,18.933333333333334,3.8081910194447586,25.683333333333334,6.597210653435064,0.25612499999999994,0.07027480994669055,13.208333333333334,8.520967319381702
