Year,Team,Rslt,Rslt_std,Tm,Tm_std,Opp_score,Opp_score_std,OT,OT_std,ORtg,ORtg_std,DRtg,DRtg_std,Pace,Pace_std,FTr,FTr_std,3PAr,3PAr_std,TS%,TS%_std,TRB%,TRB%_std,AST%,AST%_std,STL%,STL%_std,BLK%,BLK%_std,eFG%,eFG%_std,TOV%,TOV%_std,ORB%,ORB%_std,FT/FGA,FT/FGA_std,eFG%_opp,eFG%_opp_std,TOV%_opp,TOV%_opp_std,ORB%_opp,ORB%_opp_std,FT/FGA_opp,FT/FGA_opp_std,Spread,Spread_std
2014,new-mexico,0.8181818181818182,0.39167472590032015,73.96296296296296,7.920185902448548,65.92592592592592,8.099980654895827,0.0,0.0,109.85555555555555,8.667504890430752,97.84074074074071,8.784481914553783,66.23571428571427,4.647597092063675,0.4772222222222222,0.1524773207179787,0.31700000000000006,0.060402496127739104,0.5604444444444444,0.051649211278014945,54.07142857142857,6.041330313571009,60.9888888888889,10.558020404971515,6.9296296296296305,2.5849884413987705,13.325925925925926,4.333198551487075,0.5200000000000001,0.05097284344855375,13.518518518518519,3.301868589501433,32.04814814814815,5.395751203876163,0.34777777777777774,0.11693566059140692,0.44996296296296306,0.049494740576442514,12.248148148148148,2.804854359357715,26.05555555555555,9.02455340183458,0.22362962962962957,0.08419261257020126,8.25925925925926,6.211605717046566
