Year,Team,Rslt,Rslt_std,Tm,Tm_std,Opp_score,Opp_score_std,OT,OT_std,ORtg,ORtg_std,DRtg,DRtg_std,Pace,Pace_std,FTr,FTr_std,3PAr,3PAr_std,TS%,TS%_std,TRB%,TRB%_std,AST%,AST%_std,STL%,STL%_std,BLK%,BLK%_std,eFG%,eFG%_std,TOV%,TOV%_std,ORB%,ORB%_std,FT/FGA,FT/FGA_std,eFG%_opp,eFG%_opp_std,TOV%_opp,TOV%_opp_std,ORB%_opp,ORB%_opp_std,FT/FGA_opp,FT/FGA_opp_std,Spread,Spread_std
2014,new-mexico-state,0.7428571428571429,0.44343957363115993,77.27586206896552,8.021829822090549,67.43333333333334,9.8634935873212,0.0,0.0,112.25172413793102,10.095671657046726,96.62666666666665,10.905232320038989,68.66206896551725,4.546381119174699,0.5360689655172414,0.14498963781557503,0.26948275862068966,0.04900846915851466,0.5821379310344826,0.059310757960527004,55.703448275862065,5.725412197177266,51.636666666666656,7.214902361914126,6.648275862068967,2.218529224775339,13.082758620689654,3.5503590327013046,0.5450344827586207,0.06355733225017095,15.831034482758621,2.991309250893788,36.93103448275862,5.874953096972401,0.37368965517241387,0.10906816461286814,0.44324137931034485,0.0564184969494009,13.544827586206894,2.992083149973389,28.87586206896552,7.444684353493619,0.23896551724137927,0.0956072631575285,10.241379310344827,10.084128875238248
