Year,Team,Rslt,Rslt_std,Tm,Tm_std,Opp_score,Opp_score_std,OT,OT_std,ORtg,ORtg_std,DRtg,DRtg_std,Pace,Pace_std,FTr,FTr_std,3PAr,3PAr_std,TS%,TS%_std,TRB%,TRB%_std,AST%,AST%_std,STL%,STL%_std,BLK%,BLK%_std,eFG%,eFG%_std,TOV%,TOV%_std,ORB%,ORB%_std,FT/FGA,FT/FGA_std,eFG%_opp,eFG%_opp_std,TOV%_opp,TOV%_opp_std,ORB%_opp,ORB%_opp_std,FT/FGA_opp,FT/FGA_opp_std,Spread,Spread_std
2014,creighton,0.7878787878787878,0.41514875026728054,79.51724137931035,9.99149884957626,67.22222222222223,6.512315748660873,0.0,0.0,119.8888888888889,11.663959392845499,101.55925925925925,10.923625041422103,66.12222222222222,3.6543265541139807,0.3476296296296296,0.11845841469222866,0.44559259259259254,0.0627193132193924,0.6216666666666667,0.06165661733778834,51.581481481481475,4.5915505205035245,64.95555555555556,9.143527905797768,5.825925925925925,2.4770628687702816,3.1838709677419357,3.831631225661255,0.594888888888889,0.0707494676975536,13.25185185185185,2.50957709743638,24.9962962962963,6.562157330627545,0.2629310344827587,0.10407103722062801,0.47885185185185186,0.0513297812068826,12.833333333333329,2.825570058208813,27.04444444444445,4.542731585336102,0.2288888888888889,0.08525722768067744,11.071428571428571,11.045121502034688
