Year,Team,Rslt,Rslt_std,Tm,Tm_std,Opp_score,Opp_score_std,OT,OT_std,ORtg,ORtg_std,DRtg,DRtg_std,Pace,Pace_std,FTr,FTr_std,3PAr,3PAr_std,TS%,TS%_std,TRB%,TRB%_std,AST%,AST%_std,STL%,STL%_std,BLK%,BLK%_std,eFG%,eFG%_std,TOV%,TOV%_std,ORB%,ORB%_std,FT/FGA,FT/FGA_std,eFG%_opp,eFG%_opp_std,TOV%_opp,TOV%_opp_std,ORB%_opp,ORB%_opp_std,FT/FGA_opp,FT/FGA_opp_std,Spread,Spread_std
2014,north-carolina-state,0.6176470588235294,0.4932702180563817,70.17241379310344,7.824270689505834,68.75862068965517,7.971624553976225,0.0,0.0,105.98571428571427,10.093771980990695,102.09655172413792,9.378260680905324,66.48928571428573,3.75433964067799,0.3682500000000001,0.10183196943985716,0.2590357142857143,0.06072371075304149,0.5256785714285714,0.040821248616674355,49.88214285714287,5.055986812235832,49.56785714285716,7.096741744367156,6.989655172413794,1.6209223184846262,8.83548387096774,5.564743084042412,0.4942142857142858,0.04990981284266068,13.003448275862068,3.197150825190263,33.42142857142857,4.40709504917772,0.24585714285714283,0.07440266536728785,0.47472413793103446,0.06776108056553456,14.414285714285715,2.4649715325099915,33.98571428571427,7.533712590537642,0.3083214285714285,0.08221654045147803,2.357142857142857,9.145791526461919
