Year,Team,Rslt,Rslt_std,Tm,Tm_std,Opp_score,Opp_score_std,OT,OT_std,ORtg,ORtg_std,DRtg,DRtg_std,Pace,Pace_std,FTr,FTr_std,3PAr,3PAr_std,TS%,TS%_std,TRB%,TRB%_std,AST%,AST%_std,STL%,STL%_std,BLK%,BLK%_std,eFG%,eFG%_std,TOV%,TOV%_std,ORB%,ORB%_std,FT/FGA,FT/FGA_std,eFG%_opp,eFG%_opp_std,TOV%_opp,TOV%_opp_std,ORB%_opp,ORB%_opp_std,FT/FGA_opp,FT/FGA_opp_std,Spread,Spread_std
2014,providence,0.6764705882352942,0.47485807993381707,73.67857142857143,7.6160336300444635,69.75,9.276114288660759,0.17647058823529413,0.3869529949759475,106.99285714285715,10.418072920950562,101.33214285714288,11.166850863204816,66.55357142857142,3.2111474980088124,0.4228928571428571,0.10759124957043202,0.31632142857142853,0.05134996380786244,0.5373928571428571,0.04773564495156422,52.85714285714287,4.824661075905177,55.60000000000001,8.805679985100525,7.871428571428572,2.152493324781174,11.114285714285716,4.859714538614938,0.483655172413793,0.059198983981429074,14.37142857142857,2.4110635647422307,33.41071428571429,7.139578745002024,0.3290714285714286,0.08771921896404103,0.4798571428571428,0.0539950027082166,13.978571428571428,3.4967029065866058,27.76071428571429,6.366191912823511,0.23289285714285715,0.071196306232585,3.2857142857142856,7.826153413310862
