Year,Team,Rslt,Rslt_std,Tm,Tm_std,Opp_score,Opp_score_std,OT,OT_std,ORtg,ORtg_std,DRtg,DRtg_std,Pace,Pace_std,FTr,FTr_std,3PAr,3PAr_std,TS%,TS%_std,TRB%,TRB%_std,AST%,AST%_std,STL%,STL%_std,BLK%,BLK%_std,eFG%,eFG%_std,TOV%,TOV%_std,ORB%,ORB%_std,FT/FGA,FT/FGA_std,eFG%_opp,eFG%_opp_std,TOV%_opp,TOV%_opp_std,ORB%_opp,ORB%_opp_std,FT/FGA_opp,FT/FGA_opp_std,Spread,Spread_std
2014,san-diego-state,0.8787878787878788,0.33143398263980844,69.48148148148148,7.018494087712781,56.758620689655174,9.329887353529871,0.0,0.0,105.4888888888889,9.938980497683522,87.46296296296296,14.306565145687706,65.60740740740741,4.552338868514642,0.4648518518518518,0.10626986826135103,0.2522592592592593,0.03976139661743109,0.5123571428571428,0.05905942662281673,54.025925925925925,4.154848196115418,39.15714285714285,10.460770758778956,11.825000000000001,3.902859825155756,13.903703703703705,4.658365632962957,0.47588888888888903,0.07345450362342736,12.637037037037036,2.658245249458335,34.589285714285715,5.651832825350931,0.3058888888888889,0.08732535684850048,0.4361851851851853,0.07817782345251163,18.433333333333334,3.2460627037879406,25.303571428571427,4.644429729603788,0.21814285714285717,0.08030622607923962,11.142857142857142,10.717636160447176
