Year,Team,Rslt,Rslt_std,Tm,Tm_std,Opp_score,Opp_score_std,OT,OT_std,ORtg,ORtg_std,DRtg,DRtg_std,Pace,Pace_std,FTr,FTr_std,3PAr,3PAr_std,TS%,TS%_std,TRB%,TRB%_std,AST%,AST%_std,STL%,STL%_std,BLK%,BLK%_std,eFG%,eFG%_std,TOV%,TOV%_std,ORB%,ORB%_std,FT/FGA,FT/FGA_std,eFG%_opp,eFG%_opp_std,TOV%_opp,TOV%_opp_std,ORB%_opp,ORB%_opp_std,FT/FGA_opp,FT/FGA_opp_std,Spread,Spread_std
2014,pittsburgh,0.7352941176470589,0.4478110755198991,73.60714285714286,9.616110269728438,62.392857142857146,8.719239202770634,0.11764705882352941,0.3270349700838643,111.20357142857142,11.02651626065825,94.70000000000003,8.926821839162477,64.04642857142859,5.460123600748405,0.4559285714285714,0.11474994668648114,0.2661428571428571,0.06152669657583113,0.5517142857142858,0.05471532870930409,55.45357142857142,5.618322020678623,63.10357142857142,9.139798285433475,10.485714285714284,2.5344609019458284,8.35,3.603855959632374,0.5091428571428572,0.05897690337984126,13.553571428571432,2.3272113566267887,36.05357142857143,8.582820141847408,0.32592857142857135,0.08800964954309505,0.46721428571428575,0.051346576316935684,16.246428571428574,2.9332679466016813,26.232142857142858,8.18983351576044,0.25710714285714287,0.07219692169785012,9.241379310344827,9.694089408403869
