Year,Team,Rslt,Rslt_std,Tm,Tm_std,Opp_score,Opp_score_std,OT,OT_std,ORtg,ORtg_std,DRtg,DRtg_std,Pace,Pace_std,FTr,FTr_std,3PAr,3PAr_std,TS%,TS%_std,TRB%,TRB%_std,AST%,AST%_std,STL%,STL%_std,BLK%,BLK%_std,eFG%,eFG%_std,TOV%,TOV%_std,ORB%,ORB%_std,FT/FGA,FT/FGA_std,eFG%_opp,eFG%_opp_std,TOV%_opp,TOV%_opp_std,ORB%_opp,ORB%_opp_std,FT/FGA_opp,FT/FGA_opp_std,Spread,Spread_std
2014,arizona,0.8823529411764706,0.3270349700838643,71.96551724137932,7.452146184732334,58.37931034482759,7.321269372292955,0.0,0.0,109.09285714285714,9.400351788981823,87.25714285714287,7.99395274087109,66.29285714285714,3.103155928982094,0.4161428571428571,0.10405935424722376,0.2653928571428571,0.044423333279736445,0.54625,0.05125797137645645,57.30714285714284,4.849354945376074,57.646428571428565,6.156507075045019,8.664285714285715,2.0316412423373715,10.575000000000001,4.074639270559443,0.5172142857142857,0.0639509981058166,13.278571428571427,3.0623589482688547,34.975,7.681272319378115,0.2799642857142857,0.06730884160888641,0.42614285714285716,0.04422142457603997,16.335714285714285,3.2101937504368667,21.678571428571438,5.969202263399663,0.23889285714285718,0.07309777282198406,14.357142857142858,10.674352389807963
