Year,Team,Rslt,Rslt_std,Tm,Tm_std,Opp_score,Opp_score_std,OT,OT_std,ORtg,ORtg_std,DRtg,DRtg_std,Pace,Pace_std,FTr,FTr_std,3PAr,3PAr_std,TS%,TS%_std,TRB%,TRB%_std,AST%,AST%_std,STL%,STL%_std,BLK%,BLK%_std,eFG%,eFG%_std,TOV%,TOV%_std,ORB%,ORB%_std,FT/FGA,FT/FGA_std,eFG%_opp,eFG%_opp_std,TOV%_opp,TOV%_opp_std,ORB%_opp,ORB%_opp_std,FT/FGA_opp,FT/FGA_opp_std,Spread,Spread_std
2014,north-carolina,0.71875,0.45680340939917435,76.38461538461539,7.720502175775475,68.88461538461539,8.34902113101613,0.0,0.0,105.80769230769229,8.701996234286616,95.70000000000002,7.54129962274408,71.52692307692308,3.6813647135058694,0.4445384615384616,0.14637711044264556,0.21034615384615382,0.04665528249421907,0.5241153846153848,0.04933179658036137,53.88461538461539,4.74928982545326,56.184615384615384,8.694995908346009,10.076923076923077,2.3188458667721217,11.765384615384617,5.014534260143592,0.4971153846153846,0.049676011855282365,13.961538461538463,2.130742015932839,35.67407407407408,7.866950958212297,0.2808461538461538,0.09125379654904985,0.46865384615384625,0.05257827863876285,16.161538461538463,3.155449498639067,28.011538461538464,8.015301712253978,0.28023076923076917,0.08000515368015122,6.6923076923076925,7.94868155492082
