Year,Team,Rslt,Rslt_std,Tm,Tm_std,Opp_score,Opp_score_std,OT,OT_std,ORtg,ORtg_std,DRtg,DRtg_std,Pace,Pace_std,FTr,FTr_std,3PAr,3PAr_std,TS%,TS%_std,TRB%,TRB%_std,AST%,AST%_std,STL%,STL%_std,BLK%,BLK%_std,eFG%,eFG%_std,TOV%,TOV%_std,ORB%,ORB%_std,FT/FGA,FT/FGA_std,eFG%_opp,eFG%_opp_std,TOV%_opp,TOV%_opp_std,ORB%_opp,ORB%_opp_std,FT/FGA_opp,FT/FGA_opp_std,Spread,Spread_std
2014,weber-state,0.6333333333333333,0.49013251785356093,72.76923076923077,7.700948992469395,66.24,6.989754406748971,0.13333333333333333,0.3457459036417604,109.59583333333332,7.9616733639118324,101.00833333333333,8.599186850671034,65.8,4.047543538450472,0.4911666666666667,0.10056607893263045,0.37270833333333325,0.05322101510940356,0.5962916666666667,0.05606787747059781,53.07083333333335,5.214401392687177,55.512499999999996,10.68730707936736,5.933333333333333,2.2524704633814396,8.858333333333333,2.9078479516895186,0.5530833333333333,0.06534983893840415,16.995833333333334,3.1996574771394664,26.991666666666664,5.929140759412575,0.36258333333333326,0.08136120038160838,0.46063999999999994,0.05121432091384858,12.058333333333335,2.9185935663941116,25.020000000000003,8.229722555064253,0.23412499999999994,0.08148369402097788,5.791666666666667,9.636791666482596
