Year,Team,Rslt,Rslt_std,Tm,Tm_std,Opp_score,Opp_score_std,OT,OT_std,ORtg,ORtg_std,DRtg,DRtg_std,Pace,Pace_std,FTr,FTr_std,3PAr,3PAr_std,TS%,TS%_std,TRB%,TRB%_std,AST%,AST%_std,STL%,STL%_std,BLK%,BLK%_std,eFG%,eFG%_std,TOV%,TOV%_std,ORB%,ORB%_std,FT/FGA,FT/FGA_std,eFG%_opp,eFG%_opp_std,TOV%_opp,TOV%_opp_std,ORB%_opp,ORB%_opp_std,FT/FGA_opp,FT/FGA_opp_std,Spread,Spread_std
2014,brigham-young,0.6764705882352942,0.47485807993381707,83.13793103448276,9.500842586434992,76.25,8.694932538660197,0.0,0.0,111.00000000000001,8.412512726312537,101.37142857142855,8.524077321323064,75.025,5.020522696706802,0.4881785714285714,0.07811722130586997,0.22449999999999992,0.05142380195403104,0.5484285714285714,0.05024563999616621,54.21785714285715,5.375531227593789,53.52413793103447,11.530136140083819,9.446428571428568,3.0569268207305167,7.13103448275862,2.9938154643335584,0.5060714285714286,0.055941721375697674,12.456666666666669,2.5731616582601706,33.58620689655172,6.833359565811316,0.3335714285714286,0.07119791329205412,0.4904285714285715,0.05501543794880135,14.614285714285714,3.0639739731166955,25.535714285714295,8.627227110668157,0.2630357142857143,0.08365027822798349,6.25,10.472627460476474
