Year,Team,Rslt,Rslt_std,Tm,Tm_std,Opp_score,Opp_score_std,OT,OT_std,ORtg,ORtg_std,DRtg,DRtg_std,Pace,Pace_std,FTr,FTr_std,3PAr,3PAr_std,TS%,TS%_std,TRB%,TRB%_std,AST%,AST%_std,STL%,STL%_std,BLK%,BLK%_std,eFG%,eFG%_std,TOV%,TOV%_std,ORB%,ORB%_std,FT/FGA,FT/FGA_std,eFG%_opp,eFG%_opp_std,TOV%_opp,TOV%_opp_std,ORB%_opp,ORB%_opp_std,FT/FGA_opp,FT/FGA_opp_std,Spread,Spread_std
2014,oklahoma,0.71875,0.45680340939917435,81.66666666666667,8.417015732797097,75.92307692307692,8.279725004723657,0.0,0.0,111.07307692307693,8.352655036205322,103.06923076923077,8.150326090692039,73.1,4.417601159000211,0.39130769230769236,0.08589657466081832,0.36961538461538457,0.05996070508129598,0.5633461538461538,0.03577590508450322,50.526923076923076,4.042628619332495,53.26153846153846,7.45042693665682,9.073076923076925,1.941042543028399,7.6923076923076925,3.079730257918453,0.5201923076923077,0.040728387378602876,12.957692307692307,2.502666270508008,30.242307692307687,6.782458142999371,0.2961923076923077,0.0670587916567361,0.5006538461538461,0.04483207986046804,15.218518518518518,2.135422321234957,29.161538461538463,5.825260641247011,0.2724615384615384,0.08352830934203362,6.518518518518518,8.23860691346807
