Year,Team,Rslt,Rslt_std,Tm,Tm_std,Opp_score,Opp_score_std,OT,OT_std,ORtg,ORtg_std,DRtg,DRtg_std,Pace,Pace_std,FTr,FTr_std,3PAr,3PAr_std,TS%,TS%_std,TRB%,TRB%_std,AST%,AST%_std,STL%,STL%_std,BLK%,BLK%_std,eFG%,eFG%_std,TOV%,TOV%_std,ORB%,ORB%_std,FT/FGA,FT/FGA_std,eFG%_opp,eFG%_opp_std,TOV%_opp,TOV%_opp_std,ORB%_opp,ORB%_opp_std,FT/FGA_opp,FT/FGA_opp_std,Spread,Spread_std
2014,tulsa,0.6363636363636364,0.48850421045919723,72.33333333333333,8.38496823534188,66.07142857142857,8.352992683612669,0.0,0.0,102.34814814814816,10.762912472945457,93.9148148148148,9.433765204091415,70.22222222222224,4.145649557838947,0.47877777777777775,0.14413730989082632,0.31525925925925935,0.07159210989648371,0.5280370370370371,0.04480683454175737,51.39259259259258,5.613508838639294,50.65714285714286,12.853834377377758,9.89259259259259,2.430404513011383,10.40740740740741,3.926725581088369,0.49346428571428563,0.052178810899428385,13.97777777777778,3.4136978971978955,28.429629629629627,5.0272193579487325,0.32037037037037036,0.08367020798171655,0.46081481481481484,0.050308308716611884,17.33333333333334,2.778073488533431,26.014814814814812,7.368054941314811,0.32751851851851854,0.07830186674774961,5.111111111111111,10.47463358394692
