Year,Team,Rslt,Rslt_std,Tm,Tm_std,Opp_score,Opp_score_std,OT,OT_std,ORtg,ORtg_std,DRtg,DRtg_std,Pace,Pace_std,FTr,FTr_std,3PAr,3PAr_std,TS%,TS%_std,TRB%,TRB%_std,AST%,AST%_std,STL%,STL%_std,BLK%,BLK%_std,eFG%,eFG%_std,TOV%,TOV%_std,ORB%,ORB%_std,FT/FGA,FT/FGA_std,eFG%_opp,eFG%_opp_std,TOV%_opp,TOV%_opp_std,ORB%_opp,ORB%_opp_std,FT/FGA_opp,FT/FGA_opp_std,Spread,Spread_std
2014,saint-louis,0.8125,0.39655776945626603,69.5,6.338769596696191,61.2962962962963,6.8881995795195605,0.0,0.0,99.84444444444445,8.398733115697745,88.39615384615384,10.546373055007328,68.72307692307693,2.709141220727735,0.41038461538461546,0.11415956444313437,0.3227307692307692,0.07153547801884472,0.537076923076923,0.04000992184638512,51.37307692307692,5.235078428624174,58.580769230769235,9.428171370134052,10.48846153846154,2.6123287577296885,10.31153846153846,3.6379474348128698,0.4955769230769231,0.04168853374914793,16.04615384615385,2.6613125737847136,27.092592592592588,6.75345643275899,0.28807692307692306,0.07051123205670035,0.4361923076923077,0.05975283707458199,18.1037037037037,2.918044851434905,25.199999999999996,6.956378368087808,0.24257692307692308,0.05776169878175197,8.807692307692308,8.597763573251969
