Year,Team,Rslt,Rslt_std,Tm,Tm_std,Opp_score,Opp_score_std,OT,OT_std,ORtg,ORtg_std,DRtg,DRtg_std,Pace,Pace_std,FTr,FTr_std,3PAr,3PAr_std,TS%,TS%_std,TRB%,TRB%_std,AST%,AST%_std,STL%,STL%_std,BLK%,BLK%_std,eFG%,eFG%_std,TOV%,TOV%_std,ORB%,ORB%_std,FT/FGA,FT/FGA_std,eFG%_opp,eFG%_opp_std,TOV%_opp,TOV%_opp_std,ORB%_opp,ORB%_opp_std,FT/FGA_opp,FT/FGA_opp_std,Spread,Spread_std
2015,ucla,0.6060606060606061,0.49619766344887317,71.48148148148148,10.42323724395999,68.07407407407408,6.396669361267543,0.0,0.0,104.40740740740739,14.47017957269698,98.18148148148148,6.999892144061223,68.75925925925925,4.436843928468077,0.36781481481481476,0.1316957557394014,0.2925925925925926,0.046388210753014573,0.529074074074074,0.06793771238077394,52.60740740740741,5.271324890088458,52.628571428571426,9.393845784572932,9.537037037037036,3.602151936759272,11.000000000000002,4.335630554797342,0.4991785714285714,0.07580875233913911,14.488888888888892,2.7855856079982857,31.95555555555556,7.072173712914654,0.25222222222222224,0.10001820347137329,0.48477777777777764,0.050602776857016696,15.825925925925926,4.0570539323117965,25.56666666666667,5.2765810609056025,0.2339629629629629,0.07513397340826558,4.7407407407407405,11.75582537295575
