Year,Team,Rslt,Rslt_std,Tm,Tm_std,Opp_score,Opp_score_std,OT,OT_std,ORtg,ORtg_std,DRtg,DRtg_std,Pace,Pace_std,FTr,FTr_std,3PAr,3PAr_std,TS%,TS%_std,TRB%,TRB%_std,AST%,AST%_std,STL%,STL%_std,BLK%,BLK%_std,eFG%,eFG%_std,TOV%,TOV%_std,ORB%,ORB%_std,FT/FGA,FT/FGA_std,eFG%_opp,eFG%_opp_std,TOV%_opp,TOV%_opp_std,ORB%_opp,ORB%_opp_std,FT/FGA_opp,FT/FGA_opp_std,Spread,Spread_std
2015,dayton,0.7575757575757576,0.4351941398892446,67.75862068965517,7.904136224669212,60.851851851851855,7.091184688393066,0.0,0.0,103.63703703703702,11.322311130892373,92.57407407407408,8.576245932923932,64.86428571428573,3.1123665267486413,0.49240740740740735,0.1235258488237799,0.37429629629629624,0.069251389774899,0.5595185185185185,0.05764304639521404,49.11111111111112,4.0538996736602355,60.24814814814814,9.744677851973682,10.455555555555556,3.219332627129816,7.285185185185186,3.140517314527816,0.5271111111111111,0.07001941122801554,15.622222222222222,2.325665055144001,20.733333333333334,4.454556871685098,0.3373333333333334,0.09274862636345453,0.4732962962962964,0.0649992987032078,18.125925925925927,3.806330010410047,24.696296296296296,6.128337802089912,0.2182592592592592,0.0690694146897456,7.964285714285714,8.569896247512084
