Year,Team,Rslt,Rslt_std,Tm,Tm_std,Opp_score,Opp_score_std,OT,OT_std,ORtg,ORtg_std,DRtg,DRtg_std,Pace,Pace_std,FTr,FTr_std,3PAr,3PAr_std,TS%,TS%_std,TRB%,TRB%_std,AST%,AST%_std,STL%,STL%_std,BLK%,BLK%_std,eFG%,eFG%_std,TOV%,TOV%_std,ORB%,ORB%_std,FT/FGA,FT/FGA_std,eFG%_opp,eFG%_opp_std,TOV%_opp,TOV%_opp_std,ORB%_opp,ORB%_opp_std,FT/FGA_opp,FT/FGA_opp_std,Spread,Spread_std
2015,notre-dame,0.8529411764705882,0.35949062795357095,77.76666666666667,9.452908085048104,66.41379310344827,6.7215922931746634,0.0,0.0,118.97499999999998,9.921567416492216,100.76551724137929,9.71803462868573,65.18571428571428,3.35280029844753,0.3698214285714285,0.07710697406678238,0.39139285714285715,0.060180185791544064,0.6192142857142856,0.04790914019564237,50.560714285714276,5.856262193439334,54.878571428571426,8.339169385001485,10.039285714285713,2.223667188946171,8.832142857142857,3.589289991837194,0.5878214285714286,0.05952469364422763,12.664285714285715,2.606574918208338,25.296428571428574,7.091021038262357,0.27414285714285713,0.07512937694685935,0.47832142857142873,0.05049756398336428,14.34642857142857,2.750553094932423,29.160714285714278,7.010010793340573,0.16196428571428564,0.07293552817277237,12.821428571428571,10.903800123941062
