Year,Team,Rslt,Rslt_std,Tm,Tm_std,Opp_score,Opp_score_std,OT,OT_std,ORtg,ORtg_std,DRtg,DRtg_std,Pace,Pace_std,FTr,FTr_std,3PAr,3PAr_std,TS%,TS%_std,TRB%,TRB%_std,AST%,AST%_std,STL%,STL%_std,BLK%,BLK%_std,eFG%,eFG%_std,TOV%,TOV%_std,ORB%,ORB%_std,FT/FGA,FT/FGA_std,eFG%_opp,eFG%_opp_std,TOV%_opp,TOV%_opp_std,ORB%_opp,ORB%_opp_std,FT/FGA_opp,FT/FGA_opp_std,Spread,Spread_std
2015,st-johns-ny,0.65625,0.48255870443481425,71.03846153846153,6.884654060914139,66.8076923076923,9.39369674098214,0.0,0.0,102.12692307692308,9.766127490149108,95.46923076923079,13.339618262327278,69.16538461538461,2.660517589897472,0.3578461538461538,0.10138784633581771,0.2994615384615385,0.05372316503649484,0.5328518518518519,0.055435828253315146,46.96153846153846,5.439637997005089,50.2423076923077,10.191414939130802,10.7,3.808936859544931,16.846153846153847,5.484832232200417,0.4896666666666667,0.05850575251138196,13.396153846153844,2.1183919881326534,25.846153846153847,6.788945766124857,0.2469230769230769,0.0724783681256266,0.46088461538461534,0.06316855352029327,15.911538461538466,3.2905108324485943,33.14615384615385,7.1195073295407605,0.21488461538461534,0.06589223136186963,4.961538461538462,10.846126568432693
