Year,Team,Rslt,Rslt_std,Tm,Tm_std,Opp_score,Opp_score_std,OT,OT_std,ORtg,ORtg_std,DRtg,DRtg_std,Pace,Pace_std,FTr,FTr_std,3PAr,3PAr_std,TS%,TS%_std,TRB%,TRB%_std,AST%,AST%_std,STL%,STL%_std,BLK%,BLK%_std,eFG%,eFG%_std,TOV%,TOV%_std,ORB%,ORB%_std,FT/FGA,FT/FGA_std,eFG%_opp,eFG%_opp_std,TOV%_opp,TOV%_opp_std,ORB%_opp,ORB%_opp_std,FT/FGA_opp,FT/FGA_opp_std,Spread,Spread_std
2015,purdue,0.6363636363636364,0.4885042104591972,69.66666666666667,8.494342008292707,64.62962962962963,9.865043756572412,0.0,0.0,104.13703703703705,8.672154738371994,97.11851851851854,12.617906599415251,66.62592592592593,3.5955734102015136,0.4358518518518519,0.1624745432613282,0.32625925925925936,0.06485343985455715,0.5423333333333331,0.04182932353854539,54.75925925925926,5.35079140510716,62.529629629629625,9.992990420782839,7.955555555555555,2.320532653265581,14.003703703703705,4.487116727277833,0.5042962962962964,0.0486919791332087,16.24074074074074,2.032667678627741,34.87037037037037,6.4554577276080485,0.29566666666666663,0.116100420724077,0.4521851851851852,0.06274492749159828,14.34814814814815,3.185468250855434,27.435714285714287,6.262836553281723,0.25851851851851854,0.07989337623953294,4.037037037037037,9.108244285267824
