Year,Team,Rslt,Rslt_std,Tm,Tm_std,Opp_score,Opp_score_std,OT,OT_std,ORtg,ORtg_std,DRtg,DRtg_std,Pace,Pace_std,FTr,FTr_std,3PAr,3PAr_std,TS%,TS%_std,TRB%,TRB%_std,AST%,AST%_std,STL%,STL%_std,BLK%,BLK%_std,eFG%,eFG%_std,TOV%,TOV%_std,ORB%,ORB%_std,FT/FGA,FT/FGA_std,eFG%_opp,eFG%_opp_std,TOV%_opp,TOV%_opp_std,ORB%_opp,ORB%_opp_std,FT/FGA_opp,FT/FGA_opp_std,Spread,Spread_std
2015,belmont,0.6875,0.47092907485988494,74.11538461538461,9.087692437915901,70.3076923076923,8.661497472235299,0.0,0.0,107.20384615384617,11.128143808173247,101.54230769230769,10.90809508858162,68.52692307692308,3.1452259304930954,0.33226923076923076,0.14103745819953156,0.48369230769230787,0.07256432690007907,0.589,0.05979966555090423,50.67307692307692,4.646939439442498,60.04615384615385,7.712495355939258,9.48076923076923,2.431628134525381,4.631034482758621,3.133015827815094,0.5641153846153846,0.07676370336198063,17.626923076923077,3.7448159038657898,27.207692307692312,6.646257477824529,0.22830769230769227,0.09460011383958024,0.5211481481481482,0.06352570872895216,16.584615384615383,3.316708284753702,27.250000000000007,7.070516247064283,0.19561538461538458,0.06011527388148668,3.923076923076923,8.795103532866804
