Year,Team,Rslt,Rslt_std,Tm,Tm_std,Opp_score,Opp_score_std,OT,OT_std,ORtg,ORtg_std,DRtg,DRtg_std,Pace,Pace_std,FTr,FTr_std,3PAr,3PAr_std,TS%,TS%_std,TRB%,TRB%_std,AST%,AST%_std,STL%,STL%_std,BLK%,BLK%_std,eFG%,eFG%_std,TOV%,TOV%_std,ORB%,ORB%_std,FT/FGA,FT/FGA_std,eFG%_opp,eFG%_opp_std,TOV%_opp,TOV%_opp_std,ORB%_opp,ORB%_opp_std,FT/FGA_opp,FT/FGA_opp_std,Spread,Spread_std
2015,butler,0.6875,0.47092907485988494,68.37037037037037,8.51310369212865,61.57692307692308,6.401081639367377,0.0,0.0,103.53076923076925,11.03832484503946,92.31923076923077,9.347471068937063,66.0653846153846,3.174768313775645,0.40326923076923077,0.1037379613033947,0.2928148148148148,0.060051924350795115,0.5256538461538461,0.06403495439691813,54.95,4.580240168375454,46.77692307692307,9.142967032306643,8.984615384615385,2.4553113542184106,7.892307692307692,2.7789095813895166,0.49119230769230765,0.0672511824316981,14.380769230769232,2.8809747282153286,31.638461538461534,7.506108281823646,0.2693846153846154,0.07334034465317267,0.47269230769230763,0.04024700657765169,16.676923076923078,4.2389911717112785,21.769230769230766,4.859610620678923,0.22892307692307692,0.06058311519023965,6.407407407407407,11.253236318292068
