Year,Team,Rslt,Rslt_std,Tm,Tm_std,Opp_score,Opp_score_std,OT,OT_std,ORtg,ORtg_std,DRtg,DRtg_std,Pace,Pace_std,FTr,FTr_std,3PAr,3PAr_std,TS%,TS%_std,TRB%,TRB%_std,AST%,AST%_std,STL%,STL%_std,BLK%,BLK%_std,eFG%,eFG%_std,TOV%,TOV%_std,ORB%,ORB%_std,FT/FGA,FT/FGA_std,eFG%_opp,eFG%_opp_std,TOV%_opp,TOV%_opp_std,ORB%_opp,ORB%_opp_std,FT/FGA_opp,FT/FGA_opp_std,Spread,Spread_std
2015,virginia,1.0,0.0,65.14285714285714,8.303119831834232,50.76923076923077,8.981348194153002,0.0,0.0,108.95384615384614,10.174565573791574,85.41153846153847,13.972697003029213,59.26538461538461,2.859502377364609,0.3387307692307692,0.1159732926814817,0.27003846153846156,0.05845578210526707,0.5475000000000001,0.047445336967925494,56.95384615384614,5.730914814877693,54.103846153846156,6.966748496636334,9.134615384615385,3.263733115031596,13.211538461538462,5.260138927676866,0.5130384615384614,0.0509002795821247,13.196153846153845,3.6562801609538367,32.684615384615384,6.902851138924687,0.2474615384615385,0.08942269544997211,0.41973076923076924,0.06868802381335931,15.39230769230769,3.4157193183191246,21.037037037037035,5.877214682283813,0.1691153846153846,0.061367957061044115,13.5,7.5960516059331775
