Year,Team,Rslt,Rslt_std,Tm,Tm_std,Opp_score,Opp_score_std,OT,OT_std,ORtg,ORtg_std,DRtg,DRtg_std,Pace,Pace_std,FTr,FTr_std,3PAr,3PAr_std,TS%,TS%_std,TRB%,TRB%_std,AST%,AST%_std,STL%,STL%_std,BLK%,BLK%_std,eFG%,eFG%_std,TOV%,TOV%_std,ORB%,ORB%_std,FT/FGA,FT/FGA_std,eFG%_opp,eFG%_opp_std,TOV%_opp,TOV%_opp_std,ORB%_opp,ORB%_opp_std,FT/FGA_opp,FT/FGA_opp_std,Spread,Spread_std
2015,wichita-state,0.875,0.3360107525161235,69.23076923076923,6.958779733876866,55.84615384615385,6.745026657870569,0.0,0.0,109.28076923076924,11.115971184948952,88.7346153846154,10.143172770201337,62.757692307692295,3.6211791534717603,0.37300000000000016,0.11055821995672688,0.3530769230769231,0.06751350861978546,0.5383461538461538,0.045778547209532366,55.05384615384616,5.015673894441765,57.22692307692308,9.764038414193491,10.766666666666667,2.6699178898351046,10.379310344827589,5.77466012050832,0.5074230769230769,0.05393416214380126,12.01923076923077,2.5466871391310293,33.4,7.1779662857943265,0.25426923076923075,0.0921548946903235,0.4500769230769231,0.05950658657790621,18.56153846153846,3.2598253846581318,22.722222222222225,7.360096849975933,0.25080769230769234,0.08460308232246352,13.26923076923077,7.96270151296753
