Year,Team,Rslt,Rslt_std,Tm,Tm_std,Opp_score,Opp_score_std,OT,OT_std,ORtg,ORtg_std,DRtg,DRtg_std,Pace,Pace_std,FTr,FTr_std,3PAr,3PAr_std,TS%,TS%_std,TRB%,TRB%_std,AST%,AST%_std,STL%,STL%_std,BLK%,BLK%_std,eFG%,eFG%_std,TOV%,TOV%_std,ORB%,ORB%_std,FT/FGA,FT/FGA_std,eFG%_opp,eFG%_opp_std,TOV%_opp,TOV%_opp_std,ORB%_opp,ORB%_opp_std,FT/FGA_opp,FT/FGA_opp_std,Spread,Spread_std
2015,boise-state,0.7575757575757576,0.4351941398892446,70.5,9.207484877955421,61.5,10.060925515191046,0.12121212121212122,0.33143398263980844,109.52222222222224,12.027862951475926,93.57037037037037,14.369754957891853,63.49259259259261,3.7726674837599914,0.3168148148148148,0.10442481175727016,0.4248148148148148,0.08070079450425649,0.5744444444444444,0.05866877909949756,51.366666666666696,5.064658846434696,48.36666666666668,7.627178125220766,9.685185185185185,2.318936046436897,6.855555555555555,3.6695559711824846,0.5434814814814813,0.06313500209890303,14.111111111111109,2.4844645504744283,25.714814814814808,4.267020551563395,0.23525925925925928,0.08423026707625883,0.47518518518518527,0.07696154736022251,17.203703703703702,3.1770186171074437,23.54814814814815,6.330291667260885,0.2154444444444444,0.08219925759225535,8.821428571428571,10.099701394297174
