Year,Team,Rslt,Rslt_std,Tm,Tm_std,Opp_score,Opp_score_std,OT,OT_std,ORtg,ORtg_std,DRtg,DRtg_std,Pace,Pace_std,FTr,FTr_std,3PAr,3PAr_std,TS%,TS%_std,TRB%,TRB%_std,AST%,AST%_std,STL%,STL%_std,BLK%,BLK%_std,eFG%,eFG%_std,TOV%,TOV%_std,ORB%,ORB%_std,FT/FGA,FT/FGA_std,eFG%_opp,eFG%_opp_std,TOV%_opp,TOV%_opp_std,ORB%_opp,ORB%_opp_std,FT/FGA_opp,FT/FGA_opp_std,Spread,Spread_std
2015,alabama-birmingham,0.5588235294117647,0.5039947372613783,69.10344827586206,7.39374652559371,67.21428571428571,9.43734560474989,0.14705882352941177,0.35949062795357095,99.31428571428572,10.189526732211611,97.875,10.58607138684637,67.20714285714287,4.874417615464137,0.35875000000000007,0.12946517478257033,0.3001724137931035,0.06577562996685737,0.5186428571428572,0.045525909827355084,51.68571428571429,4.083908284757002,59.689285714285724,9.072030247096446,9.15,2.3526974274617602,13.055172413793104,4.353782116644311,0.47353571428571417,0.05199535744436415,16.882142857142856,3.2506470662325597,31.596551724137928,6.253141082609185,0.2653214285714286,0.10656281526819568,0.47589285714285723,0.051354497286356444,15.932142857142855,3.331116326223985,30.67142857142857,5.175144094816724,0.22760714285714284,0.07363339584812711,2.1785714285714284,7.774857728499777
