Year,Team,Rslt,Rslt_std,Tm,Tm_std,Opp_score,Opp_score_std,OT,OT_std,ORtg,ORtg_std,DRtg,DRtg_std,Pace,Pace_std,FTr,FTr_std,3PAr,3PAr_std,TS%,TS%_std,TRB%,TRB%_std,AST%,AST%_std,STL%,STL%_std,BLK%,BLK%_std,eFG%,eFG%_std,TOV%,TOV%_std,ORB%,ORB%_std,FT/FGA,FT/FGA_std,eFG%_opp,eFG%_opp_std,TOV%_opp,TOV%_opp_std,ORB%_opp,ORB%_opp_std,FT/FGA_opp,FT/FGA_opp_std,Spread,Spread_std
2015,san-diego-state,0.7647058823529411,0.4305615452020462,61.172413793103445,7.960029457578485,52.464285714285715,7.167220355134034,0.0,0.0,98.67857142857142,9.44725541734926,85.10357142857141,10.649655954896945,62.07142857142859,2.9758107694290197,0.3688571428571429,0.1353923555710955,0.30378571428571427,0.06020542435439784,0.4972857142857142,0.053754487938636096,52.48571428571427,3.771993704652289,46.56428571428571,9.665946880700778,10.657142857142858,3.630062602401575,14.267857142857142,4.391241583595993,0.4697142857142857,0.05952208251462904,15.106896551724136,3.127519673854159,32.96071428571428,6.759812581541453,0.23128571428571426,0.09194396729363553,0.4280714285714286,0.05291987554325149,17.76071428571429,4.80141485981837,26.728571428571424,7.048501660734404,0.18210714285714286,0.07844098479263308,8.785714285714286,9.306935457982268
