Year,Team,Rslt,Rslt_std,Tm,Tm_std,Opp_score,Opp_score_std,OT,OT_std,ORtg,ORtg_std,DRtg,DRtg_std,Pace,Pace_std,FTr,FTr_std,3PAr,3PAr_std,TS%,TS%_std,TRB%,TRB%_std,AST%,AST%_std,STL%,STL%_std,BLK%,BLK%_std,eFG%,eFG%_std,TOV%,TOV%_std,ORB%,ORB%_std,FT/FGA,FT/FGA_std,eFG%_opp,eFG%_opp_std,TOV%_opp,TOV%_opp_std,ORB%_opp,ORB%_opp_std,FT/FGA_opp,FT/FGA_opp_std,Spread,Spread_std
2015,arizona,1.0,0.0,76.86206896551724,9.432936741360162,58.17857142857143,5.5381075215848705,0.0,0.0,111.9,9.727166996498918,85.54285714285716,7.4892727516900015,68.18571428571428,4.29588211833183,0.47757142857142865,0.10623852567983208,0.2590714285714286,0.05018110059716563,0.5734642857142858,0.04776212829712364,58.91071428571428,5.24661014269385,53.582142857142856,8.252409460561315,10.303571428571427,2.253636097815187,10.035714285714283,3.7340489676920003,0.5380357142857142,0.06261137167027937,14.167857142857141,2.687977839887239,33.55357142857143,6.189087298406897,0.3365714285714286,0.08106030154627163,0.4419642857142857,0.03846160388679824,18.353571428571428,2.2946769550510435,17.65714285714286,5.933047968882284,0.260448275862069,0.08953235097952685,18.035714285714285,9.13877430332951
