Year,Team,Rslt,Rslt_std,Tm,Tm_std,Opp_score,Opp_score_std,OT,OT_std,ORtg,ORtg_std,DRtg,DRtg_std,Pace,Pace_std,FTr,FTr_std,3PAr,3PAr_std,TS%,TS%_std,TRB%,TRB%_std,AST%,AST%_std,STL%,STL%_std,BLK%,BLK%_std,eFG%,eFG%_std,TOV%,TOV%_std,ORB%,ORB%_std,FT/FGA,FT/FGA_std,eFG%_opp,eFG%_opp_std,TOV%_opp,TOV%_opp_std,ORB%_opp,ORB%_opp_std,FT/FGA_opp,FT/FGA_opp_std,Spread,Spread_std
2015,louisville,0.75,0.43994134506405985,69.38461538461539,10.874104737685482,60.88461538461539,7.4904041176797564,0.0,0.0,102.06923076923077,10.037600080926484,90.68461538461536,10.402872384402004,67.04230769230769,4.649832089606941,0.3803846153846155,0.0969383626530083,0.3261538461538462,0.04989404157427402,0.5127692307692306,0.06292809082901384,51.776923076923076,3.653744128130233,47.02692307692307,9.249672759284307,12.338461538461539,4.33756400972499,14.511538461538462,4.960429571968696,0.4778461538461538,0.06969975168259486,14.853846153846153,2.719445644866728,32.2423076923077,7.446941550834037,0.249,0.06513677916507693,0.43823076923076915,0.05404169330604488,18.176923076923075,4.2122970163375415,27.634615384615383,6.705278058824543,0.2255769230769231,0.0802766083373846,7.964285714285714,10.152475132830975
