Year,Team,Rslt,Rslt_std,Tm,Tm_std,Opp_score,Opp_score_std,OT,OT_std,ORtg,ORtg_std,DRtg,DRtg_std,Pace,Pace_std,FTr,FTr_std,3PAr,3PAr_std,TS%,TS%_std,TRB%,TRB%_std,AST%,AST%_std,STL%,STL%_std,BLK%,BLK%_std,eFG%,eFG%_std,TOV%,TOV%_std,ORB%,ORB%_std,FT/FGA,FT/FGA_std,eFG%_opp,eFG%_opp_std,TOV%_opp,TOV%_opp_std,ORB%_opp,ORB%_opp_std,FT/FGA_opp,FT/FGA_opp_std,Spread,Spread_std
2015,texas,0.6060606060606061,0.49619766344887317,67.67857142857143,7.774857728499775,60.18518518518518,8.810121089873489,0.0,0.0,103.3777777777778,7.043727888277807,92.23703703703706,13.21258572923641,64.86666666666667,4.392826319913306,0.3908214285714285,0.1675781859691124,0.342,0.051756084740755916,0.5382222222222224,0.05888210733408378,58.111111111111114,5.276459574470901,56.46296296296296,10.144575972036568,5.607407407407408,2.402710957027487,20.28888888888889,4.963352878334543,0.4973703703703704,0.06357681492502905,16.303571428571427,3.6624705427061763,36.43333333333333,8.702563724823587,0.26740740740740737,0.09948028767211943,0.4193703703703702,0.06552811971157477,11.52962962962963,2.6641227181850797,24.033333333333335,4.216633728461603,0.22181481481481477,0.09908583576376015,8.071428571428571,13.15978321173621
