Year,Team,Rslt,Rslt_std,Tm,Tm_std,Opp_score,Opp_score_std,OT,OT_std,ORtg,ORtg_std,DRtg,DRtg_std,Pace,Pace_std,FTr,FTr_std,3PAr,3PAr_std,TS%,TS%_std,TRB%,TRB%_std,AST%,AST%_std,STL%,STL%_std,BLK%,BLK%_std,eFG%,eFG%_std,TOV%,TOV%_std,ORB%,ORB%_std,FT/FGA,FT/FGA_std,eFG%_opp,eFG%_opp_std,TOV%_opp,TOV%_opp_std,ORB%_opp,ORB%_opp_std,FT/FGA_opp,FT/FGA_opp_std,Spread,Spread_std
2016,butler,0.6774193548387096,0.4751909633114914,79.72,9.38314090980911,71.44,7.083313725463056,0.0,0.0,110.936,9.446687250036383,99.75599999999999,11.939154073886474,71.336,3.5266698172638726,0.4051600000000001,0.1264695879121406,0.30271999999999993,0.04029631910402405,0.5651999999999999,0.06979434074479106,51.96923076923077,5.105665028633918,50.444,8.000004166665583,9.068,3.1585492450385084,9.130769230769229,4.051742265324312,0.5232799999999999,0.0710237753619636,12.352,2.9100572732050027,29.747999999999998,4.982395675442353,0.29431999999999997,0.09936285355537383,0.49615999999999993,0.06556083688707255,15.972000000000003,3.401533967687716,24.311999999999998,5.514550450097149,0.26608,0.07563173936912994,7.8,12.711543310445562
