Year,Team,Rslt,Rslt_std,Tm,Tm_std,Opp_score,Opp_score_std,OT,OT_std,ORtg,ORtg_std,DRtg,DRtg_std,Pace,Pace_std,FTr,FTr_std,3PAr,3PAr_std,TS%,TS%_std,TRB%,TRB%_std,AST%,AST%_std,STL%,STL%_std,BLK%,BLK%_std,eFG%,eFG%_std,TOV%,TOV%_std,ORB%,ORB%_std,FT/FGA,FT/FGA_std,eFG%_opp,eFG%_opp_std,TOV%_opp,TOV%_opp_std,ORB%_opp,ORB%_opp_std,FT/FGA_opp,FT/FGA_opp_std,Spread,Spread_std
2016,utah,0.7647058823529411,0.4305615452020462,76.24137931034483,12.15863941052908,68.89655172413794,7.784347057608652,0.11764705882352941,0.3270349700838643,110.05357142857142,13.366416792977757,99.3142857142857,9.790347259974974,68.81428571428572,3.558580062818886,0.38253571428571426,0.10186246433407961,0.3715,0.050677995809416725,0.5871785714285714,0.06779601953323117,53.21071428571428,4.4873764739597695,55.721428571428554,9.174011487483911,7.678571428571426,2.7829317265626545,9.9,4.285980591373418,0.5548928571428572,0.08123506781794573,14.828571428571433,3.4476892038814704,28.660714285714285,6.136191319975602,0.2736071428571428,0.08605051887665639,0.47653571428571434,0.061197604735780516,12.860714285714284,3.4071101348356017,25.3,6.041952100537142,0.16471428571428567,0.062370373512297426,9.241379310344827,14.136212799589249
