Year,Team,Rslt,Rslt_std,Tm,Tm_std,Opp_score,Opp_score_std,OT,OT_std,ORtg,ORtg_std,DRtg,DRtg_std,Pace,Pace_std,FTr,FTr_std,3PAr,3PAr_std,TS%,TS%_std,TRB%,TRB%_std,AST%,AST%_std,STL%,STL%_std,BLK%,BLK%_std,eFG%,eFG%_std,TOV%,TOV%_std,ORB%,ORB%_std,FT/FGA,FT/FGA_std,eFG%_opp,eFG%_opp_std,TOV%_opp,TOV%_opp_std,ORB%_opp,ORB%_opp_std,FT/FGA_opp,FT/FGA_opp_std,Spread,Spread_std
2016,stephen-f-austin,0.84375,0.36890203262847354,81.77777777777777,8.432233636621088,62.07692307692308,6.16391483992488,0.0,0.0,113.67692307692306,8.980748641056943,88.35384615384616,10.435946752230226,70.98076923076923,3.4322027015628587,0.34507692307692306,0.1233492352880789,0.3625769230769231,0.05446773215541332,0.5802307692307691,0.05035419163669114,54.262962962962966,5.465003916400043,65.79259259259258,7.419046482685677,12.634615384615383,3.3572539144595317,9.946153846153846,3.286363433247244,0.5488846153846153,0.060662559737008744,14.811538461538465,2.4203019519187143,33.996153846153845,8.608529759220481,0.2505384615384615,0.09501462235644818,0.4822307692307693,0.05080417911338215,22.969230769230776,3.110597271363714,26.926923076923075,6.19693845006114,0.25426923076923075,0.07260278655385491,20.185185185185187,12.76725690987884
