Year,Team,Rslt,Rslt_std,Tm,Tm_std,Opp_score,Opp_score_std,OT,OT_std,ORtg,ORtg_std,DRtg,DRtg_std,Pace,Pace_std,FTr,FTr_std,3PAr,3PAr_std,TS%,TS%_std,TRB%,TRB%_std,AST%,AST%_std,STL%,STL%_std,BLK%,BLK%_std,eFG%,eFG%_std,TOV%,TOV%_std,ORB%,ORB%_std,FT/FGA,FT/FGA_std,eFG%_opp,eFG%_opp_std,TOV%_opp,TOV%_opp_std,ORB%_opp,ORB%_opp_std,FT/FGA_opp,FT/FGA_opp_std,Spread,Spread_std
2016,oregon,0.8235294117647058,0.3869529949759475,79.44827586206897,7.1493566488608495,69.0,7.0500853685401355,0.0,0.0,110.09642857142853,7.68059035842742,97.08928571428574,9.423938756863908,70.89285714285714,3.727965244972767,0.40535714285714286,0.103570771754896,0.33428571428571424,0.05489239112276494,0.5627857142857143,0.03475347799579536,52.07142857142857,5.099808067765132,50.210714285714275,8.97780552604544,10.410714285714288,2.3714879351274436,15.057142857142855,5.010243475375192,0.5246785714285714,0.039719436021721136,13.903571428571428,3.3591756200831253,32.753571428571426,7.958944753376642,0.2878571428571428,0.07603542755443836,0.48914285714285727,0.04975623116437317,17.464285714285715,2.84477614633407,28.053571428571427,5.235949957521743,0.2234285714285714,0.07456164666528733,10.25,7.341535816717654
