Year,Team,Rslt,Rslt_std,Tm,Tm_std,Opp_score,Opp_score_std,OT,OT_std,ORtg,ORtg_std,DRtg,DRtg_std,Pace,Pace_std,FTr,FTr_std,3PAr,3PAr_std,TS%,TS%_std,TRB%,TRB%_std,AST%,AST%_std,STL%,STL%_std,BLK%,BLK%_std,eFG%,eFG%_std,TOV%,TOV%_std,ORB%,ORB%_std,FT/FGA,FT/FGA_std,eFG%_opp,eFG%_opp_std,TOV%_opp,TOV%_opp_std,ORB%_opp,ORB%_opp_std,FT/FGA_opp,FT/FGA_opp_std,Spread,Spread_std
2016,michigan-state,0.8529411764705882,0.3594906279535709,79.85714285714286,8.104476521191216,63.714285714285715,7.840337969175786,0.0,0.0,116.13214285714285,8.660726749568298,93.60357142857143,10.455956379476907,68.16428571428571,3.18063751887181,0.2956428571428572,0.09343495035097918,0.35782142857142857,0.05388056309435787,0.5843214285714284,0.05062648521565571,58.88571428571429,4.642055282811402,72.60357142857143,10.007533537951671,6.174999999999999,2.8073481621814746,12.724999999999998,4.660203858201913,0.5573571428571429,0.05823465576677801,14.157142857142858,2.6884428332633123,34.65,7.538518372946984,0.21778571428571425,0.06746486445927195,0.43707142857142867,0.057708673570712105,11.603448275862068,3.1898816322218297,19.567741935483873,8.832341595778333,0.23539285714285715,0.08633369338651402,15.689655172413794,11.27925861379405
