Year,Team,Rslt,Rslt_std,Tm,Tm_std,Opp_score,Opp_score_std,OT,OT_std,ORtg,ORtg_std,DRtg,DRtg_std,Pace,Pace_std,FTr,FTr_std,3PAr,3PAr_std,TS%,TS%_std,TRB%,TRB%_std,AST%,AST%_std,STL%,STL%_std,BLK%,BLK%_std,eFG%,eFG%_std,TOV%,TOV%_std,ORB%,ORB%_std,FT/FGA,FT/FGA_std,eFG%_opp,eFG%_opp_std,TOV%_opp,TOV%_opp_std,ORB%_opp,ORB%_opp_std,FT/FGA_opp,FT/FGA_opp_std,Spread,Spread_std
2016,texas-am,0.7647058823529411,0.4305615452020462,75.25,7.5749342987005255,65.96428571428571,6.414579128580876,0.0,0.0,108.25,9.216310019219753,94.46428571428571,11.170437648036772,69.52142857142856,3.656284001334239,0.3711785714285714,0.08198511769711332,0.36992857142857155,0.05319699836382345,0.5437857142857143,0.05853226849376722,53.30357142857144,3.3563077313174943,63.13928571428571,9.389960725895632,9.620689655172415,2.996829194611344,10.914285714285713,3.7413321340888914,0.51,0.068044103344816,13.834482758620688,3.9203931892886317,33.21785714285714,5.896015828125179,0.24389285714285705,0.0676090829344556,0.47941379310344834,0.06205269491176679,17.182142857142857,2.8095147296059895,27.389285714285712,5.457535686296129,0.21157142857142855,0.067621730329077,9.785714285714286,10.271705627982945
