Year,Team,Rslt,Rslt_std,Tm,Tm_std,Opp_score,Opp_score_std,OT,OT_std,ORtg,ORtg_std,DRtg,DRtg_std,Pace,Pace_std,FTr,FTr_std,3PAr,3PAr_std,TS%,TS%_std,TRB%,TRB%_std,AST%,AST%_std,STL%,STL%_std,BLK%,BLK%_std,eFG%,eFG%_std,TOV%,TOV%_std,ORB%,ORB%_std,FT/FGA,FT/FGA_std,eFG%_opp,eFG%_opp_std,TOV%_opp,TOV%_opp_std,ORB%_opp,ORB%_opp_std,FT/FGA_opp,FT/FGA_opp_std,Spread,Spread_std
2016,texas-tech,0.6129032258064516,0.4951376478541908,72.16,7.391887445030531,69.8,6.278269400612454,0.0,0.0,104.536,10.292022800855687,101.868,8.49630900254144,67.844,2.8994367269063384,0.4456800000000001,0.13012356947660686,0.3036,0.049210432498268765,0.54808,0.06847865847595633,50.688,4.341209508881136,53.063999999999986,7.542373631689165,8.668000000000001,2.5677032538827382,11.512,4.775922249506721,0.5003199999999999,0.06560597025677872,14.443999999999999,2.645606420715926,29.055999999999994,5.074123898106286,0.33147999999999994,0.10976304781968596,0.49463999999999997,0.05114186152263135,15.587999999999997,3.7957564024403183,29.108000000000008,4.824151047939248,0.23112000000000002,0.06158484662101006,2.44,8.411698203494147
