Year,Team,Rslt,Rslt_std,Tm,Tm_std,Opp_score,Opp_score_std,OT,OT_std,ORtg,ORtg_std,DRtg,DRtg_std,Pace,Pace_std,FTr,FTr_std,3PAr,3PAr_std,TS%,TS%_std,TRB%,TRB%_std,AST%,AST%_std,STL%,STL%_std,BLK%,BLK%_std,eFG%,eFG%_std,TOV%,TOV%_std,ORB%,ORB%_std,FT/FGA,FT/FGA_std,eFG%_opp,eFG%_opp_std,TOV%_opp,TOV%_opp_std,ORB%_opp,ORB%_opp_std,FT/FGA_opp,FT/FGA_opp_std,Spread,Spread_std
2016,saint-josephs,0.7941176470588235,0.41042563012190475,77.75,6.13807184105285,68.82758620689656,8.489779424684894,0.0,0.0,107.90357142857142,8.041626984029074,96.13214285714287,11.41879715957108,71.91071428571429,3.1777396212605424,0.37628571428571433,0.10340243465249498,0.3499310344827587,0.053520977886167456,0.5545517241379312,0.0448828524422162,51.574999999999996,3.333291666406247,55.778571428571425,8.493237272387919,7.039285714285714,2.283976273748836,8.710714285714285,2.8938426696739055,0.5119642857142856,0.04995441043284488,12.210714285714284,2.562021667834803,25.28928571428571,5.200878792246577,0.2656428571428572,0.07176361106449336,0.4802758620689655,0.056405354705106374,13.76896551724138,2.8574593420774366,23.25172413793104,5.243132970825143,0.1602142857142857,0.05042218584509031,8.448275862068966,8.625486350248611
