Year,Team,Rslt,Rslt_std,Tm,Tm_std,Opp_score,Opp_score_std,OT,OT_std,ORtg,ORtg_std,DRtg,DRtg_std,Pace,Pace_std,FTr,FTr_std,3PAr,3PAr_std,TS%,TS%_std,TRB%,TRB%_std,AST%,AST%_std,STL%,STL%_std,BLK%,BLK%_std,eFG%,eFG%_std,TOV%,TOV%_std,ORB%,ORB%_std,FT/FGA,FT/FGA_std,eFG%_opp,eFG%_opp_std,TOV%_opp,TOV%_opp_std,ORB%_opp,ORB%_opp_std,FT/FGA_opp,FT/FGA_opp_std,Spread,Spread_std
2016,northern-iowa,0.6470588235294118,0.485071250072666,68.13793103448276,9.508357744378042,62.75,9.12312893044275,0.0,0.0,104.43214285714284,12.512336240728915,97.3142857142857,12.849318018672179,64.38214285714285,3.4429803596032538,0.33003571428571427,0.09626717533832103,0.42250000000000004,0.05607633685928099,0.5675,0.0590621141962708,46.028571428571425,5.14053298453374,51.151724137931026,10.14180248454228,8.553571428571429,2.859743855773611,7.3392857142857135,3.7955470289112805,0.532107142857143,0.0690176248481686,13.414285714285713,3.6355970813012455,14.731034482758622,5.0756493918284455,0.2516071428571428,0.08058597400509103,0.48721428571428577,0.06875094996938677,15.432142857142855,3.518949082539082,24.675000000000004,7.435232692067222,0.16614285714285712,0.05556025376959503,4.0,10.374470089099955
