Year,Team,Rslt,Rslt_std,Tm,Tm_std,Opp_score,Opp_score_std,OT,OT_std,ORtg,ORtg_std,DRtg,DRtg_std,Pace,Pace_std,FTr,FTr_std,3PAr,3PAr_std,TS%,TS%_std,TRB%,TRB%_std,AST%,AST%_std,STL%,STL%_std,BLK%,BLK%_std,eFG%,eFG%_std,TOV%,TOV%_std,ORB%,ORB%_std,FT/FGA,FT/FGA_std,eFG%_opp,eFG%_opp_std,TOV%_opp,TOV%_opp_std,ORB%_opp,ORB%_opp_std,FT/FGA_opp,FT/FGA_opp_std,Spread,Spread_std
2016,syracuse,0.59375,0.49899091723584604,70.61538461538461,7.22815009847982,66.26923076923077,7.108066923194757,0.0,0.0,104.85384615384615,9.34093060756714,98.31538461538463,11.215121659890892,66.41153846153847,4.032103860078698,0.35215384615384615,0.08799258710036537,0.4275769230769232,0.05944218910970429,0.5359615384615385,0.043481932587437516,49.38846153846153,5.161032991413786,59.659259259259265,9.532545840405396,11.588888888888889,2.826976277189972,11.149999999999999,5.412448614074779,0.5030769230769232,0.044408938809138924,15.26153846153846,3.186355526061324,31.757692307692306,7.600745914812471,0.24642307692307686,0.0691416939780466,0.4745769230769231,0.06181532048087956,16.738461538461536,2.782240381142783,32.69230769230769,8.459878158788014,0.1875,0.07241394893250885,4.814814814814815,10.61941993576296
