Year,Team,Rslt,Rslt_std,Tm,Tm_std,Opp_score,Opp_score_std,OT,OT_std,ORtg,ORtg_std,DRtg,DRtg_std,Pace,Pace_std,FTr,FTr_std,3PAr,3PAr_std,TS%,TS%_std,TRB%,TRB%_std,AST%,AST%_std,STL%,STL%_std,BLK%,BLK%_std,eFG%,eFG%_std,TOV%,TOV%_std,ORB%,ORB%_std,FT/FGA,FT/FGA_std,eFG%_opp,eFG%_opp_std,TOV%_opp,TOV%_opp_std,ORB%_opp,ORB%_opp_std,FT/FGA_opp,FT/FGA_opp_std,Spread,Spread_std
2016,indiana,0.78125,0.42001344064515445,81.14814814814815,8.506575301601893,69.25925925925925,6.68863900490165,0.0,0.0,116.48076923076925,11.570100059403782,97.51923076923075,9.523529565482296,70.0,3.81595839358063,0.3377692307692308,0.10849269383412238,0.4041538461538462,0.04905155843207619,0.6037692307692308,0.04613138427778442,56.18846153846155,4.217328720702422,55.01538461538461,7.475222661978293,9.76923076923077,2.1439718712276483,9.815384615384616,2.9073276124568155,0.5784230769230769,0.05394899300407604,16.055555555555554,2.997477572038162,35.830769230769235,8.87192286850012,0.24523076923076917,0.08206110293789996,0.4934230769230771,0.03908777105635273,16.01153846153846,2.772194354380937,25.29615384615385,7.952734411218862,0.18803846153846152,0.07664592919091306,13.307692307692308,12.23035316176677
