Year,Team,Rslt,Rslt_std,Tm,Tm_std,Opp_score,Opp_score_std,OT,OT_std,ORtg,ORtg_std,DRtg,DRtg_std,Pace,Pace_std,FTr,FTr_std,3PAr,3PAr_std,TS%,TS%_std,TRB%,TRB%_std,AST%,AST%_std,STL%,STL%_std,BLK%,BLK%_std,eFG%,eFG%_std,TOV%,TOV%_std,ORB%,ORB%_std,FT/FGA,FT/FGA_std,eFG%_opp,eFG%_opp_std,TOV%_opp,TOV%_opp_std,ORB%_opp,ORB%_opp_std,FT/FGA_opp,FT/FGA_opp_std,Spread,Spread_std
2016,purdue,0.7647058823529411,0.43056154520204615,75.9,10.08703503820964,64.85714285714286,8.177268790233379,0.0,0.0,110.66071428571429,12.971945206246534,92.9642857142857,11.600389977024376,69.32499999999999,3.735973768644528,0.3503214285714286,0.08073828481532558,0.3479999999999999,0.06196892889301983,0.5709285714285716,0.07065771881056754,57.66206896551725,4.893976895349706,63.378571428571426,10.2727383612722,5.803571428571429,1.9334256956591116,10.692857142857145,4.215046115597523,0.5371785714285714,0.07987307225816266,14.864285714285712,3.4012213803730686,31.25714285714286,7.3591177294981325,0.2627142857142857,0.06999674973557682,0.44835714285714295,0.04957464576419586,11.2551724137931,2.6638567913696316,19.635714285714283,6.451081694293991,0.18562068965517242,0.061134753848190296,12.678571428571429,11.92586225294383
