Year,Team,Rslt,Rslt_std,Tm,Tm_std,Opp_score,Opp_score_std,OT,OT_std,ORtg,ORtg_std,DRtg,DRtg_std,Pace,Pace_std,FTr,FTr_std,3PAr,3PAr_std,TS%,TS%_std,TRB%,TRB%_std,AST%,AST%_std,STL%,STL%_std,BLK%,BLK%_std,eFG%,eFG%_std,TOV%,TOV%_std,ORB%,ORB%_std,FT/FGA,FT/FGA_std,eFG%_opp,eFG%_opp_std,TOV%_opp,TOV%_opp_std,ORB%_opp,ORB%_opp_std,FT/FGA_opp,FT/FGA_opp_std,Spread,Spread_std
2016,north-carolina-wilmington,0.78125,0.42001344064515445,78.65384615384616,8.99307425830481,71.23076923076923,6.230940168595377,0.0,0.0,107.77307692307691,7.537509280514762,97.66923076923078,7.946308286532519,72.46153846153847,4.603309846019658,0.3702307692307692,0.12236120551622812,0.3339615384615385,0.07214401195898702,0.5442307692307692,0.04695470812798878,50.800000000000004,4.47598033954574,47.33076923076923,7.5200409164189645,9.880769230769232,2.452267396638341,10.573076923076922,4.8036284362808646,0.5066153846153845,0.0540925702277693,13.019230769230772,3.2628845190437534,30.437037037037037,4.016710110769772,0.2601538461538462,0.08830116298563334,0.4685000000000001,0.047842449770052545,17.611538461538462,3.548332219291415,27.826923076923077,8.225840148814354,0.3802692307692307,0.10099408208100422,7.296296296296297,7.764885529964191
