Year,Team,Rslt,Rslt_std,Tm,Tm_std,Opp_score,Opp_score_std,OT,OT_std,ORtg,ORtg_std,DRtg,DRtg_std,Pace,Pace_std,FTr,FTr_std,3PAr,3PAr_std,TS%,TS%_std,TRB%,TRB%_std,AST%,AST%_std,STL%,STL%_std,BLK%,BLK%_std,eFG%,eFG%_std,TOV%,TOV%_std,ORB%,ORB%_std,FT/FGA,FT/FGA_std,eFG%_opp,eFG%_opp_std,TOV%_opp,TOV%_opp_std,ORB%_opp,ORB%_opp_std,FT/FGA_opp,FT/FGA_opp_std,Spread,Spread_std
2016,green-bay,0.6571428571428571,0.48159399197793534,83.6896551724138,9.373608271082404,78.26666666666667,13.075202466510026,0.0,0.0,104.84137931034482,8.055455881458732,99.13103448275861,11.924827146045104,78.78620689655173,5.257900459439994,0.4347241379310346,0.14434257280900586,0.31013793103448273,0.05256473841024923,0.5373103448275863,0.051043471282732455,49.4896551724138,4.0143799403418114,45.836666666666666,9.005763799322931,11.94827586206897,3.720850583406892,11.065517241379311,3.260836424476413,0.503551724137931,0.058015752914246446,12.806896551724135,2.758225495091618,29.0448275862069,6.885055566063593,0.28289655172413797,0.08510722011824941,0.5062758620689654,0.06606268481618917,18.344827586206897,3.8748812154048724,28.648275862068967,5.658913366770235,0.25258620689655165,0.09010292418014414,4.766666666666667,10.186818167014472
