Year,Team,Rslt,Rslt_std,Tm,Tm_std,Opp_score,Opp_score_std,OT,OT_std,ORtg,ORtg_std,DRtg,DRtg_std,Pace,Pace_std,FTr,FTr_std,3PAr,3PAr_std,TS%,TS%_std,TRB%,TRB%_std,AST%,AST%_std,STL%,STL%_std,BLK%,BLK%_std,eFG%,eFG%_std,TOV%,TOV%_std,ORB%,ORB%_std,FT/FGA,FT/FGA_std,eFG%_opp,eFG%_opp_std,TOV%_opp,TOV%_opp_std,ORB%_opp,ORB%_opp_std,FT/FGA_opp,FT/FGA_opp_std,Spread,Spread_std
2016,kansas,0.8823529411764706,0.3270349700838643,79.41379310344827,9.571226378277574,66.44827586206897,7.423833274839276,0.0,0.0,113.46071428571429,9.499525886247799,94.46785714285714,7.1560931598302515,69.98571428571428,3.8771614555472094,0.38439285714285715,0.10307830151581973,0.3420357142857143,0.04727655604337896,0.5926785714285713,0.056256722114506295,53.75357142857142,5.018593734183219,54.558620689655164,8.948484198909226,9.6,2.631856125753584,10.439285714285715,4.161315611564162,0.5635714285714286,0.05470149877520696,15.260714285714284,3.4968069334978638,31.299999999999994,7.048771891981268,0.2652758620689654,0.07418889816433075,0.4487142857142858,0.048026888412450904,15.42857142857143,3.2562028718827,26.18571428571428,6.7514450736128016,0.2631428571428572,0.0757068979125046,13.678571428571429,10.1399597173156
