Year,Team,Rslt,Rslt_std,Tm,Tm_std,Opp_score,Opp_score_std,OT,OT_std,ORtg,ORtg_std,DRtg,DRtg_std,Pace,Pace_std,FTr,FTr_std,3PAr,3PAr_std,TS%,TS%_std,TRB%,TRB%_std,AST%,AST%_std,STL%,STL%_std,BLK%,BLK%_std,eFG%,eFG%_std,TOV%,TOV%_std,ORB%,ORB%_std,FT/FGA,FT/FGA_std,eFG%_opp,eFG%_opp_std,TOV%_opp,TOV%_opp_std,ORB%_opp,ORB%_opp_std,FT/FGA_opp,FT/FGA_opp_std,Spread,Spread_std
2016,west-virginia,0.7647058823529411,0.4305615452020462,79.21428571428571,9.577586268479065,66.67857142857143,8.877994315653906,0.0,0.0,109.53214285714283,10.954013422162218,93.48571428571427,11.613074186600723,71.35,4.556354943413691,0.4634285714285714,0.10829466953518743,0.30389285714285713,0.05137901234991687,0.5396428571428572,0.0440960351671249,56.58571428571429,5.547820011347418,53.22857142857145,7.995871950823641,13.77142857142857,2.920661663093579,6.832258064516129,4.3459089648982285,0.5012857142857142,0.05318441510989861,15.525000000000002,2.9279780660987806,40.56071428571429,8.048065757302338,0.30689655172413793,0.08725878786181539,0.4915,0.07824581399287381,22.5,4.427439691539821,24.903571428571432,7.343149094519232,0.38778571428571423,0.10838250410360149,11.928571428571429,12.941259230700483
