Year,Team,Rslt,Rslt_std,Tm,Tm_std,Opp_score,Opp_score_std,OT,OT_std,ORtg,ORtg_std,DRtg,DRtg_std,Pace,Pace_std,FTr,FTr_std,3PAr,3PAr_std,TS%,TS%_std,TRB%,TRB%_std,AST%,AST%_std,STL%,STL%_std,BLK%,BLK%_std,eFG%,eFG%_std,TOV%,TOV%_std,ORB%,ORB%_std,FT/FGA,FT/FGA_std,eFG%_opp,eFG%_opp_std,TOV%_opp,TOV%_opp_std,ORB%_opp,ORB%_opp_std,FT/FGA_opp,FT/FGA_opp_std,Spread,Spread_std
2016,southern-california,0.6363636363636364,0.4885042104591972,80.29629629629629,9.670791928493578,75.4074074074074,9.479773038743957,0.0,0.0,107.16666666666663,9.396234925183107,100.28148148148148,9.948793395607835,74.45555555555555,4.409459528483431,0.3583703703703704,0.11648279772241979,0.3256666666666667,0.052939006994261434,0.5495925925925926,0.04135889752590612,50.551851851851865,4.850247445739267,51.71481481481483,9.929896726696054,8.196296296296296,2.664940680748604,12.31111111111111,4.434682655659845,0.5212222222222221,0.04349388403807999,13.681481481481478,2.420431785547783,30.111111111111107,6.418023499569445,0.23814814814814808,0.08125728545026864,0.4786296296296297,0.04969843531676298,13.533333333333333,2.580846611243921,30.02592592592593,6.1403828866205075,0.2021111111111111,0.07364380663986794,5.518518518518518,11.067521334518785
