Year,Team,Rslt,Rslt_std,Tm,Tm_std,Opp_score,Opp_score_std,OT,OT_std,ORtg,ORtg_std,DRtg,DRtg_std,Pace,Pace_std,FTr,FTr_std,3PAr,3PAr_std,TS%,TS%_std,TRB%,TRB%_std,AST%,AST%_std,STL%,STL%_std,BLK%,BLK%_std,eFG%,eFG%_std,TOV%,TOV%_std,ORB%,ORB%_std,FT/FGA,FT/FGA_std,eFG%_opp,eFG%_opp_std,TOV%_opp,TOV%_opp_std,ORB%_opp,ORB%_opp_std,FT/FGA_opp,FT/FGA_opp_std,Spread,Spread_std
2016,dayton,0.78125,0.42001344064515445,72.44444444444444,8.044746653434695,66.1923076923077,9.73660816000821,0.0,0.0,103.6423076923077,8.44356195343757,94.12307692307692,11.589661175109743,70.09615384615384,3.5201682652090116,0.4221153846153846,0.11320541574432805,0.3526538461538461,0.06057718534741759,0.5476296296296296,0.055645960630336264,53.96538461538462,5.399403100913456,57.657692307692294,10.496482194599219,8.203846153846154,2.2002692142973355,12.276923076923076,4.849190257542609,0.5191923076923076,0.05998334384194948,16.161538461538463,3.3272303104025633,26.488461538461532,6.431629773118284,0.2888846153846154,0.07211508964042238,0.46873076923076923,0.061724910817145914,15.41153846153846,2.6187519047175005,20.953846153846158,6.215479435681901,0.2133076923076923,0.09112969624914559,6.961538461538462,9.463533248129977
