Year,Team,Rslt,Rslt_std,Tm,Tm_std,Opp_score,Opp_score_std,OT,OT_std,ORtg,ORtg_std,DRtg,DRtg_std,Pace,Pace_std,FTr,FTr_std,3PAr,3PAr_std,TS%,TS%_std,TRB%,TRB%_std,AST%,AST%_std,STL%,STL%_std,BLK%,BLK%_std,eFG%,eFG%_std,TOV%,TOV%_std,ORB%,ORB%_std,FT/FGA,FT/FGA_std,eFG%_opp,eFG%_opp_std,TOV%_opp,TOV%_opp_std,ORB%_opp,ORB%_opp_std,FT/FGA_opp,FT/FGA_opp_std,Spread,Spread_std
2016,yale,0.7857142857142857,0.41785544701867255,75.13636363636364,8.3111826821312,63.22727272727273,7.6589929599245075,0.0,0.0,109.90454545454544,11.846819033484104,91.78636363636363,8.916239622415326,68.41818181818181,2.9075658881510145,0.41445454545454546,0.10525014524262222,0.3121363636363636,0.05197004215300658,0.5558636363636364,0.04844073006266862,59.222727272727276,5.5030668348426035,57.199999999999996,7.325168614994145,8.381818181818183,2.281110081399669,12.236363636363633,4.6137006584989635,0.5290909090909091,0.06549802548162305,16.000000000000004,3.389479521780804,38.07727272727272,6.538671178398619,0.2734090909090909,0.07888488242575176,0.46813043478260885,0.04755313233906803,15.959090909090907,3.4162997374504327,20.595454545454547,6.586167125316317,0.2328181818181819,0.0752340072318087,11.956521739130435,11.375724795568233
