Year,Team,Rslt,Rslt_std,Tm,Tm_std,Opp_score,Opp_score_std,OT,OT_std,ORtg,ORtg_std,DRtg,DRtg_std,Pace,Pace_std,FTr,FTr_std,3PAr,3PAr_std,TS%,TS%_std,TRB%,TRB%_std,AST%,AST%_std,STL%,STL%_std,BLK%,BLK%_std,eFG%,eFG%_std,TOV%,TOV%_std,ORB%,ORB%_std,FT/FGA,FT/FGA_std,eFG%_opp,eFG%_opp_std,TOV%_opp,TOV%_opp_std,ORB%_opp,ORB%_opp_std,FT/FGA_opp,FT/FGA_opp_std,Spread,Spread_std
2017,seton-hall,0.65625,0.48255870443481425,73.76923076923077,9.513391371357292,69.07407407407408,7.9659174271291855,0.0,0.0,103.6692307692308,9.407816717209972,98.35000000000001,7.978633968293067,69.95384615384616,3.7867379913831676,0.37584615384615394,0.11434918182748569,0.3045384615384616,0.06521179695069337,0.5292692307692308,0.05591748040983798,54.77692307692309,3.974046571675545,45.380769230769225,10.023812417669008,9.619230769230768,2.089979756986987,6.53076923076923,2.6050365418963675,0.5026923076923077,0.06289595804550192,15.646153846153844,2.650619666301564,33.76923076923077,5.811765255463729,0.23734615384615382,0.07888773912729015,0.48438461538461536,0.050004861302138964,15.107692307692306,2.915602589781135,22.21481481481482,5.762391577735471,0.2591538461538461,0.053453300970243034,2.7037037037037037,8.277935523076785
