Year,Team,Rslt,Rslt_std,Tm,Tm_std,Opp_score,Opp_score_std,OT,OT_std,ORtg,ORtg_std,DRtg,DRtg_std,Pace,Pace_std,FTr,FTr_std,3PAr,3PAr_std,TS%,TS%_std,TRB%,TRB%_std,AST%,AST%_std,STL%,STL%_std,BLK%,BLK%_std,eFG%,eFG%_std,TOV%,TOV%_std,ORB%,ORB%_std,FT/FGA,FT/FGA_std,eFG%_opp,eFG%_opp_std,TOV%_opp,TOV%_opp_std,ORB%_opp,ORB%_opp_std,FT/FGA_opp,FT/FGA_opp_std,Spread,Spread_std
2017,butler,0.7419354838709677,0.4448027229745693,75.26923076923077,7.892060275024222,68.32,6.644044952687581,0.0,0.0,110.80000000000001,9.574793296289306,100.34000000000002,8.398809439438425,67.844,2.1604551989492085,0.35475999999999996,0.10337926935964162,0.37476,0.050866885102195905,0.5795999999999999,0.05319147801418319,50.76,4.147891030391227,47.16538461538461,8.344528377694802,9.056000000000001,2.206822753794846,8.232,3.4550349732913945,0.5434399999999998,0.0647952415948373,12.936,2.5408135180160967,25.468000000000004,6.428434231340216,0.26264,0.08441804704366636,0.50704,0.050062028191701004,17.644000000000002,3.37578139102638,25.343999999999998,6.63067869829326,0.262,0.0643868516598433,6.384615384615385,8.168607827907632
