Year,Team,Rslt,Rslt_std,Tm,Tm_std,Opp_score,Opp_score_std,OT,OT_std,ORtg,ORtg_std,DRtg,DRtg_std,Pace,Pace_std,FTr,FTr_std,3PAr,3PAr_std,TS%,TS%_std,TRB%,TRB%_std,AST%,AST%_std,STL%,STL%_std,BLK%,BLK%_std,eFG%,eFG%_std,TOV%,TOV%_std,ORB%,ORB%_std,FT/FGA,FT/FGA_std,eFG%_opp,eFG%_opp_std,TOV%_opp,TOV%_opp_std,ORB%_opp,ORB%_opp_std,FT/FGA_opp,FT/FGA_opp_std,Spread,Spread_std
2017,kansas,0.875,0.3360107525161235,82.57692307692308,6.15904588015434,71.88461538461539,7.339356500821706,0.0,0.0,112.21923076923076,8.00739754131237,98.58461538461538,9.455778859837716,72.17777777777778,2.721330745359892,0.35507692307692307,0.07100868852579835,0.35311538461538466,0.04280591260382324,0.5790769230769232,0.03913149430003721,53.1923076923077,5.773312607293882,55.25384615384615,7.129108262285306,9.396153846153847,2.3328061675554217,11.332142857142856,4.575057463426092,0.5561153846153847,0.05016080296253394,15.255555555555553,2.8483913588784344,33.488461538461536,6.863371003993703,0.23726923076923084,0.07241522364382103,0.47892307692307684,0.047293909186636784,15.348148148148148,3.171188853795804,28.08461538461539,6.428479901668345,0.2122692307692307,0.06479602314482437,8.88888888888889,7.2022076387587495
