Year,Team,Rslt,Rslt_std,Tm,Tm_std,Opp_score,Opp_score_std,OT,OT_std,ORtg,ORtg_std,DRtg,DRtg_std,Pace,Pace_std,FTr,FTr_std,3PAr,3PAr_std,TS%,TS%_std,TRB%,TRB%_std,AST%,AST%_std,STL%,STL%_std,BLK%,BLK%_std,eFG%,eFG%_std,TOV%,TOV%_std,ORB%,ORB%_std,FT/FGA,FT/FGA_std,eFG%_opp,eFG%_opp_std,TOV%_opp,TOV%_opp_std,ORB%_opp,ORB%_opp_std,FT/FGA_opp,FT/FGA_opp_std,Spread,Spread_std
2017,marquette,0.6129032258064516,0.4951376478541908,82.52,8.1706792863262,75.84,8.03471634014958,0.0,0.0,115.22800000000005,9.958100555159435,105.12400000000001,9.987128382740122,71.572,3.3292291400062375,0.32076,0.05606193004169586,0.41212,0.04703218755986868,0.6056000000000001,0.05725964256495728,49.28799999999999,4.276322407552234,57.60799999999999,9.281474380003786,9.76153846153846,3.4479068343650963,9.432,2.849081723409609,0.5752799999999999,0.06156738855378985,14.604,2.1129521212433247,24.096153846153847,5.435842585596516,0.24851999999999996,0.048135330060154365,0.5194000000000001,0.05410406639061429,15.575999999999999,3.0241086841139375,27.180000000000003,5.6659068117998554,0.2522,0.06072478900745559,6.88,11.677328461596
