Year,Team,Rslt,Rslt_std,Tm,Tm_std,Opp_score,Opp_score_std,OT,OT_std,ORtg,ORtg_std,DRtg,DRtg_std,Pace,Pace_std,FTr,FTr_std,3PAr,3PAr_std,TS%,TS%_std,TRB%,TRB%_std,AST%,AST%_std,STL%,STL%_std,BLK%,BLK%_std,eFG%,eFG%_std,TOV%,TOV%_std,ORB%,ORB%_std,FT/FGA,FT/FGA_std,eFG%_opp,eFG%_opp_std,TOV%_opp,TOV%_opp_std,ORB%_opp,ORB%_opp_std,FT/FGA_opp,FT/FGA_opp_std,Spread,Spread_std
2017,florida-gulf-coast,0.7878787878787878,0.41514875026728054,77.67857142857143,8.357979427219243,68.77777777777777,8.550003748687137,0.0,0.0,112.75925925925925,10.045253730350593,98.92592592592592,12.257826152882982,69.54814814814813,2.468785184032885,0.32629629629629636,0.1039636825696709,0.3105555555555555,0.051543359889688486,0.5816296296296296,0.04383109902985826,55.16296296296296,4.949525862929322,50.25185185185185,9.086861621652117,8.21851851851852,2.966224878273734,10.22222222222222,3.990887055177018,0.554,0.05136071530774349,15.148148148148145,3.5405747436919786,33.58214285714285,6.5161368680023655,0.23671428571428574,0.0802786153633462,0.4775714285714287,0.04734540422878763,15.489285714285714,3.452142575240536,25.27037037037037,6.118811775978858,0.2283333333333333,0.08533373397341847,8.333333333333334,8.389553944317623
