Year,Team,Rslt,Rslt_std,Tm,Tm_std,Opp_score,Opp_score_std,OT,OT_std,ORtg,ORtg_std,DRtg,DRtg_std,Pace,Pace_std,FTr,FTr_std,3PAr,3PAr_std,TS%,TS%_std,TRB%,TRB%_std,AST%,AST%_std,STL%,STL%_std,BLK%,BLK%_std,eFG%,eFG%_std,TOV%,TOV%_std,ORB%,ORB%_std,FT/FGA,FT/FGA_std,eFG%_opp,eFG%_opp_std,TOV%_opp,TOV%_opp_std,ORB%_opp,ORB%_opp_std,FT/FGA_opp,FT/FGA_opp_std,Spread,Spread_std
2017,southern-methodist,0.8823529411764706,0.3270349700838643,74.46428571428571,7.661747904517673,59.714285714285715,7.36285543873029,0.0,0.0,116.36206896551722,10.90207758028269,92.6,9.908694274334142,64.71785714285714,3.6250214376304633,0.36728571428571427,0.12260440966719456,0.37062068965517253,0.07225471501822238,0.5737857142857142,0.05703108778153345,58.00344827586208,5.059325389714994,61.77241379310344,12.343994970132647,8.310714285714287,2.827292813997987,11.092857142857143,4.478254336765824,0.5476071428571427,0.06497768237132813,13.807142857142859,3.9624093466838874,35.83448275862068,7.612831079456247,0.2568571428571429,0.08890807332658549,0.4526785714285713,0.05663924406499409,14.942857142857145,3.973190580156379,23.853571428571435,5.066482609438824,0.16003571428571434,0.05442322634810955,14.964285714285714,8.539590339975518
