Year,Team,Rslt,Rslt_std,Tm,Tm_std,Opp_score,Opp_score_std,OT,OT_std,ORtg,ORtg_std,DRtg,DRtg_std,Pace,Pace_std,FTr,FTr_std,3PAr,3PAr_std,TS%,TS%_std,TRB%,TRB%_std,AST%,AST%_std,STL%,STL%_std,BLK%,BLK%_std,eFG%,eFG%_std,TOV%,TOV%_std,ORB%,ORB%_std,FT/FGA,FT/FGA_std,eFG%_opp,eFG%_opp_std,TOV%_opp,TOV%_opp_std,ORB%_opp,ORB%_opp_std,FT/FGA_opp,FT/FGA_opp_std,Spread,Spread_std
2017,west-virginia,0.7647058823529411,0.43056154520204615,81.67857142857143,9.00227778348376,66.27586206896552,9.253943374599585,0.11764705882352941,0.3270349700838643,110.70357142857142,8.957160683678033,91.2107142857143,11.511583193420774,72.3642857142857,4.653888400969372,0.38306896551724134,0.08845294593918393,0.32603571428571426,0.055071994726672124,0.551,0.03329998331664579,52.210714285714296,4.417586007942136,58.17857142857144,10.249999354755433,13.27586206896552,4.056710065031039,14.321428571428571,5.102966250159269,0.5204285714285716,0.03577235490796456,13.567857142857145,2.4919208077644264,36.199999999999996,5.647483871076931,0.25725,0.06984937498063376,0.4868928571428572,0.053796144213829424,22.700000000000006,5.054559469288241,30.292857142857137,7.115654550534313,0.27667857142857144,0.09784343259303255,14.107142857142858,14.037883362963566
