Year,Team,Rslt,Rslt_std,Tm,Tm_std,Opp_score,Opp_score_std,OT,OT_std,ORtg,ORtg_std,DRtg,DRtg_std,Pace,Pace_std,FTr,FTr_std,3PAr,3PAr_std,TS%,TS%_std,TRB%,TRB%_std,AST%,AST%_std,STL%,STL%_std,BLK%,BLK%_std,eFG%,eFG%_std,TOV%,TOV%_std,ORB%,ORB%_std,FT/FGA,FT/FGA_std,eFG%_opp,eFG%_opp_std,TOV%_opp,TOV%_opp_std,ORB%_opp,ORB%_opp_std,FT/FGA_opp,FT/FGA_opp_std,Spread,Spread_std
2017,louisville,0.75,0.43994134506405985,77.26923076923077,8.85689648717966,64.85185185185185,7.779181802456446,0.0,0.0,108.91923076923075,11.09316976272406,92.78076923076924,11.209139814660864,70.08461538461538,3.7420520902512613,0.34661538461538466,0.06551401494219503,0.32096153846153846,0.05264635278477001,0.5413076923076923,0.0535557796924061,55.13846153846154,4.6409548089225705,49.84814814814815,9.15508981472435,9.569230769230767,2.1447180198374296,14.453846153846154,5.654324417238952,0.5112692307692308,0.053104845498171016,13.546153846153846,2.6986264312395325,34.86538461538461,6.8908021192132525,0.24080769230769228,0.040301880085940635,0.4507307692307692,0.061757951839294487,16.715384615384615,2.7531352756727823,24.91923076923077,5.204076804257926,0.27630769230769237,0.08033219490628608,11.88888888888889,12.834249051578698
