Year,Team,Rslt,Rslt_std,Tm,Tm_std,Opp_score,Opp_score_std,OT,OT_std,ORtg,ORtg_std,DRtg,DRtg_std,Pace,Pace_std,FTr,FTr_std,3PAr,3PAr_std,TS%,TS%_std,TRB%,TRB%_std,AST%,AST%_std,STL%,STL%_std,BLK%,BLK%_std,eFG%,eFG%_std,TOV%,TOV%_std,ORB%,ORB%_std,FT/FGA,FT/FGA_std,eFG%_opp,eFG%_opp_std,TOV%_opp,TOV%_opp_std,ORB%_opp,ORB%_opp_std,FT/FGA_opp,FT/FGA_opp_std,Spread,Spread_std
2017,south-dakota-state,0.5294117647058824,0.5066403971048989,77.37931034482759,9.674760215203005,77.17857142857143,8.295708714075191,0.0,0.0,109.90357142857144,11.293835819296627,107.91428571428574,10.72966515254387,70.24285714285715,2.11999800339329,0.4173571428571427,0.10342512564051647,0.46110714285714277,0.05631876161682632,0.5921785714285716,0.05771132090713711,51.878571428571426,5.161564300843886,52.175000000000004,8.368929530201667,7.428571428571426,1.9319644853068012,6.512903225806451,3.8735635561658097,0.5459642857142857,0.06772082241349249,16.05714285714286,3.218859767224754,26.66071428571428,6.50688178638667,0.3235714285714285,0.08994048590757671,0.5352500000000001,0.04283787265181749,13.548275862068964,3.242752434237572,24.917857142857144,6.6115529397511645,0.18578571428571436,0.0702347160876681,-0.14285714285714285,9.819535652121257
