Year,Team,Rslt,Rslt_std,Tm,Tm_std,Opp_score,Opp_score_std,OT,OT_std,ORtg,ORtg_std,DRtg,DRtg_std,Pace,Pace_std,FTr,FTr_std,3PAr,3PAr_std,TS%,TS%_std,TRB%,TRB%_std,AST%,AST%_std,STL%,STL%_std,BLK%,BLK%_std,eFG%,eFG%_std,TOV%,TOV%_std,ORB%,ORB%_std,FT/FGA,FT/FGA_std,eFG%_opp,eFG%_opp_std,TOV%_opp,TOV%_opp_std,ORB%_opp,ORB%_opp_std,FT/FGA_opp,FT/FGA_opp_std,Spread,Spread_std
2017,winthrop,0.8125,0.39655776945626603,79.65384615384616,7.188559286490208,69.65384615384616,8.795190993684255,0.15625,0.36890203262847354,107.33461538461539,7.761955542655076,93.90000000000002,8.788720043328267,72.33461538461538,4.112609128783555,0.38173076923076926,0.10047190958364739,0.43019230769230776,0.058582604401490546,0.5695769230769231,0.0441417472032298,51.111538461538444,4.2902985372187725,47.30384615384616,9.541550430374752,8.7,2.9070947696970597,13.766666666666666,4.84450521407819,0.5362307692307693,0.0471926330626361,15.430769230769235,2.567920439697341,25.300000000000004,7.218753354977575,0.2738076923076923,0.08395809394252313,0.45992307692307693,0.05363798883397706,16.281481481481485,2.7400220432910385,25.757692307692306,7.014395088782671,0.24257692307692316,0.09367013315968888,9.115384615384615,7.2901408660021
