Year,Team,Rslt,Rslt_std,Tm,Tm_std,Opp_score,Opp_score_std,OT,OT_std,ORtg,ORtg_std,DRtg,DRtg_std,Pace,Pace_std,FTr,FTr_std,3PAr,3PAr_std,TS%,TS%_std,TRB%,TRB%_std,AST%,AST%_std,STL%,STL%_std,BLK%,BLK%_std,eFG%,eFG%_std,TOV%,TOV%_std,ORB%,ORB%_std,FT/FGA,FT/FGA_std,eFG%_opp,eFG%_opp_std,TOV%_opp,TOV%_opp_std,ORB%_opp,ORB%_opp_std,FT/FGA_opp,FT/FGA_opp_std,Spread,Spread_std
2017,north-carolina-central,0.7575757575757576,0.4351941398892446,74.03571428571429,7.762598566713115,63.7037037037037,7.020929232904096,0.0,0.0,106.95185185185184,10.653145810957234,90.74814814814812,9.719978251414826,70.40714285714287,2.9386225762255767,0.34755555555555556,0.0882367154234446,0.37951851851851853,0.055992012047303794,0.5478888888888889,0.052373902289457486,52.00714285714285,3.9484576052323854,51.91481481481482,8.123929690625934,8.407407407407407,2.52128262931114,8.72222222222222,2.5867016915418835,0.5213333333333333,0.057128061271282296,14.39259259259259,3.3513402515234825,30.851851851851855,7.737489672933105,0.23818518518518517,0.07586984656787976,0.4458888888888887,0.057159919613802915,16.69642857142857,3.7388334626425475,29.429629629629634,5.914767360976502,0.1796296296296296,0.05674582204081918,13.137931034482758,11.978326075312129
