Year,Team,Rslt,Rslt_std,Tm,Tm_std,Opp_score,Opp_score_std,OT,OT_std,ORtg,ORtg_std,DRtg,DRtg_std,Pace,Pace_std,FTr,FTr_std,3PAr,3PAr_std,TS%,TS%_std,TRB%,TRB%_std,AST%,AST%_std,STL%,STL%_std,BLK%,BLK%_std,eFG%,eFG%_std,TOV%,TOV%_std,ORB%,ORB%_std,FT/FGA,FT/FGA_std,eFG%_opp,eFG%_opp_std,TOV%_opp,TOV%_opp_std,ORB%_opp,ORB%_opp_std,FT/FGA_opp,FT/FGA_opp_std,Spread,Spread_std
2017,arkansas,0.7352941176470589,0.4478110755198991,79.17241379310344,8.237843708490544,73.67857142857143,6.965808407678664,0.0,0.0,108.71071428571427,9.545576415310347,101.28928571428573,9.437252396976188,73.14999999999999,2.7568769233265344,0.3959285714285715,0.0752673893142302,0.29868965517241375,0.0456657917047291,0.56,0.0450522330601237,50.55357142857143,5.409900536010234,49.41785714285713,8.853375734981652,10.271428571428572,2.8383429102542346,12.460714285714285,4.765488532394235,0.5162142857142858,0.055512665984044425,13.942857142857145,2.45484080670079,30.835714285714285,5.80690612375977,0.30224999999999996,0.05380322515460422,0.4873571428571429,0.06001988206741364,15.214285714285712,3.428390647791239,30.621428571428574,7.740913772400908,0.28099999999999997,0.08940834330112515,6.142857142857143,10.269387394597471
