Year,Team,Rslt,Rslt_std,Tm,Tm_std,Opp_score,Opp_score_std,OT,OT_std,ORtg,ORtg_std,DRtg,DRtg_std,Pace,Pace_std,FTr,FTr_std,3PAr,3PAr_std,TS%,TS%_std,TRB%,TRB%_std,AST%,AST%_std,STL%,STL%_std,BLK%,BLK%_std,eFG%,eFG%_std,TOV%,TOV%_std,ORB%,ORB%_std,FT/FGA,FT/FGA_std,eFG%_opp,eFG%_opp_std,TOV%_opp,TOV%_opp_std,ORB%_opp,ORB%_opp_std,FT/FGA_opp,FT/FGA_opp_std,Spread,Spread_std
2017,north-carolina,0.7941176470588235,0.4104256301219048,85.75,9.927981406852796,70.89285714285714,9.761372420637969,0.0,0.0,116.375,10.132552053214981,95.7642857142857,13.008351001076031,73.63928571428572,4.970828926008237,0.3345000000000001,0.11132351919484906,0.29899999999999993,0.04118162121536652,0.5590357142857142,0.046146692143285796,59.342857142857135,3.940805385951847,59.36071428571429,9.232925754570866,8.925,3.1396655872879204,9.14285714285714,3.5972652752219236,0.5297142857142857,0.05478432943208077,13.346428571428566,2.4100840838039845,40.896428571428565,7.971267018711509,0.23592857142857146,0.08614326076752248,0.4835714285714286,0.06144219118116522,15.885714285714284,3.192086776611499,22.64642857142857,5.090912902407012,0.21221428571428572,0.10340046462495266,13.9,15.001953895731555
