Year,Team,Rslt,Rslt_std,Tm,Tm_std,Opp_score,Opp_score_std,OT,OT_std,ORtg,ORtg_std,DRtg,DRtg_std,Pace,Pace_std,FTr,FTr_std,3PAr,3PAr_std,TS%,TS%_std,TRB%,TRB%_std,AST%,AST%_std,STL%,STL%_std,BLK%,BLK%_std,eFG%,eFG%_std,TOV%,TOV%_std,ORB%,ORB%_std,FT/FGA,FT/FGA_std,eFG%_opp,eFG%_opp_std,TOV%_opp,TOV%_opp_std,ORB%_opp,ORB%_opp_std,FT/FGA_opp,FT/FGA_opp_std,Spread,Spread_std
2017,kansas-state,0.6060606060606061,0.49619766344887317,71.70370370370371,7.829013174944036,66.85185185185185,9.944862236365314,0.0,0.0,105.27037037037036,10.659911055149744,98.1,12.470457397076808,68.33703703703704,4.060423258360764,0.40070370370370384,0.10247131486601688,0.3751428571428571,0.04813539106536763,0.559925925925926,0.053105791315308265,49.64999999999999,4.459986713150777,60.39259259259258,8.219485569057412,11.337037037037037,1.9631505581488429,10.362962962962964,4.646019648634578,0.5263703703703704,0.05897988454233172,16.07407407407408,3.00967575465334,28.217857142857145,7.892849721081525,0.2772962962962963,0.07299463353025702,0.49451851851851863,0.05362144402437572,18.248148148148147,3.5681680680460333,29.750000000000004,7.540335978367719,0.22718518518518518,0.06780176820761957,4.535714285714286,10.082923381407989
