Year,Team,Rslt,Rslt_std,Tm,Tm_std,Opp_score,Opp_score_std,OT,OT_std,ORtg,ORtg_std,DRtg,DRtg_std,Pace,Pace_std,FTr,FTr_std,3PAr,3PAr_std,TS%,TS%_std,TRB%,TRB%_std,AST%,AST%_std,STL%,STL%_std,BLK%,BLK%_std,eFG%,eFG%_std,TOV%,TOV%_std,ORB%,ORB%_std,FT/FGA,FT/FGA_std,eFG%_opp,eFG%_opp_std,TOV%_opp,TOV%_opp_std,ORB%_opp,ORB%_opp_std,FT/FGA_opp,FT/FGA_opp_std,Spread,Spread_std
2017,oregon,0.8529411764705882,0.359490627953571,77.82758620689656,7.171715104279158,64.27586206896552,5.933539967989104,0.0,0.0,112.67142857142858,8.991842275820208,92.6392857142857,9.191072128881748,69.65714285714286,2.8367206642502056,0.34020689655172415,0.09843648398490443,0.38625,0.05324550059238182,0.5808571428571428,0.042950198797206705,52.89285714285715,5.729128210549145,57.75357142857142,9.619828370797366,9.260714285714286,2.6715703920706186,17.614285714285714,6.328753565523127,0.55325,0.0521625841498021,14.285714285714288,3.7573349780883443,30.157142857142855,6.307986036025114,0.2431428571428571,0.0743837468735059,0.45924999999999994,0.05940110050109122,16.685714285714283,2.3965583789033937,26.182142857142868,6.69826144228533,0.18364285714285714,0.06311671392523202,12.785714285714286,9.271050693011064
