Year,Team,Rslt,Rslt_std,Tm,Tm_std,Opp_score,Opp_score_std,OT,OT_std,ORtg,ORtg_std,DRtg,DRtg_std,Pace,Pace_std,FTr,FTr_std,3PAr,3PAr_std,TS%,TS%_std,TRB%,TRB%_std,AST%,AST%_std,STL%,STL%_std,BLK%,BLK%_std,eFG%,eFG%_std,TOV%,TOV%_std,ORB%,ORB%_std,FT/FGA,FT/FGA_std,eFG%_opp,eFG%_opp_std,TOV%_opp,TOV%_opp_std,ORB%_opp,ORB%_opp_std,FT/FGA_opp,FT/FGA_opp_std,Spread,Spread_std
2017,north-carolina-wilmington,0.8529411764705882,0.35949062795357095,84.25,10.878538164321188,73.75,7.234818075984537,0.0,0.0,115.8964285714286,13.095220562758824,103.15714285714287,9.460891374942722,71.67142857142856,3.6438539978533657,0.31875000000000003,0.09032600421272402,0.4121785714285715,0.06960047550467015,0.5772142857142858,0.07084482633184598,51.682142857142864,3.8003950643982587,51.88928571428572,9.742778495082028,8.803571428571429,2.6507136904583017,7.174193548387098,4.42583082535061,0.5569285714285713,0.07355568743094684,12.530000000000001,4.380611671980256,30.853571428571428,5.423917003547865,0.22060714285714286,0.07023312465597553,0.5327500000000002,0.05712599784362308,17.11785714285714,3.106272456084394,25.73928571428571,6.793206807551108,0.28514285714285714,0.09064081097252281,9.821428571428571,6.733297972561558
