Year,Team,Rslt,Rslt_std,Tm,Tm_std,Opp_score,Opp_score_std,OT,OT_std,ORtg,ORtg_std,DRtg,DRtg_std,Pace,Pace_std,FTr,FTr_std,3PAr,3PAr_std,TS%,TS%_std,TRB%,TRB%_std,AST%,AST%_std,STL%,STL%_std,BLK%,BLK%_std,eFG%,eFG%_std,TOV%,TOV%_std,ORB%,ORB%_std,FT/FGA,FT/FGA_std,eFG%_opp,eFG%_opp_std,TOV%_opp,TOV%_opp_std,ORB%_opp,ORB%_opp_std,FT/FGA_opp,FT/FGA_opp_std,Spread,Spread_std
2017,northwestern,0.6764705882352942,0.47485807993381707,71.86206896551724,8.361152252834168,65.03571428571429,4.324624949331555,0.0,0.0,104.52142857142859,10.301648812397376,96.05,8.371844347440879,67.81785714285715,3.7379984316653045,0.30910714285714286,0.08135397701845667,0.3618214285714287,0.048603500538029816,0.5329642857142857,0.058065405103566343,50.0,5.100835080505791,59.69642857142856,9.60055870838919,7.253571428571428,1.9568459397065554,12.875,5.105452785811279,0.4952857142857143,0.06303018509257476,13.092857142857145,2.9371097624388773,27.178571428571434,5.641733194609033,0.23428571428571435,0.0633969605200013,0.4631785714285715,0.04829082695765282,14.660714285714288,3.039778169990587,28.03928571428571,5.422063245782904,0.2401071428571429,0.0538106001437513,6.071428571428571,9.193107609139986
