Year,Team,Rslt,Rslt_std,Tm,Tm_std,Opp_score,Opp_score_std,OT,OT_std,ORtg,ORtg_std,DRtg,DRtg_std,Pace,Pace_std,FTr,FTr_std,3PAr,3PAr_std,TS%,TS%_std,TRB%,TRB%_std,AST%,AST%_std,STL%,STL%_std,BLK%,BLK%_std,eFG%,eFG%_std,TOV%,TOV%_std,ORB%,ORB%_std,FT/FGA,FT/FGA_std,eFG%_opp,eFG%_opp_std,TOV%_opp,TOV%_opp_std,ORB%_opp,ORB%_opp_std,FT/FGA_opp,FT/FGA_opp_std,Spread,Spread_std
2017,dayton,0.7741935483870968,0.4250237185032414,76.11538461538461,8.016617356850322,66.36,6.006108002136935,0.0,0.0,107.52,7.483927222165288,93.288,8.99501343337889,70.84800000000001,3.24911782899092,0.4404400000000001,0.1055458352249549,0.38388000000000005,0.05062469752996061,0.5761599999999999,0.05617211645172956,50.05199999999999,4.227698349377984,60.54,8.516601434844771,10.452,2.8720085886593956,10.988,4.5656616899050535,0.5444,0.061400325732035,15.012,2.1231501752506032,22.831999999999997,6.339342762989446,0.30748,0.08223650851862165,0.47412000000000004,0.033305805299777204,17.795999999999996,3.0864596762850045,24.22307692307692,7.240514218882949,0.23503846153846153,0.06376047726874746,9.08,8.587393861546898
