Year,Team,Rslt,Rslt_std,Tm,Tm_std,Opp_score,Opp_score_std,OT,OT_std,ORtg,ORtg_std,DRtg,DRtg_std,Pace,Pace_std,FTr,FTr_std,3PAr,3PAr_std,TS%,TS%_std,TRB%,TRB%_std,AST%,AST%_std,STL%,STL%_std,BLK%,BLK%_std,eFG%,eFG%_std,TOV%,TOV%_std,ORB%,ORB%_std,FT/FGA,FT/FGA_std,eFG%_opp,eFG%_opp_std,TOV%_opp,TOV%_opp_std,ORB%_opp,ORB%_opp_std,FT/FGA_opp,FT/FGA_opp_std,Spread,Spread_std
2017,ucla,0.8787878787878788,0.33143398263980844,89.03571428571429,9.867575569462218,75.71428571428571,7.531942560200439,0.0,0.0,117.95185185185184,8.462558731548059,99.03703703703704,9.360027455094027,75.87241379310345,4.4347569229347,0.2662222222222223,0.06847983045749441,0.3804814814814815,0.049531163749059866,0.6113333333333334,0.05705867425459784,53.677777777777784,3.5492505528885223,64.1,7.87112542046024,7.933333333333336,2.627077932140282,12.933333333333334,3.9032530811343267,0.5905185185185187,0.06311489545654042,13.392592592592594,2.8833642110890487,28.07407407407407,6.5894783610863366,0.19299999999999998,0.05578737105502257,0.4896666666666667,0.04877972466570038,13.474074074074075,3.971300173900869,25.23703703703704,5.018822122627529,0.17192592592592593,0.06785047243524991,14.925925925925926,10.62987779771254
