Year,Team,Rslt,Rslt_std,Tm,Tm_std,Opp_score,Opp_score_std,OT,OT_std,ORtg,ORtg_std,DRtg,DRtg_std,Pace,Pace_std,FTr,FTr_std,3PAr,3PAr_std,TS%,TS%_std,TRB%,TRB%_std,AST%,AST%_std,STL%,STL%_std,BLK%,BLK%_std,eFG%,eFG%_std,TOV%,TOV%_std,ORB%,ORB%_std,FT/FGA,FT/FGA_std,eFG%_opp,eFG%_opp_std,TOV%_opp,TOV%_opp_std,ORB%_opp,ORB%_opp_std,FT/FGA_opp,FT/FGA_opp_std,Spread,Spread_std
2017,duke,0.7714285714285715,0.4260429614980358,80.13333333333334,8.881337788843538,69.23333333333333,10.118890948270394,0.0,0.0,113.23793103448276,8.293001084955545,99.3896551724138,11.959286434386643,70.70689655172413,3.198206085837447,0.3896551724137932,0.11436791378893599,0.3731999999999999,0.07156111446482842,0.5915172413793104,0.05271731938885737,51.77931034482758,5.1754488632350135,46.76896551724137,9.887441654091022,8.058620689655172,2.775468717349418,10.42758620689655,3.2179071006438926,0.5506896551724138,0.055667445890930756,13.817241379310344,2.7142571945610827,29.344827586206893,6.679851698893608,0.2962758620689656,0.08118448855702676,0.47934482758620695,0.055092957718276346,14.058620689655173,4.047266912143067,26.98275862068965,6.567999747994452,0.21072413793103445,0.06462910476144637,9.344827586206897,11.059178030903192
