Year,Team,Rslt,Rslt_std,Tm,Tm_std,Opp_score,Opp_score_std,OT,OT_std,ORtg,ORtg_std,DRtg,DRtg_std,Pace,Pace_std,FTr,FTr_std,3PAr,3PAr_std,TS%,TS%_std,TRB%,TRB%_std,AST%,AST%_std,STL%,STL%_std,BLK%,BLK%_std,eFG%,eFG%_std,TOV%,TOV%_std,ORB%,ORB%_std,FT/FGA,FT/FGA_std,eFG%_opp,eFG%_opp_std,TOV%_opp,TOV%_opp_std,ORB%_opp,ORB%_opp_std,FT/FGA_opp,FT/FGA_opp_std,Spread,Spread_std
2017,oklahoma-state,0.625,0.4918693768379647,86.64285714285714,10.122268394995139,77.3076923076923,9.715016132850138,0.0,0.0,114.6576923076923,8.122618941052108,105.4923076923077,11.106391784082644,74.61538461538461,5.168186707749038,0.39123076923076927,0.13614589459614498,0.3635925925925926,0.061022227513523715,0.5838846153846154,0.05362337320465912,53.422222222222224,5.575725777754672,51.611538461538466,6.951450319067349,9.653846153846153,2.942275414604251,8.153846153846153,3.131674410819971,0.5401923076923077,0.05346252461735732,14.726923076923075,3.5763174011608863,35.55555555555556,6.654919136845219,0.30688461538461537,0.09901285852780009,0.5305769230769231,0.06408317912021723,17.284615384615382,3.6913620583944144,29.15555555555556,6.900854647925493,0.3265384615384615,0.09289358676215738,6.961538461538462,10.91597277105717
