Year,Team,Rslt,Rslt_std,Tm,Tm_std,Opp_score,Opp_score_std,OT,OT_std,ORtg,ORtg_std,DRtg,DRtg_std,Pace,Pace_std,FTr,FTr_std,3PAr,3PAr_std,TS%,TS%_std,TRB%,TRB%_std,AST%,AST%_std,STL%,STL%_std,BLK%,BLK%_std,eFG%,eFG%_std,TOV%,TOV%_std,ORB%,ORB%_std,FT/FGA,FT/FGA_std,eFG%_opp,eFG%_opp_std,TOV%_opp,TOV%_opp_std,ORB%_opp,ORB%_opp_std,FT/FGA_opp,FT/FGA_opp_std,Spread,Spread_std
2018,cal-state-fullerton,0.6451612903225806,0.48637345711392,72.26923076923077,9.771622965741944,70.0,7.740585679822081,0.0,0.0,102.13199999999999,9.407210000845097,98.02799999999999,7.917623801789692,71.16799999999999,3.2874407472480276,0.4403999999999999,0.10745231500530827,0.2996923076923077,0.05098922963196776,0.5724800000000001,0.057864151251012054,51.087999999999994,4.8941563794658896,50.407999999999994,9.154822044511114,8.516,2.508432445439449,8.340000000000002,2.393915899386053,0.5282399999999999,0.06447885958462149,17.434615384615384,4.176883269395237,23.535999999999994,8.704495007370234,0.32244,0.08565973383101302,0.4715599999999999,0.04451598963668374,16.060000000000006,3.0332875454419637,25.072000000000003,5.972542730417814,0.2562,0.0879824793164336,3.32,8.264986388373545
