Year,Team,Rslt,Rslt_std,Tm,Tm_std,Opp_score,Opp_score_std,OT,OT_std,ORtg,ORtg_std,DRtg,DRtg_std,Pace,Pace_std,FTr,FTr_std,3PAr,3PAr_std,TS%,TS%_std,TRB%,TRB%_std,AST%,AST%_std,STL%,STL%_std,BLK%,BLK%_std,eFG%,eFG%_std,TOV%,TOV%_std,ORB%,ORB%_std,FT/FGA,FT/FGA_std,eFG%_opp,eFG%_opp_std,TOV%_opp,TOV%_opp_std,ORB%_opp,ORB%_opp_std,FT/FGA_opp,FT/FGA_opp_std,Spread,Spread_std
2018,north-carolina-greensboro,0.7941176470588235,0.4104256301219048,73.39285714285714,6.539562142519407,62.285714285714285,8.918798884657818,0.0,0.0,107.05,9.396118189818445,91.41428571428573,13.088211101646774,67.10000000000001,3.2418558927919094,0.2675,0.0702780193232564,0.4568214285714287,0.051059191193075185,0.5548928571428571,0.05453598152067385,55.16428571428571,5.608143172322711,53.14999999999999,6.44908836509012,10.914285714285716,2.202307592085795,12.046428571428574,5.517143795604358,0.5314642857142856,0.060241785758082825,16.59642857142857,2.738001723730911,33.517857142857146,5.279313477494095,0.18760714285714286,0.056741349013137564,0.4680357142857142,0.0665312414182697,18.79642857142857,3.3071731402958298,21.321428571428577,6.374390727187748,0.27892857142857136,0.12427327371903647,11.03448275862069,9.439592752341028
