Year,Team,Rslt,Rslt_std,Tm,Tm_std,Opp_score,Opp_score_std,OT,OT_std,ORtg,ORtg_std,DRtg,DRtg_std,Pace,Pace_std,FTr,FTr_std,3PAr,3PAr_std,TS%,TS%_std,TRB%,TRB%_std,AST%,AST%_std,STL%,STL%_std,BLK%,BLK%_std,eFG%,eFG%_std,TOV%,TOV%_std,ORB%,ORB%_std,FT/FGA,FT/FGA_std,eFG%_opp,eFG%_opp_std,TOV%_opp,TOV%_opp_std,ORB%_opp,ORB%_opp_std,FT/FGA_opp,FT/FGA_opp_std,Spread,Spread_std
2018,ohio-state,0.75,0.43994134506405985,75.5,7.8701969479804,66.65384615384616,7.1662671325722025,0.0,0.0,109.6807692307692,10.319961985618717,95.70769230769231,9.674127271311788,68.12692307692309,4.332902739947684,0.3152307692307693,0.08253450560453256,0.3261153846153846,0.04898352941393825,0.5695384615384615,0.05279487154580889,54.4923076923077,4.593728165829847,52.23461538461538,8.019972184874076,8.469230769230768,2.266057233305325,11.63846153846154,3.325426519780814,0.5386538461538461,0.05777192557475806,14.285185185185187,2.6465803340135863,28.565384615384616,6.261114425256405,0.2261923076923077,0.06779794641773111,0.47634615384615375,0.048605302021645584,15.640740740740743,3.367863881232008,21.73846153846154,5.999938461222876,0.20557692307692307,0.06660580940243761,9.148148148148149,11.637815363664542
