Year,Team,Rslt,Rslt_std,Tm,Tm_std,Opp_score,Opp_score_std,OT,OT_std,ORtg,ORtg_std,DRtg,DRtg_std,Pace,Pace_std,FTr,FTr_std,3PAr,3PAr_std,TS%,TS%_std,TRB%,TRB%_std,AST%,AST%_std,STL%,STL%_std,BLK%,BLK%_std,eFG%,eFG%_std,TOV%,TOV%_std,ORB%,ORB%_std,FT/FGA,FT/FGA_std,eFG%_opp,eFG%_opp_std,TOV%_opp,TOV%_opp_std,ORB%_opp,ORB%_opp_std,FT/FGA_opp,FT/FGA_opp_std,Spread,Spread_std
2018,loyola-il,0.8484848484848485,0.36410954062720957,71.0,9.083970415986531,61.17857142857143,7.206239947427104,0.0,0.0,108.20370370370372,10.188510930737374,92.20740740740742,7.700695569278937,66.4074074074074,3.640047117819084,0.33348148148148155,0.12261772063248205,0.3607037037037037,0.05696004997757019,0.6073928571428572,0.05968146265070072,51.19259259259258,4.034841139368813,59.27777777777778,6.9188890467347175,9.427586206896553,3.2347329931457733,6.293333333333334,4.470665562834313,0.5792592592592593,0.05903297161664605,16.325925925925926,4.276284565672599,20.61111111111111,6.198531670629333,0.2456296296296296,0.09831626680813464,0.472111111111111,0.04985003150476076,17.125925925925927,3.3324272272731217,23.885185185185197,5.868409803194868,0.17781481481481481,0.06360154632677334,12.035714285714286,7.829110648405319
