Year,Team,Rslt,Rslt_std,Tm,Tm_std,Opp_score,Opp_score_std,OT,OT_std,ORtg,ORtg_std,DRtg,DRtg_std,Pace,Pace_std,FTr,FTr_std,3PAr,3PAr_std,TS%,TS%_std,TRB%,TRB%_std,AST%,AST%_std,STL%,STL%_std,BLK%,BLK%_std,eFG%,eFG%_std,TOV%,TOV%_std,ORB%,ORB%_std,FT/FGA,FT/FGA_std,eFG%_opp,eFG%_opp_std,TOV%_opp,TOV%_opp_std,ORB%_opp,ORB%_opp_std,FT/FGA_opp,FT/FGA_opp_std,Spread,Spread_std
2018,ucla,0.65625,0.48255870443481425,80.10714285714286,10.170178940536871,75.53846153846153,7.564288567899927,0.15625,0.36890203262847354,109.86153846153846,9.753525595314832,102.96538461538461,7.563117997635223,72.0653846153846,3.6802111143457314,0.3605384615384615,0.12904641979357065,0.3997307692307693,0.06277869555338511,0.5692692307692307,0.050002846072844845,52.07692307692308,4.406477749160452,53.330769230769235,7.7025070843599615,7.573076923076924,2.518659594674547,10.296153846153848,2.9810710517169183,0.5373461538461538,0.05827860142981628,13.776923076923072,2.9489398355758554,27.419230769230772,5.954293861123701,0.2578461538461539,0.09618469412861584,0.4987307692307693,0.04782096418292521,12.488461538461536,2.679899538874832,24.334615384615386,6.488571017269815,0.2103076923076923,0.05985433600384804,5.0,9.645724441429996
