Year,Team,Rslt,Rslt_std,Tm,Tm_std,Opp_score,Opp_score_std,OT,OT_std,ORtg,ORtg_std,DRtg,DRtg_std,Pace,Pace_std,FTr,FTr_std,3PAr,3PAr_std,TS%,TS%_std,TRB%,TRB%_std,AST%,AST%_std,STL%,STL%_std,BLK%,BLK%_std,eFG%,eFG%_std,TOV%,TOV%_std,ORB%,ORB%_std,FT/FGA,FT/FGA_std,eFG%_opp,eFG%_opp_std,TOV%_opp,TOV%_opp_std,ORB%_opp,ORB%_opp_std,FT/FGA_opp,FT/FGA_opp_std,Spread,Spread_std
2018,miami-fl,0.7096774193548387,0.4614143753790638,74.64,9.9284104132199,67.76,10.223665357069025,0.0,0.0,106.792,11.055764710472692,97.33999999999997,12.180859301926663,69.112,3.5702847692212636,0.28224,0.09311877719701149,0.3658800000000001,0.05774608211818357,0.5532000000000001,0.07010349492001094,50.092307692307685,5.468595657162674,48.188,8.507806219388561,9.383999999999999,2.061690245082094,10.3,3.956745295483819,0.5326,0.07791394825917458,13.9,2.748332827976505,25.715384615384615,4.961507215166964,0.1818076923076923,0.06894926786022851,0.49284,0.07644043432634327,16.036,2.846617876240739,24.924,5.723873979511895,0.20232,0.06879844959493395,4.615384615384615,9.887676868008677
