Year,Team,Rslt,Rslt_std,Tm,Tm_std,Opp_score,Opp_score_std,OT,OT_std,ORtg,ORtg_std,DRtg,DRtg_std,Pace,Pace_std,FTr,FTr_std,3PAr,3PAr_std,TS%,TS%_std,TRB%,TRB%_std,AST%,AST%_std,STL%,STL%_std,BLK%,BLK%_std,eFG%,eFG%_std,TOV%,TOV%_std,ORB%,ORB%_std,FT/FGA,FT/FGA_std,eFG%_opp,eFG%_opp_std,TOV%_opp,TOV%_opp_std,ORB%_opp,ORB%_opp_std,FT/FGA_opp,FT/FGA_opp_std,Spread,Spread_std
2018,kentucky,0.7058823529411765,0.4624972900628803,76.75862068965517,8.89885695875677,69.56666666666666,6.0894670699004765,0.0,0.0,107.77857142857142,10.590574325798604,99.05714285714285,8.303298254595092,70.72500000000001,3.6941019055907063,0.4332142857142856,0.12041144191444327,0.26325000000000004,0.041931712563625614,0.55175,0.052702958663170436,53.63928571428571,4.176064005976271,49.60357142857141,8.133674043084923,7.828571428571428,1.9864088465922884,13.625,3.8877418943439443,0.5213793103448275,0.06328868878463842,15.471428571428572,2.6567673399100453,33.792857142857144,6.80369880728986,0.30925,0.10404294875283564,0.46896428571428567,0.05070574672877574,13.824999999999998,3.0261361502748025,29.29642857142857,4.7508659750857545,0.21599999999999997,0.05524155708911208,6.0,8.952549812659417
