Year,Team,Rslt,Rslt_std,Tm,Tm_std,Opp_score,Opp_score_std,OT,OT_std,ORtg,ORtg_std,DRtg,DRtg_std,Pace,Pace_std,FTr,FTr_std,3PAr,3PAr_std,TS%,TS%_std,TRB%,TRB%_std,AST%,AST%_std,STL%,STL%_std,BLK%,BLK%_std,eFG%,eFG%_std,TOV%,TOV%_std,ORB%,ORB%_std,FT/FGA,FT/FGA_std,eFG%_opp,eFG%_opp_std,TOV%_opp,TOV%_opp_std,ORB%_opp,ORB%_opp_std,FT/FGA_opp,FT/FGA_opp_std,Spread,Spread_std
2018,north-carolina-central,0.5588235294117647,0.5039947372613783,71.67857142857143,7.869554890836849,69.03571428571429,9.41819414497179,0.0,0.0,102.76428571428573,9.786998718470537,98.80357142857144,11.502382430927149,69.91785714285714,3.1355847196960784,0.3025357142857143,0.10730796185394947,0.31753571428571437,0.056158823813034865,0.5483928571428571,0.05065887314746972,53.1,4.0367753907736255,56.53214285714285,8.844418770402235,6.750000000000001,2.300805012099831,9.471428571428572,3.850815896505969,0.5225714285714286,0.05545864563493573,16.946428571428573,3.570504907013193,31.55714285714285,4.335847866285984,0.20103448275862074,0.0826937045274482,0.47867857142857145,0.06490794254396763,14.246428571428568,3.3732589081444164,26.146428571428572,5.530553662114112,0.24606666666666663,0.05995166635591186,1.4285714285714286,11.050150230011361
