Year,Team,Rslt,Rslt_std,Tm,Tm_std,Opp_score,Opp_score_std,OT,OT_std,ORtg,ORtg_std,DRtg,DRtg_std,Pace,Pace_std,FTr,FTr_std,3PAr,3PAr_std,TS%,TS%_std,TRB%,TRB%_std,AST%,AST%_std,STL%,STL%_std,BLK%,BLK%_std,eFG%,eFG%_std,TOV%,TOV%_std,ORB%,ORB%_std,FT/FGA,FT/FGA_std,eFG%_opp,eFG%_opp_std,TOV%_opp,TOV%_opp_std,ORB%_opp,ORB%_opp_std,FT/FGA_opp,FT/FGA_opp_std,Spread,Spread_std
2018,wright-state,0.7352941176470589,0.4478110755198991,72.55172413793103,9.077390306598318,67.0,9.649012813540153,0.0,0.0,100.38214285714285,9.851078285459078,92.37857142857145,11.121029699955917,71.03571428571426,3.6316728403103196,0.36853571428571424,0.10357766173544376,0.3480714285714286,0.05586155410936244,0.532607142857143,0.05867003733102,52.585714285714275,4.057614176364333,51.74666666666668,11.155908696765797,9.221428571428572,3.0116265007291623,5.651612903225807,3.4784930614412075,0.4943571428571429,0.06414867816294353,15.955172413793106,3.9698494220181115,26.860714285714288,4.3429243676918965,0.2674642857142857,0.08145322772535357,0.48210714285714296,0.060263212343060195,18.710714285714285,3.299420744415184,21.717857142857135,7.903447610187856,0.2004642857142857,0.06515308590676733,6.571428571428571,8.591246929842246
