Year,Team,Rslt,Rslt_std,Tm,Tm_std,Opp_score,Opp_score_std,OT,OT_std,ORtg,ORtg_std,DRtg,DRtg_std,Pace,Pace_std,FTr,FTr_std,3PAr,3PAr_std,TS%,TS%_std,TRB%,TRB%_std,AST%,AST%_std,STL%,STL%_std,BLK%,BLK%_std,eFG%,eFG%_std,TOV%,TOV%_std,ORB%,ORB%_std,FT/FGA,FT/FGA_std,eFG%_opp,eFG%_opp_std,TOV%_opp,TOV%_opp_std,ORB%_opp,ORB%_opp_std,FT/FGA_opp,FT/FGA_opp_std,Spread,Spread_std
2018,stephen-f-austin,0.8235294117647058,0.3869529949759475,80.57142857142857,9.92351704166373,67.32142857142857,7.518143838241376,0.0,0.0,107.75,8.628741807771583,90.49285714285713,10.725840330419373,74.98928571428574,4.457813721388902,0.39378571428571424,0.11678513259729251,0.3183571428571429,0.05358082457283353,0.5730000000000002,0.053602100566910484,53.38571428571429,5.0741694657545455,48.82142857142857,8.62160753004429,13.42857142857143,3.311020559111215,8.913793103448274,3.5832670784725247,0.5404642857142856,0.06357351075598446,17.53571428571429,3.3105011689195925,33.010714285714286,6.309154975742513,0.2774285714285714,0.07841410897773746,0.49742857142857133,0.05977143413558302,23.289285714285715,3.3526484042844875,25.996551724137934,5.212518088945707,0.34107142857142864,0.10076703185563574,11.892857142857142,9.592973067570464
