Year,Team,Rslt,Rslt_std,Tm,Tm_std,Opp_score,Opp_score_std,OT,OT_std,ORtg,ORtg_std,DRtg,DRtg_std,Pace,Pace_std,FTr,FTr_std,3PAr,3PAr_std,TS%,TS%_std,TRB%,TRB%_std,AST%,AST%_std,STL%,STL%_std,BLK%,BLK%_std,eFG%,eFG%_std,TOV%,TOV%_std,ORB%,ORB%_std,FT/FGA,FT/FGA_std,eFG%_opp,eFG%_opp_std,TOV%_opp,TOV%_opp_std,ORB%_opp,ORB%_opp_std,FT/FGA_opp,FT/FGA_opp_std,Spread,Spread_std
2018,seton-hall,0.65625,0.48255870443481425,80.58620689655173,7.409054505802392,72.88461538461539,7.240590711133579,0.0,0.0,109.4076923076923,7.9525051689098865,100.95555555555556,10.798516042399008,71.94230769230768,2.0834918914021383,0.34288461538461534,0.105494389205522,0.32711538461538464,0.04080620239431934,0.5569999999999999,0.040588668369386044,53.21538461538462,3.852032430568809,56.34615384615385,7.3690830240529,8.71153846153846,2.1037731670647237,8.81923076923077,3.8096739210351567,0.5294615384615384,0.035473066706142864,14.711111111111116,2.482761076725379,31.17037037037037,6.605930599720154,0.23865384615384608,0.0781311422200865,0.49976923076923074,0.04910910929129764,15.061538461538463,3.3812514751880753,25.607692307692307,4.510602893354553,0.19826923076923075,0.06548377368008518,6.153846153846154,8.974150913339079
