Year,Team,Rslt,Rslt_std,Tm,Tm_std,Opp_score,Opp_score_std,OT,OT_std,ORtg,ORtg_std,DRtg,DRtg_std,Pace,Pace_std,FTr,FTr_std,3PAr,3PAr_std,TS%,TS%_std,TRB%,TRB%_std,AST%,AST%_std,STL%,STL%_std,BLK%,BLK%_std,eFG%,eFG%_std,TOV%,TOV%_std,ORB%,ORB%_std,FT/FGA,FT/FGA_std,eFG%_opp,eFG%_opp_std,TOV%_opp,TOV%_opp_std,ORB%_opp,ORB%_opp_std,FT/FGA_opp,FT/FGA_opp_std,Spread,Spread_std
2018,iona,0.6060606060606061,0.49619766344887317,80.82142857142857,8.384525302619377,74.46428571428571,7.8006749131423945,0.12121212121212122,0.33143398263980844,109.18148148148148,8.06960284205425,103.44814814814815,6.105884322669679,71.9074074074074,4.394920663143722,0.29670370370370375,0.09194723186313684,0.40927586206896555,0.09027058394141002,0.5735185185185185,0.054578363119442495,46.911111111111104,4.632272521986235,57.392857142857146,11.694630884914305,9.082142857142859,2.6177532876748097,7.829629629629631,3.0400929660398948,0.5415185185185185,0.06375938565622523,13.855555555555556,3.3857544703261238,21.77037037037037,5.37364042302901,0.2207407407407407,0.07821646127775671,0.5228518518518518,0.054325729634169664,15.648148148148149,3.198361403830979,28.9925925925926,7.214991120306169,0.19355555555555556,0.07000073259689904,3.2222222222222223,7.407549856180172
