Year,Team,Rslt,Rslt_std,Tm,Tm_std,Opp_score,Opp_score_std,OT,OT_std,ORtg,ORtg_std,DRtg,DRtg_std,Pace,Pace_std,FTr,FTr_std,3PAr,3PAr_std,TS%,TS%_std,TRB%,TRB%_std,AST%,AST%_std,STL%,STL%_std,BLK%,BLK%_std,eFG%,eFG%_std,TOV%,TOV%_std,ORB%,ORB%_std,FT/FGA,FT/FGA_std,eFG%_opp,eFG%_opp_std,TOV%_opp,TOV%_opp_std,ORB%_opp,ORB%_opp_std,FT/FGA_opp,FT/FGA_opp_std,Spread,Spread_std
2018,new-mexico-state,0.8484848484848485,0.36410954062720957,75.33333333333333,6.782329983125267,63.370370370370374,6.686082837035726,0.0,0.0,106.31111111111112,8.251448979204213,88.6074074074074,8.688494865046708,70.92857142857142,3.6462926014583283,0.2867407407407408,0.09181653638248587,0.36559259259259275,0.04982373489015609,0.539962962962963,0.05782764941649484,56.8962962962963,4.447339868824048,48.99629629629629,8.679439962502078,7.737037037037037,2.506475942916998,8.28888888888889,3.7352101509546785,0.5210370370370372,0.07043244525592836,14.62962962962963,3.7198857317866447,33.82592592592593,6.860286638583899,0.17853571428571427,0.06497947376350482,0.4478148148148148,0.053611879450674166,17.30740740740741,3.259179453827407,21.01851851851852,4.381344809094845,0.23237037037037037,0.05403784154727426,12.74074074074074,9.296784359669715
