Year,Team,Rslt,Rslt_std,Tm,Tm_std,Opp_score,Opp_score_std,OT,OT_std,ORtg,ORtg_std,DRtg,DRtg_std,Pace,Pace_std,FTr,FTr_std,3PAr,3PAr_std,TS%,TS%_std,TRB%,TRB%_std,AST%,AST%_std,STL%,STL%_std,BLK%,BLK%_std,eFG%,eFG%_std,TOV%,TOV%_std,ORB%,ORB%_std,FT/FGA,FT/FGA_std,eFG%_opp,eFG%_opp_std,TOV%_opp,TOV%_opp_std,ORB%_opp,ORB%_opp_std,FT/FGA_opp,FT/FGA_opp_std,Spread,Spread_std
2018,texas,0.5757575757575758,0.5018903659106632,71.48148148148148,7.890453678924886,67.77777777777777,8.688335829557895,0.21212121212121213,0.41514875026728054,102.29259259259261,9.828683530515159,96.41111111111111,11.479022115056173,67.5925925925926,4.153397675483561,0.333148148148148,0.08460164742154107,0.37911111111111107,0.05306333902722244,0.5264074074074075,0.05260612662423036,50.30740740740742,4.862725250936646,44.82592592592592,8.653660523491803,8.640740740740743,2.0398452541721546,13.639285714285716,5.882386721813991,0.4967500000000001,0.0624361154983117,14.537037037037035,3.5207241549855297,27.488888888888876,7.65487945608417,0.22370370370370368,0.05957982028971711,0.4769999999999999,0.057893801979938306,15.08888888888889,3.692021890648218,27.31481481481482,5.917815586053803,0.18133333333333332,0.061280565371965134,2.642857142857143,8.64190602139017
