Year,Team,Rslt,Rslt_std,Tm,Tm_std,Opp_score,Opp_score_std,OT,OT_std,ORtg,ORtg_std,DRtg,DRtg_std,Pace,Pace_std,FTr,FTr_std,3PAr,3PAr_std,TS%,TS%_std,TRB%,TRB%_std,AST%,AST%_std,STL%,STL%_std,BLK%,BLK%_std,eFG%,eFG%_std,TOV%,TOV%_std,ORB%,ORB%_std,FT/FGA,FT/FGA_std,eFG%_opp,eFG%_opp_std,TOV%_opp,TOV%_opp_std,ORB%_opp,ORB%_opp_std,FT/FGA_opp,FT/FGA_opp_std,Spread,Spread_std
2018,florida,0.625,0.4918693768379647,75.5925925925926,11.378992990659652,69.07692307692308,6.46172160912602,0.0,0.0,107.00384615384615,9.891025458231548,99.00769230769232,9.779771902326683,69.32307692307691,3.8190373333925587,0.3341923076923077,0.07375311205950254,0.40038461538461534,0.05708525338339275,0.5390000000000001,0.05723145988003451,48.5076923076923,4.512730710062198,48.02692307692307,9.41991752372844,9.549999999999999,2.8348192182218606,11.788888888888893,3.9670114049721974,0.5042692307692308,0.06518929831946817,11.638461538461538,2.764066124111639,26.853846153846156,5.613998986051264,0.2325769230769231,0.06423405519001464,0.49599999999999994,0.046581541408588015,16.888461538461538,3.3639651511960613,27.62592592592593,7.398107481105847,0.22796153846153844,0.08093131941058702,5.884615384615385,9.407770928660723
