Year,Team,Rslt,Rslt_std,Tm,Tm_std,Opp_score,Opp_score_std,OT,OT_std,ORtg,ORtg_std,DRtg,DRtg_std,Pace,Pace_std,FTr,FTr_std,3PAr,3PAr_std,TS%,TS%_std,TRB%,TRB%_std,AST%,AST%_std,STL%,STL%_std,BLK%,BLK%_std,eFG%,eFG%_std,TOV%,TOV%_std,ORB%,ORB%_std,FT/FGA,FT/FGA_std,eFG%_opp,eFG%_opp_std,TOV%_opp,TOV%_opp_std,ORB%_opp,ORB%_opp_std,FT/FGA_opp,FT/FGA_opp_std,Spread,Spread_std
2018,syracuse,0.6060606060606061,0.49619766344887317,68.42857142857143,8.447785471061595,64.0,8.570970683740464,0.0,0.0,101.39999999999999,9.221588383119924,96.85185185185183,10.348740925660415,65.89629629629628,3.889184359959679,0.4052592592592593,0.12610544812015081,0.3388148148148148,0.052283279454729215,0.5228148148148148,0.05561961264285567,54.092592592592595,4.416744879165575,48.29629629629629,10.404713483708365,10.696296296296294,2.9359157241993747,18.362962962962964,5.816035402769468,0.474,0.05879364172844125,15.55925925925926,3.0625855415694434,33.370370370370374,5.670559246250952,0.3030740740740742,0.10099045115787544,0.4707407407407406,0.061896683515350236,16.07777777777778,3.44018484893934,25.74444444444444,5.996238136938175,0.2321851851851852,0.06876998285088154,2.814814814814815,8.801385542310227
