Year,Team,Rslt,Rslt_std,Tm,Tm_std,Opp_score,Opp_score_std,OT,OT_std,ORtg,ORtg_std,DRtg,DRtg_std,Pace,Pace_std,FTr,FTr_std,3PAr,3PAr_std,TS%,TS%_std,TRB%,TRB%_std,AST%,AST%_std,STL%,STL%_std,BLK%,BLK%_std,eFG%,eFG%_std,TOV%,TOV%_std,ORB%,ORB%_std,FT/FGA,FT/FGA_std,eFG%_opp,eFG%_opp_std,TOV%_opp,TOV%_opp_std,ORB%_opp,ORB%_opp_std,FT/FGA_opp,FT/FGA_opp_std,Spread,Spread_std
2018,rhode-island,0.78125,0.42001344064515445,77.51851851851852,7.762683766537142,66.5925925925926,6.8683177834014915,0.0,0.0,109.02692307692307,9.138601980272814,95.33461538461538,8.19872879452381,70.23076923076923,3.9491537555045113,0.30411538461538457,0.06887747203437532,0.31807692307692315,0.06497194660893152,0.5494615384615383,0.04301835028843459,51.05000000000002,4.129237217695297,55.48888888888888,8.853740336644053,10.226923076923075,3.8525376252343273,9.026923076923078,3.736046861837543,0.5165,0.04692653833386817,13.038461538461535,2.482430570723286,30.196296296296296,6.312714976170742,0.2208148148148148,0.07119152771386227,0.5013076923076923,0.05313136115762081,19.449999999999996,4.3647909457384095,24.457692307692305,6.645670655512388,0.2885769230769231,0.10117951297646104,9.384615384615385,8.452582673133334
