Year,Team,Rslt,Rslt_std,Tm,Tm_std,Opp_score,Opp_score_std,OT,OT_std,ORtg,ORtg_std,DRtg,DRtg_std,Pace,Pace_std,FTr,FTr_std,3PAr,3PAr_std,TS%,TS%_std,TRB%,TRB%_std,AST%,AST%_std,STL%,STL%_std,BLK%,BLK%_std,eFG%,eFG%_std,TOV%,TOV%_std,ORB%,ORB%_std,FT/FGA,FT/FGA_std,eFG%_opp,eFG%_opp_std,TOV%_opp,TOV%_opp_std,ORB%_opp,ORB%_opp_std,FT/FGA_opp,FT/FGA_opp_std,Spread,Spread_std
2018,michigan-state,0.8787878787878788,0.33143398263980844,78.75862068965517,11.447567341123468,63.535714285714285,6.9200842579817,0.0,0.0,115.07037037037036,11.154330473815465,93.5925925925926,9.36215482781304,69.0888888888889,4.071508257044249,0.3652592592592593,0.12863412413406441,0.3580370370370371,0.04782619292129292,0.6047777777777777,0.05919611040583231,59.25925925925926,5.612572374675329,67.57037037037038,11.20219122846456,5.555555555555555,1.7856981684254338,19.170370370370367,6.444366341996516,0.5733333333333334,0.06896264317618746,15.611111111111112,3.0002991303859807,35.62222222222223,8.62716342246678,0.2728518518518519,0.110670927216926,0.42792592592592593,0.05589958437022168,11.685185185185185,3.143822233145226,21.58148148148148,5.056529445033424,0.20374074074074072,0.06092087717977538,15.555555555555555,11.823488139921814
