Year,Team,Rslt,Rslt_std,Tm,Tm_std,Opp_score,Opp_score_std,OT,OT_std,ORtg,ORtg_std,DRtg,DRtg_std,Pace,Pace_std,FTr,FTr_std,3PAr,3PAr_std,TS%,TS%_std,TRB%,TRB%_std,AST%,AST%_std,STL%,STL%_std,BLK%,BLK%_std,eFG%,eFG%_std,TOV%,TOV%_std,ORB%,ORB%_std,FT/FGA,FT/FGA_std,eFG%_opp,eFG%_opp_std,TOV%_opp,TOV%_opp_std,ORB%_opp,ORB%_opp_std,FT/FGA_opp,FT/FGA_opp_std,Spread,Spread_std
2018,virginia-tech,0.65625,0.48255870443481425,78.65384615384616,10.755249165657885,71.76923076923077,8.56648208920181,0.0,0.0,110.20769230769231,11.140374251412672,100.6576923076923,9.152799487672526,70.20384615384616,4.457127395014039,0.36046153846153844,0.12149345028246775,0.40307692307692294,0.0616122864869812,0.5928076923076924,0.0646510753078519,47.973076923076924,5.348013290358033,59.16538461538461,9.559746536710785,8.015384615384615,1.6588411154037166,5.637931034482758,3.7299381259808206,0.568423076923077,0.06979064296991286,14.846153846153847,3.0779513666373313,20.930769230769233,6.51986314155561,0.2533461538461538,0.09612531084275039,0.5021538461538462,0.05179242593869671,15.665384615384614,2.0264140362112197,27.455555555555563,6.9537667342866625,0.20199999999999999,0.0830782763422545,7.3076923076923075,12.543585550453207
