Year,Team,Rslt,Rslt_std,Tm,Tm_std,Opp_score,Opp_score_std,OT,OT_std,ORtg,ORtg_std,DRtg,DRtg_std,Pace,Pace_std,FTr,FTr_std,3PAr,3PAr_std,TS%,TS%_std,TRB%,TRB%_std,AST%,AST%_std,STL%,STL%_std,BLK%,BLK%_std,eFG%,eFG%_std,TOV%,TOV%_std,ORB%,ORB%_std,FT/FGA,FT/FGA_std,eFG%_opp,eFG%_opp_std,TOV%_opp,TOV%_opp_std,ORB%_opp,ORB%_opp_std,FT/FGA_opp,FT/FGA_opp_std,Spread,Spread_std
2018,houston,0.7878787878787878,0.41514875026728054,76.44444444444444,7.376330822994343,65.57142857142857,8.629958891917765,0.0,0.0,110.16666666666667,6.995657994015343,93.01851851851853,11.662234811463916,69.65555555555555,3.3195612932264384,0.32181481481481483,0.08872734251932327,0.37603703703703706,0.06135362912059731,0.563074074074074,0.052996317670284294,56.24074074074073,4.47731540952313,53.418518518518525,10.979177390967694,8.939285714285715,1.8960659634005717,9.35925925925926,3.753179089299267,0.5326666666666667,0.054270689071612976,14.559259259259258,2.8607770944352833,34.589285714285715,6.518767168477902,0.22877777777777777,0.07792813915265057,0.4565185185185185,0.06236330921449196,16.57037037037037,2.0267091201131593,23.01111111111111,6.147127742871421,0.28859259259259257,0.09952860402890729,12.11111111111111,10.696273014945739
