Year,Team,Rslt,Rslt_std,Tm,Tm_std,Opp_score,Opp_score_std,OT,OT_std,ORtg,ORtg_std,DRtg,DRtg_std,Pace,Pace_std,FTr,FTr_std,3PAr,3PAr_std,TS%,TS%_std,TRB%,TRB%_std,AST%,AST%_std,STL%,STL%_std,BLK%,BLK%_std,eFG%,eFG%_std,TOV%,TOV%_std,ORB%,ORB%_std,FT/FGA,FT/FGA_std,eFG%_opp,eFG%_opp_std,TOV%_opp,TOV%_opp_std,ORB%_opp,ORB%_opp_std,FT/FGA_opp,FT/FGA_opp_std,Spread,Spread_std
2018,arkansas,0.6764705882352942,0.47485807993381707,80.92857142857143,10.807845474909595,75.10344827586206,8.682267756698982,0.0,0.0,111.06785714285716,9.915011199688434,103.48928571428571,11.611116617299523,72.68928571428573,3.9122163166083372,0.37785714285714284,0.11810751984266812,0.3246428571428571,0.040071430929273996,0.5650714285714286,0.046992456897793765,49.13571428571429,5.479133094833478,49.782142857142844,8.623355605839405,8.141379310344828,2.675619720120837,13.35357142857143,6.044555685834439,0.5395357142857141,0.05412980430673765,13.082142857142856,2.4969690621540543,27.16785714285714,6.4381992865171584,0.25617857142857153,0.09674596501163109,0.5058928571428571,0.062365909067026465,16.186206896551724,3.555450959736837,29.51428571428571,5.775152028508077,0.30435714285714294,0.07617193722864098,5.214285714285714,13.598358133074152
