Year,Team,Rslt,Rslt_std,Tm,Tm_std,Opp_score,Opp_score_std,OT,OT_std,ORtg,ORtg_std,DRtg,DRtg_std,Pace,Pace_std,FTr,FTr_std,3PAr,3PAr_std,TS%,TS%_std,TRB%,TRB%_std,AST%,AST%_std,STL%,STL%_std,BLK%,BLK%_std,eFG%,eFG%_std,TOV%,TOV%_std,ORB%,ORB%_std,FT/FGA,FT/FGA_std,eFG%_opp,eFG%_opp_std,TOV%_opp,TOV%_opp_std,ORB%_opp,ORB%_opp_std,FT/FGA_opp,FT/FGA_opp_std,Spread,Spread_std
2019,villanova,0.7352941176470589,0.4478110755198991,74.73333333333333,6.897942388524443,67.51724137931035,7.292954964774335,0.0,0.0,111.62142857142852,9.942849920936377,100.06785714285714,10.764311870849433,66.49285714285715,3.2499491245509224,0.3643928571428572,0.08870481188071845,0.5295357142857142,0.06330670910724565,0.5697142857142857,0.057310626732814014,52.207142857142856,5.264481161972365,58.403571428571425,9.741529355285758,7.9071428571428575,2.518660515760469,8.225000000000001,3.4842104158937106,0.5360714285714285,0.06578749660075771,13.258620689655174,3.0591218676256133,29.1,5.409525206796153,0.26932142857142854,0.07006824904198422,0.4969655172413794,0.0645569973847146,15.382142857142854,3.780951631282161,23.821428571428577,7.045164201375197,0.19053571428571428,0.07085377856196476,7.642857142857143,8.433681528667307
