Year,Team,Rslt,Rslt_std,Tm,Tm_std,Opp_score,Opp_score_std,OT,OT_std,ORtg,ORtg_std,DRtg,DRtg_std,Pace,Pace_std,FTr,FTr_std,3PAr,3PAr_std,TS%,TS%_std,TRB%,TRB%_std,AST%,AST%_std,STL%,STL%_std,BLK%,BLK%_std,eFG%,eFG%_std,TOV%,TOV%_std,ORB%,ORB%_std,FT/FGA,FT/FGA_std,eFG%_opp,eFG%_opp_std,TOV%_opp,TOV%_opp_std,ORB%_opp,ORB%_opp_std,FT/FGA_opp,FT/FGA_opp_std,Spread,Spread_std
2019,northern-kentucky,0.7647058823529411,0.4305615452020462,79.07142857142857,9.51773615873552,69.79310344827586,8.43622846649593,0.0,0.0,110.58928571428571,10.677055332909472,98.52068965517239,11.434670940057224,70.97586206896553,3.5843564049126635,0.35564285714285715,0.1351753906722161,0.41778571428571437,0.04878171875463271,0.5822142857142857,0.0503435288738374,53.642857142857146,4.950303288234232,61.17142857142858,11.777595086932903,8.251724137931037,3.210876681537211,11.442857142857145,3.88143048958791,0.5599999999999999,0.05207757745972899,15.082142857142857,3.256907596163436,29.09642857142857,7.408477733518697,0.23646428571428574,0.09227474360234392,0.4800357142857143,0.055123082577122194,15.514285714285714,2.8454921185667335,23.110714285714288,5.773652755194595,0.2542857142857142,0.07483604654465562,8.344827586206897,9.00109462418308
