Year,Team,Rslt,Rslt_std,Tm,Tm_std,Opp_score,Opp_score_std,OT,OT_std,ORtg,ORtg_std,DRtg,DRtg_std,Pace,Pace_std,FTr,FTr_std,3PAr,3PAr_std,TS%,TS%_std,TRB%,TRB%_std,AST%,AST%_std,STL%,STL%_std,BLK%,BLK%_std,eFG%,eFG%_std,TOV%,TOV%_std,ORB%,ORB%_std,FT/FGA,FT/FGA_std,eFG%_opp,eFG%_opp_std,TOV%_opp,TOV%_opp_std,ORB%_opp,ORB%_opp_std,FT/FGA_opp,FT/FGA_opp_std,Spread,Spread_std
2019,houston,1.0,0.0,75.07142857142857,8.087157498288034,60.724137931034484,6.670278167920618,0.0,0.0,109.22857142857141,11.55860612969296,89.71071428571429,9.881045801815016,68.92142857142856,3.3287031333936277,0.3211785714285714,0.11777066652685587,0.42474999999999996,0.0607932897125503,0.5465714285714286,0.04326527011222278,55.96206896551725,4.611276070143045,55.49285714285715,10.512353529042711,9.174999999999999,2.096491778609632,13.803571428571429,3.693084843511676,0.5128275862068966,0.05637506348778006,13.825,2.5197920255155686,33.421428571428564,5.683332169622373,0.22342857142857145,0.07796458292376218,0.42928571428571427,0.05487822015717207,15.331034482758621,3.2273500239887065,23.167857142857148,7.206121552589009,0.2590357142857143,0.10273499967747195,13.571428571428571,8.99970605046126
