Year,Team,Rslt,Rslt_std,Tm,Tm_std,Opp_score,Opp_score_std,OT,OT_std,ORtg,ORtg_std,DRtg,DRtg_std,Pace,Pace_std,FTr,FTr_std,3PAr,3PAr_std,TS%,TS%_std,TRB%,TRB%_std,AST%,AST%_std,STL%,STL%_std,BLK%,BLK%_std,eFG%,eFG%_std,TOV%,TOV%_std,ORB%,ORB%_std,FT/FGA,FT/FGA_std,eFG%_opp,eFG%_opp_std,TOV%_opp,TOV%_opp_std,ORB%_opp,ORB%_opp_std,FT/FGA_opp,FT/FGA_opp_std,Spread,Spread_std
2019,kansas,0.7352941176470589,0.4478110755198991,75.3,8.64291617453276,69.82758620689656,7.860702283771385,0.0,0.0,103.69285714285714,7.277460310536127,96.83214285714288,8.67435785098725,71.575,3.81756418365118,0.3244285714285714,0.09884871664856748,0.3528571428571428,0.05493613415575249,0.5518620689655173,0.0448988737831482,52.16071428571428,4.0836928899034035,48.26428571428572,9.304646958722024,9.364285714285714,1.91528245392341,10.964285714285714,4.78804176207183,0.5236428571428571,0.048946845156696776,15.924999999999999,3.0216043077465637,28.26071428571428,3.9858396843598696,0.22982142857142865,0.07221318930081062,0.48089285714285707,0.05384775471485036,15.264285714285716,2.7229088865095727,25.849999999999998,6.693695209341067,0.18510714285714278,0.06361710653107577,5.464285714285714,8.408470785605488
