Year,Team,Rslt,Rslt_std,Tm,Tm_std,Opp_score,Opp_score_std,OT,OT_std,ORtg,ORtg_std,DRtg,DRtg_std,Pace,Pace_std,FTr,FTr_std,3PAr,3PAr_std,TS%,TS%_std,TRB%,TRB%_std,AST%,AST%_std,STL%,STL%_std,BLK%,BLK%_std,eFG%,eFG%_std,TOV%,TOV%_std,ORB%,ORB%_std,FT/FGA,FT/FGA_std,eFG%_opp,eFG%_opp_std,TOV%_opp,TOV%_opp_std,ORB%_opp,ORB%_opp_std,FT/FGA_opp,FT/FGA_opp_std,Spread,Spread_std
2019,virginia,1.0,0.0,71.70370370370371,7.037344422736216,54.46153846153846,7.089320245161841,0.0,0.0,114.97692307692309,10.830893137403127,87.83076923076925,11.121358522438495,61.5346153846154,2.305635237012534,0.30673076923076936,0.08394739195105834,0.39103846153846156,0.053274745063101536,0.5828461538461538,0.061391655659506245,54.43846153846153,5.437652208302913,57.726923076923086,7.749351337618275,9.248148148148148,2.277713153137859,12.180769230769231,5.123984327124292,0.5563076923076923,0.0705117120658798,12.407692307692308,3.733086988209418,28.115384615384617,6.89409557854791,0.22276923076923083,0.07850213127925008,0.42965384615384605,0.055244867495681305,14.837037037037037,4.028566088491627,23.1,8.146495235092488,0.18546153846153846,0.08150937652527139,16.46153846153846,9.50465473010259
