Year,Team,Rslt,Rslt_std,Tm,Tm_std,Opp_score,Opp_score_std,OT,OT_std,ORtg,ORtg_std,DRtg,DRtg_std,Pace,Pace_std,FTr,FTr_std,3PAr,3PAr_std,TS%,TS%_std,TRB%,TRB%_std,AST%,AST%_std,STL%,STL%_std,BLK%,BLK%_std,eFG%,eFG%_std,TOV%,TOV%_std,ORB%,ORB%_std,FT/FGA,FT/FGA_std,eFG%_opp,eFG%_opp_std,TOV%_opp,TOV%_opp_std,ORB%_opp,ORB%_opp_std,FT/FGA_opp,FT/FGA_opp_std,Spread,Spread_std
2019,saint-marys-ca,0.6666666666666666,0.47871355387816905,73.14814814814815,8.032164684297099,65.10714285714286,9.121968946467504,0.0,0.0,112.03703703703702,11.196055216979435,98.45185185185184,11.677011286823037,65.35555555555555,3.2882463567324307,0.29681481481481486,0.10940328958527605,0.3492592592592593,0.07343473952197944,0.5781481481481482,0.06493648003046083,54.8,3.8714934506546097,35.98571428571429,10.73339248726675,8.959259259259259,2.3518011525145273,5.666666666666666,4.652499019498745,0.5493703703703704,0.06553222821233028,13.45925925925926,2.785713450841531,28.71111111111111,4.131989028704376,0.2222962962962963,0.07835855204164174,0.48833333333333334,0.06401261894826195,14.381481481481485,3.243103574929545,21.73214285714286,6.246483666916788,0.21311111111111114,0.06271751892005278,10.678571428571429,11.604767766768747
