Year,Team,Rslt,Rslt_std,Tm,Tm_std,Opp_score,Opp_score_std,OT,OT_std,ORtg,ORtg_std,DRtg,DRtg_std,Pace,Pace_std,FTr,FTr_std,3PAr,3PAr_std,TS%,TS%_std,TRB%,TRB%_std,AST%,AST%_std,STL%,STL%_std,BLK%,BLK%_std,eFG%,eFG%_std,TOV%,TOV%_std,ORB%,ORB%_std,FT/FGA,FT/FGA_std,eFG%_opp,eFG%_opp_std,TOV%_opp,TOV%_opp_std,ORB%_opp,ORB%_opp_std,FT/FGA_opp,FT/FGA_opp_std,Spread,Spread_std
2019,old-dominion,0.7647058823529411,0.4305615452020462,66.86206896551724,6.501231410449619,60.75,6.915495215389428,0.0,0.0,100.01428571428575,8.021347179994804,91.29642857142856,9.32406214697408,66.50714285714287,2.793899249413447,0.2886785714285715,0.0989410799495705,0.3757142857142857,0.05666461247443864,0.5063571428571428,0.04207419749963266,54.782142857142865,3.4792563670596146,53.94642857142857,8.000531563027877,8.175000000000002,3.2168105897566255,14.185714285714289,4.701907751959465,0.4799285714285714,0.04405125682104006,14.485714285714282,2.949917046632088,30.79310344827586,6.321162361153138,0.18632142857142855,0.05825045132327371,0.4566071428571428,0.059742248395806496,15.717857142857143,2.8103055813056095,21.36428571428571,6.391789541667775,0.21549999999999997,0.08771312668348218,4.793103448275862,6.651419345549101
