Year,Team,Rslt,Rslt_std,Tm,Tm_std,Opp_score,Opp_score_std,OT,OT_std,ORtg,ORtg_std,DRtg,DRtg_std,Pace,Pace_std,FTr,FTr_std,3PAr,3PAr_std,TS%,TS%_std,TRB%,TRB%_std,AST%,AST%_std,STL%,STL%_std,BLK%,BLK%_std,eFG%,eFG%_std,TOV%,TOV%_std,ORB%,ORB%_std,FT/FGA,FT/FGA_std,eFG%_opp,eFG%_opp_std,TOV%_opp,TOV%_opp_std,ORB%_opp,ORB%_opp_std,FT/FGA_opp,FT/FGA_opp_std,Spread,Spread_std
2019,maryland,0.6875,0.47092907485988494,70.42307692307692,7.156384992008617,65.76923076923077,5.7710151086802215,0.0,0.0,105.6269230769231,9.56667372464673,97.30769230769232,10.357448453240716,66.9923076923077,3.272298651030873,0.329923076923077,0.11951967974419045,0.366923076923077,0.04856659187295157,0.5536538461538462,0.04849572542622065,56.20384615384616,3.599720074586997,52.01153846153846,7.664010799735447,6.223076923076922,2.715924548629095,13.503703703703705,4.782458450620228,0.5141923076923077,0.05490939389996523,16.696296296296296,3.308088162889147,31.903846153846153,6.585406943795092,0.24634615384615383,0.10412451865250272,0.47140740740740744,0.05106275118327017,11.742307692307692,3.4247537811554367,22.72307692307692,4.274791942755361,0.19619230769230772,0.07751594376940486,6.230769230769231,9.317972707870279
