Year,Team,Rslt,Rslt_std,Tm,Tm_std,Opp_score,Opp_score_std,OT,OT_std,ORtg,ORtg_std,DRtg,DRtg_std,Pace,Pace_std,FTr,FTr_std,3PAr,3PAr_std,TS%,TS%_std,TRB%,TRB%_std,AST%,AST%_std,STL%,STL%_std,BLK%,BLK%_std,eFG%,eFG%_std,TOV%,TOV%_std,ORB%,ORB%_std,FT/FGA,FT/FGA_std,eFG%_opp,eFG%_opp_std,TOV%_opp,TOV%_opp_std,ORB%_opp,ORB%_opp_std,FT/FGA_opp,FT/FGA_opp_std,Spread,Spread_std
2019,louisville,0.6060606060606061,0.4961976634488732,75.32142857142857,8.000248012028642,67.81481481481481,8.124213746747989,0.12121212121212122,0.33143398263980844,104.99999999999999,9.891838127388738,96.92222222222223,10.690662112809308,69.78888888888889,3.3571202555548134,0.33192592592592585,0.13113995047157295,0.4365925925925926,0.05616340120868426,0.5551481481481482,0.05636672757228307,53.23333333333331,4.9594509621684795,53.42592592592592,7.103498195233571,6.296296296296297,2.2239053455025886,7.748148148148151,2.4594199394870406,0.5141851851851852,0.057650830294265785,15.31785714285714,2.71744073108948,27.437037037037037,6.667957140058147,0.2593703703703704,0.10111689661291422,0.47237037037037033,0.056290556762451566,13.960714285714284,4.064328953378385,23.475,5.2934358372386985,0.2245925925925926,0.06791185421574016,6.178571428571429,11.369398731385381
