Year,Team,Rslt,Rslt_std,Tm,Tm_std,Opp_score,Opp_score_std,OT,OT_std,ORtg,ORtg_std,DRtg,DRtg_std,Pace,Pace_std,FTr,FTr_std,3PAr,3PAr_std,TS%,TS%_std,TRB%,TRB%_std,AST%,AST%_std,STL%,STL%_std,BLK%,BLK%_std,eFG%,eFG%_std,TOV%,TOV%_std,ORB%,ORB%_std,FT/FGA,FT/FGA_std,eFG%_opp,eFG%_opp_std,TOV%_opp,TOV%_opp_std,ORB%_opp,ORB%_opp_std,FT/FGA_opp,FT/FGA_opp_std,Spread,Spread_std
2019,georgia-state,0.7272727272727273,0.45226701686664544,76.66666666666667,7.421382827810669,72.39285714285714,6.870976456102688,0.0,0.0,105.7740740740741,9.496622581520256,100.90370370370368,8.627259190473017,72.37037037037037,3.031604654407756,0.3437037037037038,0.10858311769006013,0.4414444444444444,0.05809894301523204,0.5701111111111112,0.044222630243360976,45.85925925925925,3.844402450242456,45.939285714285724,8.203718185279897,11.029629629629628,3.227742103749785,14.34814814814815,4.52976229384572,0.5490000000000002,0.05476734007108195,14.310344827586206,2.8933846748829115,21.207407407407405,6.032726512431105,0.23014814814814813,0.07547679404125773,0.5028148148148147,0.05752460145085554,17.525925925925925,2.8771771144905465,31.628571428571426,6.243091419816826,0.2147407407407408,0.06442681751270052,3.5357142857142856,8.071358336539483
