Year,Team,Rslt,Rslt_std,Tm,Tm_std,Opp_score,Opp_score_std,OT,OT_std,ORtg,ORtg_std,DRtg,DRtg_std,Pace,Pace_std,FTr,FTr_std,3PAr,3PAr_std,TS%,TS%_std,TRB%,TRB%_std,AST%,AST%_std,STL%,STL%_std,BLK%,BLK%_std,eFG%,eFG%_std,TOV%,TOV%_std,ORB%,ORB%_std,FT/FGA,FT/FGA_std,eFG%_opp,eFG%_opp_std,TOV%_opp,TOV%_opp_std,ORB%_opp,ORB%_opp_std,FT/FGA_opp,FT/FGA_opp_std,Spread,Spread_std
2019,syracuse,0.6060606060606061,0.49619766344887317,69.37037037037037,6.984312906838208,64.92857142857143,10.54769966646606,0.0,0.0,101.60740740740742,11.203087689970735,95.54814814814816,11.40311598340796,68.1892857142857,4.202762696811979,0.37177777777777776,0.08099873376661434,0.4380370370370371,0.07127815583034888,0.5294074074074074,0.05455149949237047,48.529629629629625,4.863428263368801,49.82592592592593,10.783412924579784,11.981481481481483,2.979163155218778,16.359259259259254,4.24565472519658,0.495037037037037,0.06295326806539879,15.151851851851852,3.1562356315432725,28.21071428571429,6.7292253302273615,0.2499259259259259,0.06735778518531638,0.47403703703703703,0.07762408502197352,18.796296296296298,3.2565297104411246,30.288888888888895,6.018646240152561,0.24785185185185182,0.09367690122629924,3.8518518518518516,13.03458034998768
