Year,Team,Rslt,Rslt_std,Tm,Tm_std,Opp_score,Opp_score_std,OT,OT_std,ORtg,ORtg_std,DRtg,DRtg_std,Pace,Pace_std,FTr,FTr_std,3PAr,3PAr_std,TS%,TS%_std,TRB%,TRB%_std,AST%,AST%_std,STL%,STL%_std,BLK%,BLK%_std,eFG%,eFG%_std,TOV%,TOV%_std,ORB%,ORB%_std,FT/FGA,FT/FGA_std,eFG%_opp,eFG%_opp_std,TOV%_opp,TOV%_opp_std,ORB%_opp,ORB%_opp_std,FT/FGA_opp,FT/FGA_opp_std,Spread,Spread_std
2019,nevada,0.8787878787878788,0.33143398263980844,80.85185185185185,8.520128672302583,66.37037037037037,7.535292083298881,0.0,0.0,112.15925925925927,11.833565665228564,92.42592592592592,12.409723005418979,72.12962962962962,3.1938420093402837,0.4088148148148148,0.1149585333390453,0.4277777777777778,0.058141957134991415,0.5784444444444445,0.05549382039978959,52.711111111111116,3.503661088867048,55.30370370370371,10.005939831361765,7.939285714285714,2.5910585975783444,11.04814814814815,3.5183442751877534,0.5422592592592592,0.06945590332810096,12.839285714285714,3.669225297758954,24.311111111111106,6.750289642408706,0.28755555555555556,0.09106605097963587,0.4788148148148148,0.04516724224567815,16.255555555555553,3.398906309765555,20.63703703703704,7.239748622290702,0.17640740740740737,0.059158365855661116,14.518518518518519,9.187660497270532
