Year,Team,Rslt,Rslt_std,Tm,Tm_std,Opp_score,Opp_score_std,OT,OT_std,ORtg,ORtg_std,DRtg,DRtg_std,Pace,Pace_std,FTr,FTr_std,3PAr,3PAr_std,TS%,TS%_std,TRB%,TRB%_std,AST%,AST%_std,STL%,STL%_std,BLK%,BLK%_std,eFG%,eFG%_std,TOV%,TOV%_std,ORB%,ORB%_std,FT/FGA,FT/FGA_std,eFG%_opp,eFG%_opp_std,TOV%_opp,TOV%_opp_std,ORB%_opp,ORB%_opp_std,FT/FGA_opp,FT/FGA_opp_std,Spread,Spread_std
2019,baylor,0.59375,0.49899091723584604,71.3076923076923,7.5935195042574595,67.57692307692308,9.462232619939448,0.0,0.0,104.61538461538461,9.090376991420865,98.62692307692306,11.623581468456534,68.10384615384616,4.008838312452203,0.32919230769230773,0.10619529904125483,0.4060769230769231,0.04190171650605552,0.5336153846153846,0.043781344815413716,54.41923076923078,4.157789723472723,54.74615384615386,8.64833999189351,8.519230769230768,2.59476692298468,12.903703703703705,6.0166743613370315,0.5044615384615385,0.0460115035783277,16.196153846153848,3.4393581691043194,36.25769230769232,8.041152806752182,0.21976923076923077,0.07834605679537814,0.4893461538461538,0.06372750885304858,15.918518518518525,4.010086996662007,26.092592592592588,7.239630564624876,0.24507692307692308,0.1067205408820338,4.703703703703703,10.283724313447232
