Year,Team,Rslt,Rslt_std,Tm,Tm_std,Opp_score,Opp_score_std,OT,OT_std,ORtg,ORtg_std,DRtg,DRtg_std,Pace,Pace_std,FTr,FTr_std,3PAr,3PAr_std,TS%,TS%_std,TRB%,TRB%_std,AST%,AST%_std,STL%,STL%_std,BLK%,BLK%_std,eFG%,eFG%_std,TOV%,TOV%_std,ORB%,ORB%_std,FT/FGA,FT/FGA_std,eFG%_opp,eFG%_opp_std,TOV%_opp,TOV%_opp_std,ORB%_opp,ORB%_opp_std,FT/FGA_opp,FT/FGA_opp_std,Spread,Spread_std
2019,auburn,0.7428571428571429,0.44343957363115993,79.65517241379311,8.423079951067125,68.34482758620689,9.607570906280726,0.0,0.0,112.82413793103449,9.32296148428376,97.42413793103448,13.708903654518364,70.52758620689654,4.6333339239937725,0.3192068965517241,0.09152063752835236,0.4924137931034482,0.07012718916439274,0.5737931034482758,0.04799060868719511,49.913793103448285,6.073580030281684,51.95517241379311,7.90359711085025,13.065517241379311,3.322249223263937,15.924137931034481,6.000634202935423,0.5466206896551724,0.05908553956106074,14.210344827586203,3.6326244770321363,31.365517241379308,6.874241561389517,0.22744827586206895,0.08282838807994022,0.5173103448275862,0.0669605979280117,21.313793103448273,4.470915864781034,29.69655172413793,7.575688689043425,0.24972413793103448,0.07725278383875521,10.482758620689655,12.179082447421225
