Year,Team,Rslt,Rslt_std,Tm,Tm_std,Opp_score,Opp_score_std,OT,OT_std,ORtg,ORtg_std,DRtg,DRtg_std,Pace,Pace_std,FTr,FTr_std,3PAr,3PAr_std,TS%,TS%_std,TRB%,TRB%_std,AST%,AST%_std,STL%,STL%_std,BLK%,BLK%_std,eFG%,eFG%_std,TOV%,TOV%_std,ORB%,ORB%_std,FT/FGA,FT/FGA_std,eFG%_opp,eFG%_opp_std,TOV%_opp,TOV%_opp_std,ORB%_opp,ORB%_opp_std,FT/FGA_opp,FT/FGA_opp_std,Spread,Spread_std
2019,florida-state,0.7941176470588235,0.4104256301219048,75.03571428571429,7.510398435241945,67.17857142857143,5.657204986030491,0.11764705882352941,0.3270349700838643,104.71785714285713,8.121305020629089,94.90689655172413,7.725742268291062,70.7892857142857,3.8266453044036206,0.36275,0.11215188940136629,0.3809642857142858,0.06109099596798032,0.5482500000000001,0.05267695047277425,54.66428571428572,4.567535544730983,49.55357142857142,9.156882946232594,9.635714285714284,2.829240741719088,12.282142857142858,4.134681999633737,0.5072142857142856,0.06059113560815405,16.217857142857145,3.4756351480757703,32.407142857142865,6.715759716623918,0.26892857142857146,0.08682973060192066,0.47853571428571423,0.05961884001434518,17.106896551724137,3.7039487649266927,22.696428571428566,5.363904198805964,0.2556071428571428,0.06459981612501883,9.233333333333333,8.47586160133927
