Year,Team,Rslt,Rslt_std,Tm,Tm_std,Opp_score,Opp_score_std,OT,OT_std,ORtg,ORtg_std,DRtg,DRtg_std,Pace,Pace_std,FTr,FTr_std,3PAr,3PAr_std,TS%,TS%_std,TRB%,TRB%_std,AST%,AST%_std,STL%,STL%_std,BLK%,BLK%_std,eFG%,eFG%_std,TOV%,TOV%_std,ORB%,ORB%_std,FT/FGA,FT/FGA_std,eFG%_opp,eFG%_opp_std,TOV%_opp,TOV%_opp_std,ORB%_opp,ORB%_opp_std,FT/FGA_opp,FT/FGA_opp_std,Spread,Spread_std
2021,florida-state,0.7272727272727273,0.4558423058385518,78.11111111111111,6.649979114420001,69.36842105263158,7.602708043233232,0.0,0.0,108.2611111111111,10.468953478170805,96.75555555555556,8.2892007861556,71.86666666666667,3.580009858678505,0.3306111111111112,0.12314130519753165,0.3470555555555556,0.0664684553420309,0.5750555555555557,0.057738224898061116,54.12222222222222,5.534124677644371,52.5111111111111,7.278323084894253,10.094444444444443,2.2001262590032318,14.72777777777778,5.523405338733317,0.5411666666666667,0.0619233397032169,16.93888888888889,3.017427593339358,35.03684210526316,8.276553934412545,0.23977777777777773,0.0910717593959682,0.46744444444444444,0.04972775556168421,16.30555555555556,3.241545060474244,28.11666666666667,6.5880685378055635,0.26338888888888895,0.08823640631107328,8.38888888888889,11.355946298740113
