Year,Team,Rslt,Rslt_std,Tm,Tm_std,Opp_score,Opp_score_std,OT,OT_std,ORtg,ORtg_std,DRtg,DRtg_std,Pace,Pace_std,FTr,FTr_std,3PAr,3PAr_std,TS%,TS%_std,TRB%,TRB%_std,AST%,AST%_std,STL%,STL%_std,BLK%,BLK%_std,eFG%,eFG%_std,TOV%,TOV%_std,ORB%,ORB%_std,FT/FGA,FT/FGA_std,eFG%_opp,eFG%_opp_std,TOV%_opp,TOV%_opp_std,ORB%_opp,ORB%_opp_std,FT/FGA_opp,FT/FGA_opp_std,Spread,Spread_std
2021,iona,0.7058823529411765,0.46966821831386213,72.46153846153847,7.43432786264036,66.07692307692308,9.446882541007364,0.0,0.0,102.73846153846154,5.985752314390463,93.04615384615384,9.7412880209802,70.16923076923078,3.6531686281420166,0.3654615384615385,0.1132950538671889,0.3863846153846154,0.057481212092211006,0.5581538461538462,0.04058293186765045,53.36153846153846,5.009081496232362,55.5923076923077,8.251410135896121,9.553846153846155,1.8536519740840351,11.838461538461539,5.188535191737397,0.5230000000000001,0.03674914965002592,17.814285714285717,3.253603243472391,30.807692307692307,4.100906716500132,0.27492307692307694,0.087965392379107,0.4562307692307692,0.06085659899325334,16.815384615384616,2.3316110860111845,24.046153846153842,6.821854022748678,0.32528571428571423,0.08740571057864721,7.076923076923077,10.258829842803209
