Year,Team,Rslt,Rslt_std,Tm,Tm_std,Opp_score,Opp_score_std,OT,OT_std,ORtg,ORtg_std,DRtg,DRtg_std,Pace,Pace_std,FTr,FTr_std,3PAr,3PAr_std,TS%,TS%_std,TRB%,TRB%_std,AST%,AST%_std,STL%,STL%_std,BLK%,BLK%_std,eFG%,eFG%_std,TOV%,TOV%_std,ORB%,ORB%_std,FT/FGA,FT/FGA_std,eFG%_opp,eFG%_opp_std,TOV%_opp,TOV%_opp_std,ORB%_opp,ORB%_opp_std,FT/FGA_opp,FT/FGA_opp_std,Spread,Spread_std
2021,texas,0.7307692307692307,0.45234432086120485,75.47619047619048,5.316192694203696,69.18181818181819,7.563297111938894,0.0,0.0,107.02857142857144,6.465302998092422,97.93809523809523,11.259639256675865,70.67142857142856,3.222288450331976,0.34938095238095235,0.12198666984161677,0.4230952380952382,0.04662070866246539,0.5710476190476191,0.048316121730201174,54.39523809523809,2.9268543165788405,51.5,9.647452167973332,9.066666666666666,1.824097950586353,10.42857142857143,3.4250755987485673,0.5453333333333334,0.05904179310736873,17.02857142857143,2.399613064046547,29.94090909090909,4.685708676482758,0.24861904761904766,0.09632262257147912,0.4770952380952379,0.055651509199575865,14.995238095238093,2.656967480131473,23.914285714285715,3.9483269512903454,0.258,0.08055060521187907,6.523809523809524,7.807810497310035
