Year,Team,Rslt,Rslt_std,Tm,Tm_std,Opp_score,Opp_score_std,OT,OT_std,ORtg,ORtg_std,DRtg,DRtg_std,Pace,Pace_std,FTr,FTr_std,3PAr,3PAr_std,TS%,TS%_std,TRB%,TRB%_std,AST%,AST%_std,STL%,STL%_std,BLK%,BLK%_std,eFG%,eFG%_std,TOV%,TOV%_std,ORB%,ORB%_std,FT/FGA,FT/FGA_std,eFG%_opp,eFG%_opp_std,TOV%_opp,TOV%_opp_std,ORB%_opp,ORB%_opp_std,FT/FGA_opp,FT/FGA_opp_std,Spread,Spread_std
2021,maryland,0.5517241379310345,0.5061201788784758,67.45833333333333,8.113216092420986,64.04347826086956,6.758686403232007,0.0,0.0,103.15217391304346,12.84154725756906,97.37391304347825,10.474003202357919,66.07826086956521,2.900620078180641,0.3247391304347826,0.1322422767606708,0.42778260869565227,0.06676686475527373,0.5545652173913043,0.05328211885542202,48.856521739130436,5.250526041780482,54.02173913043478,8.517946643397272,7.382608695652174,2.1945494824291476,9.991304347826087,3.4452751629756078,0.5279565217391304,0.05460642508056218,15.430434782608694,2.970833183194833,18.43913043478261,5.3191539937744015,0.22847826086956521,0.08595076263092694,0.47486956521739127,0.06249676671478591,14.052173913043477,2.393147331485805,23.88695652173914,4.902810358061448,0.18360869565217391,0.05645572612107391,2.9565217391304346,10.759681732660232
