Year,Team,Rslt,Rslt_std,Tm,Tm_std,Opp_score,Opp_score_std,OT,OT_std,ORtg,ORtg_std,DRtg,DRtg_std,Pace,Pace_std,FTr,FTr_std,3PAr,3PAr_std,TS%,TS%_std,TRB%,TRB%_std,AST%,AST%_std,STL%,STL%_std,BLK%,BLK%_std,eFG%,eFG%_std,TOV%,TOV%_std,ORB%,ORB%_std,FT/FGA,FT/FGA_std,eFG%_opp,eFG%_opp_std,TOV%_opp,TOV%_opp_std,ORB%_opp,ORB%_opp_std,FT/FGA_opp,FT/FGA_opp_std,Spread,Spread_std
2021,colorado,0.7333333333333333,0.4497764451088036,72.64,6.824465791058913,62.666666666666664,6.098229726494522,0.0,0.0,109.77499999999999,7.40289308898599,94.44583333333334,9.981721519495201,66.91999999999999,3.101478142219717,0.30687499999999995,0.07960735846477467,0.3609583333333333,0.05324306786204489,0.5672916666666667,0.0462248560716048,52.84583333333333,3.7274515325536064,50.287500000000016,8.805942287184115,7.887499999999999,1.532917791834167,7.220833333333334,3.5235825601184683,0.52275,0.049044123877958326,13.208333333333334,2.5244744036121167,27.7375,5.388378194338014,0.24244000000000004,0.06306020932410548,0.47937499999999994,0.05893387045627092,16.587499999999995,2.9114933416136934,23.245833333333334,5.613336539122634,0.20333333333333328,0.06503689031195507,9.88,9.942836617384398
