Year,Team,Rslt,Rslt_std,Tm,Tm_std,Opp_score,Opp_score_std,OT,OT_std,ORtg,ORtg_std,DRtg,DRtg_std,Pace,Pace_std,FTr,FTr_std,3PAr,3PAr_std,TS%,TS%_std,TRB%,TRB%_std,AST%,AST%_std,STL%,STL%_std,BLK%,BLK%_std,eFG%,eFG%_std,TOV%,TOV%_std,ORB%,ORB%_std,FT/FGA,FT/FGA_std,eFG%_opp,eFG%_opp_std,TOV%_opp,TOV%_opp_std,ORB%_opp,ORB%_opp_std,FT/FGA_opp,FT/FGA_opp_std,Spread,Spread_std
2021,kansas,0.7142857142857143,0.4600437062282361,70.95833333333333,9.616467609021637,64.68181818181819,8.419853881982714,0.0,0.0,102.86818181818184,11.396005413913219,92.9090909090909,11.438569220005876,69.55909090909091,3.711457048102998,0.30372727272727273,0.07900945200729788,0.35840909090909084,0.04535222900061996,0.5375909090909091,0.0478466390230376,52.349999999999994,5.471636823091379,52.381818181818176,9.394458161908231,9.973913043478262,2.7857131274520173,11.33181818181818,3.480337471819208,0.5055909090909091,0.05253811232575116,15.013636363636362,3.2927475073540258,30.30454545454546,8.795316788075196,0.2123181818181818,0.05210281626940585,0.4645000000000001,0.0681369419415258,16.504545454545454,2.9391409941596516,24.486363636363638,3.8524321884017327,0.1886363636363636,0.06204725192836079,5.956521739130435,11.117055941494767
