Year,Team,Rslt,Rslt_std,Tm,Tm_std,Opp_score,Opp_score_std,OT,OT_std,ORtg,ORtg_std,DRtg,DRtg_std,Pace,Pace_std,FTr,FTr_std,3PAr,3PAr_std,TS%,TS%_std,TRB%,TRB%_std,AST%,AST%_std,STL%,STL%_std,BLK%,BLK%_std,eFG%,eFG%_std,TOV%,TOV%_std,ORB%,ORB%_std,FT/FGA,FT/FGA_std,eFG%_opp,eFG%_opp_std,TOV%_opp,TOV%_opp_std,ORB%_opp,ORB%_opp_std,FT/FGA_opp,FT/FGA_opp_std,Spread,Spread_std
2021,wichita-state,0.7619047619047619,0.4364357804719847,72.41176470588235,7.583360267135966,67.76470588235294,6.210167185397526,0.0,0.0,102.88235294117648,7.18446547195037,97.00588235294117,7.682079030789394,70.5764705882353,3.5652015040816254,0.36841176470588244,0.09624711607596965,0.41111764705882353,0.058144090792767986,0.518764705882353,0.040567119400699236,48.77058823529413,4.422776942414454,54.26666666666668,9.817271694794425,8.429411764705883,2.756756406060017,9.423529411764704,3.7412446812131765,0.4825294117647059,0.046372294593672564,13.452941176470588,2.3709485567644712,27.29411764705882,5.029720492760419,0.2555294117647059,0.0832211794309739,0.46417647058823536,0.04912259573520832,14.882352941176471,3.5934376462723074,29.923529411764704,6.23844225465828,0.19047058823529414,0.07720275063676392,4.529411764705882,5.927875326147889
