Year,Team,Rslt,Rslt_std,Tm,Tm_std,Opp_score,Opp_score_std,OT,OT_std,ORtg,ORtg_std,DRtg,DRtg_std,Pace,Pace_std,FTr,FTr_std,3PAr,3PAr_std,TS%,TS%_std,TRB%,TRB%_std,AST%,AST%_std,STL%,STL%_std,BLK%,BLK%_std,eFG%,eFG%_std,TOV%,TOV%_std,ORB%,ORB%_std,FT/FGA,FT/FGA_std,eFG%_opp,eFG%_opp_std,TOV%_opp,TOV%_opp_std,ORB%_opp,ORB%_opp_std,FT/FGA_opp,FT/FGA_opp_std,Spread,Spread_std
2021,grand-canyon,0.7391304347826086,0.44897775854487953,74.05263157894737,9.4837503377006,61.04761904761905,8.958103540795845,0.0,0.0,108.74736842105263,10.545845333645358,89.23157894736842,11.098250744628329,68.55263157894737,3.5786975316994605,0.33210526315789474,0.11594390153903554,0.3625789473684211,0.038159483733803436,0.5662105263157894,0.04702904415520313,58.321052631578944,4.31026925523587,56.90526315789475,8.465057175380219,6.626315789473684,2.9534992626944803,8.4,5.923024752794996,0.5399999999999999,0.04853521058640486,16.084210526315786,2.708477054216331,31.100000000000005,7.364403875701308,0.22900000000000004,0.0963027633156091,0.43831578947368416,0.05699225350049188,14.257894736842104,2.902932576526649,19.636842105263156,6.368604463068619,0.1978421052631579,0.0701666770846348,12.578947368421053,13.372092786735966
