Year,Team,Rslt,Rslt_std,Tm,Tm_std,Opp_score,Opp_score_std,OT,OT_std,ORtg,ORtg_std,DRtg,DRtg_std,Pace,Pace_std,FTr,FTr_std,3PAr,3PAr_std,TS%,TS%_std,TRB%,TRB%_std,AST%,AST%_std,STL%,STL%_std,BLK%,BLK%_std,eFG%,eFG%_std,TOV%,TOV%_std,ORB%,ORB%_std,FT/FGA,FT/FGA_std,eFG%_opp,eFG%_opp_std,TOV%_opp,TOV%_opp_std,ORB%_opp,ORB%_opp_std,FT/FGA_opp,FT/FGA_opp_std,Spread,Spread_std
2021,oregon,0.7692307692307693,0.4296689244236597,75.0,6.180614856144977,68.0909090909091,5.780995884786065,0.0,0.0,109.17142857142856,9.125521511516087,101.85714285714286,9.275859605911004,69.10000000000002,3.8173289090671765,0.2783809523809524,0.0812652916013203,0.37938095238095243,0.062400702071752516,0.5669047619047619,0.052586980101451686,51.542857142857144,5.259712105103418,48.971428571428575,7.6419986166671645,11.042857142857141,2.9200293540598916,10.866666666666665,3.359960317225984,0.5447619047619049,0.0616708235407188,14.054545454545456,2.7496713695808523,27.43809523809524,6.65818865687029,0.19466666666666668,0.06339900104365473,0.5187619047619046,0.05812994474615021,18.057142857142857,2.6070234806329284,26.06666666666667,6.910957483108497,0.20571428571428574,0.062704180767428,7.476190476190476,7.453985830540917
