Year,Team,Rslt,Rslt_std,Tm,Tm_std,Opp_score,Opp_score_std,OT,OT_std,ORtg,ORtg_std,DRtg,DRtg_std,Pace,Pace_std,FTr,FTr_std,3PAr,3PAr_std,TS%,TS%_std,TRB%,TRB%_std,AST%,AST%_std,STL%,STL%_std,BLK%,BLK%_std,eFG%,eFG%_std,TOV%,TOV%_std,ORB%,ORB%_std,FT/FGA,FT/FGA_std,eFG%_opp,eFG%_opp_std,TOV%_opp,TOV%_opp_std,ORB%_opp,ORB%_opp_std,FT/FGA_opp,FT/FGA_opp_std,Spread,Spread_std
2021,ohio-state,0.7,0.466091599699399,78.28,7.971407236701267,71.56,7.095068710026704,0.0,0.0,112.19999999999999,8.986656775464388,102.87916666666665,9.539345486921027,68.3,2.5070335840000926,0.37829166666666664,0.1009302295245783,0.3905416666666666,0.05768578995141559,0.5740833333333333,0.040438806874699876,51.84166666666667,4.592992457009365,49.658333333333324,9.070684585001272,6.629166666666667,2.5708193866626607,9.525,2.9763195831210005,0.5334583333333334,0.04208374587256541,12.683333333333332,1.7719227254391023,27.583333333333332,6.28653956562312,0.29250000000000004,0.07230851774950468,0.49632000000000004,0.045329092938935674,12.968,3.7964588763741407,24.462500000000002,5.929279778830829,0.24116666666666672,0.06391819953568825,5.625,6.658192077368333
