Year,Team,Rslt,Rslt_std,Tm,Tm_std,Opp_score,Opp_score_std,OT,OT_std,ORtg,ORtg_std,DRtg,DRtg_std,Pace,Pace_std,FTr,FTr_std,3PAr,3PAr_std,TS%,TS%_std,TRB%,TRB%_std,AST%,AST%_std,STL%,STL%_std,BLK%,BLK%_std,eFG%,eFG%_std,TOV%,TOV%_std,ORB%,ORB%_std,FT/FGA,FT/FGA_std,eFG%_opp,eFG%_opp_std,TOV%_opp,TOV%_opp_std,ORB%_opp,ORB%_opp_std,FT/FGA_opp,FT/FGA_opp_std,Spread,Spread_std
2021,colgate,1.0,0.0,85.92307692307692,8.29117541387165,69.0,8.679477710861024,0.0,0.0,117.16153846153848,10.368022831567139,93.9,10.503967504392486,73.06923076923077,3.4412654202063093,0.30330769230769233,0.14254027770855074,0.3635384615384615,0.058741829764679315,0.5944615384615385,0.049753752596521775,53.56153846153846,5.7334600463039855,55.13076923076923,11.509589090216952,9.830769230769231,2.3199801060155,8.76153846153846,4.036817736274135,0.5682307692307692,0.05952332014450841,11.953846153846154,3.5034781252862097,26.484615384615385,7.042235222078067,0.22138461538461535,0.09325550784586262,0.46476923076923077,0.04512418761254664,14.284615384615384,2.0007690828971056,23.707692307692312,4.781990788096095,0.15592857142857142,0.034590937643159764,19.142857142857142,14.02117707588798
