Year,Team,Rslt,Rslt_std,Tm,Tm_std,Opp_score,Opp_score_std,OT,OT_std,ORtg,ORtg_std,DRtg,DRtg_std,Pace,Pace_std,FTr,FTr_std,3PAr,3PAr_std,TS%,TS%_std,TRB%,TRB%_std,AST%,AST%_std,STL%,STL%_std,BLK%,BLK%_std,eFG%,eFG%_std,TOV%,TOV%_std,ORB%,ORB%_std,FT/FGA,FT/FGA_std,eFG%_opp,eFG%_opp_std,TOV%_opp,TOV%_opp_std,ORB%_opp,ORB%_opp_std,FT/FGA_opp,FT/FGA_opp_std,Spread,Spread_std
2021,rutgers,0.5769230769230769,0.5038314736557788,70.57142857142857,6.946736129805339,69.47619047619048,7.413629661771942,0.0,0.0,101.21428571428571,9.280963619920387,99.92380952380952,12.210442447426086,69.28095238095237,2.897692020836418,0.28352380952380957,0.10638262031347934,0.3393333333333333,0.0628675857126177,0.5346363636363637,0.05120411577072171,50.733333333333334,6.166630630525337,52.5904761904762,9.898631459040425,11.071428571428571,2.137087470634475,14.185714285714285,4.40820663243974,0.509047619047619,0.054179771308557764,14.15714285714286,2.977678865924166,26.057142857142853,8.475763766680348,0.18061904761904762,0.08258357959696115,0.4858095238095239,0.06345362010761801,15.538095238095242,2.075205096002848,27.35,6.206966132614917,0.2485238095238095,0.07655104117359807,2.761904761904762,10.143494279116846
