Year,Team,Rslt,Rslt_std,Tm,Tm_std,Opp_score,Opp_score_std,OT,OT_std,ORtg,ORtg_std,DRtg,DRtg_std,Pace,Pace_std,FTr,FTr_std,3PAr,3PAr_std,TS%,TS%_std,TRB%,TRB%_std,AST%,AST%_std,STL%,STL%_std,BLK%,BLK%_std,eFG%,eFG%_std,TOV%,TOV%_std,ORB%,ORB%_std,FT/FGA,FT/FGA_std,eFG%_opp,eFG%_opp_std,TOV%_opp,TOV%_opp_std,ORB%_opp,ORB%_opp_std,FT/FGA_opp,FT/FGA_opp_std,Spread,Spread_std
2021,eastern-washington,0.6956521739130435,0.4704719688969648,78.52631578947368,9.16132220595933,69.10526315789474,7.070240738020682,0.0,0.0,108.3842105263158,11.106717844914836,95.74736842105263,9.733639745237056,72.56842105263159,3.1689557746605392,0.3013157894736842,0.07287664816628998,0.396421052631579,0.07615650245052669,0.5739473684210527,0.05588229065953475,51.30526315789474,5.325460197559407,54.51052631578948,6.046752547795304,6.815789473684212,1.6276305743471726,7.131578947368421,2.942797729972647,0.5356842105263159,0.05999078876662737,14.63684210526316,2.8431614888117043,22.75789473684211,5.460699567462202,0.2263,0.0736407352946509,0.47036842105263155,0.05976082935457136,14.573684210526311,2.4321554467095776,23.778947368421054,5.649245667183109,0.18255,0.07664235121654345,8.05,8.905793501689608
