Year,Team,Rslt,Rslt_std,Tm,Tm_std,Opp_score,Opp_score_std,OT,OT_std,ORtg,ORtg_std,DRtg,DRtg_std,Pace,Pace_std,FTr,FTr_std,3PAr,3PAr_std,TS%,TS%_std,TRB%,TRB%_std,AST%,AST%_std,STL%,STL%_std,BLK%,BLK%_std,eFG%,eFG%_std,TOV%,TOV%_std,ORB%,ORB%_std,FT/FGA,FT/FGA_std,eFG%_opp,eFG%_opp_std,TOV%_opp,TOV%_opp_std,ORB%_opp,ORB%_opp_std,FT/FGA_opp,FT/FGA_opp_std,Spread,Spread_std
2021,michigan-state,0.5555555555555556,0.5063696835418333,69.54545454545455,9.33364254280627,70.71428571428571,7.177345311066322,0.0,0.0,99.27619047619046,10.969772320422368,100.69090909090909,10.2618530346925,69.22727272727273,4.000973907412069,0.31680952380952376,0.08229982931186373,0.33938095238095234,0.06449145384504539,0.5187142857142856,0.05810261857880662,52.38571428571427,3.351012640126223,62.43636363636365,13.433913922980274,6.423809523809524,1.7781745588959377,11.09047619047619,4.260857280161442,0.4796666666666666,0.05984340676576938,15.623809523809527,3.8013030347375305,28.413636363636364,4.5639681413004185,0.23152380952380958,0.06977436423760452,0.4793333333333333,0.06710166416217508,12.623809523809525,2.1775915048293064,23.03333333333333,5.619282279200195,0.26566666666666666,0.07977113095182575,-0.7142857142857143,10.747757241131087
