Year,Team,Rslt,Rslt_std,Tm,Tm_std,Opp_score,Opp_score_std,OT,OT_std,ORtg,ORtg_std,DRtg,DRtg_std,Pace,Pace_std,FTr,FTr_std,3PAr,3PAr_std,TS%,TS%_std,TRB%,TRB%_std,AST%,AST%_std,STL%,STL%_std,BLK%,BLK%_std,eFG%,eFG%_std,TOV%,TOV%_std,ORB%,ORB%_std,FT/FGA,FT/FGA_std,eFG%_opp,eFG%_opp_std,TOV%_opp,TOV%_opp_std,ORB%_opp,ORB%_opp_std,FT/FGA_opp,FT/FGA_opp_std,Spread,Spread_std
2021,morehead-state,0.7666666666666667,0.43018306715207627,69.29166666666667,8.579445440001994,63.125,7.170667908979579,0.0,0.0,100.69583333333333,10.305864905444635,92.07916666666665,9.257757225191192,67.87916666666666,3.0703319699662934,0.35379166666666667,0.11318971345437737,0.3402083333333333,0.05419127088913592,0.5552083333333334,0.05707049734027789,55.020833333333336,4.480681156162354,51.083333333333336,7.606957151282587,6.116666666666667,1.954630325699703,14.337499999999999,7.197149949202417,0.5269166666666667,0.06385575910608605,19.152,3.4029545985804748,30.348000000000003,7.018138404638845,0.24033333333333332,0.0760221173004316,0.465,0.04485920001612776,15.283333333333333,3.0814545784159435,23.248,5.549183123067154,0.14725000000000002,0.05276959763711117,6.916666666666667,9.509339421425867
