Year,Team,Rslt,Rslt_std,Tm,Tm_std,Opp_score,Opp_score_std,OT,OT_std,ORtg,ORtg_std,DRtg,DRtg_std,Pace,Pace_std,FTr,FTr_std,3PAr,3PAr_std,TS%,TS%_std,TRB%,TRB%_std,AST%,AST%_std,STL%,STL%_std,BLK%,BLK%_std,eFG%,eFG%_std,TOV%,TOV%_std,ORB%,ORB%_std,FT/FGA,FT/FGA_std,eFG%_opp,eFG%_opp_std,TOV%_opp,TOV%_opp_std,ORB%_opp,ORB%_opp_std,FT/FGA_opp,FT/FGA_opp_std,Spread,Spread_std
2021,villanova,0.7272727272727273,0.4558423058385518,75.94444444444444,7.279885440454663,66.83333333333333,5.833473387674437,0.0,0.0,111.17222222222225,10.555333502996346,99.08333333333333,8.470103131534087,67.0,2.024845673131659,0.30905555555555553,0.07805388200936597,0.43716666666666665,0.051831457629512995,0.5626111111111111,0.05672963629344831,50.433333333333344,3.0520966756718337,57.844444444444434,11.3048777719137,7.7555555555555555,2.3445110420178854,3.9450000000000003,3.5727735061595762,0.5279444444444444,0.061341351777642585,11.011111111111111,1.5227254547217355,23.799999999999997,5.0444341396705425,0.23461111111111116,0.053485719797177846,0.5153888888888889,0.050101237379211544,16.249999999999996,2.3917136362129683,21.977777777777778,6.285890414305167,0.17122222222222222,0.05848937113653824,8.166666666666666,9.444886571735054
