Year,Team,Rslt,Rslt_std,Tm,Tm_std,Opp_score,Opp_score_std,OT,OT_std,ORtg,ORtg_std,DRtg,DRtg_std,Pace,Pace_std,FTr,FTr_std,3PAr,3PAr_std,TS%,TS%_std,TRB%,TRB%_std,AST%,AST%_std,STL%,STL%_std,BLK%,BLK%_std,eFG%,eFG%_std,TOV%,TOV%_std,ORB%,ORB%_std,FT/FGA,FT/FGA_std,eFG%_opp,eFG%_opp_std,TOV%_opp,TOV%_opp_std,ORB%_opp,ORB%_opp_std,FT/FGA_opp,FT/FGA_opp_std,Spread,Spread_std
2021,creighton,0.7142857142857143,0.46004370622823615,77.95652173913044,10.359353528748636,68.27272727272727,7.099173782791093,0.0,0.0,108.05000000000001,13.017488236983356,95.54545454545456,9.734803897686227,70.75,3.483806074095509,0.26313636363636356,0.07894138600406268,0.44495454545454555,0.0556523881939339,0.5708181818181818,0.06504550521686912,49.29090909090908,5.705461801843421,56.33478260869566,7.99599949381804,9.14090909090909,2.4956455584170505,9.440909090909091,2.7076011331257597,0.5568636363636363,0.06901090007386028,13.62608695652174,2.53075938860334,21.772727272727277,4.989721036021555,0.16972727272727273,0.06414728722926995,0.46663636363636374,0.059736361627009904,14.622727272727273,2.439541685719602,25.94545454545455,6.8581357506268406,0.18409090909090908,0.06549511729595107,8.454545454545455,10.3405225654416
