Year,Team,Rslt,Rslt_std,Tm,Tm_std,Opp_score,Opp_score_std,OT,OT_std,ORtg,ORtg_std,DRtg,DRtg_std,Pace,Pace_std,FTr,FTr_std,3PAr,3PAr_std,TS%,TS%_std,TRB%,TRB%_std,AST%,AST%_std,STL%,STL%_std,BLK%,BLK%_std,eFG%,eFG%_std,TOV%,TOV%_std,ORB%,ORB%_std,FT/FGA,FT/FGA_std,eFG%_opp,eFG%_opp_std,TOV%_opp,TOV%_opp_std,ORB%_opp,ORB%_opp_std,FT/FGA_opp,FT/FGA_opp_std,Spread,Spread_std
2021,west-virginia,0.6666666666666666,0.4803844614152614,77.38095238095238,6.272768053070275,73.72727272727273,9.072101757753288,0.0,0.0,107.00909090909092,6.112509350730726,99.64285714285714,9.698379835239049,71.66666666666667,2.9345073408211686,0.3988095238095237,0.12716745615432393,0.3358095238095239,0.05254485612086025,0.5254285714285715,0.04271600569876756,51.142857142857146,3.0307707647678384,51.971428571428575,6.654558051226457,10.19047619047619,3.442514308162678,6.933333333333333,2.314375365694453,0.48104761904761906,0.03678651409209113,14.338095238095242,2.6070052148924043,33.05238095238095,6.627489649001276,0.2872857142857143,0.09919230960973882,0.5007142857142858,0.04614666061281451,17.261904761904766,3.045894973645052,29.81904761904762,6.109060406283362,0.18727272727272729,0.05503174998574465,3.8260869565217392,6.685480698791453
