Year,Team,Rslt,Rslt_std,Tm,Tm_std,Opp_score,Opp_score_std,OT,OT_std,ORtg,ORtg_std,DRtg,DRtg_std,Pace,Pace_std,FTr,FTr_std,3PAr,3PAr_std,TS%,TS%_std,TRB%,TRB%_std,AST%,AST%_std,STL%,STL%_std,BLK%,BLK%_std,eFG%,eFG%_std,TOV%,TOV%_std,ORB%,ORB%_std,FT/FGA,FT/FGA_std,eFG%_opp,eFG%_opp_std,TOV%_opp,TOV%_opp_std,ORB%_opp,ORB%_opp_std,FT/FGA_opp,FT/FGA_opp_std,Spread,Spread_std
2021,louisiana-state,0.6666666666666666,0.4803844614152614,82.5909090909091,6.580339337820337,75.9047619047619,7.013592245809289,0.0,0.0,111.61904761904759,8.426067828330071,102.94761904761906,10.199540139026812,73.6238095238095,4.2996400735299645,0.34095238095238095,0.08526985175926848,0.3654761904761905,0.05261427472427902,0.5718571428571428,0.05485187846763838,49.4952380952381,3.790841092749232,41.25714285714285,8.863440157668547,10.761904761904763,2.4082101632698483,7.752380952380953,2.97079434623453,0.5371428571428573,0.05114810427991023,13.495238095238093,2.620777783497905,30.4,5.787572893709417,0.25785714285714284,0.07144948265333047,0.4825714285714286,0.05257905612368049,14.733333333333334,2.9131311905462365,32.43333333333334,4.478206486232333,0.20519047619047615,0.06439069734644831,5.590909090909091,10.463811064394367
