Year,Team,Rslt,Rslt_std,Tm,Tm_std,Opp_score,Opp_score_std,OT,OT_std,ORtg,ORtg_std,DRtg,DRtg_std,Pace,Pace_std,FTr,FTr_std,3PAr,3PAr_std,TS%,TS%_std,TRB%,TRB%_std,AST%,AST%_std,STL%,STL%_std,BLK%,BLK%_std,eFG%,eFG%_std,TOV%,TOV%_std,ORB%,ORB%_std,FT/FGA,FT/FGA_std,eFG%_opp,eFG%_opp_std,TOV%_opp,TOV%_opp_std,ORB%_opp,ORB%_opp_std,FT/FGA_opp,FT/FGA_opp_std,Spread,Spread_std
2021,oregon-state,0.5862068965517241,0.5012300141587652,69.65217391304348,6.879539464317849,67.8695652173913,7.49123334806084,0.0,0.0,104.60434782608696,8.972659394003012,102.0782608695652,8.219431329684506,66.75217391304348,3.2788398121643554,0.3339565217391304,0.1030478610165153,0.35691666666666677,0.04615749660405797,0.5380434782608695,0.04550771988542119,50.178260869565214,5.151165492279758,61.13333333333333,10.074274886697983,8.479166666666666,3.068632207220084,8.9375,4.160874960243651,0.4903478260869565,0.045915543709621885,14.260869565217394,3.1183823210753445,29.300000000000004,5.90616011235111,0.25339130434782603,0.08504583744312924,0.49560869565217386,0.05261674390467767,15.826086956521738,3.227751453665588,26.265217391304354,5.699649805482643,0.2749565217391305,0.06573948464885644,0.875,7.5372264533245685
