Year,Team,Rslt,Rslt_std,Tm,Tm_std,Opp_score,Opp_score_std,OT,OT_std,ORtg,ORtg_std,DRtg,DRtg_std,Pace,Pace_std,FTr,FTr_std,3PAr,3PAr_std,TS%,TS%_std,TRB%,TRB%_std,AST%,AST%_std,STL%,STL%_std,BLK%,BLK%_std,eFG%,eFG%_std,TOV%,TOV%_std,ORB%,ORB%_std,FT/FGA,FT/FGA_std,eFG%_opp,eFG%_opp_std,TOV%_opp,TOV%_opp_std,ORB%_opp,ORB%_opp_std,FT/FGA_opp,FT/FGA_opp_std,Spread,Spread_std
2021,houston,1.0,0.0,75.86363636363636,7.954007402953166,57.095238095238095,5.402821132563634,0.0,0.0,112.77619047619046,9.858240449588596,85.20476190476191,6.87608000175072,67.62857142857143,2.2199420841866244,0.29380952380952374,0.10416459045549936,0.41885714285714293,0.0540141515848261,0.5456666666666666,0.03948712870459603,57.41818181818182,5.073989354085005,49.64545454545455,7.064244459498113,11.89047619047619,3.2712237407283475,14.213636363636361,4.858208121024268,0.5090000000000001,0.05696490147450445,12.56190476190476,2.08649854792094,38.7047619047619,4.380693574135972,0.21699999999999997,0.08041890325041742,0.42161904761904756,0.05521546539736507,18.79523809523809,3.6592999590736195,22.928571428571427,5.568585355109757,0.2785238095238095,0.05627221254546426,18.714285714285715,10.330260679880528
