Year,Team,Rslt,Rslt_std,Tm,Tm_std,Opp_score,Opp_score_std,OT,OT_std,ORtg,ORtg_std,DRtg,DRtg_std,Pace,Pace_std,FTr,FTr_std,3PAr,3PAr_std,TS%,TS%_std,TRB%,TRB%_std,AST%,AST%_std,STL%,STL%_std,BLK%,BLK%_std,eFG%,eFG%_std,TOV%,TOV%_std,ORB%,ORB%_std,FT/FGA,FT/FGA_std,eFG%_opp,eFG%_opp_std,TOV%_opp,TOV%_opp_std,ORB%_opp,ORB%_opp_std,FT/FGA_opp,FT/FGA_opp_std,Spread,Spread_std
2021,florida,0.6086956521739131,0.4990108793478453,74.0,7.3181661333667165,70.89473684210526,6.781467694648943,0.0,0.0,102.92105263157892,10.59982069803114,99.57368421052631,9.737718310504615,71.72105263157896,3.7147721550241393,0.3338421052631578,0.09144838444469022,0.33357894736842103,0.04114380713421008,0.5612631578947369,0.05809555548621136,51.526315789473685,4.38961427124211,45.01052631578947,7.558063739171569,9.994736842105262,2.576921868390556,14.478947368421053,4.585796786136809,0.523421052631579,0.05735495308406113,17.48947368421053,2.606379936668675,28.847368421052632,5.8538086766986,0.2577368421052631,0.08629332541799455,0.480578947368421,0.04164441511105086,16.652631578947368,2.890860775511649,29.284210526315793,7.033196140675759,0.24205263157894744,0.06249397631790918,2.9473684210526314,10.135052947351289
