Year,Team,Rslt,Rslt_std,Tm,Tm_std,Opp_score,Opp_score_std,OT,OT_std,ORtg,ORtg_std,DRtg,DRtg_std,Pace,Pace_std,FTr,FTr_std,3PAr,3PAr_std,TS%,TS%_std,TRB%,TRB%_std,AST%,AST%_std,STL%,STL%_std,BLK%,BLK%_std,eFG%,eFG%_std,TOV%,TOV%_std,ORB%,ORB%_std,FT/FGA,FT/FGA_std,eFG%_opp,eFG%_opp_std,TOV%_opp,TOV%_opp_std,ORB%_opp,ORB%_opp_std,FT/FGA_opp,FT/FGA_opp_std,Spread,Spread_std
2021,san-diego-state,0.8518518518518519,0.3620139928982457,73.13636363636364,7.219652112351164,61.31818181818182,4.893011183469587,0.0,0.0,107.69047619047618,9.065699353161053,89.14761904761903,6.602849312805727,68.0142857142857,2.7348282787564036,0.3421428571428571,0.09758908018538023,0.3975714285714286,0.05502869381383809,0.561142857142857,0.05880925583127686,52.69047619047619,5.526111178930873,53.87142857142857,9.353456198493841,11.9,2.9,9.319047619047618,2.154905809454104,0.5226818181818182,0.07000910577756933,14.004761904761907,2.4344354972921733,23.831818181818186,6.507679446230567,0.25376190476190474,0.0906332746632851,0.4639523809523809,0.052310110103570034,18.70952380952381,1.991457948816585,20.69047619047619,6.436684298760098,0.2322857142857143,0.0790355254661743,13.380952380952381,9.59414503995114
