Year,Team,Rslt,Rslt_std,Tm,Tm_std,Opp_score,Opp_score_std,OT,OT_std,ORtg,ORtg_std,DRtg,DRtg_std,Pace,Pace_std,FTr,FTr_std,3PAr,3PAr_std,TS%,TS%_std,TRB%,TRB%_std,AST%,AST%_std,STL%,STL%_std,BLK%,BLK%_std,eFG%,eFG%_std,TOV%,TOV%_std,ORB%,ORB%_std,FT/FGA,FT/FGA_std,eFG%_opp,eFG%_opp_std,TOV%_opp,TOV%_opp_std,ORB%_opp,ORB%_opp_std,FT/FGA_opp,FT/FGA_opp_std,Spread,Spread_std
2021,virginia,0.75,0.4423258684646914,68.25,6.934847169416057,59.2,6.810209054678208,0.0,0.0,109.24285714285712,10.630548971176013,96.41499999999999,11.526960388128073,60.64285714285715,1.7605599758518387,0.2101,0.08545783817335399,0.42460000000000003,0.06642954320576289,0.5860000000000001,0.048546234067178305,51.92857142857144,5.992507226290416,55.57000000000001,9.36494583680631,7.561904761904763,2.858754307469635,12.87727272727273,4.971723071836394,0.55645,0.05105773306036175,12.609999999999998,3.442902692114376,20.494999999999997,6.310849054562601,0.1705,0.06742598281000238,0.47729999999999995,0.06820410544827929,12.700000000000001,2.8743878066743003,19.020000000000003,8.325016200395174,0.17570000000000005,0.07306024910989559,9.714285714285714,12.058784586942652
