Year,Team,Rslt,Rslt_std,Tm,Tm_std,Opp_score,Opp_score_std,OT,OT_std,ORtg,ORtg_std,DRtg,DRtg_std,Pace,Pace_std,FTr,FTr_std,3PAr,3PAr_std,TS%,TS%_std,TRB%,TRB%_std,AST%,AST%_std,STL%,STL%_std,BLK%,BLK%_std,eFG%,eFG%_std,TOV%,TOV%_std,ORB%,ORB%_std,FT/FGA,FT/FGA_std,eFG%_opp,eFG%_opp_std,TOV%_opp,TOV%_opp_std,ORB%_opp,ORB%_opp_std,FT/FGA_opp,FT/FGA_opp_std,Spread,Spread_std
2022,new-mexico-state,0.8125,0.39655776945626603,73.15384615384616,6.62535920651738,64.23076923076923,5.494052728598023,0.0,0.0,105.80000000000003,8.550836216417668,92.57307692307694,9.80887588635141,68.77692307692305,3.467830179499301,0.36699999999999994,0.1452128411359313,0.4296153846153846,0.07375965125897867,0.5595769230769231,0.04728989158534671,56.349999999999994,4.9672728936510016,54.56923076923077,7.640616165245796,6.988461538461538,2.6897326146778116,12.50769230769231,4.159704131490419,0.5294230769230768,0.05771320339535699,16.238461538461536,2.716332368923497,34.16785714285714,7.480644336054193,0.25073076923076926,0.09660747701593607,0.4503846153846155,0.04754625278448507,14.630769230769234,3.1681880286080535,22.373076923076926,4.210326133905324,0.18784615384615383,0.06367963084547039,9.192307692307692,6.203348971445864
