Year,Team,Rslt,Rslt_std,Tm,Tm_std,Opp_score,Opp_score_std,OT,OT_std,ORtg,ORtg_std,DRtg,DRtg_std,Pace,Pace_std,FTr,FTr_std,3PAr,3PAr_std,TS%,TS%_std,TRB%,TRB%_std,AST%,AST%_std,STL%,STL%_std,BLK%,BLK%_std,eFG%,eFG%_std,TOV%,TOV%_std,ORB%,ORB%_std,FT/FGA,FT/FGA_std,eFG%_opp,eFG%_opp_std,TOV%_opp,TOV%_opp_std,ORB%_opp,ORB%_opp_std,FT/FGA_opp,FT/FGA_opp_std,Spread,Spread_std
2022,tennessee,0.7878787878787878,0.41514875026728054,74.07142857142857,8.725987459471687,62.18518518518518,7.269731965416803,0.0,0.0,105.4148148148148,10.863053250625532,88.45925925925924,9.048597819945503,69.98148148148148,3.202647587067858,0.29285185185185186,0.11498886357573392,0.4038888888888888,0.0671979471603419,0.5398148148148147,0.05440590821779238,52.58518518518518,4.5967968533035375,61.192592592592604,12.30840631832026,13.20740740740741,3.875358636101252,13.58888888888889,5.355179615843779,0.501107142857143,0.06863394003601808,14.448148148148148,3.3477168304992553,30.64074074074074,6.853649182917603,0.20829629629629628,0.09143548158919103,0.45659259259259266,0.05886376661362251,19.277777777777782,3.9637136174332324,24.74444444444444,5.469027007636405,0.22607407407407412,0.07455195706347555,10.222222222222221,9.676829317551574
