Year,Team,Rslt,Rslt_std,Tm,Tm_std,Opp_score,Opp_score_std,OT,OT_std,ORtg,ORtg_std,DRtg,DRtg_std,Pace,Pace_std,FTr,FTr_std,3PAr,3PAr_std,TS%,TS%_std,TRB%,TRB%_std,AST%,AST%_std,STL%,STL%_std,BLK%,BLK%_std,eFG%,eFG%_std,TOV%,TOV%_std,ORB%,ORB%_std,FT/FGA,FT/FGA_std,eFG%_opp,eFG%_opp_std,TOV%_opp,TOV%_opp_std,ORB%_opp,ORB%_opp_std,FT/FGA_opp,FT/FGA_opp_std,Spread,Spread_std
2022,colorado-state,0.8333333333333334,0.3790490217894517,73.5,8.826836549877928,65.66666666666667,8.395996285324834,0.0,0.0,111.20416666666667,10.09608099458772,98.74583333333334,11.118061262283279,65.89999999999999,3.6518012232202683,0.30725,0.09840256712805466,0.38962499999999994,0.0496175043621748,0.5876666666666667,0.05348926480402738,50.848,5.802091576894204,52.191666666666656,7.275086532679252,9.4,2.5570023209933184,9.1375,3.865658445516275,0.5551666666666666,0.05681600101216638,13.220833333333331,3.2972952244379705,20.44583333333333,6.296305277297753,0.23450000000000001,0.07744451028906467,0.5030833333333334,0.07102841848080287,15.662499999999996,2.900646479666214,22.545833333333334,7.445394209008428,0.17275000000000004,0.06514215225182539,8.708333333333334,7.720549466065937
