Year,Team,Rslt,Rslt_std,Tm,Tm_std,Opp_score,Opp_score_std,OT,OT_std,ORtg,ORtg_std,DRtg,DRtg_std,Pace,Pace_std,FTr,FTr_std,3PAr,3PAr_std,TS%,TS%_std,TRB%,TRB%_std,AST%,AST%_std,STL%,STL%_std,BLK%,BLK%_std,eFG%,eFG%_std,TOV%,TOV%_std,ORB%,ORB%_std,FT/FGA,FT/FGA_std,eFG%_opp,eFG%_opp_std,TOV%_opp,TOV%_opp_std,ORB%_opp,ORB%_opp_std,FT/FGA_opp,FT/FGA_opp_std,Spread,Spread_std
2022,san-diego-state,0.7419354838709677,0.44480272297456924,66.16,7.157047808512482,57.24,5.5247926054589,0.0,0.0,98.72,9.863315872463987,86.74799999999999,9.135923598629752,66.184,3.6048208462187605,0.30347999999999997,0.10444341370649787,0.30848,0.04813879239587687,0.52604,0.055725876694165455,52.03199999999999,3.8126674826600513,49.644,10.974481005192606,11.024,3.0179021411128177,14.371999999999998,4.642334183001765,0.49312,0.06044234167094014,16.264,3.043692932387672,27.243999999999993,6.117534906588873,0.20812,0.07333843921618913,0.43868,0.04440882044519236,18.043999999999997,3.0420771412528858,24.680000000000003,6.195495675623272,0.19992000000000001,0.05529686549284085,9.37037037037037,9.616284858142176
