Year,Team,Rslt,Rslt_std,Tm,Tm_std,Opp_score,Opp_score_std,OT,OT_std,ORtg,ORtg_std,DRtg,DRtg_std,Pace,Pace_std,FTr,FTr_std,3PAr,3PAr_std,TS%,TS%_std,TRB%,TRB%_std,AST%,AST%_std,STL%,STL%_std,BLK%,BLK%_std,eFG%,eFG%_std,TOV%,TOV%_std,ORB%,ORB%_std,FT/FGA,FT/FGA_std,eFG%_opp,eFG%_opp_std,TOV%_opp,TOV%_opp_std,ORB%_opp,ORB%_opp_std,FT/FGA_opp,FT/FGA_opp_std,Spread,Spread_std
2022,montana-state,0.7941176470588235,0.4104256301219048,75.85714285714286,6.29940788348712,68.35714285714286,9.02348493783197,0.0,0.0,107.47931034482757,8.938854964637125,96.09642857142856,9.94278007708989,70.49285714285713,3.013295055242199,0.3987142857142857,0.11556234717526329,0.367892857142857,0.0582627123535598,0.5809642857142857,0.040978297908416096,54.15,4.302066686812023,49.86785714285715,9.83655516226679,7.203571428571429,1.993783327664257,10.200000000000001,2.7676705006196096,0.5425000000000001,0.0456739653534824,15.978571428571431,2.9025349256656665,25.242857142857137,5.613240205840617,0.2999642857142857,0.09259928891129947,0.4764285714285715,0.07130135761599211,16.071428571428573,2.7019687120014773,19.635714285714283,5.4814984627221595,0.2613571428571429,0.06892358317339804,7.857142857142857,8.131849981829726
