Year,Team,Rslt,Rslt_std,Tm,Tm_std,Opp_score,Opp_score_std,OT,OT_std,ORtg,ORtg_std,DRtg,DRtg_std,Pace,Pace_std,FTr,FTr_std,3PAr,3PAr_std,TS%,TS%_std,TRB%,TRB%_std,AST%,AST%_std,STL%,STL%_std,BLK%,BLK%_std,eFG%,eFG%_std,TOV%,TOV%_std,ORB%,ORB%_std,FT/FGA,FT/FGA_std,eFG%_opp,eFG%_opp_std,TOV%_opp,TOV%_opp_std,ORB%_opp,ORB%_opp_std,FT/FGA_opp,FT/FGA_opp_std,Spread,Spread_std
2022,texas-christian,0.625,0.4918693768379647,68.03846153846153,5.909184507058613,64.55555555555556,7.531131967901553,0.0,0.0,100.51923076923075,8.991463472906698,96.53076923076924,10.597689153047252,67.39615384615382,2.891294626181257,0.31538461538461543,0.10597700766603177,0.3151538461538462,0.03817296667296615,0.5181538461538461,0.042593607320998116,55.64230769230768,5.409412025492092,54.61111111111112,7.483434697503205,8.919230769230767,2.6024633301192512,11.226923076923079,3.431682700053452,0.491,0.04678461285508304,17.330769230769228,2.984328297057042,35.949999999999996,8.341858306156968,0.213962962962963,0.07294491150148935,0.47292307692307706,0.05192373105001072,14.907692307692304,3.0981185357468912,24.19615384615384,6.820761292948508,0.18507692307692306,0.0794928540571657,2.111111111111111,9.254243655806002
