Year,Team,Rslt,Rslt_std,Tm,Tm_std,Opp_score,Opp_score_std,OT,OT_std,ORtg,ORtg_std,DRtg,DRtg_std,Pace,Pace_std,FTr,FTr_std,3PAr,3PAr_std,TS%,TS%_std,TRB%,TRB%_std,AST%,AST%_std,STL%,STL%_std,BLK%,BLK%_std,eFG%,eFG%_std,TOV%,TOV%_std,ORB%,ORB%_std,FT/FGA,FT/FGA_std,eFG%_opp,eFG%_opp_std,TOV%_opp,TOV%_opp_std,ORB%_opp,ORB%_opp_std,FT/FGA_opp,FT/FGA_opp_std,Spread,Spread_std
2022,norfolk-state,0.8,0.4068381021724863,74.875,8.136405038868316,64.08333333333333,6.233964937387738,0.0,0.0,104.7,10.290941563378423,89.71666666666668,9.930789480708215,72.00833333333334,3.7211401556473267,0.36896000000000007,0.10486995120942255,0.35433333333333333,0.07445959900548733,0.5692083333333333,0.036281483080116125,54.69583333333333,5.087365352703112,47.983999999999995,8.994613202726768,8.395833333333334,2.6329813101710666,10.85,5.865077189158094,0.5357500000000001,0.051161508969145925,16.583333333333336,3.1786880896078014,29.150000000000002,5.329654528325861,0.26049999999999995,0.07868815722176065,0.43879166666666664,0.052849235251483696,15.387500000000001,3.4469031469346256,23.612499999999997,6.226892064473954,0.21524000000000004,0.05657316796267762,10.291666666666666,9.857591057113058
