Year,Team,Rslt,Rslt_std,Tm,Tm_std,Opp_score,Opp_score_std,OT,OT_std,ORtg,ORtg_std,DRtg,DRtg_std,Pace,Pace_std,FTr,FTr_std,3PAr,3PAr_std,TS%,TS%_std,TRB%,TRB%_std,AST%,AST%_std,STL%,STL%_std,BLK%,BLK%_std,eFG%,eFG%_std,TOV%,TOV%_std,ORB%,ORB%_std,FT/FGA,FT/FGA_std,eFG%_opp,eFG%_opp_std,TOV%_opp,TOV%_opp_std,ORB%_opp,ORB%_opp_std,FT/FGA_opp,FT/FGA_opp_std,Spread,Spread_std
2022,yale,0.6333333333333333,0.4901325178535609,72.5,8.214515254691857,68.79166666666667,8.72766300044149,0.0,0.0,101.8125,10.545896069706144,95.99166666666666,8.174611633730306,71.53750000000001,2.8242448009427537,0.32012500000000005,0.06614168750558877,0.35107999999999995,0.06648679066802167,0.5444166666666667,0.04368157174535879,50.98750000000001,4.1956823044649125,46.074999999999996,9.820309478874359,8.616666666666665,2.337718446740728,9.29583333333333,3.153394191587254,0.5066250000000001,0.046771240234181076,15.495833333333332,3.93274759210255,23.41666666666667,5.200975382323611,0.24115999999999999,0.056252911035785516,0.48200000000000004,0.04713625024284942,15.774999999999999,3.1145172003545505,23.44583333333334,6.184481220847428,0.2047916666666666,0.08698374619116651,3.7083333333333335,9.884019454640413
