Year,Team,Rslt,Rslt_std,Tm,Tm_std,Opp_score,Opp_score_std,OT,OT_std,ORtg,ORtg_std,DRtg,DRtg_std,Pace,Pace_std,FTr,FTr_std,3PAr,3PAr_std,TS%,TS%_std,TRB%,TRB%_std,AST%,AST%_std,STL%,STL%_std,BLK%,BLK%_std,eFG%,eFG%_std,TOV%,TOV%_std,ORB%,ORB%_std,FT/FGA,FT/FGA_std,eFG%_opp,eFG%_opp_std,TOV%_opp,TOV%_opp_std,ORB%_opp,ORB%_opp_std,FT/FGA_opp,FT/FGA_opp_std,Spread,Spread_std
2022,wyoming,0.7575757575757576,0.4351941398892446,72.71428571428571,7.517176099303282,64.96296296296296,5.345605538711079,0.12121212121212122,0.33143398263980844,106.3074074074074,10.911142009112517,96.32222222222224,8.3312356334152,67.09629629629629,3.5368914514869045,0.3668888888888888,0.11615319239075655,0.41529629629629633,0.05636407394705277,0.5614444444444445,0.05407426042976123,52.677777777777784,5.0300889526721955,45.04444444444444,7.194353198774574,5.524999999999999,2.6961735574424455,5.651851851851854,2.129530531572695,0.5318214285714286,0.06180078722465678,14.055555555555554,3.2925712810849883,23.09259259259259,6.698043682582935,0.26448148148148154,0.08873312206592841,0.47529629629629633,0.06266873519044701,13.681481481481482,3.258838518556648,21.49259259259259,4.594304662039222,0.1776296296296296,0.051370560372011445,5.642857142857143,8.349824951433217
