Year,Team,Rslt,Rslt_std,Tm,Tm_std,Opp_score,Opp_score_std,OT,OT_std,ORtg,ORtg_std,DRtg,DRtg_std,Pace,Pace_std,FTr,FTr_std,3PAr,3PAr_std,TS%,TS%_std,TRB%,TRB%_std,AST%,AST%_std,STL%,STL%_std,BLK%,BLK%_std,eFG%,eFG%_std,TOV%,TOV%_std,ORB%,ORB%_std,FT/FGA,FT/FGA_std,eFG%_opp,eFG%_opp_std,TOV%_opp,TOV%_opp_std,ORB%_opp,ORB%_opp_std,FT/FGA_opp,FT/FGA_opp_std,Spread,Spread_std
2022,south-dakota-state,0.8823529411764706,0.3270349700838643,86.42857142857143,6.420041371901838,71.96551724137932,8.894150399563145,0.0,0.0,119.71785714285714,9.026547413106417,100.73214285714285,10.454453368689117,72.57500000000002,3.8158174698173077,0.3411071428571428,0.07906131670382045,0.35289285714285706,0.07059290662388443,0.6395714285714286,0.06478878993766823,53.689655172413794,4.802777829220012,47.98928571428571,12.085017944966351,7.9482758620689635,2.5719115583626526,5.87741935483871,3.706184891719908,0.61575,0.07079737649460267,13.703571428571431,3.3317198475948038,21.54137931034483,6.791250528720197,0.2547857142857143,0.08369537229689193,0.5087857142857144,0.060103834315881205,13.882142857142853,3.0474097770412087,20.892857142857142,6.698420409233507,0.14328571428571432,0.05471194408350727,12.785714285714286,9.294989262867677
