Year,Team,Rslt,Rslt_std,Tm,Tm_std,Opp_score,Opp_score_std,OT,OT_std,ORtg,ORtg_std,DRtg,DRtg_std,Pace,Pace_std,FTr,FTr_std,3PAr,3PAr_std,TS%,TS%_std,TRB%,TRB%_std,AST%,AST%_std,STL%,STL%_std,BLK%,BLK%_std,eFG%,eFG%_std,TOV%,TOV%_std,ORB%,ORB%_std,FT/FGA,FT/FGA_std,eFG%_opp,eFG%_opp_std,TOV%_opp,TOV%_opp_std,ORB%_opp,ORB%_opp_std,FT/FGA_opp,FT/FGA_opp_std,Spread,Spread_std
2022,davidson,0.8181818181818182,0.39167472590032015,75.35714285714286,6.418805044637062,66.11111111111111,5.846322534678289,0.0,0.0,113.3777777777778,8.12533234034311,99.27777777777777,9.035882883657772,66.25185185185184,2.6321050906028063,0.32355555555555565,0.10864881086585396,0.4127037037037036,0.05067377930282986,0.5952962962962964,0.047681487146734605,52.31481481481481,4.580284145007038,55.25185185185185,9.030817765610683,6.825925925925924,2.349892402216387,8.122222222222222,3.137653867919754,0.5611481481481482,0.058400279045502775,12.707407407407405,2.950218495940458,21.97777777777778,5.520265694088767,0.24251851851851855,0.08312843185298387,0.4954814814814816,0.04498578439597112,14.137037037037036,2.486756947102011,19.911111111111115,7.222259040011348,0.2068148148148148,0.07272976167717199,9.555555555555555,7.787234787845146
