Year,Team,Rslt,Rslt_std,Tm,Tm_std,Opp_score,Opp_score_std,OT,OT_std,ORtg,ORtg_std,DRtg,DRtg_std,Pace,Pace_std,FTr,FTr_std,3PAr,3PAr_std,TS%,TS%_std,TRB%,TRB%_std,AST%,AST%_std,STL%,STL%_std,BLK%,BLK%_std,eFG%,eFG%_std,TOV%,TOV%_std,ORB%,ORB%_std,FT/FGA,FT/FGA_std,eFG%_opp,eFG%_opp_std,TOV%_opp,TOV%_opp_std,ORB%_opp,ORB%_opp_std,FT/FGA_opp,FT/FGA_opp_std,Spread,Spread_std
2022,virginia-tech,0.6571428571428571,0.48159399197793534,70.48275862068965,8.37777966517541,63.166666666666664,8.874929172454953,0.0,0.0,110.00344827586207,11.82290400507847,98.14,13.609139930766105,64.38620689655173,3.0596129701473034,0.23686206896551726,0.09429843360990037,0.4137241379310346,0.057165734336803636,0.5745517241379311,0.06546623241188465,51.782758620689656,6.079242725720582,54.97931034482758,6.160668986768566,8.175862068965516,2.2292944387364537,9.465517241379308,4.145847824895665,0.5504137931034484,0.07233578310380955,14.279310344827588,3.3357778392907775,26.55862068965518,7.135600747628516,0.17506896551724138,0.07438074397242626,0.4859655172413794,0.05990616636434772,16.23103448275862,3.5342309173764948,23.04827586206897,7.028341639881813,0.191,0.06491753010001008,7.9655172413793105,12.14343667118959
