Year,Team,Rslt,Rslt_std,Tm,Tm_std,Opp_score,Opp_score_std,OT,OT_std,ORtg,ORtg_std,DRtg,DRtg_std,Pace,Pace_std,FTr,FTr_std,3PAr,3PAr_std,TS%,TS%_std,TRB%,TRB%_std,AST%,AST%_std,STL%,STL%_std,BLK%,BLK%_std,eFG%,eFG%_std,TOV%,TOV%_std,ORB%,ORB%_std,FT/FGA,FT/FGA_std,eFG%_opp,eFG%_opp_std,TOV%_opp,TOV%_opp_std,ORB%_opp,ORB%_opp_std,FT/FGA_opp,FT/FGA_opp_std,Spread,Spread_std
2022,wright-state,0.6176470588235294,0.4932702180563817,76.14285714285714,6.681729016168093,70.64285714285714,7.2378341640468244,0.0,0.0,107.675,9.966188208508177,101.1607142857143,8.36019401182436,70.00357142857142,3.417762116297429,0.3216428571428572,0.07204793377956624,0.32499999999999996,0.04410053449627502,0.5609999999999999,0.051555795018600956,52.12500000000001,4.130610662413543,50.82142857142856,6.61812086694734,8.017857142857142,1.9527859626372306,7.44642857142857,3.421769321711399,0.5224642857142857,0.05707661007794188,15.337931034482759,3.4062352272920497,30.03448275862069,6.823293918737329,0.2459285714285714,0.05752675935882398,0.5095,0.05872503409645353,15.807142857142859,3.0314314637769266,26.89310344827586,6.044237576549535,0.1840714285714286,0.06103789264567003,4.678571428571429,9.1895817477409
