Year,Team,Rslt,Rslt_std,Tm,Tm_std,Opp_score,Opp_score_std,OT,OT_std,ORtg,ORtg_std,DRtg,DRtg_std,Pace,Pace_std,FTr,FTr_std,3PAr,3PAr_std,TS%,TS%_std,TRB%,TRB%_std,AST%,AST%_std,STL%,STL%_std,BLK%,BLK%_std,eFG%,eFG%_std,TOV%,TOV%_std,ORB%,ORB%_std,FT/FGA,FT/FGA_std,eFG%_opp,eFG%_opp_std,TOV%_opp,TOV%_opp_std,ORB%_opp,ORB%_opp_std,FT/FGA_opp,FT/FGA_opp_std,Spread,Spread_std
2022,georgia-state,0.6428571428571429,0.48795003647426666,69.95454545454545,7.435290833824174,63.52173913043478,8.212349709251036,0.0,0.0,100.04545454545452,11.41409851988518,92.18181818181819,11.349245259724013,68.96818181818182,2.944144529907969,0.29281818181818187,0.09550698621349339,0.37368181818181817,0.052453504457472905,0.5006363636363637,0.050600720354881314,51.58181818181818,6.4334421182736605,54.222727272727276,9.932483112455857,12.245454545454548,3.1634410548261065,12.356521739130434,4.454193742669172,0.46149999999999997,0.0605292137259829,13.845454545454544,2.5710341207802845,33.190909090909095,7.270285845622321,0.20886363636363645,0.07888466291548722,0.4795909090909092,0.06288739679239931,19.25454545454545,3.2738105470285697,27.41818181818182,7.633237867793741,0.20259090909090913,0.04886001295334321,4.863636363636363,8.620548289630586
