Year,Team,Rslt,Rslt_std,Tm,Tm_std,Opp_score,Opp_score_std,OT,OT_std,ORtg,ORtg_std,DRtg,DRtg_std,Pace,Pace_std,FTr,FTr_std,3PAr,3PAr_std,TS%,TS%_std,TRB%,TRB%_std,AST%,AST%_std,STL%,STL%_std,BLK%,BLK%_std,eFG%,eFG%_std,TOV%,TOV%_std,ORB%,ORB%_std,FT/FGA,FT/FGA_std,eFG%_opp,eFG%_opp_std,TOV%_opp,TOV%_opp_std,ORB%_opp,ORB%_opp_std,FT/FGA_opp,FT/FGA_opp_std,Spread,Spread_std
2022,southern-california,0.7878787878787878,0.41514875026728054,71.66666666666667,7.280109889280518,65.07142857142857,6.5598586899220654,0.0,0.0,104.09259259259261,7.591590789304353,95.08148148148148,9.548581732666534,68.74814814814816,2.7757702147152385,0.30062962962962964,0.07522537836300691,0.331896551724138,0.06766374046266593,0.5404074074074073,0.04307887154730464,54.19629629629629,4.534524102031969,51.7962962962963,11.078582298967037,7.344444444444445,2.0426855123988377,11.029629629629632,4.471259916641532,0.5146666666666667,0.04635067006403052,14.799999999999999,3.232932392094188,31.277777777777775,6.158317285985823,0.19840740740740734,0.057696326545683116,0.44266666666666665,0.059615434243155525,12.037037037037036,2.91008169963929,23.83333333333333,5.885640936276118,0.18644444444444438,0.06854663394829119,6.333333333333333,7.452413135250993
