Year,Team,Rslt,Rslt_std,Tm,Tm_std,Opp_score,Opp_score_std,OT,OT_std,ORtg,ORtg_std,DRtg,DRtg_std,Pace,Pace_std,FTr,FTr_std,3PAr,3PAr_std,TS%,TS%_std,TRB%,TRB%_std,AST%,AST%_std,STL%,STL%_std,BLK%,BLK%_std,eFG%,eFG%_std,TOV%,TOV%_std,ORB%,ORB%_std,FT/FGA,FT/FGA_std,eFG%_opp,eFG%_opp_std,TOV%_opp,TOV%_opp_std,ORB%_opp,ORB%_opp_std,FT/FGA_opp,FT/FGA_opp_std,Spread,Spread_std
2022,texas-southern,0.6,0.4982728791224399,68.04,7.277133135147841,64.8,6.551081335677848,0.0,0.0,96.67083333333333,8.29554512015815,92.32083333333333,7.756903190155804,70.525,2.9245958472180753,0.325625,0.07652553566421899,0.3132500000000001,0.061006236316996455,0.5163333333333334,0.05338511978531802,54.59166666666667,4.122147674365314,41.61666666666666,8.910505117515806,7.8083333333333345,2.0574185316781692,12.866666666666667,4.7362309971084615,0.4814,0.06295302481480404,17.316666666666666,2.957770409802196,32.391666666666666,4.461128407327754,0.21837499999999999,0.05005719554756295,0.4497916666666666,0.033134743576555076,14.4375,2.906187177909138,24.40416666666667,6.268657658588456,0.23054166666666664,0.0578340798932727,3.2083333333333335,9.85979612923842
