Year,Team,Rslt,Rslt_std,Tm,Tm_std,Opp_score,Opp_score_std,OT,OT_std,ORtg,ORtg_std,DRtg,DRtg_std,Pace,Pace_std,FTr,FTr_std,3PAr,3PAr_std,TS%,TS%_std,TRB%,TRB%_std,AST%,AST%_std,STL%,STL%_std,BLK%,BLK%_std,eFG%,eFG%_std,TOV%,TOV%_std,ORB%,ORB%_std,FT/FGA,FT/FGA_std,eFG%_opp,eFG%_opp_std,TOV%_opp,TOV%_opp_std,ORB%_opp,ORB%_opp_std,FT/FGA_opp,FT/FGA_opp_std,Spread,Spread_std
2022,iowa-state,0.625,0.4918693768379647,67.57692307692308,10.83761256706689,63.81481481481482,10.04618962223618,0.0,0.0,98.39615384615385,14.39454009739056,92.10384615384615,11.892871167862898,67.42692307692309,3.5805650606916997,0.27684615384615385,0.11224355386664922,0.3730384615384615,0.06569899893863271,0.5261153846153845,0.07402449698475602,48.523076923076914,5.712954240482428,61.03846153846154,8.702233135147642,12.515384615384615,2.8545671906882566,8.999999999999998,4.55411901469428,0.498423076923077,0.0815373156668396,17.053846153846152,3.1764421315970193,24.649999999999995,6.6103706401381155,0.19153846153846155,0.09207528692075014,0.4871923076923077,0.05171771010458158,20.357692307692307,3.8246749484810425,26.68846153846154,8.350201287302095,0.2529230769230769,0.11507525297019272,3.5384615384615383,11.318059088839462
