Year,Team,Rslt,Rslt_std,Tm,Tm_std,Opp_score,Opp_score_std,OT,OT_std,ORtg,ORtg_std,DRtg,DRtg_std,Pace,Pace_std,FTr,FTr_std,3PAr,3PAr_std,TS%,TS%_std,TRB%,TRB%_std,AST%,AST%_std,STL%,STL%_std,BLK%,BLK%_std,eFG%,eFG%_std,TOV%,TOV%_std,ORB%,ORB%_std,FT/FGA,FT/FGA_std,eFG%_opp,eFG%_opp_std,TOV%_opp,TOV%_opp_std,ORB%_opp,ORB%_opp_std,FT/FGA_opp,FT/FGA_opp_std,Spread,Spread_std
2023,howard,0.6470588235294118,0.485071250072666,74.86206896551724,9.527119703888303,70.2,10.522226065776687,0.0,0.0,102.20357142857144,10.411584792124486,98.1892857142857,14.17466020980722,72.99642857142858,3.3227032884170002,0.3445714285714286,0.10512793918784671,0.3615714285714286,0.05403320554610194,0.5601785714285713,0.053580022238412545,53.15357142857143,4.678911090703583,54.93214285714286,9.172949506320345,9.789285714285713,2.9666466023933595,8.334482758620693,3.9877738026971676,0.52625,0.06305237387959196,19.32857142857143,2.975312886485516,32.825,7.1065762449949075,0.2447142857142856,0.07786734072332734,0.5064999999999998,0.07989460650224237,18.09285714285714,4.261796575730716,27.567857142857143,7.264732340481373,0.24603571428571433,0.09691136926111142,3.7142857142857144,12.331402680291163
