Year,Team,Rslt,Rslt_std,Tm,Tm_std,Opp_score,Opp_score_std,OT,OT_std,ORtg,ORtg_std,DRtg,DRtg_std,Pace,Pace_std,FTr,FTr_std,3PAr,3PAr_std,TS%,TS%_std,TRB%,TRB%_std,AST%,AST%_std,STL%,STL%_std,BLK%,BLK%_std,eFG%,eFG%_std,TOV%,TOV%_std,ORB%,ORB%_std,FT/FGA,FT/FGA_std,eFG%_opp,eFG%_opp_std,TOV%_opp,TOV%_opp_std,ORB%_opp,ORB%_opp_std,FT/FGA_opp,FT/FGA_opp_std,Spread,Spread_std
2023,baylor,0.6875,0.47092907485988494,75.77777777777777,8.391081957069446,69.61538461538461,8.251433441902918,0.0,0.0,110.9307692307692,8.930835088871332,102.13461538461539,13.040396997260238,68.82307692307694,4.03913928378883,0.36300000000000004,0.11424219885839032,0.4513461538461539,0.04738096014872836,0.5708076923076923,0.05106624656719484,51.15384615384615,4.298021011510369,55.06923076923078,12.635624851372226,9.403846153846155,3.317044560355591,5.8551724137931025,3.8675930321155776,0.5313076923076923,0.054416739505978654,14.88846153846154,3.0748433355963902,31.366666666666667,5.777875574451752,0.27096153846153853,0.08525982911980566,0.516076923076923,0.053113405522088736,16.426923076923078,3.8445345822148815,28.3576923076923,6.107121945854566,0.21946153846153849,0.0816809553172492,5.928571428571429,11.906825218020408
