Year,Team,Rslt,Rslt_std,Tm,Tm_std,Opp_score,Opp_score_std,OT,OT_std,ORtg,ORtg_std,DRtg,DRtg_std,Pace,Pace_std,FTr,FTr_std,3PAr,3PAr_std,TS%,TS%_std,TRB%,TRB%_std,AST%,AST%_std,STL%,STL%_std,BLK%,BLK%_std,eFG%,eFG%_std,TOV%,TOV%_std,ORB%,ORB%_std,FT/FGA,FT/FGA_std,eFG%_opp,eFG%_opp_std,TOV%_opp,TOV%_opp_std,ORB%_opp,ORB%_opp_std,FT/FGA_opp,FT/FGA_opp_std,Spread,Spread_std
2023,miami-fl,0.78125,0.42001344064515445,78.73076923076923,6.838465864842449,71.73076923076923,8.09719799588817,0.0,0.0,112.18076923076924,7.957387472318751,102.4346153846154,10.189953574288444,69.95384615384617,2.5623787025700584,0.29777777777777775,0.08969449572912801,0.33799999999999997,0.04765501022977542,0.5851923076923076,0.04715168648586748,52.75769230769231,4.110004679016614,52.08076923076923,8.63393394604194,10.246153846153845,3.4749654121134235,8.257692307692308,4.113993006987063,0.5513846153846154,0.05652332398086787,13.992307692307694,3.2397435795967655,30.373076923076926,7.148681427637278,0.23103846153846155,0.06612804595282143,0.5101923076923078,0.0558412172007518,15.64074074074074,4.219301733996648,26.37692307692308,6.4837216283432575,0.17507692307692313,0.06391489533867553,7.814814814814815,7.478363853539483
