Year,Team,Rslt,Rslt_std,Tm,Tm_std,Opp_score,Opp_score_std,OT,OT_std,ORtg,ORtg_std,DRtg,DRtg_std,Pace,Pace_std,FTr,FTr_std,3PAr,3PAr_std,TS%,TS%_std,TRB%,TRB%_std,AST%,AST%_std,STL%,STL%_std,BLK%,BLK%_std,eFG%,eFG%_std,TOV%,TOV%_std,ORB%,ORB%_std,FT/FGA,FT/FGA_std,eFG%_opp,eFG%_opp_std,TOV%_opp,TOV%_opp_std,ORB%_opp,ORB%_opp_std,FT/FGA_opp,FT/FGA_opp_std,Spread,Spread_std
2023,providence,0.65625,0.48255870443481425,77.42307692307692,8.723178672585249,70.73076923076923,8.32133495207442,0.0,0.0,109.85769230769232,8.597542582711554,100.47692307692309,10.863712355997196,69.28846153846152,2.979305546341553,0.3606923076923077,0.13469276720916212,0.32015384615384623,0.04235912398309701,0.5545769230769231,0.04496502914659175,54.47692307692308,4.497760126312447,52.82307692307693,7.685638955470532,9.48846153846154,2.368176838511334,11.97037037037037,4.044732073927462,0.5144230769230769,0.05302088122762433,13.53076923076923,2.4624815501065966,32.88846153846153,6.658367783358136,0.26965384615384613,0.09274349241114109,0.4985384615384616,0.05697524428678179,14.342307692307696,2.6297031128130155,24.26923076923077,6.494660528820223,0.1923846153846154,0.051193028371509276,7.185185185185185,10.455168162709834
