Year,Team,Rslt,Rslt_std,Tm,Tm_std,Opp_score,Opp_score_std,OT,OT_std,ORtg,ORtg_std,DRtg,DRtg_std,Pace,Pace_std,FTr,FTr_std,3PAr,3PAr_std,TS%,TS%_std,TRB%,TRB%_std,AST%,AST%_std,STL%,STL%_std,BLK%,BLK%_std,eFG%,eFG%_std,TOV%,TOV%_std,ORB%,ORB%_std,FT/FGA,FT/FGA_std,eFG%_opp,eFG%_opp_std,TOV%_opp,TOV%_opp_std,ORB%_opp,ORB%_opp_std,FT/FGA_opp,FT/FGA_opp_std,Spread,Spread_std
2023,texas-am-corpus-christi,0.696969696969697,0.46669372215943755,80.32142857142857,10.828814686438562,72.4074074074074,7.667409848780342,0.0,0.0,111.11111111111111,12.548224922990055,98.69999999999999,10.24113124760977,72.4148148148148,2.6609286556654097,0.34492592592592597,0.10721112382222785,0.3457407407407407,0.05515753145630501,0.5682222222222222,0.06253327319443829,53.05,4.581080254295519,56.0037037037037,8.36630060151951,11.89259259259259,2.743092853798137,4.316666666666666,3.2781495340841444,0.5229259259259259,0.06834242174291609,14.803703703703702,2.6341662644624217,30.871428571428577,6.328176680989565,0.2716296296296296,0.09385100636653503,0.5181481481481482,0.07461939513996431,18.666666666666668,3.3392767526470806,26.62222222222222,4.980140045399815,0.25718518518518524,0.10472272438610926,8.74074074074074,11.109914465476296
