Year,Team,Rslt,Rslt_std,Tm,Tm_std,Opp_score,Opp_score_std,OT,OT_std,ORtg,ORtg_std,DRtg,DRtg_std,Pace,Pace_std,FTr,FTr_std,3PAr,3PAr_std,TS%,TS%_std,TRB%,TRB%_std,AST%,AST%_std,STL%,STL%_std,BLK%,BLK%_std,eFG%,eFG%_std,TOV%,TOV%_std,ORB%,ORB%_std,FT/FGA,FT/FGA_std,eFG%_opp,eFG%_opp_std,TOV%_opp,TOV%_opp_std,ORB%_opp,ORB%_opp_std,FT/FGA_opp,FT/FGA_opp_std,Spread,Spread_std
2023,colgate,0.7647058823529411,0.43056154520204615,78.43333333333334,8.65301754555474,68.32142857142857,7.7796199632428555,0.0,0.0,113.06785714285714,8.803242398092689,99.44999999999997,8.557279768538425,68.77142857142857,2.962963624338551,0.26982142857142855,0.08064281262154259,0.34267857142857144,0.059072493800495035,0.5936785714285714,0.04567441424257258,51.432142857142864,3.9114318275791216,62.20357142857142,9.899512975033527,9.939285714285715,3.193087358389507,7.375000000000001,3.7479500569817668,0.5811785714285714,0.05166204536424135,12.87142857142857,2.916854869211413,22.839285714285705,6.464681212140563,0.177,0.0522635770061855,0.5205714285714285,0.05771477028451823,15.492857142857144,3.6920263001579774,21.99285714285714,6.142018522797821,0.1357142857142857,0.04272466296411038,9.857142857142858,8.788520651286838
