Year,Team,Rslt,Rslt_std,Tm,Tm_std,Opp_score,Opp_score_std,OT,OT_std,ORtg,ORtg_std,DRtg,DRtg_std,Pace,Pace_std,FTr,FTr_std,3PAr,3PAr_std,TS%,TS%_std,TRB%,TRB%_std,AST%,AST%_std,STL%,STL%_std,BLK%,BLK%_std,eFG%,eFG%_std,TOV%,TOV%_std,ORB%,ORB%_std,FT/FGA,FT/FGA_std,eFG%_opp,eFG%_opp_std,TOV%_opp,TOV%_opp_std,ORB%_opp,ORB%_opp_std,FT/FGA_opp,FT/FGA_opp_std,Spread,Spread_std
2023,kennesaw-state,0.7647058823529411,0.4305615452020462,75.42857142857143,7.800420555749597,69.10714285714286,8.390202777376876,0.0,0.0,105.12142857142855,8.301599896800667,97.02142857142859,10.414425790712832,70.96428571428572,3.9649589494595623,0.3699642857142858,0.09564575154370314,0.38910714285714276,0.06838417582047401,0.5579285714285714,0.03973889648920681,50.63571428571429,4.539392542629978,54.48928571428571,7.592361623793681,10.671428571428569,2.5793851037073763,8.000000000000002,3.455537691986696,0.5345714285714287,0.04678590209583047,14.935714285714285,3.5012393875136913,24.47857142857143,6.909004170236013,0.24539285714285716,0.07090856882123016,0.4990357142857143,0.06403846190512856,17.307142857142857,3.3658336231661803,23.62142857142857,6.448793004658407,0.2402413793103448,0.08448823044509716,5.678571428571429,7.674168172698403
