Year,Team,Rslt,Rslt_std,Tm,Tm_std,Opp_score,Opp_score_std,OT,OT_std,ORtg,ORtg_std,DRtg,DRtg_std,Pace,Pace_std,FTr,FTr_std,3PAr,3PAr_std,TS%,TS%_std,TRB%,TRB%_std,AST%,AST%_std,STL%,STL%_std,BLK%,BLK%_std,eFG%,eFG%_std,TOV%,TOV%_std,ORB%,ORB%_std,FT/FGA,FT/FGA_std,eFG%_opp,eFG%_opp_std,TOV%_opp,TOV%_opp_std,ORB%_opp,ORB%_opp_std,FT/FGA_opp,FT/FGA_opp_std,Spread,Spread_std
2023,fairleigh-dickinson,0.5588235294117647,0.5039947372613783,77.57142857142857,8.75353292244558,75.5,8.517954892787092,0.0,0.0,109.24285714285713,10.384619273729658,105.63214285714287,10.788335730347281,70.50357142857142,3.5032769995319724,0.2751428571428572,0.09382044090855218,0.3675357142857144,0.058117048013825244,0.5511428571428572,0.0493833937343271,50.717857142857135,5.632186179808084,51.28214285714285,10.073546345693556,11.075000000000001,2.44595281744869,4.916129032258064,3.1960493085676416,0.5204285714285715,0.05721009271968285,13.371428571428568,2.3074528433618364,30.675,5.032017856059705,0.20507142857142857,0.0750036683406236,0.553642857142857,0.06074915898562149,18.528571428571432,3.029711774930652,26.414285714285715,7.5305655823064175,0.25192857142857145,0.08448796915074318,2.0357142857142856,9.437836156807943
