Year,Team,Rslt,Rslt_std,Tm,Tm_std,Opp_score,Opp_score_std,OT,OT_std,ORtg,ORtg_std,DRtg,DRtg_std,Pace,Pace_std,FTr,FTr_std,3PAr,3PAr_std,TS%,TS%_std,TRB%,TRB%_std,AST%,AST%_std,STL%,STL%_std,BLK%,BLK%_std,eFG%,eFG%_std,TOV%,TOV%_std,ORB%,ORB%_std,FT/FGA,FT/FGA_std,eFG%_opp,eFG%_opp_std,TOV%_opp,TOV%_opp_std,ORB%_opp,ORB%_opp_std,FT/FGA_opp,FT/FGA_opp_std,Spread,Spread_std
2023,iowa,0.59375,0.49899091723584604,79.8076923076923,10.111455803272765,73.84615384615384,7.7650102778672885,0.0,0.0,112.7923076923077,12.831926529618944,104.73461538461538,10.084718828314147,70.00384615384615,3.4950800585086195,0.3273076923076923,0.09912043955946492,0.37792307692307703,0.06838182394579606,0.5603846153846155,0.06661115637673733,51.60000000000001,4.682648823048767,57.73076923076922,7.894239379738583,9.1,2.4538948632734856,8.36923076923077,2.609332363769588,0.5245,0.07117316910184625,11.576923076923077,3.329060851628602,29.784615384615385,4.255320651390897,0.23611538461538462,0.0763896992653208,0.5343461538461539,0.06638189048690452,15.523076923076921,2.761927977671785,25.62307692307692,6.98863693103642,0.16565384615384618,0.05922022783319383,5.962962962962963,12.971808134096275
