Year,Team,Rslt,Rslt_std,Tm,Tm_std,Opp_score,Opp_score_std,OT,OT_std,ORtg,ORtg_std,DRtg,DRtg_std,Pace,Pace_std,FTr,FTr_std,3PAr,3PAr_std,TS%,TS%_std,TRB%,TRB%_std,AST%,AST%_std,STL%,STL%_std,BLK%,BLK%_std,eFG%,eFG%_std,TOV%,TOV%_std,ORB%,ORB%_std,FT/FGA,FT/FGA_std,eFG%_opp,eFG%_opp_std,TOV%_opp,TOV%_opp_std,ORB%_opp,ORB%_opp_std,FT/FGA_opp,FT/FGA_opp_std,Spread,Spread_std
2023,mississippi-state,0.6363636363636364,0.48850421045919723,65.46428571428571,6.7081053397123425,60.666666666666664,7.570184430229709,0.12121212121212122,0.33143398263980844,99.39655172413794,11.220309480027108,91.01481481481481,9.833799786126328,65.25185185185185,2.344120364849101,0.3403333333333333,0.08742777238735633,0.3401111111111111,0.06884225744596419,0.5070370370370371,0.050873509414173096,53.71481481481482,4.484220514006155,59.90370370370371,7.046738551736131,13.67857142857143,3.8126842049350014,11.364285714285716,6.466392564964859,0.47437037037037044,0.053311240082072,15.525925925925923,3.0085253981352844,33.99999999999999,6.220066781734,0.21692857142857142,0.07792633205478895,0.4537037037037037,0.05843656311618532,18.377777777777773,3.7813645617313796,27.632142857142867,5.342218541186699,0.19192592592592594,0.08483464727879395,4.25,9.216028710089025
