Year,Team,Rslt,Rslt_std,Tm,Tm_std,Opp_score,Opp_score_std,OT,OT_std,ORtg,ORtg_std,DRtg,DRtg_std,Pace,Pace_std,FTr,FTr_std,3PAr,3PAr_std,TS%,TS%_std,TRB%,TRB%_std,AST%,AST%_std,STL%,STL%_std,BLK%,BLK%_std,eFG%,eFG%_std,TOV%,TOV%_std,ORB%,ORB%_std,FT/FGA,FT/FGA_std,eFG%_opp,eFG%_opp_std,TOV%_opp,TOV%_opp_std,ORB%_opp,ORB%_opp_std,FT/FGA_opp,FT/FGA_opp_std,Spread,Spread_std
2023,virginia-commonwealth,0.7941176470588235,0.4104256301219048,70.96551724137932,7.4281451184988185,62.214285714285715,4.856131236077808,0.0,0.0,103.35000000000001,8.745771465029172,90.8107142857143,7.500930277402597,69.30714285714285,3.8830999998024276,0.4173571428571428,0.13854193489650607,0.33125,0.06169616411631008,0.5586071428571427,0.051237529131822813,50.207142857142856,3.6363319503189,52.478571428571435,7.6089302865659185,12.835714285714284,2.0729678644869938,12.678571428571429,4.224913511528275,0.5208571428571428,0.05624069587954859,16.40357142857143,3.2079163818945644,26.717857142857145,4.880122461383038,0.29124999999999995,0.1025029809864626,0.47567857142857134,0.04882398740405935,19.510714285714283,2.965148086454229,25.948275862068957,6.2325539760229445,0.21314285714285713,0.0516582174350938,8.785714285714286,8.207300918072175
