Year,Team,Rslt,Rslt_std,Tm,Tm_std,Opp_score,Opp_score_std,OT,OT_std,ORtg,ORtg_std,DRtg,DRtg_std,Pace,Pace_std,FTr,FTr_std,3PAr,3PAr_std,TS%,TS%_std,TRB%,TRB%_std,AST%,AST%_std,STL%,STL%_std,BLK%,BLK%_std,eFG%,eFG%_std,TOV%,TOV%_std,ORB%,ORB%_std,FT/FGA,FT/FGA_std,eFG%_opp,eFG%_opp_std,TOV%_opp,TOV%_opp_std,ORB%_opp,ORB%_opp_std,FT/FGA_opp,FT/FGA_opp_std,Spread,Spread_std
2023,texas-southern,0.4117647058823529,0.49955416843564227,69.35714285714286,7.394764342596706,71.67857142857143,8.441755001966564,0.14705882352941177,0.3594906279535709,94.64285714285714,10.57570341138133,97.91428571428573,10.742153528686062,71.4,2.793908718252249,0.35060714285714273,0.10003826648790333,0.2787857142857143,0.04339342597663174,0.4960689655172414,0.0507732571864382,50.56071428571429,4.673276215034864,45.30357142857143,10.844779667275219,8.62413793103448,2.8837791638767785,8.14137931034483,4.134913821988427,0.4659285714285714,0.054623918632522944,16.810714285714287,3.3548570964448157,28.532142857142865,5.721826538947065,0.23579310344827584,0.08236173665619631,0.4821071428571428,0.06866091631031025,16.08928571428572,3.0846500834885853,25.73928571428571,5.718478124771666,0.2587142857142857,0.06039981428893276,-3.0714285714285716,9.257343717201643
