Year,Team,Rslt,Rslt_std,Tm,Tm_std,Opp_score,Opp_score_std,OT,OT_std,ORtg,ORtg_std,DRtg,DRtg_std,Pace,Pace_std,FTr,FTr_std,3PAr,3PAr_std,TS%,TS%_std,TRB%,TRB%_std,AST%,AST%_std,STL%,STL%_std,BLK%,BLK%_std,eFG%,eFG%_std,TOV%,TOV%_std,ORB%,ORB%_std,FT/FGA,FT/FGA_std,eFG%_opp,eFG%_opp_std,TOV%_opp,TOV%_opp_std,ORB%_opp,ORB%_opp_std,FT/FGA_opp,FT/FGA_opp_std,Spread,Spread_std
2023,iona,0.7941176470588235,0.4104256301219048,76.53571428571429,4.525500936930489,64.46428571428571,8.66872686135775,0.0,0.0,110.93214285714285,7.596005459568795,92.97142857142858,10.774553600544449,69.35000000000001,3.9048403011874604,0.2886785714285714,0.09877998506648727,0.3224285714285714,0.0410613169057173,0.5525,0.04491762006821591,52.11785714285714,4.778970412239252,53.232142857142854,10.092683582911034,10.635714285714286,2.42932916905886,14.771428571428576,5.659266877193687,0.5206785714285714,0.048127187643536684,12.692857142857138,2.872723391233427,32.12499999999999,6.540960683773191,0.21217857142857138,0.08059181723531865,0.4576071428571428,0.0661168098117456,16.507142857142856,3.3363240551628377,27.639285714285712,7.183950181595096,0.20957142857142858,0.08110323945278294,12.285714285714286,9.770921116808765
