Year,Team,Rslt,Rslt_std,Tm,Tm_std,Opp_score,Opp_score_std,OT,OT_std,ORtg,ORtg_std,DRtg,DRtg_std,Pace,Pace_std,FTr,FTr_std,3PAr,3PAr_std,TS%,TS%_std,TRB%,TRB%_std,AST%,AST%_std,STL%,STL%_std,BLK%,BLK%_std,eFG%,eFG%_std,TOV%,TOV%_std,ORB%,ORB%_std,FT/FGA,FT/FGA_std,eFG%_opp,eFG%_opp_std,TOV%_opp,TOV%_opp_std,ORB%_opp,ORB%_opp_std,FT/FGA_opp,FT/FGA_opp_std,Spread,Spread_std
2023,auburn,0.625,0.4918693768379647,74.07407407407408,8.109471793127636,67.3076923076923,8.432172819714884,0.0,0.0,104.1423076923077,10.580214480885465,96.13846153846154,12.689777836450153,69.50384615384615,2.5184885577235825,0.35592307692307695,0.07709263159442573,0.35299999999999987,0.055453764525052754,0.537076923076923,0.056706206416527676,50.79615384615385,5.076887295911208,54.78461538461538,7.867131233566264,11.284615384615384,2.2110074278830103,13.480769230769234,6.570176206511921,0.5052962962962962,0.06611168569742407,14.480769230769228,3.2966673148219527,29.382142857142863,6.805447359036272,0.2543076923076923,0.06914146034371517,0.45892307692307693,0.06514717066883141,15.492307692307692,2.1883186380274835,30.19615384615385,6.587046729406481,0.2791153846153846,0.07274301446768723,6.038461538461538,9.742610612072184
