Year,Team,Rslt,Rslt_std,Tm,Tm_std,Opp_score,Opp_score_std,OT,OT_std,ORtg,ORtg_std,DRtg,DRtg_std,Pace,Pace_std,FTr,FTr_std,3PAr,3PAr_std,TS%,TS%_std,TRB%,TRB%_std,AST%,AST%_std,STL%,STL%_std,BLK%,BLK%_std,eFG%,eFG%_std,TOV%,TOV%_std,ORB%,ORB%_std,FT/FGA,FT/FGA_std,eFG%_opp,eFG%_opp_std,TOV%_opp,TOV%_opp_std,ORB%_opp,ORB%_opp_std,FT/FGA_opp,FT/FGA_opp_std,Spread,Spread_std
2023,duke,0.7647058823529411,0.43056154520204615,72.26666666666667,8.464666249335746,64.39285714285714,7.728443308897075,0.0,0.0,108.57857142857142,12.554661437471095,96.62142857142858,9.718724087224508,66.73571428571428,3.4746930891075936,0.3008275862068965,0.07758362721491346,0.35200000000000015,0.06339879657696514,0.5513214285714286,0.0592315316248393,56.460714285714275,5.352350766734065,56.231034482758616,11.535878920266725,8.178571428571429,2.7204788716336856,11.67857142857143,3.7038875615740645,0.5125000000000001,0.06851520512509127,14.278571428571425,3.158569430384719,34.59642857142857,6.442134575092163,0.2334285714285714,0.06268228444360323,0.461,0.045745673748089744,13.828571428571427,3.2949857688510913,23.25357142857143,5.8801916158534695,0.18449999999999997,0.08019213039804952,8.357142857142858,10.597743595321097
