Year,Team,Rslt,Rslt_std,Tm,Tm_std,Opp_score,Opp_score_std,OT,OT_std,ORtg,ORtg_std,DRtg,DRtg_std,Pace,Pace_std,FTr,FTr_std,3PAr,3PAr_std,TS%,TS%_std,TRB%,TRB%_std,AST%,AST%_std,STL%,STL%_std,BLK%,BLK%_std,eFG%,eFG%_std,TOV%,TOV%_std,ORB%,ORB%_std,FT/FGA,FT/FGA_std,eFG%_opp,eFG%_opp_std,TOV%_opp,TOV%_opp_std,ORB%_opp,ORB%_opp_std,FT/FGA_opp,FT/FGA_opp_std,Spread,Spread_std
2023,iowa-state,0.59375,0.49899091723584604,68.46153846153847,8.011146081458104,63.42307692307692,8.305049437170508,0.0,0.0,101.92307692307693,10.926749111874313,95.06153846153846,12.224502506787813,66.5576923076923,2.6044842985778316,0.27346153846153853,0.09126893481102132,0.34211538461538465,0.05590515319580256,0.5336923076923078,0.05746008648150068,52.69615384615385,4.338431123734087,53.79615384615385,9.266864875209126,12.666666666666664,2.5072203425614283,10.819230769230769,5.166199317159123,0.5098076923076923,0.05419669305835495,16.21923076923077,2.4372146775808208,30.77692307692308,6.920595794716388,0.18442307692307688,0.07445061347063466,0.5041923076923077,0.055134757988600416,20.86538461538462,3.534169470491454,22.73461538461538,4.975053150083308,0.2923076923076923,0.08768797830068577,4.384615384615385,11.59336680374402
