Year,Team,Rslt,Rslt_std,Tm,Tm_std,Opp_score,Opp_score_std,OT,OT_std,ORtg,ORtg_std,DRtg,DRtg_std,Pace,Pace_std,FTr,FTr_std,3PAr,3PAr_std,TS%,TS%_std,TRB%,TRB%_std,AST%,AST%_std,STL%,STL%_std,BLK%,BLK%_std,eFG%,eFG%_std,TOV%,TOV%_std,ORB%,ORB%_std,FT/FGA,FT/FGA_std,eFG%_opp,eFG%_opp_std,TOV%_opp,TOV%_opp_std,ORB%_opp,ORB%_opp_std,FT/FGA_opp,FT/FGA_opp_std,Spread,Spread_std
2023,arizona-state,0.6470588235294118,0.48507125007266594,69.46428571428571,7.335767994115685,66.72413793103448,6.340890832660986,0.0,0.0,98.17857142857143,11.234581438835189,94.83571428571427,9.087199555814527,70.40714285714286,2.8630375699567976,0.30764285714285716,0.11769616069943081,0.39571428571428574,0.034381150243461785,0.5040689655172413,0.06823903943098153,48.82857142857142,3.8208838557529377,56.64285714285717,10.732623460701785,10.071428571428571,2.2960283168432465,12.5,4.267187468214735,0.47774999999999995,0.0732805997266418,13.98214285714286,2.6313007023606,26.76071428571429,7.014975477674954,0.21164285714285716,0.07377152631766605,0.4626428571428572,0.049884469702105874,17.024999999999995,2.5309381952446306,28.742857142857144,6.722567221895967,0.2347857142857143,0.07970796565187063,2.9642857142857144,9.21143469284395
