Year,Team,Rslt,Rslt_std,Tm,Tm_std,Opp_score,Opp_score_std,OT,OT_std,ORtg,ORtg_std,DRtg,DRtg_std,Pace,Pace_std,FTr,FTr_std,3PAr,3PAr_std,TS%,TS%_std,TRB%,TRB%_std,AST%,AST%_std,STL%,STL%_std,BLK%,BLK%_std,eFG%,eFG%_std,TOV%,TOV%_std,ORB%,ORB%_std,FT/FGA,FT/FGA_std,eFG%_opp,eFG%_opp_std,TOV%_opp,TOV%_opp_std,ORB%_opp,ORB%_opp_std,FT/FGA_opp,FT/FGA_opp_std,Spread,Spread_std
2023,san-diego-state,0.8181818181818182,0.39167472590032015,71.92592592592592,7.005085657665084,63.666666666666664,8.579940828198328,0.0,0.0,106.46666666666664,10.36955603233293,94.00370370370372,9.641914966256664,66.76666666666667,4.298926520745525,0.3442592592592593,0.07334407458243151,0.355111111111111,0.05701641688910129,0.547888888888889,0.05546886398507609,53.733333333333334,4.535246579675855,52.85185185185184,8.873615617720555,10.233333333333336,3.582221055756846,10.97777777777778,4.3529241571555914,0.5095925925925925,0.060567355550697095,14.022222222222224,2.488331744722731,30.83333333333333,7.663700652576906,0.2531111111111112,0.06389614971747476,0.4708518518518519,0.05391639090274134,16.296296296296298,3.6674746584496494,22.97037037037037,5.3923603234158834,0.20629629629629634,0.06918248712077735,8.11111111111111,7.571877794400365
