Year,Team,Rslt,Rslt_std,Tm,Tm_std,Opp_score,Opp_score_std,OT,OT_std,ORtg,ORtg_std,DRtg,DRtg_std,Pace,Pace_std,FTr,FTr_std,3PAr,3PAr_std,TS%,TS%_std,TRB%,TRB%_std,AST%,AST%_std,STL%,STL%_std,BLK%,BLK%_std,eFG%,eFG%_std,TOV%,TOV%_std,ORB%,ORB%_std,FT/FGA,FT/FGA_std,eFG%_opp,eFG%_opp_std,TOV%_opp,TOV%_opp_std,ORB%_opp,ORB%_opp_std,FT/FGA_opp,FT/FGA_opp_std,Spread,Spread_std
2023,drake,0.7941176470588235,0.4104256301219048,74.92857142857143,8.087157498288036,63.10344827586207,8.13872940059796,0.11764705882352941,0.3270349700838643,108.86428571428571,12.037448181826528,93.29285714285713,7.945971659178355,67.32500000000002,3.9310374655497187,0.276,0.07931232214759851,0.36974999999999997,0.055476137679653335,0.5730714285714287,0.06867363965211676,53.214285714285715,5.036291572599109,48.975,7.719749804043978,7.568965517241379,2.703054284148616,7.482758620689657,3.9015627789677563,0.5382142857142858,0.07341831295561535,12.655172413793101,3.423196731429406,23.36206896551725,5.7453965294649745,0.21044827586206893,0.06924881959122715,0.4695000000000001,0.05195617811622063,15.267857142857142,3.0450997151377943,19.54285714285714,6.354667492622957,0.18167857142857144,0.06184871241596891,10.5,9.370955917878112
