Year,Team,Rslt,Rslt_std,Tm,Tm_std,Opp_score,Opp_score_std,OT,OT_std,ORtg,ORtg_std,DRtg,DRtg_std,Pace,Pace_std,FTr,FTr_std,3PAr,3PAr_std,TS%,TS%_std,TRB%,TRB%_std,AST%,AST%_std,STL%,STL%_std,BLK%,BLK%_std,eFG%,eFG%_std,TOV%,TOV%_std,ORB%,ORB%_std,FT/FGA,FT/FGA_std,eFG%_opp,eFG%_opp_std,TOV%_opp,TOV%_opp_std,ORB%_opp,ORB%_opp_std,FT/FGA_opp,FT/FGA_opp_std,Spread,Spread_std
2023,louisiana-lafayette,0.7878787878787878,0.41514875026728054,77.0,7.3902222304464305,69.4074074074074,7.034307462819739,0.0,0.0,110.56666666666669,9.226175138826907,99.40000000000002,8.38547278608391,69.82222222222221,3.3382783832542433,0.37033333333333346,0.11661639942728731,0.31999999999999995,0.05322882388619621,0.5699629629629631,0.057219873821199224,54.65555555555557,4.365012409298893,51.5,8.317682739432067,10.192592592592595,2.3171477702498366,7.064516129032258,4.540377986254505,0.5401071428571429,0.06243238670796519,14.7,2.6732291046885313,32.018518518518526,6.715426387575965,0.25296296296296295,0.07765182720198069,0.49425925925925923,0.05484775613711423,14.814814814814813,2.73562026487929,23.907407407407412,5.924066036478528,0.23325925925925925,0.06779130452101485,7.62962962962963,7.468642900864038
