Year,Team,Rslt,Rslt_std,Tm,Tm_std,Opp_score,Opp_score_std,OT,OT_std,ORtg,ORtg_std,DRtg,DRtg_std,Pace,Pace_std,FTr,FTr_std,3PAr,3PAr_std,TS%,TS%_std,TRB%,TRB%_std,AST%,AST%_std,STL%,STL%_std,BLK%,BLK%_std,eFG%,eFG%_std,TOV%,TOV%_std,ORB%,ORB%_std,FT/FGA,FT/FGA_std,eFG%_opp,eFG%_opp_std,TOV%_opp,TOV%_opp_std,ORB%_opp,ORB%_opp_std,FT/FGA_opp,FT/FGA_opp_std,Spread,Spread_std
2023,north-carolina-state,0.696969696969697,0.46669372215943755,78.25925925925925,8.569142280893661,70.5925925925926,6.178494086247002,0.0,0.0,109.88888888888886,9.946020979936314,99.75185185185185,8.232971721184482,70.63703703703705,2.1496239649955498,0.25355555555555565,0.0798813222288267,0.3801851851851853,0.057209491571992885,0.5411111111111111,0.05389115335800867,52.62500000000001,5.005006752502197,45.16296296296295,9.622415662965468,10.725925925925925,2.8346201200639256,11.52962962962963,3.444819389573367,0.5127777777777778,0.05981531404976316,11.522222222222219,3.1310275203730376,29.929629629629623,4.778945394992403,0.18148148148148147,0.06685079274046413,0.49740740740740735,0.052158235030352405,15.996296296296295,4.161682489042279,22.574074074074073,5.167173948077092,0.24792592592592597,0.07941900853938506,7.296296296296297,11.299471787568775
