Year,Team,Rslt,Rslt_std,Tm,Tm_std,Opp_score,Opp_score_std,OT,OT_std,ORtg,ORtg_std,DRtg,DRtg_std,Pace,Pace_std,FTr,FTr_std,3PAr,3PAr_std,TS%,TS%_std,TRB%,TRB%_std,AST%,AST%_std,STL%,STL%_std,BLK%,BLK%_std,eFG%,eFG%_std,TOV%,TOV%_std,ORB%,ORB%_std,FT/FGA,FT/FGA_std,eFG%_opp,eFG%_opp_std,TOV%_opp,TOV%_opp_std,ORB%_opp,ORB%_opp_std,FT/FGA_opp,FT/FGA_opp_std,Spread,Spread_std
2023,missouri,0.7272727272727273,0.45226701686664544,79.55555555555556,10.415717905510856,75.35714285714286,7.898496273737387,0.0,0.0,112.32962962962962,14.079194000499593,106.1222222222222,7.827040571158687,70.7888888888889,4.223590646442661,0.2885925925925927,0.0854815586316538,0.43625925925925924,0.049946581150875274,0.5875555555555556,0.07438379338235392,44.73333333333332,4.483388141882123,56.37037037037036,9.407558941732187,14.459259259259257,3.6597876419330104,7.230000000000001,4.603533125913108,0.5561111111111111,0.08389523381223904,13.366666666666665,2.876563120220967,25.407407407407405,5.682559412930188,0.21455555555555564,0.057644356140664765,0.5313703703703704,0.05720351532241847,19.82962962962963,2.9700835024281744,36.06666666666667,6.833796106906412,0.26440740740740737,0.08018980333187355,5.222222222222222,11.02909904031266
