Year,Team,Rslt,Rslt_std,Tm,Tm_std,Opp_score,Opp_score_std,OT,OT_std,ORtg,ORtg_std,DRtg,DRtg_std,Pace,Pace_std,FTr,FTr_std,3PAr,3PAr_std,TS%,TS%_std,TRB%,TRB%_std,AST%,AST%_std,STL%,STL%_std,BLK%,BLK%_std,eFG%,eFG%_std,TOV%,TOV%_std,ORB%,ORB%_std,FT/FGA,FT/FGA_std,eFG%_opp,eFG%_opp_std,TOV%_opp,TOV%_opp_std,ORB%_opp,ORB%_opp_std,FT/FGA_opp,FT/FGA_opp_std,Spread,Spread_std
2023,ucla,0.8529411764705882,0.359490627953571,73.63333333333334,7.849811477346769,59.44827586206897,6.576941358676385,0.0,0.0,108.37499999999999,7.572152930309847,87.60689655172413,9.018945576415506,67.4714285714286,3.177450310577725,0.2745,0.08388771154435046,0.29275,0.05523124786514189,0.5390357142857142,0.0507101291239452,52.853571428571435,4.870202835752907,50.278571428571425,10.738003026387588,12.017241379310343,3.062803217119577,11.27142857142857,3.4057529915062013,0.5092142857142857,0.059217963455080055,11.9,2.8460498941515415,31.85357142857143,6.196383780695959,0.19649999999999995,0.06941688341969628,0.47039285714285717,0.0638924671185685,20.106896551724134,3.46151608346099,23.56428571428571,6.715499721386078,0.19285714285714284,0.0740233768309736,13.535714285714286,9.130665234201045
