Year,Team,Rslt,Rslt_std,Tm,Tm_std,Opp_score,Opp_score_std,OT,OT_std,ORtg,ORtg_std,DRtg,DRtg_std,Pace,Pace_std,FTr,FTr_std,3PAr,3PAr_std,TS%,TS%_std,TRB%,TRB%_std,AST%,AST%_std,STL%,STL%_std,BLK%,BLK%_std,eFG%,eFG%_std,TOV%,TOV%_std,ORB%,ORB%_std,FT/FGA,FT/FGA_std,eFG%_opp,eFG%_opp_std,TOV%_opp,TOV%_opp_std,ORB%_opp,ORB%_opp_std,FT/FGA_opp,FT/FGA_opp_std,Spread,Spread_std
2024,morehead-state,0.7647058823529411,0.4305615452020462,75.39285714285714,8.24773497847332,62.25,10.0797743948886,0.0,0.0,113.45714285714284,9.787006827702873,94.0642857142857,11.91069280833836,67.06071428571428,4.347697499248717,0.30924999999999997,0.1277264510440038,0.45200000000000007,0.04757450297515817,0.5822499999999999,0.044737609499208866,57.26428571428572,7.6353570478843515,55.78214285714285,9.790814045958573,8.335714285714285,2.8519277802027285,11.793103448275867,4.289849400826724,0.5588928571428571,0.046642326418786316,13.667857142857143,3.3672775651939064,33.00000000000001,9.986175629524233,0.21482142857142858,0.08870511011687297,0.44232142857142864,0.059685008708638604,13.460714285714289,2.9351432908064536,21.792857142857144,7.384915986454018,0.21546428571428572,0.07838200953018122,11.75,11.120967850233447
