Year,Team,Rslt,Rslt_std,Tm,Tm_std,Opp_score,Opp_score_std,OT,OT_std,ORtg,ORtg_std,DRtg,DRtg_std,Pace,Pace_std,FTr,FTr_std,3PAr,3PAr_std,TS%,TS%_std,TRB%,TRB%_std,AST%,AST%_std,STL%,STL%_std,BLK%,BLK%_std,eFG%,eFG%_std,TOV%,TOV%_std,ORB%,ORB%_std,FT/FGA,FT/FGA_std,eFG%_opp,eFG%_opp_std,TOV%_opp,TOV%_opp_std,ORB%_opp,ORB%_opp_std,FT/FGA_opp,FT/FGA_opp_std,Spread,Spread_std
2024,texas-tech,0.696969696969697,0.46669372215943755,75.70370370370371,6.954881046457257,69.51851851851852,9.419171817139642,0.0,0.0,109.86666666666666,10.110276569297811,101.6185185185185,12.55976595314263,68.22222222222223,3.0391463038837485,0.34944444444444445,0.0666040731795178,0.4113703703703705,0.06942242385910287,0.5705185185185184,0.05336620247826864,50.29259259259259,5.791434386290866,56.144444444444446,8.85469598719465,8.737037037037036,2.3750543553534076,7.142857142857146,3.393067941098447,0.523,0.06658383743377522,13.800000000000002,3.641217040834224,27.84814814814815,5.789205496862268,0.27040740740740743,0.05291957559808546,0.49262962962962964,0.055824001006010746,14.05185185185185,3.177610419357284,29.051851851851847,6.480287883584421,0.18188888888888893,0.07743798180247871,6.444444444444445,11.348782833188404
