Year,Team,Rslt,Rslt_std,Tm,Tm_std,Opp_score,Opp_score_std,OT,OT_std,ORtg,ORtg_std,DRtg,DRtg_std,Pace,Pace_std,FTr,FTr_std,3PAr,3PAr_std,TS%,TS%_std,TRB%,TRB%_std,AST%,AST%_std,STL%,STL%_std,BLK%,BLK%_std,eFG%,eFG%_std,TOV%,TOV%_std,ORB%,ORB%_std,FT/FGA,FT/FGA_std,eFG%_opp,eFG%_opp_std,TOV%_opp,TOV%_opp_std,ORB%_opp,ORB%_opp_std,FT/FGA_opp,FT/FGA_opp_std,Spread,Spread_std
2024,creighton,0.71875,0.45680340939917435,80.96153846153847,9.314422233207035,68.6923076923077,7.713724033275915,0.0,0.0,115.59615384615384,12.64650088425192,98.82307692307693,9.48596047608497,68.65384615384616,2.602034706798627,0.24084615384615388,0.07380118823308596,0.4866153846153847,0.053852447983783934,0.6045769230769229,0.06238728913932586,53.44615384615384,5.381169446819586,58.56538461538461,7.720256073871764,5.22962962962963,2.134121115230561,8.557692307692308,3.089358907854259,0.5779615384615384,0.07290019520919311,12.753846153846155,2.5515847262798497,23.434615384615384,5.392212333185133,0.18715384615384614,0.05179165361924047,0.4623076923076923,0.04116675282872744,9.549999999999999,2.4604471138392716,21.726923076923075,7.250906574618526,0.12862962962962965,0.045036863659885205,9.407407407407407,12.719637329309895
