Year,Team,Rslt,Rslt_std,Tm,Tm_std,Opp_score,Opp_score_std,OT,OT_std,ORtg,ORtg_std,DRtg,DRtg_std,Pace,Pace_std,FTr,FTr_std,3PAr,3PAr_std,TS%,TS%_std,TRB%,TRB%_std,AST%,AST%_std,STL%,STL%_std,BLK%,BLK%_std,eFG%,eFG%_std,TOV%,TOV%_std,ORB%,ORB%_std,FT/FGA,FT/FGA_std,eFG%_opp,eFG%_opp_std,TOV%_opp,TOV%_opp_std,ORB%_opp,ORB%_opp_std,FT/FGA_opp,FT/FGA_opp_std,Spread,Spread_std
2024,yale,0.7096774193548387,0.4614143753790639,73.48148148148148,7.143422851021072,67.12,7.59012516365837,0.12903225806451613,0.3407771005482388,110.13599999999997,9.909880591275222,99.12799999999999,10.942901808935327,67.16153846153846,3.338751493966201,0.26812,0.08437629998998535,0.35104,0.043665852409711034,0.5563600000000001,0.042801752300577596,53.52799999999999,4.822043135435436,53.592000000000006,9.002866210268817,8.612000000000002,2.631115099471452,9.779999999999998,4.361288036043175,0.52816,0.046383078811135424,11.296,2.12788627515664,25.480769230769226,6.738250172308488,0.1868,0.057473907123145894,0.48888,0.05205551523774083,14.008000000000003,2.9065902130618047,19.924,4.835397260480949,0.20548,0.06361414936946025,6.92,8.7460467259976
