Year,Team,Rslt,Rslt_std,Tm,Tm_std,Opp_score,Opp_score_std,OT,OT_std,ORtg,ORtg_std,DRtg,DRtg_std,Pace,Pace_std,FTr,FTr_std,3PAr,3PAr_std,TS%,TS%_std,TRB%,TRB%_std,AST%,AST%_std,STL%,STL%_std,BLK%,BLK%_std,eFG%,eFG%_std,TOV%,TOV%_std,ORB%,ORB%_std,FT/FGA,FT/FGA_std,eFG%_opp,eFG%_opp_std,TOV%_opp,TOV%_opp_std,ORB%_opp,ORB%_opp_std,FT/FGA_opp,FT/FGA_opp_std,Spread,Spread_std
2024,vermont,0.8235294117647058,0.3869529949759475,71.21428571428571,5.84590482086419,63.107142857142854,6.267726185339587,0.0,0.0,107.39310344827584,8.861148387140139,95.24999999999999,10.121905105411875,66.26428571428572,2.4392188011304694,0.28700000000000003,0.09455979883415339,0.44789285714285715,0.040995337843073396,0.5567142857142856,0.05858128707844507,50.50000000000001,3.912752180962862,52.95357142857143,9.629871817263782,8.458620689655172,3.180803721588451,10.535714285714286,3.296599177571659,0.5274285714285717,0.062018771693157886,11.660714285714286,2.4214075009618448,20.896428571428572,5.322452939294559,0.21082142857142855,0.07227522170120042,0.46260714285714294,0.05296983018712549,13.160714285714283,2.8163989729090546,21.846428571428568,5.942470002907018,0.1782142857142857,0.07624587767501836,8.321428571428571,7.14948105564868
