Year,Team,Rslt,Rslt_std,Tm,Tm_std,Opp_score,Opp_score_std,OT,OT_std,ORtg,ORtg_std,DRtg,DRtg_std,Pace,Pace_std,FTr,FTr_std,3PAr,3PAr_std,TS%,TS%_std,TRB%,TRB%_std,AST%,AST%_std,STL%,STL%_std,BLK%,BLK%_std,eFG%,eFG%_std,TOV%,TOV%_std,ORB%,ORB%_std,FT/FGA,FT/FGA_std,eFG%_opp,eFG%_opp_std,TOV%_opp,TOV%_opp_std,ORB%_opp,ORB%_opp_std,FT/FGA_opp,FT/FGA_opp_std,Spread,Spread_std
2024,texas-christian,0.6363636363636364,0.48850421045919723,79.0,8.54400374531753,72.0,9.241612814190356,0.0,0.0,108.83703703703704,7.955411711443696,98.8925925925926,13.112939174310762,71.64444444444445,3.954095572298649,0.3597777777777778,0.1351387700827826,0.3013703703703704,0.04606195505733232,0.5578518518518519,0.04286535601670358,53.58148148148149,5.40704931882282,60.38148148148149,8.84416526639226,12.114814814814814,2.757465907970257,10.181481481481482,4.1765864822692995,0.5254814814814815,0.04029255549713902,14.21111111111111,2.354101712287486,33.51481481481481,8.21432630805209,0.2579259259259259,0.10290358666318752,0.5047777777777779,0.052084497422888426,18.003703703703703,3.148196245652358,25.159259259259265,7.0727678870471635,0.2450740740740741,0.08155457159563863,6.642857142857143,12.867456181057255
