Year,Team,Rslt,Rslt_std,Tm,Tm_std,Opp_score,Opp_score_std,OT,OT_std,ORtg,ORtg_std,DRtg,DRtg_std,Pace,Pace_std,FTr,FTr_std,3PAr,3PAr_std,TS%,TS%_std,TRB%,TRB%_std,AST%,AST%_std,STL%,STL%_std,BLK%,BLK%_std,eFG%,eFG%_std,TOV%,TOV%_std,ORB%,ORB%_std,FT/FGA,FT/FGA_std,eFG%_opp,eFG%_opp_std,TOV%_opp,TOV%_opp_std,ORB%_opp,ORB%_opp_std,FT/FGA_opp,FT/FGA_opp_std,Spread,Spread_std
2024,colorado-state,0.7058823529411765,0.4624972900628803,75.78571428571429,7.795331664990001,68.96428571428571,6.6079757804749795,0.0,0.0,112.26428571428566,10.793901374308868,101.95357142857144,9.541895228426297,67.56428571428572,3.4183832311992046,0.3229285714285715,0.11058562245689942,0.3815862068965517,0.04545996452247006,0.5871071428571429,0.06356643610382605,49.810714285714276,4.724666500926128,66.80357142857142,10.514064025296893,9.349999999999998,2.9740233379741348,8.703571428571426,3.0449085789179704,0.5539285714285714,0.06531911895905593,12.899999999999997,2.2025238048909053,22.346428571428568,5.701623040065459,0.2482142857142857,0.09476612816623377,0.49296428571428563,0.04751645496102896,14.10714285714286,3.302404126673932,26.1,6.840890130515017,0.22821428571428573,0.08052943199842787,7.464285714285714,8.469912513681471
