Year,Team,Rslt,Rslt_std,Tm,Tm_std,Opp_score,Opp_score_std,OT,OT_std,ORtg,ORtg_std,DRtg,DRtg_std,Pace,Pace_std,FTr,FTr_std,3PAr,3PAr_std,TS%,TS%_std,TRB%,TRB%_std,AST%,AST%_std,STL%,STL%_std,BLK%,BLK%_std,eFG%,eFG%_std,TOV%,TOV%_std,ORB%,ORB%_std,FT/FGA,FT/FGA_std,eFG%_opp,eFG%_opp_std,TOV%_opp,TOV%_opp_std,ORB%_opp,ORB%_opp_std,FT/FGA_opp,FT/FGA_opp_std,Spread,Spread_std
2024,west-virginia,0.28125,0.45680340939917435,69.11538461538461,7.452929212474371,77.15384615384616,9.561139294842672,0.0,0.0,98.92692307692306,8.89573190658566,108.97307692307695,11.96556919472894,69.15384615384616,2.49098065335414,0.361576923076923,0.10712615855221287,0.37580769230769234,0.059800347310542755,0.5328461538461539,0.05258569562737935,47.715384615384615,3.554005324440841,54.976923076923065,6.442378920386952,5.862962962962964,2.1435319789378804,9.98076923076923,3.8507162170972014,0.5023333333333333,0.06313904070809487,15.603846153846153,3.053585534316112,23.59615384615385,6.161654373249494,0.2606153846153846,0.07760570954411894,0.5216538461538462,0.06411922788536512,11.857692307692307,2.963534791686857,29.423076923076927,6.230782146235427,0.20765384615384613,0.10285910452952321,-5.846153846153846,7.55085323757419
