Year,Team,Rslt,Rslt_std,Tm,Tm_std,Opp_score,Opp_score_std,OT,OT_std,ORtg,ORtg_std,DRtg,DRtg_std,Pace,Pace_std,FTr,FTr_std,3PAr,3PAr_std,TS%,TS%_std,TRB%,TRB%_std,AST%,AST%_std,STL%,STL%_std,BLK%,BLK%_std,eFG%,eFG%_std,TOV%,TOV%_std,ORB%,ORB%_std,FT/FGA,FT/FGA_std,eFG%_opp,eFG%_opp_std,TOV%_opp,TOV%_opp_std,ORB%_opp,ORB%_opp_std,FT/FGA_opp,FT/FGA_opp_std,Spread,Spread_std
2024,longwood,0.6176470588235294,0.4932702180563817,75.28571428571429,7.19494237414003,68.17857142857143,8.393355270594276,0.0,0.0,108.62857142857146,10.15855257781297,98.73214285714288,12.26002397349564,68.2448275862069,3.0691536998817024,0.38846428571428565,0.10625074540666009,0.2841785714285715,0.06220876059028899,0.5385357142857142,0.05329059547553926,56.521428571428594,3.3059270166102337,47.925000000000004,8.349345727305469,9.803571428571429,2.6923048287675915,7.639285714285715,4.274241477928009,0.5048214285714286,0.05842757693103271,14.099999999999998,3.2057983182263445,37.40344827586206,6.742057907463136,0.2696428571428572,0.07855463504994907,0.5055357142857142,0.06789287975696069,16.55357142857143,2.9561589370965256,22.32857142857143,5.917698322756361,0.2282857142857143,0.09760345210305761,5.857142857142857,11.31277313388879
