Year,Team,Rslt,Rslt_std,Tm,Tm_std,Opp_score,Opp_score_std,OT,OT_std,ORtg,ORtg_std,DRtg,DRtg_std,Pace,Pace_std,FTr,FTr_std,3PAr,3PAr_std,TS%,TS%_std,TRB%,TRB%_std,AST%,AST%_std,STL%,STL%_std,BLK%,BLK%_std,eFG%,eFG%_std,TOV%,TOV%_std,ORB%,ORB%_std,FT/FGA,FT/FGA_std,eFG%_opp,eFG%_opp_std,TOV%_opp,TOV%_opp_std,ORB%_opp,ORB%_opp_std,FT/FGA_opp,FT/FGA_opp_std,Spread,Spread_std
2024,colgate,0.7352941176470589,0.4478110755198991,70.27586206896552,7.959255850554202,63.142857142857146,7.491794453065576,0.0,0.0,106.42500000000003,10.766670966631407,95.04999999999997,9.161736047682634,67.0857142857143,2.989080657092274,0.2733928571428571,0.09972381835394163,0.38492857142857145,0.06429326822167572,0.5615714285714285,0.05789673346598878,53.16428571428571,4.329845971575218,58.25714285714286,9.527093084750597,9.232142857142858,2.791794003255569,9.678571428571427,4.496777211626711,0.5384999999999999,0.0630176342163225,13.403571428571427,3.2441950599958673,22.49310344827586,7.317685574516555,0.18214285714285713,0.07846712653774157,0.4668571428571428,0.05372130709484679,13.782758620689657,2.472862564131647,21.592857142857138,5.071848853588876,0.15939285714285711,0.0695697567783664,7.25,10.532577328706644
