Year,Team,Rslt,Rslt_std,Tm,Tm_std,Opp_score,Opp_score_std,OT,OT_std,ORtg,ORtg_std,DRtg,DRtg_std,Pace,Pace_std,FTr,FTr_std,3PAr,3PAr_std,TS%,TS%_std,TRB%,TRB%_std,AST%,AST%_std,STL%,STL%_std,BLK%,BLK%_std,eFG%,eFG%_std,TOV%,TOV%_std,ORB%,ORB%_std,FT/FGA,FT/FGA_std,eFG%_opp,eFG%_opp_std,TOV%_opp,TOV%_opp_std,ORB%_opp,ORB%_opp_std,FT/FGA_opp,FT/FGA_opp_std,Spread,Spread_std
2024,marquette,0.7352941176470589,0.4478110755198991,78.64285714285714,8.380817098475259,69.76666666666667,6.600330886864079,0.0,0.0,112.39642857142856,11.03937337670325,100.35862068965515,10.628281585380021,69.67586206896554,2.9149436618439353,0.24907142857142855,0.07195776980229887,0.40478571428571425,0.06316958782038098,0.5768928571428572,0.060810171715980084,48.45357142857143,4.418855402565586,54.28214285714286,8.42505318464051,12.053571428571429,2.4388039179615384,9.739285714285717,3.597153121846578,0.5559285714285714,0.06746572714070707,12.51428571428571,2.4318434229741093,24.25714285714286,4.4336615226418115,0.17821428571428574,0.05131699389514025,0.49560714285714297,0.05220922246167731,17.185714285714287,3.1165881494226495,27.69285714285714,8.462331723647933,0.21310714285714288,0.07488575955498472,8.785714285714286,11.792518478403673
