Year,Team,Rslt,Rslt_std,Tm,Tm_std,Opp_score,Opp_score_std,OT,OT_std,ORtg,ORtg_std,DRtg,DRtg_std,Pace,Pace_std,FTr,FTr_std,3PAr,3PAr_std,TS%,TS%_std,TRB%,TRB%_std,AST%,AST%_std,STL%,STL%_std,BLK%,BLK%_std,eFG%,eFG%_std,TOV%,TOV%_std,ORB%,ORB%_std,FT/FGA,FT/FGA_std,eFG%_opp,eFG%_opp_std,TOV%_opp,TOV%_opp_std,ORB%_opp,ORB%_opp_std,FT/FGA_opp,FT/FGA_opp_std,Spread,Spread_std
2024,northwestern,0.65625,0.48255870443481425,73.53846153846153,9.078461408105536,68.11538461538461,7.8042394790366245,0.125,0.3360107525161235,110.38846153846154,12.299213858554602,102.25384615384613,8.706513918634979,65.5423076923077,2.9219408723549596,0.29715384615384616,0.08527259456950624,0.3648846153846155,0.05131574956917372,0.5676666666666667,0.06974128012767011,49.24615384615385,5.210545519941709,58.5074074074074,9.716557079618351,10.338461538461539,2.5120632035164916,9.807692307692305,4.380677854115555,0.5293846153846153,0.0753812055743748,10.73846153846154,3.1688580811487186,22.314814814814813,6.731139102576443,0.22123076923076926,0.0705460460648548,0.5189230769230769,0.06464173455403131,15.96296296296296,3.067465522111818,24.726923076923075,7.641442674904142,0.27388888888888885,0.07573249141821663,3.5357142857142856,9.012263837177619
