Year,Team,Rslt,Rslt_std,Tm,Tm_std,Opp_score,Opp_score_std,OT,OT_std,ORtg,ORtg_std,DRtg,DRtg_std,Pace,Pace_std,FTr,FTr_std,3PAr,3PAr_std,TS%,TS%_std,TRB%,TRB%_std,AST%,AST%_std,STL%,STL%_std,BLK%,BLK%_std,eFG%,eFG%_std,TOV%,TOV%_std,ORB%,ORB%_std,FT/FGA,FT/FGA_std,eFG%_opp,eFG%_opp_std,TOV%_opp,TOV%_opp_std,ORB%_opp,ORB%_opp_std,FT/FGA_opp,FT/FGA_opp_std,Spread,Spread_std
2024,nevada,0.7878787878787878,0.41514875026728054,76.48148148148148,6.795758690708212,66.4074074074074,7.077913965065279,0.0,0.0,112.54074074074073,8.961080775273073,97.67407407407407,9.374621739757437,68.11851851851851,2.72270185901898,0.4487777777777777,0.11437466547520087,0.3378148148148148,0.0780300913538819,0.5782222222222223,0.04052476292659107,51.270370370370365,4.286814741364576,57.77777777777778,11.816394521476486,8.974074074074075,2.903259784951629,10.907407407407407,4.675955346724176,0.5354444444444444,0.052290853247325506,12.551851851851856,3.521840686822989,26.251851851851846,8.476273236346737,0.3263703703703704,0.09802988090300606,0.4823333333333333,0.04260371959203707,14.874074074074073,3.0806583452982643,23.95714285714286,5.288171886839716,0.23211111111111113,0.10164884248965739,9.703703703703704,8.511597584901054
