Year,Team,Rslt,Rslt_std,Tm,Tm_std,Opp_score,Opp_score_std,OT,OT_std,ORtg,ORtg_std,DRtg,DRtg_std,Pace,Pace_std,FTr,FTr_std,3PAr,3PAr_std,TS%,TS%_std,TRB%,TRB%_std,AST%,AST%_std,STL%,STL%_std,BLK%,BLK%_std,eFG%,eFG%_std,TOV%,TOV%_std,ORB%,ORB%_std,FT/FGA,FT/FGA_std,eFG%_opp,eFG%_opp_std,TOV%_opp,TOV%_opp_std,ORB%_opp,ORB%_opp_std,FT/FGA_opp,FT/FGA_opp_std,Spread,Spread_std
2024,gonzaga,0.78125,0.42001344064515445,83.51851851851852,10.857008974604556,68.46428571428571,7.015760790598513,0.0,0.0,119.70769230769231,12.167396535887967,99.16296296296296,9.677298897942233,70.76538461538463,4.109690237250716,0.3143461538461537,0.1108400441384583,0.30780769230769234,0.04759749508599731,0.5958076923076924,0.054872958171229835,55.184615384615384,6.207201772631035,51.615384615384606,9.50716329123224,9.58076923076923,2.957569168187852,9.807692307692307,3.9977916981176573,0.5712307692307693,0.0657268941559284,11.446153846153845,2.577786766857301,32.273076923076914,6.779826410303301,0.2265,0.08014998440424054,0.4692692307692309,0.05161980836253285,13.080769230769231,2.6003106323313347,26.038461538461533,6.89365371471918,0.17819230769230765,0.06992911795855528,15.153846153846153,12.217012098520025
