Year,Team,Rslt,Rslt_std,Tm,Tm_std,Opp_score,Opp_score_std,OT,OT_std,ORtg,ORtg_std,DRtg,DRtg_std,Pace,Pace_std,FTr,FTr_std,3PAr,3PAr_std,TS%,TS%_std,TRB%,TRB%_std,AST%,AST%_std,STL%,STL%_std,BLK%,BLK%_std,eFG%,eFG%_std,TOV%,TOV%_std,ORB%,ORB%_std,FT/FGA,FT/FGA_std,eFG%_opp,eFG%_opp_std,TOV%_opp,TOV%_opp_std,ORB%_opp,ORB%_opp_std,FT/FGA_opp,FT/FGA_opp_std,Spread,Spread_std
2024,arizona,0.7575757575757576,0.4351941398892446,87.35714285714286,9.874074867923298,71.66666666666667,8.38496823534188,0.0,0.0,115.18888888888888,9.096632231145655,94.93333333333334,11.655668808979406,74.55925925925925,3.8049824885131525,0.36857142857142866,0.11510041624644898,0.3217142857142857,0.037621759998660693,0.5828888888888889,0.05681639344504863,57.84074074074073,4.858953611574226,59.562962962962956,7.048303022612997,10.52962962962963,2.3637998767979194,8.85925925925926,3.7303597742823738,0.5495555555555555,0.06172353580114211,13.39259259259259,2.673218447133879,34.407407407407405,5.438603180818082,0.2678518518518518,0.08118767607487448,0.47814814814814827,0.044105384028312246,15.144444444444442,3.2202882495603413,20.317857142857147,6.194923463576989,0.18070370370370364,0.07625201879537598,15.137931034482758,14.466029512351229
