Year,Team,Rslt,Rslt_std,Tm,Tm_std,Opp_score,Opp_score_std,OT,OT_std,ORtg,ORtg_std,DRtg,DRtg_std,Pace,Pace_std,FTr,FTr_std,3PAr,3PAr_std,TS%,TS%_std,TRB%,TRB%_std,AST%,AST%_std,STL%,STL%_std,BLK%,BLK%_std,eFG%,eFG%_std,TOV%,TOV%_std,ORB%,ORB%_std,FT/FGA,FT/FGA_std,eFG%_opp,eFG%_opp_std,TOV%_opp,TOV%_opp_std,ORB%_opp,ORB%_opp_std,FT/FGA_opp,FT/FGA_opp_std,Spread,Spread_std
2024,nebraska,0.696969696969697,0.46669372215943755,78.29629629629629,7.482362927962997,69.88888888888889,9.865765724632494,0.0,0.0,109.67777777777779,9.980802084823157,98.76296296296296,14.048464141298318,69.78518518518518,2.722654771146904,0.3258518518518519,0.08918464153036826,0.4491111111111112,0.057046090227608155,0.5738888888888889,0.044426545541128314,50.559259259259264,5.007629506698082,58.1,7.542800948841629,8.444444444444445,1.8962175575711309,6.253333333333334,3.9092933776634977,0.5392592592592593,0.04805252942401246,13.288888888888888,3.6605309969302513,25.318518518518523,7.034586917894547,0.2446296296296296,0.0713405420113482,0.4621851851851852,0.06742918623782404,12.939285714285713,2.625986838943957,27.999999999999996,6.22321954766675,0.18833333333333332,0.04989064965579144,9.107142857142858,12.281691540254018
