Year,Team,Rslt,Rslt_std,Tm,Tm_std,Opp_score,Opp_score_std,OT,OT_std,ORtg,ORtg_std,DRtg,DRtg_std,Pace,Pace_std,FTr,FTr_std,3PAr,3PAr_std,TS%,TS%_std,TRB%,TRB%_std,AST%,AST%_std,STL%,STL%_std,BLK%,BLK%_std,eFG%,eFG%_std,TOV%,TOV%_std,ORB%,ORB%_std,FT/FGA,FT/FGA_std,eFG%_opp,eFG%_opp_std,TOV%_opp,TOV%_opp_std,ORB%_opp,ORB%_opp_std,FT/FGA_opp,FT/FGA_opp_std,Spread,Spread_std
2024,texas-am,0.5882352941176471,0.49955416843564227,75.28571428571429,8.059303999253345,70.17857142857143,8.932062809438031,0.0,0.0,109.53214285714286,11.267030026074554,102.57499999999997,10.259002370095722,68.69285714285715,4.27905567389786,0.37646428571428564,0.08066459232542153,0.3812857142857143,0.06427479037109866,0.49914285714285705,0.05679639678562969,56.71071428571428,4.453657613419125,44.85,9.069219411875574,10.321428571428571,2.669631288573614,8.689285714285715,3.7989608019303347,0.45182142857142843,0.0694843726483016,10.939285714285713,2.901383997427624,41.375,6.145195352950622,0.27167857142857144,0.06722381278454091,0.49989285714285725,0.058996132507086,13.742857142857146,2.782275723406687,25.86428571428572,6.174992234855774,0.20953571428571433,0.0862088257675027,4.464285714285714,9.99437672581768
