Year,Team,Rslt,Rslt_std,Tm,Tm_std,Opp_score,Opp_score_std,OT,OT_std,ORtg,ORtg_std,DRtg,DRtg_std,Pace,Pace_std,FTr,FTr_std,3PAr,3PAr_std,TS%,TS%_std,TRB%,TRB%_std,AST%,AST%_std,STL%,STL%_std,BLK%,BLK%_std,eFG%,eFG%_std,TOV%,TOV%_std,ORB%,ORB%_std,FT/FGA,FT/FGA_std,eFG%_opp,eFG%_opp_std,TOV%_opp,TOV%_opp_std,ORB%_opp,ORB%_opp_std,FT/FGA_opp,FT/FGA_opp_std,Spread,Spread_std
2024,north-carolina-state,0.6111111111111112,0.49441323247304414,77.93103448275862,6.7502964722339565,73.17241379310344,7.280448207931596,0.0,0.0,110.11724137931033,7.770827725976046,103.36206896551724,9.585458249463963,70.16896551724136,3.385589571812933,0.32717241379310347,0.08282126580151693,0.33724137931034487,0.04740151833946566,0.5558620689655172,0.03893192239385036,50.475862068965505,3.198733585612302,47.42068965517242,6.489627950503834,10.579310344827586,3.1980328005046244,9.156666666666668,3.0882070831642343,0.5235172413793104,0.041179589855772664,11.606896551724137,2.1748449919284494,27.320689655172412,7.046345522444587,0.23793103448275865,0.07690946952399981,0.5035172413793103,0.04515419668018148,14.90344827586207,3.599849476875059,25.37586206896552,5.03088001194436,0.2361724137931035,0.07918651985097194,3.6551724137931036,8.553511651734315
