Year,Team,Rslt,Rslt_std,Tm,Tm_std,Opp_score,Opp_score_std,OT,OT_std,ORtg,ORtg_std,DRtg,DRtg_std,Pace,Pace_std,FTr,FTr_std,3PAr,3PAr_std,TS%,TS%_std,TRB%,TRB%_std,AST%,AST%_std,STL%,STL%_std,BLK%,BLK%_std,eFG%,eFG%_std,TOV%,TOV%_std,ORB%,ORB%_std,FT/FGA,FT/FGA_std,eFG%_opp,eFG%_opp_std,TOV%_opp,TOV%_opp_std,ORB%_opp,ORB%_opp_std,FT/FGA_opp,FT/FGA_opp_std,Spread,Spread_std
2024,north-carolina,0.7941176470588235,0.41042563012190475,81.28571428571429,6.938124107967956,70.53571428571429,8.587165888080769,0.0,0.0,111.31071428571427,8.910349342019389,95.68214285714284,9.839002266920444,72.64642857142857,2.4864793112108057,0.3696785714285714,0.07107015499643245,0.35932142857142857,0.05078571800653363,0.5563214285714286,0.04024191068601707,55.80357142857144,3.496610225458803,52.11379310344828,8.486027344907756,7.685714285714288,2.6660713621237724,9.982142857142856,5.072515160441617,0.5143214285714287,0.040693118511363736,11.696428571428571,2.0205393747906437,31.067857142857143,5.7521045148020695,0.2848620689655172,0.07568766843224436,0.4633214285714286,0.0604912320377024,12.285714285714286,3.341513771588303,19.99642857142857,4.201982084582637,0.20106896551724132,0.07788954222600963,10.5,8.144527815247077
