Year,Team,Rslt,Rslt_std,Tm,Tm_std,Opp_score,Opp_score_std,OT,OT_std,ORtg,ORtg_std,DRtg,DRtg_std,Pace,Pace_std,FTr,FTr_std,3PAr,3PAr_std,TS%,TS%_std,TRB%,TRB%_std,AST%,AST%_std,STL%,STL%_std,BLK%,BLK%_std,eFG%,eFG%_std,TOV%,TOV%_std,ORB%,ORB%_std,FT/FGA,FT/FGA_std,eFG%_opp,eFG%_opp_std,TOV%_opp,TOV%_opp_std,ORB%_opp,ORB%_opp_std,FT/FGA_opp,FT/FGA_opp_std,Spread,Spread_std
2025,new-mexico,0.7878787878787878,0.4151487502672806,80.37037037037037,8.371876676607169,70.39285714285714,8.495485885061573,0.0,0.0,107.32962962962964,7.924830248840316,94.84444444444443,10.90167006730667,74.10370370370372,4.4239280736851505,0.37225925925925935,0.09732364429002717,0.3211481481481481,0.055563341334776646,0.5467407407407407,0.055445463567359854,52.83333333333334,3.7916913214188557,51.64814814814814,8.634295230709576,11.644444444444446,2.132411659877025,13.907407407407405,4.313032658379798,0.5095357142857143,0.06243662395246888,12.535714285714286,2.9329815806412682,28.874074074074073,4.948938704610747,0.2537777777777777,0.07185794390715687,0.49455555555555547,0.05382473933148738,17.46785714285714,3.5753325223680448,21.766666666666666,6.458983011160622,0.22622222222222224,0.07644522087659761,9.555555555555555,8.872313605703347
