Year,Team,Rslt,Rslt_std,Tm,Tm_std,Opp_score,Opp_score_std,OT,OT_std,ORtg,ORtg_std,DRtg,DRtg_std,Pace,Pace_std,FTr,FTr_std,3PAr,3PAr_std,TS%,TS%_std,TRB%,TRB%_std,AST%,AST%_std,STL%,STL%_std,BLK%,BLK%_std,eFG%,eFG%_std,TOV%,TOV%_std,ORB%,ORB%_std,FT/FGA,FT/FGA_std,eFG%_opp,eFG%_opp_std,TOV%_opp,TOV%_opp_std,ORB%_opp,ORB%_opp_std,FT/FGA_opp,FT/FGA_opp_std,Spread,Spread_std
2025,arizona,0.6470588235294118,0.48507125007266594,82.72413793103448,10.898546927143668,72.25,7.311203984550267,0.0,0.0,113.62500000000001,13.566205970883845,100.87500000000001,10.721201736123927,71.16071428571426,3.3928398774275275,0.36446428571428574,0.0896464174338839,0.34860714285714295,0.05126932465708565,0.5720357142857144,0.05614563215942992,55.73214285714287,4.685758847703963,56.89642857142859,10.57546013858769,11.072413793103449,3.1656523308479336,11.771428571428572,3.864928454405328,0.5357241379310343,0.0662403074051076,13.339285714285714,2.5459247444166144,34.013333333333335,6.767352323565278,0.2864642857142856,0.0662690823072213,0.48785714285714293,0.04152617584636564,13.955172413793106,3.574471609992223,25.45,5.601421777185318,0.19310714285714287,0.07228715335163324,7.75,11.91210091243976
