Year,Team,Rslt,Rslt_std,Tm,Tm_std,Opp_score,Opp_score_std,OT,OT_std,ORtg,ORtg_std,DRtg,DRtg_std,Pace,Pace_std,FTr,FTr_std,3PAr,3PAr_std,TS%,TS%_std,TRB%,TRB%_std,AST%,AST%_std,STL%,STL%_std,BLK%,BLK%_std,eFG%,eFG%_std,TOV%,TOV%_std,ORB%,ORB%_std,FT/FGA,FT/FGA_std,eFG%_opp,eFG%_opp_std,TOV%_opp,TOV%_opp_std,ORB%_opp,ORB%_opp_std,FT/FGA_opp,FT/FGA_opp_std,Spread,Spread_std
2025,xavier,0.65625,0.48255870443481425,78.67857142857143,8.671167939738767,70.38461538461539,7.110988246801836,0.0,0.0,109.61153846153846,10.964098756325646,99.90769230769232,9.960037071293382,70.15384615384613,2.431662932107288,0.3605555555555555,0.13596219308586469,0.37265384615384617,0.05410282233502597,0.5855769230769231,0.05633483687873647,50.30384615384616,3.7504645866058532,65.05,12.949725865824343,10.930769230769231,2.700336161409424,6.027586206896552,4.362739682463969,0.5386538461538461,0.06595024931427769,13.707692307692307,2.6532882356688012,20.626923076923074,5.607106754275876,0.2954615384615385,0.10349153811562789,0.5108846153846153,0.050440719204291225,14.976923076923075,2.988820194298438,22.422222222222224,7.194139352670409,0.2104814814814814,0.06680417442643627,5.884615384615385,8.936786550329701
