Year,Team,Rslt,Rslt_std,Tm,Tm_std,Opp_score,Opp_score_std,OT,OT_std,ORtg,ORtg_std,DRtg,DRtg_std,Pace,Pace_std,FTr,FTr_std,3PAr,3PAr_std,TS%,TS%_std,TRB%,TRB%_std,AST%,AST%_std,STL%,STL%_std,BLK%,BLK%_std,eFG%,eFG%_std,TOV%,TOV%_std,ORB%,ORB%_std,FT/FGA,FT/FGA_std,eFG%_opp,eFG%_opp_std,TOV%_opp,TOV%_opp_std,ORB%_opp,ORB%_opp_std,FT/FGA_opp,FT/FGA_opp_std,Spread,Spread_std
2025,virginia-commonwealth,0.8235294117647058,0.3869529949759475,77.13793103448276,6.604782563367215,62.42857142857143,6.443075935702412,0.0,0.0,113.17857142857142,10.326462129200888,91.725,9.835296414219327,67.64642857142859,3.248074317574457,0.3297500000000001,0.1021370266956221,0.47742857142857137,0.05934545979166053,0.5582142857142857,0.049842237883633164,55.475,3.6739952015130264,56.125,8.409898268640882,11.539285714285713,2.7722619840008824,15.439285714285715,4.303860393381073,0.5232142857142857,0.05707198647507935,13.507142857142858,2.5849892286369998,37.035714285714285,7.490300606424497,0.24142857142857146,0.06869493947151208,0.4460714285714286,0.06346648492704404,16.560714285714287,3.721343772201041,26.868965517241385,5.235599532341467,0.25753571428571426,0.0678814228352468,13.655172413793103,9.718450280886811
