Year,Team,Rslt,Rslt_std,Tm,Tm_std,Opp_score,Opp_score_std,OT,OT_std,ORtg,ORtg_std,DRtg,DRtg_std,Pace,Pace_std,FTr,FTr_std,3PAr,3PAr_std,TS%,TS%_std,TRB%,TRB%_std,AST%,AST%_std,STL%,STL%_std,BLK%,BLK%_std,eFG%,eFG%_std,TOV%,TOV%_std,ORB%,ORB%_std,FT/FGA,FT/FGA_std,eFG%_opp,eFG%_opp_std,TOV%_opp,TOV%_opp_std,ORB%_opp,ORB%_opp_std,FT/FGA_opp,FT/FGA_opp_std,Spread,Spread_std
2025,texas,0.5588235294117647,0.5039947372613783,77.21428571428571,9.08542643715602,72.42857142857143,9.795798689115246,0.0,0.0,110.22142857142858,11.459828618163186,103.03928571428573,11.767385539441735,69.46071428571427,3.531691367509895,0.3618571428571428,0.08575361531552206,0.3512142857142857,0.044700117775018554,0.5588928571428571,0.05542518433168318,50.90714285714285,6.466376200316616,47.28571428571429,7.589842836693937,8.79642857142857,2.558715265425954,11.50357142857143,3.8393172756177814,0.5198571428571428,0.06728365289644987,11.957142857142857,2.3707208735567034,28.821428571428573,5.965105763730159,0.27203571428571427,0.06378638084224862,0.4814285714285714,0.05302021177949837,13.535714285714286,3.4739468732706427,27.032142857142855,9.002841262271083,0.26520689655172414,0.09278137871606135,4.321428571428571,14.460811850137576
