Year,Team,Rslt,Rslt_std,Tm,Tm_std,Opp_score,Opp_score_std,OT,OT_std,ORtg,ORtg_std,DRtg,DRtg_std,Pace,Pace_std,FTr,FTr_std,3PAr,3PAr_std,TS%,TS%_std,TRB%,TRB%_std,AST%,AST%_std,STL%,STL%_std,BLK%,BLK%_std,eFG%,eFG%_std,TOV%,TOV%_std,ORB%,ORB%_std,FT/FGA,FT/FGA_std,eFG%_opp,eFG%_opp_std,TOV%_opp,TOV%_opp_std,ORB%_opp,ORB%_opp_std,FT/FGA_opp,FT/FGA_opp_std,Spread,Spread_std
2025,brigham-young,0.7272727272727273,0.45226701686664544,82.03571428571429,9.566462029778604,70.88888888888889,10.934537144484104,0.12121212121212122,0.33143398263980844,115.92222222222223,10.571090233175985,100.78148148148148,15.107640375677391,68.98518518518519,4.370768609022701,0.308925925925926,0.09389967064983852,0.4825714285714286,0.061106118122146114,0.6017777777777776,0.052464151374888184,54.77777777777778,6.102920696325738,59.85925925925926,7.6774023681520775,9.817857142857145,3.6532130527065636,8.988888888888889,3.7405607696968204,0.5801481481481483,0.059740273558967626,14.24074074074074,3.1238855562681813,30.699999999999996,7.196259712250097,0.2190740740740741,0.07484749927785261,0.49999999999999994,0.06665987144855938,14.511111111111111,3.2737103548083617,23.05925925925926,8.775238732639405,0.20318518518518514,0.09823873473762273,9.962962962962964,13.982080513949828
