Year,Team,Rslt,Rslt_std,Tm,Tm_std,Opp_score,Opp_score_std,OT,OT_std,ORtg,ORtg_std,DRtg,DRtg_std,Pace,Pace_std,FTr,FTr_std,3PAr,3PAr_std,TS%,TS%_std,TRB%,TRB%_std,AST%,AST%_std,STL%,STL%_std,BLK%,BLK%_std,eFG%,eFG%_std,TOV%,TOV%_std,ORB%,ORB%_std,FT/FGA,FT/FGA_std,eFG%_opp,eFG%_opp_std,TOV%_opp,TOV%_opp_std,ORB%_opp,ORB%_opp_std,FT/FGA_opp,FT/FGA_opp_std,Spread,Spread_std
2025,alabama,0.7575757575757576,0.4351941398892446,91.37037037037037,8.024712542889707,81.55555555555556,7.642660296667412,0.0,0.0,115.77037037037037,8.825261591887358,104.03333333333332,9.795642673383679,78.02592592592593,3.2018735612129197,0.4051851851851851,0.10841800767153206,0.45707407407407397,0.07234103310863808,0.5901111111111113,0.0431146355066559,54.26296296296296,3.7433169318696016,53.94074074074075,6.24014664887214,7.770370370370369,2.4433291939191393,10.125925925925923,3.0811576985822655,0.5604074074074076,0.05112523030548785,13.54814814814815,3.1840190338591268,32.53703703703704,7.709641723100724,0.2895185185185185,0.07767158195810514,0.4822962962962963,0.048698297881180796,11.303703703703707,2.3609778745715775,26.570370370370373,5.360885031325361,0.23518518518518516,0.08347732858366029,8.925925925925926,10.2541771073133
