Year,Team,Rslt,Rslt_std,Tm,Tm_std,Opp_score,Opp_score_std,OT,OT_std,ORtg,ORtg_std,DRtg,DRtg_std,Pace,Pace_std,FTr,FTr_std,3PAr,3PAr_std,TS%,TS%_std,TRB%,TRB%_std,AST%,AST%_std,STL%,STL%_std,BLK%,BLK%_std,eFG%,eFG%_std,TOV%,TOV%_std,ORB%,ORB%_std,FT/FGA,FT/FGA_std,eFG%_opp,eFG%_opp_std,TOV%_opp,TOV%_opp_std,ORB%_opp,ORB%_opp_std,FT/FGA_opp,FT/FGA_opp_std,Spread,Spread_std
2025,lipscomb,0.7352941176470589,0.4478110755198991,79.0,8.32666399786453,67.62068965517241,7.257576302947386,0.0,0.0,115.60714285714286,10.865334907194653,98.34285714285713,11.715530324899973,68.55714285714285,3.90265138472396,0.3103928571428571,0.13828616044027026,0.47539285714285706,0.066997147139768,0.5980357142857143,0.06153197430957229,51.432142857142864,5.472155345655323,54.410714285714285,9.522890134194373,9.753571428571425,3.2551363563471036,7.7749999999999995,3.81309876900956,0.5654285714285715,0.06426301774532106,11.878571428571432,3.211594405328703,23.16551724137931,6.861188769451637,0.24407142857142852,0.10625438677529842,0.4836428571428571,0.05492028855749117,13.432142857142859,3.239804929133231,24.421428571428578,8.022069426500739,0.14425,0.05254601158350016,11.892857142857142,11.823828062556984
