Year,Team,Rslt,Rslt_std,Tm,Tm_std,Opp_score,Opp_score_std,OT,OT_std,ORtg,ORtg_std,DRtg,DRtg_std,Pace,Pace_std,FTr,FTr_std,3PAr,3PAr_std,TS%,TS%_std,TRB%,TRB%_std,AST%,AST%_std,STL%,STL%_std,BLK%,BLK%_std,eFG%,eFG%_std,TOV%,TOV%_std,ORB%,ORB%_std,FT/FGA,FT/FGA_std,eFG%_opp,eFG%_opp_std,TOV%_opp,TOV%_opp_std,ORB%_opp,ORB%_opp_std,FT/FGA_opp,FT/FGA_opp_std,Spread,Spread_std
2025,norfolk-state,0.7058823529411765,0.4624972900628803,77.44827586206897,9.100966223808136,70.46666666666667,10.348191024100027,0.0,0.0,110.81071428571427,10.20571151948984,100.35714285714286,12.98635832885812,68.60357142857143,3.092821095382389,0.3941071428571428,0.09895952756171635,0.28675,0.05700852762720874,0.5788928571428571,0.05933978696844401,50.55357142857143,5.718033988917231,49.86785714285714,9.281604809012709,9.50344827586207,2.913451899455927,9.257142857142856,4.3757266970166375,0.5367857142857142,0.07005889434788902,14.575000000000003,2.0429871013533827,27.40344827586208,6.924154551723816,0.3005357142857143,0.08494463649837623,0.48185714285714293,0.07288688053756556,15.63571428571429,3.457703614498253,30.478571428571428,7.849480149942327,0.24107142857142858,0.08374251921102878,6.357142857142857,10.04882261654747
