Year,Team,Rslt,Rslt_std,Tm,Tm_std,Opp_score,Opp_score_std,OT,OT_std,ORtg,ORtg_std,DRtg,DRtg_std,Pace,Pace_std,FTr,FTr_std,3PAr,3PAr_std,TS%,TS%_std,TRB%,TRB%_std,AST%,AST%_std,STL%,STL%_std,BLK%,BLK%_std,eFG%,eFG%_std,TOV%,TOV%_std,ORB%,ORB%_std,FT/FGA,FT/FGA_std,eFG%_opp,eFG%_opp_std,TOV%_opp,TOV%_opp_std,ORB%_opp,ORB%_opp_std,FT/FGA_opp,FT/FGA_opp_std,Spread,Spread_std
2025,connecticut,0.696969696969697,0.46669372215943755,76.92592592592592,8.114213199100442,67.70370370370371,8.765381271337194,0.12121212121212122,0.33143398263980844,115.8851851851852,8.75836759042476,103.61111111111113,13.942197523879504,65.38518518518516,2.970587057197191,0.3045925925925926,0.08698817747224631,0.42792592592592593,0.05377583524075155,0.5908518518518519,0.05490740716718794,56.340740740740735,5.573236820822227,65.35357142857143,6.376198922431193,7.744444444444445,2.3362253140373084,17.455555555555556,5.06407659844041,0.5579999999999999,0.057551983191118344,12.72962962962963,3.511170615096778,34.25185185185185,7.459602503865038,0.23925925925925928,0.07846292245022612,0.48414814814814816,0.06132429792235306,12.675,2.7109688031867596,22.703703703703702,6.723865731137882,0.2877037037037037,0.070355041815295,8.0,11.12170435195558
