Year,Team,Rslt,Rslt_std,Tm,Tm_std,Opp_score,Opp_score_std,OT,OT_std,ORtg,ORtg_std,DRtg,DRtg_std,Pace,Pace_std,FTr,FTr_std,3PAr,3PAr_std,TS%,TS%_std,TRB%,TRB%_std,AST%,AST%_std,STL%,STL%_std,BLK%,BLK%_std,eFG%,eFG%_std,TOV%,TOV%_std,ORB%,ORB%_std,FT/FGA,FT/FGA_std,eFG%_opp,eFG%_opp_std,TOV%_opp,TOV%_opp_std,ORB%_opp,ORB%_opp_std,FT/FGA_opp,FT/FGA_opp_std,Spread,Spread_std
2025,michigan-state,0.8181818181818182,0.39167472590032015,78.37037037037037,7.312519023765646,66.74074074074075,6.870184145962187,0.0,0.0,111.6111111111111,8.959195247742928,96.05185185185185,10.081337303322503,70.20370370370371,3.030927946442181,0.3897037037037037,0.07507269032017458,0.33551851851851855,0.05457836311944248,0.5627777777777777,0.045471320913747657,56.503703703703714,4.118110235148145,62.366666666666696,10.492378186092989,7.566666666666667,2.483793624524946,13.118518518518513,4.053207375460825,0.5164074074074074,0.0437750009965815,13.299999999999999,2.6488023418431674,33.737037037037034,5.2018597375693165,0.30824999999999997,0.0663105069603101,0.45914814814814814,0.055988806370081134,13.996296296296295,3.08164310336616,22.270370370370372,6.143527852377206,0.23611111111111105,0.059154513016813945,10.185185185185185,7.4835051281367475
