Year,Team,Rslt,Rslt_std,Tm,Tm_std,Opp_score,Opp_score_std,OT,OT_std,ORtg,ORtg_std,DRtg,DRtg_std,Pace,Pace_std,FTr,FTr_std,3PAr,3PAr_std,TS%,TS%_std,TRB%,TRB%_std,AST%,AST%_std,STL%,STL%_std,BLK%,BLK%_std,eFG%,eFG%_std,TOV%,TOV%_std,ORB%,ORB%_std,FT/FGA,FT/FGA_std,eFG%_opp,eFG%_opp_std,TOV%_opp,TOV%_opp_std,ORB%_opp,ORB%_opp_std,FT/FGA_opp,FT/FGA_opp_std,Spread,Spread_std
2025,american,0.6470588235294118,0.485071250072666,68.79310344827586,7.8393663662716095,65.6896551724138,8.481506976424237,0.0,0.0,105.37142857142854,10.007954508247598,102.61785714285712,12.264947149149423,64.06071428571428,2.8649011728432687,0.2959642857142858,0.09832428664330774,0.44296551724137934,0.05024261335802842,0.5580714285714286,0.056041603971169265,48.310714285714276,4.165674485043678,53.59,9.623439416700071,10.060714285714287,2.6921476055667397,4.6187499999999995,3.343210500643491,0.5226785714285714,0.061813970356359826,13.825000000000003,2.558301664661032,21.710714285714282,5.851327123014839,0.2227857142857143,0.07780476855940137,0.5112857142857142,0.06636423464646932,15.10714285714286,3.268698752468868,25.896428571428576,5.888437014708613,0.23935714285714285,0.08870392462222988,2.1785714285714284,9.261843554700437
