Year,Team,Rslt,Rslt_std,Tm,Tm_std,Opp_score,Opp_score_std,OT,OT_std,ORtg,ORtg_std,DRtg,DRtg_std,Pace,Pace_std,FTr,FTr_std,3PAr,3PAr_std,TS%,TS%_std,TRB%,TRB%_std,AST%,AST%_std,STL%,STL%_std,BLK%,BLK%_std,eFG%,eFG%_std,TOV%,TOV%_std,ORB%,ORB%_std,FT/FGA,FT/FGA_std,eFG%_opp,eFG%_opp_std,TOV%_opp,TOV%_opp_std,ORB%_opp,ORB%_opp_std,FT/FGA_opp,FT/FGA_opp_std,Spread,Spread_std
2025,high-point,0.8529411764705882,0.35949062795357095,81.62068965517241,7.369889479222914,68.60714285714286,6.651868496697338,0.0,0.0,120.96785714285717,6.779547322997453,102.07857142857141,13.038329736896605,68.25,4.06416134121265,0.3781785714285713,0.10195861672173434,0.38992857142857135,0.07104767756072318,0.6021724137931034,0.04837950345631714,54.50714285714286,4.9933977574414365,44.910714285714285,8.041021645321514,8.703571428571431,3.1821821237608434,7.646428571428571,3.159873666351487,0.5721071428571429,0.05462962111021367,12.535714285714286,3.226535154082333,33.06785714285714,7.359098856438604,0.28792857142857137,0.07507178222722893,0.4857142857142857,0.05397589114963111,14.457142857142856,2.9193389119010633,25.942857142857143,7.439605155364421,0.24657142857142852,0.0900437871142901,11.571428571428571,8.629958891917765
