Year,Team,Rslt,Rslt_std,Tm,Tm_std,Opp_score,Opp_score_std,OT,OT_std,ORtg,ORtg_std,DRtg,DRtg_std,Pace,Pace_std,FTr,FTr_std,3PAr,3PAr_std,TS%,TS%_std,TRB%,TRB%_std,AST%,AST%_std,STL%,STL%_std,BLK%,BLK%_std,eFG%,eFG%_std,TOV%,TOV%_std,ORB%,ORB%_std,FT/FGA,FT/FGA_std,eFG%_opp,eFG%_opp_std,TOV%_opp,TOV%_opp_std,ORB%_opp,ORB%_opp_std,FT/FGA_opp,FT/FGA_opp_std,Spread,Spread_std
2025,akron,0.8235294117647058,0.3869529949759475,84.10344827586206,9.209253217692854,74.89285714285714,7.13021367772012,0.0,0.0,114.48214285714286,13.044086316438108,101.73214285714289,9.837910556972151,73.68275862068967,3.5903709483558983,0.2557857142857142,0.09547710881084694,0.45578571428571435,0.07618610602546078,0.5855714285714286,0.06688931076173452,54.90714285714285,5.6731941862704005,59.02499999999999,7.729387163671252,10.107142857142858,2.577096927053496,9.739285714285716,2.8511647114188636,0.5651379310344826,0.07442192655870554,13.768965517241378,3.241704076592594,31.75172413793103,7.6436070715362785,0.1925357142857143,0.07846701696459954,0.4919642857142858,0.052114888853490235,14.435714285714285,3.0000264549098112,25.16071428571429,7.827034786237606,0.23521428571428568,0.07643072735919818,10.035714285714286,9.426055861309601
