Year,Team,Rslt,Rslt_std,Tm,Tm_std,Opp_score,Opp_score_std,OT,OT_std,ORtg,ORtg_std,DRtg,DRtg_std,Pace,Pace_std,FTr,FTr_std,3PAr,3PAr_std,TS%,TS%_std,TRB%,TRB%_std,AST%,AST%_std,STL%,STL%_std,BLK%,BLK%_std,eFG%,eFG%_std,TOV%,TOV%_std,ORB%,ORB%_std,FT/FGA,FT/FGA_std,eFG%_opp,eFG%_opp_std,TOV%_opp,TOV%_opp_std,ORB%_opp,ORB%_opp_std,FT/FGA_opp,FT/FGA_opp_std,Spread,Spread_std
2025,colorado-state,0.7352941176470589,0.4478110755198991,75.35714285714286,6.837880794267604,66.46428571428571,7.603518400286283,0.0,0.0,110.94642857142857,9.821725055650004,98.51428571428573,10.150632685470592,66.74642857142857,2.9170611978061127,0.3121428571428571,0.09468846160913569,0.4266071428571429,0.05105649687371699,0.5951428571428572,0.05528425821469621,52.228571428571435,4.1519167499376355,62.08214285714285,10.277737666159393,7.127586206896552,3.0168451534347858,6.774193548387098,4.5560924589634535,0.5615357142857144,0.05972063489954066,14.689285714285715,2.6692125743739044,24.185714285714283,5.326712159847051,0.2452857142857142,0.07763488006801199,0.48196428571428573,0.049143389701187194,13.449999999999998,3.6126834183860455,23.339285714285722,6.1065441087722405,0.22960714285714282,0.0657229534771271,8.4,12.433547500543675
