Year,Team,Rslt,Rslt_std,Tm,Tm_std,Opp_score,Opp_score_std,OT,OT_std,ORtg,ORtg_std,DRtg,DRtg_std,Pace,Pace_std,FTr,FTr_std,3PAr,3PAr_std,TS%,TS%_std,TRB%,TRB%_std,AST%,AST%_std,STL%,STL%_std,BLK%,BLK%_std,eFG%,eFG%_std,TOV%,TOV%_std,ORB%,ORB%_std,FT/FGA,FT/FGA_std,eFG%_opp,eFG%_opp_std,TOV%_opp,TOV%_opp_std,ORB%_opp,ORB%_opp_std,FT/FGA_opp,FT/FGA_opp_std,Spread,Spread_std
2025,grand-canyon,0.7878787878787878,0.41514875026728054,78.18518518518519,7.849728251234793,69.67857142857143,6.853242387142834,0.0,0.0,106.6148148148148,11.279071964814499,94.54074074074076,8.678322208426946,73.17407407407408,2.5169567388159906,0.4453333333333333,0.11770236256696871,0.33492592592592596,0.057306145412113534,0.5559999999999999,0.050096829317755304,53.433333333333344,4.323015329427082,50.644444444444446,7.678708491834034,12.755555555555558,3.0114312126824263,13.129629629629632,3.6309370283308002,0.5154444444444445,0.047050981624136935,14.974074074074075,2.8814516363741958,30.325925925925926,5.587251463589133,0.3202592592592592,0.09877892666594608,0.4707407407407408,0.06154397589253534,17.251851851851853,2.961077035130496,26.07407407407407,4.046802402713738,0.22822222222222222,0.06339275215386239,8.285714285714286,9.439307660020892
