Year,Team,Rslt,Rslt_std,Tm,Tm_std,Opp_score,Opp_score_std,OT,OT_std,ORtg,ORtg_std,DRtg,DRtg_std,Pace,Pace_std,FTr,FTr_std,3PAr,3PAr_std,TS%,TS%_std,TRB%,TRB%_std,AST%,AST%_std,STL%,STL%_std,BLK%,BLK%_std,eFG%,eFG%_std,TOV%,TOV%_std,ORB%,ORB%_std,FT/FGA,FT/FGA_std,eFG%_opp,eFG%_opp_std,TOV%_opp,TOV%_opp_std,ORB%_opp,ORB%_opp_std,FT/FGA_opp,FT/FGA_opp_std,Spread,Spread_std
2025,st-johns-ny,0.8823529411764706,0.3270349700838643,78.57142857142857,8.121432875895236,65.82142857142857,6.1466857762330775,0.0,0.0,108.45000000000002,9.205573995824084,90.94285714285715,7.307856177071487,71.64285714285714,3.3167843163308346,0.29614285714285715,0.10512028887077476,0.30289285714285713,0.05844930648494837,0.5262142857142856,0.050202816169242444,54.603571428571435,5.473402499417974,53.15172413793105,7.337994115251659,12.592857142857143,2.4582331160632536,15.286206896551725,5.59940839591438,0.4975714285714286,0.054759019937817226,12.325,2.6169851186262236,35.18928571428572,8.092032628671987,0.20625,0.07864953909591588,0.4703214285714286,0.04192502441212972,18.039285714285718,3.240409128914329,25.925000000000004,5.7767493742877,0.20182142857142854,0.05110559407767164,12.172413793103448,8.19873233022399
