Year,Team,Rslt,Rslt_std,Tm,Tm_std,Opp_score,Opp_score_std,OT,OT_std,ORtg,ORtg_std,DRtg,DRtg_std,Pace,Pace_std,FTr,FTr_std,3PAr,3PAr_std,TS%,TS%_std,TRB%,TRB%_std,AST%,AST%_std,STL%,STL%_std,BLK%,BLK%_std,eFG%,eFG%_std,TOV%,TOV%_std,ORB%,ORB%_std,FT/FGA,FT/FGA_std,eFG%_opp,eFG%_opp_std,TOV%_opp,TOV%_opp_std,ORB%_opp,ORB%_opp_std,FT/FGA_opp,FT/FGA_opp_std,Spread,Spread_std
2025,oregon,0.7272727272727273,0.45226701686664544,77.17857142857143,4.397419878440265,71.14285714285714,7.08004125178548,0.0,0.0,109.26296296296296,8.063457368235088,100.72962962962963,10.963464318250407,69.52222222222223,2.4011749260811945,0.33444444444444443,0.09691206693672734,0.39074074074074083,0.04005341874642355,0.5609259259259258,0.03840465308940282,50.6962962962963,4.986711686802582,55.385185185185186,8.14260890452684,10.048148148148146,2.5933895803888616,10.10740740740741,4.008061676740817,0.5221851851851851,0.041662598091958686,13.103703703703706,3.214687624671567,28.100000000000005,6.162666755428329,0.25507407407407406,0.07238461689843198,0.48774074074074075,0.06357284894125104,14.218518518518524,2.7171870405081453,27.48148148148149,6.391703579162181,0.19514814814814818,0.08086964996152934,6.178571428571429,8.7222727730817
