Year,Team,Rslt,Rslt_std,Tm,Tm_std,Opp_score,Opp_score_std,OT,OT_std,ORtg,ORtg_std,DRtg,DRtg_std,Pace,Pace_std,FTr,FTr_std,3PAr,3PAr_std,TS%,TS%_std,TRB%,TRB%_std,AST%,AST%_std,STL%,STL%_std,BLK%,BLK%_std,eFG%,eFG%_std,TOV%,TOV%_std,ORB%,ORB%_std,FT/FGA,FT/FGA_std,eFG%_opp,eFG%_opp_std,TOV%_opp,TOV%_opp_std,ORB%_opp,ORB%_opp_std,FT/FGA_opp,FT/FGA_opp_std,Spread,Spread_std
2025,marquette,0.696969696969697,0.46669372215943755,76.44444444444444,7.191519221829886,68.44444444444444,7.339740790504449,0.0,0.0,110.2740740740741,9.502088539352107,98.11111111111111,11.475637516506717,68.70357142857144,3.3822501980362727,0.2621111111111111,0.08628991086997782,0.4584074074074072,0.054231171322588485,0.5467037037037037,0.04853057308765808,49.14074074074074,4.4669951403651185,49.562962962962956,7.574915493214743,12.499999999999998,3.9095543716151826,10.82962962962963,3.5508194953164103,0.5165185185185185,0.05426244654835519,11.442857142857145,3.4701295281010687,27.966666666666665,6.856439982291774,0.18622222222222218,0.06201819418732225,0.494925925925926,0.05809867331063456,16.940740740740743,3.913513005674575,27.4962962962963,7.380248144748432,0.2254814814814815,0.05331645031923894,7.777777777777778,10.955621434936543
