Year,Team,Rslt,Rslt_std,Tm,Tm_std,Opp_score,Opp_score_std,OT,OT_std,ORtg,ORtg_std,DRtg,DRtg_std,Pace,Pace_std,FTr,FTr_std,3PAr,3PAr_std,TS%,TS%_std,TRB%,TRB%_std,AST%,AST%_std,STL%,STL%_std,BLK%,BLK%_std,eFG%,eFG%_std,TOV%,TOV%_std,ORB%,ORB%_std,FT/FGA,FT/FGA_std,eFG%_opp,eFG%_opp_std,TOV%_opp,TOV%_opp_std,ORB%_opp,ORB%_opp_std,FT/FGA_opp,FT/FGA_opp_std,Spread,Spread_std
2025,michigan,0.7352941176470589,0.4478110755198991,78.0,9.454063165900024,70.82758620689656,9.539650208910933,0.0,0.0,108.05714285714282,10.46190367817581,98.39285714285714,11.932896595714768,71.91071428571428,2.4474233292140024,0.3538571428571428,0.09363788181101125,0.42399999999999993,0.06637938100210203,0.5747857142857143,0.05759073815895331,53.560714285714276,4.879612863037569,59.517857142857146,8.964582722371599,7.400000000000001,2.3706539182259396,8.825000000000001,3.834601239590196,0.5422857142857144,0.07017853272209712,16.646428571428576,2.9781279407953636,30.768965517241377,7.607050463140657,0.25860714285714287,0.07268467630327709,0.46889285714285706,0.05709598110376122,12.65,3.6627757132980348,26.75714285714286,5.505177937813103,0.20839285714285713,0.06555876034673823,6.285714285714286,9.606545387688245
