Year,Team,Rslt,Rslt_std,Tm,Tm_std,Opp_score,Opp_score_std,OT,OT_std,ORtg,ORtg_std,DRtg,DRtg_std,Pace,Pace_std,FTr,FTr_std,3PAr,3PAr_std,TS%,TS%_std,TRB%,TRB%_std,AST%,AST%_std,STL%,STL%_std,BLK%,BLK%_std,eFG%,eFG%_std,TOV%,TOV%_std,ORB%,ORB%_std,FT/FGA,FT/FGA_std,eFG%_opp,eFG%_opp_std,TOV%_opp,TOV%_opp_std,ORB%_opp,ORB%_opp_std,FT/FGA_opp,FT/FGA_opp_std,Spread,Spread_std
2025,purdue,0.6666666666666666,0.47871355387816905,77.51851851851852,8.059253498405852,71.55555555555556,7.841376122032373,0.0,0.0,115.47407407407407,9.902431426076534,105.94814814814816,11.19925719962542,67.70357142857141,3.4070169577306992,0.35188888888888886,0.09548070015748787,0.3853703703703703,0.06630010334610123,0.5928518518518517,0.047357643931539066,50.40357142857142,4.93629656823046,58.303703703703704,10.571677746241152,9.366666666666665,3.6895903462412902,4.664516129032258,3.8563841775335588,0.5646666666666667,0.05184147433800915,12.89259259259259,3.4252373220334253,28.65925925925927,5.3616343130730675,0.25274074074074065,0.06737243935056518,0.5228518518518519,0.05825124871801442,14.632142857142856,5.017159707881695,28.142857142857142,8.220499605049183,0.22337037037037025,0.06589569155295487,6.592592592592593,11.362080183525642
