Year,Team,Rslt,Rslt_std,Tm,Tm_std,Opp_score,Opp_score_std,OT,OT_std,ORtg,ORtg_std,DRtg,DRtg_std,Pace,Pace_std,FTr,FTr_std,3PAr,3PAr_std,TS%,TS%_std,TRB%,TRB%_std,AST%,AST%_std,STL%,STL%_std,BLK%,BLK%_std,eFG%,eFG%_std,TOV%,TOV%_std,ORB%,ORB%_std,FT/FGA,FT/FGA_std,eFG%_opp,eFG%_opp_std,TOV%_opp,TOV%_opp_std,ORB%_opp,ORB%_opp_std,FT/FGA_opp,FT/FGA_opp_std,Spread,Spread_std
2025,auburn,0.8484848484848485,0.36410954062720957,84.4074074074074,8.949685251273705,69.70370370370371,8.75660109163725,0.0,0.0,119.662962962963,8.360030739184753,99.06296296296296,10.573411797382951,70.14444444444445,3.8901585229053763,0.3346666666666668,0.08368944423834511,0.4074074074074075,0.033195527107473685,0.5905925925925927,0.05549446213484124,53.866666666666646,5.784794391665632,55.959259259259255,8.886950643381098,9.748148148148148,2.5103432756942547,16.271428571428576,5.436015503129526,0.5609629629629629,0.057075174100264456,10.914814814814813,2.1816901887692666,32.91851851851852,5.307689417398775,0.248037037037037,0.065885379189037,0.4621481481481481,0.05431156818529953,13.60357142857143,2.6507136904583017,26.78518518518519,7.882488073801205,0.28425925925925927,0.08761260560540739,13.333333333333334,11.238669507895155
