Year,Team,Rslt,Rslt_std,Tm,Tm_std,Opp_score,Opp_score_std,OT,OT_std,ORtg,ORtg_std,DRtg,DRtg_std,Pace,Pace_std,FTr,FTr_std,3PAr,3PAr_std,TS%,TS%_std,TRB%,TRB%_std,AST%,AST%_std,STL%,STL%_std,BLK%,BLK%_std,eFG%,eFG%_std,TOV%,TOV%_std,ORB%,ORB%_std,FT/FGA,FT/FGA_std,eFG%_opp,eFG%_opp_std,TOV%_opp,TOV%_opp_std,ORB%_opp,ORB%_opp_std,FT/FGA_opp,FT/FGA_opp_std,Spread,Spread_std
2025,kentucky,0.6666666666666666,0.47871355387816905,84.46428571428571,9.347141146845255,77.74074074074075,10.90374879991913,0.0,0.0,115.59629629629632,10.121397041055058,105.3,13.148998206941616,73.8142857142857,3.8049397022247473,0.3572222222222222,0.11171024790581877,0.4135925925925927,0.04320902617532526,0.5950740740740741,0.05903970367207657,52.07037037037038,4.198883992280185,56.59999999999999,8.534950768187514,8.911111111111111,3.295840424317309,10.877777777777778,4.0494380743442315,0.5645185185185185,0.06881322009075916,12.57777777777778,2.9829429625704744,26.307407407407414,5.711185107106521,0.26311111111111113,0.08503453295498127,0.5067407407407408,0.06730904190751137,11.4,3.215108563784912,24.318518518518513,6.010314022068617,0.22340740740740742,0.07824776195337635,6.888888888888889,13.616543482479553
