Year,Team,Rslt,Rslt_std,Tm,Tm_std,Opp_score,Opp_score_std,OT,OT_std,ORtg,ORtg_std,DRtg,DRtg_std,Pace,Pace_std,FTr,FTr_std,3PAr,3PAr_std,TS%,TS%_std,TRB%,TRB%_std,AST%,AST%_std,STL%,STL%_std,BLK%,BLK%_std,eFG%,eFG%_std,TOV%,TOV%_std,ORB%,ORB%_std,FT/FGA,FT/FGA_std,eFG%_opp,eFG%_opp_std,TOV%_opp,TOV%_opp_std,ORB%_opp,ORB%_opp_std,FT/FGA_opp,FT/FGA_opp_std,Spread,Spread_std
2025,mount-st-marys,0.6470588235294118,0.485071250072666,69.53571428571429,8.30654424226328,69.46428571428571,8.574216918599376,0.0,0.0,100.43214285714285,9.91512326258072,99.35357142857143,9.523206826167762,68.69285714285715,3.0728113043545835,0.31746428571428575,0.10270435172101453,0.4086785714285714,0.06110589083042562,0.5526428571428571,0.05569441376716092,52.7607142857143,5.028609946040555,61.339285714285715,7.589824537361618,8.55,2.6801741236966925,7.896428571428572,3.912987126731732,0.5138275862068965,0.06333249502513204,18.45357142857143,4.108571180210602,28.73103448275862,7.001586730789563,0.22689285714285715,0.07955167865431613,0.4746785714285714,0.05034477689737597,13.167857142857143,3.911905244954515,26.821428571428573,6.343871766887236,0.19389285714285712,0.08076410060843832,1.7857142857142858,7.2129366437294475
