Year,Team,Rslt,Rslt_std,Tm,Tm_std,Opp_score,Opp_score_std,OT,OT_std,ORtg,ORtg_std,DRtg,DRtg_std,Pace,Pace_std,FTr,FTr_std,3PAr,3PAr_std,TS%,TS%_std,TRB%,TRB%_std,AST%,AST%_std,STL%,STL%_std,BLK%,BLK%_std,eFG%,eFG%_std,TOV%,TOV%_std,ORB%,ORB%_std,FT/FGA,FT/FGA_std,eFG%_opp,eFG%_opp_std,TOV%_opp,TOV%_opp_std,ORB%_opp,ORB%_opp_std,FT/FGA_opp,FT/FGA_opp_std,Spread,Spread_std
2025,montana,0.7352941176470589,0.4478110755198991,78.6,9.521663140729,72.71428571428571,8.831161757629513,0.0,0.0,111.57857142857142,10.807656995642013,105.36071428571431,12.385963958231237,69.05,3.3988560166947686,0.34921428571428564,0.10604518853103147,0.3619642857142857,0.06609055636179528,0.601642857142857,0.05928475807222746,49.003571428571426,5.8023930020522165,48.80357142857144,11.048796889182672,8.864285714285716,1.8290281341039878,8.053571428571427,3.8381594878233307,0.5716428571428572,0.06769606054828163,14.085714285714285,2.5551276384316397,20.407142857142855,7.613921390571282,0.25248275862068964,0.09565399726157933,0.5111428571428572,0.0722217338200824,13.499999999999998,2.554589189268193,25.410714285714278,7.054724672986197,0.22289285714285717,0.08403761912721842,4.214285714285714,11.33450040676251
