Year,Team,Rslt,Rslt_std,Tm,Tm_std,Opp_score,Opp_score_std,OT,OT_std,ORtg,ORtg_std,DRtg,DRtg_std,Pace,Pace_std,FTr,FTr_std,3PAr,3PAr_std,TS%,TS%_std,TRB%,TRB%_std,AST%,AST%_std,STL%,STL%_std,BLK%,BLK%_std,eFG%,eFG%_std,TOV%,TOV%_std,ORB%,ORB%_std,FT/FGA,FT/FGA_std,eFG%_opp,eFG%_opp_std,TOV%_opp,TOV%_opp_std,ORB%_opp,ORB%_opp_std,FT/FGA_opp,FT/FGA_opp_std,Spread,Spread_std
2025,vanderbilt,0.625,0.4918693768379647,78.37037037037037,8.449616050212661,73.77777777777777,8.932797534640075,0.0,0.0,110.34615384615384,9.17724275669902,105.66538461538461,11.870634096212124,70.96153846153847,3.523416174462155,0.3375384615384615,0.10884456101036222,0.40123076923076917,0.04522239064207702,0.5518076923076923,0.041987635542639665,49.71153846153846,5.986272758441729,49.28846153846154,6.590315738905195,12.292307692307693,2.7628858936876965,10.942307692307692,3.604460911362261,0.5126923076923077,0.05192053099171405,12.230769230769234,2.7474743646875734,28.62692307692308,6.674582095820393,0.2534615384615384,0.07760733510138369,0.5333846153846153,0.06047417757891506,16.657692307692308,3.6536199120240274,28.084615384615386,6.931013911842469,0.2761923076923077,0.08451982926190481,3.3461538461538463,12.419153941206487
