Year,Team,Rslt,Rslt_std,Tm,Tm_std,Opp_score,Opp_score_std,OT,OT_std,ORtg,ORtg_std,DRtg,DRtg_std,Pace,Pace_std,FTr,FTr_std,3PAr,3PAr_std,TS%,TS%_std,TRB%,TRB%_std,AST%,AST%_std,STL%,STL%_std,BLK%,BLK%_std,eFG%,eFG%_std,TOV%,TOV%_std,ORB%,ORB%_std,FT/FGA,FT/FGA_std,eFG%_opp,eFG%_opp_std,TOV%_opp,TOV%_opp_std,ORB%_opp,ORB%_opp_std,FT/FGA_opp,FT/FGA_opp_std,Spread,Spread_std
2025,mississippi,0.6666666666666666,0.47871355387816905,76.70370370370371,6.550483333986272,71.44444444444444,9.621023987294832,0.0,0.0,108.37777777777775,10.2849529123986,99.9925925925926,12.790078063330842,70.35357142857143,3.839606668016838,0.3603333333333333,0.11247529643300481,0.39751851851851855,0.06700250877643452,0.5497407407407408,0.05097178147879968,46.54444444444444,4.103594421904677,52.829629629629636,10.73204456880331,12.4037037037037,3.155639820711907,11.407407407407405,6.722174895644661,0.5113333333333334,0.054356373909739276,10.600000000000001,2.70099696693362,22.70357142857143,5.249866463406272,0.2662592592592593,0.07517804128692028,0.5064074074074073,0.060216442463997676,16.9,3.732703701484612,27.448148148148146,6.9733763133777025,0.2811785714285715,0.0760565352934681,5.555555555555555,9.90467385139784
