Year,Team,Rslt,Rslt_std,Tm,Tm_std,Opp_score,Opp_score_std,OT,OT_std,ORtg,ORtg_std,DRtg,DRtg_std,Pace,Pace_std,FTr,FTr_std,3PAr,3PAr_std,TS%,TS%_std,TRB%,TRB%_std,AST%,AST%_std,STL%,STL%_std,BLK%,BLK%_std,eFG%,eFG%_std,TOV%,TOV%_std,ORB%,ORB%_std,FT/FGA,FT/FGA_std,eFG%_opp,eFG%_opp_std,TOV%_opp,TOV%_opp_std,ORB%_opp,ORB%_opp_std,FT/FGA_opp,FT/FGA_opp_std,Spread,Spread_std
2025,duke,1.0,0.0,82.62068965517241,9.049127002500803,62.266666666666666,8.178750150419592,0.0,0.0,122.675,11.865749808525313,91.35714285714288,9.721317871771356,67.44285714285715,3.020599470969492,0.31935714285714284,0.08258518129369319,0.4526428571428571,0.0564828484525362,0.6091785714285715,0.052727147812129165,57.59655172413791,4.958937296770397,57.892857142857146,8.691286763676919,10.22857142857143,3.0177078795935244,10.76785714285714,4.062844612978245,0.5761428571428572,0.05980753964962778,11.613793103448279,3.1830717574079106,33.56785714285714,4.500786233490403,0.24434482758620685,0.06439569410076432,0.4473214285714286,0.053279176372393704,14.289285714285716,2.994975951886918,22.517857142857142,6.769761392558035,0.18307142857142858,0.07517482270184592,20.892857142857142,10.475153267558236
