Year,Team,Rslt,Rslt_std,Tm,Tm_std,Opp_score,Opp_score_std,OT,OT_std,ORtg,ORtg_std,DRtg,DRtg_std,Pace,Pace_std,FTr,FTr_std,3PAr,3PAr_std,TS%,TS%_std,TRB%,TRB%_std,AST%,AST%_std,STL%,STL%_std,BLK%,BLK%_std,eFG%,eFG%_std,TOV%,TOV%_std,ORB%,ORB%_std,FT/FGA,FT/FGA_std,eFG%_opp,eFG%_opp_std,TOV%_opp,TOV%_opp_std,ORB%_opp,ORB%_opp_std,FT/FGA_opp,FT/FGA_opp_std,Spread,Spread_std
2025,wisconsin,0.7428571428571429,0.44343957363115993,79.20689655172414,6.366089348733578,70.93333333333334,8.878231158611895,0.0,0.0,114.00344827586207,9.322763337989315,99.88275862068964,10.037396822651255,69.36206896551724,2.622078482140164,0.3355517241379311,0.08311248239021646,0.4830689655172413,0.05431911728354073,0.5860689655172414,0.05205692696769755,51.4551724137931,3.4659142482690886,55.12413793103448,8.705115703358974,6.720000000000001,2.828719705522941,6.020689655172412,2.6628903885956094,0.5380344827586206,0.058389995937795404,11.841379310344827,2.7378976868835627,24.779310344827586,5.899599218248694,0.27472413793103445,0.0772056144108168,0.47566666666666657,0.05594907372401006,12.175862068965515,3.2043112890976153,23.837931034482757,6.239128475831463,0.19858620689655174,0.08274984559389104,9.275862068965518,9.750078943724866
