Year,Team,Rslt,Rslt_std,Tm,Tm_std,Opp_score,Opp_score_std,OT,OT_std,ORtg,ORtg_std,DRtg,DRtg_std,Pace,Pace_std,FTr,FTr_std,3PAr,3PAr_std,TS%,TS%_std,TRB%,TRB%_std,AST%,AST%_std,STL%,STL%_std,BLK%,BLK%_std,eFG%,eFG%_std,TOV%,TOV%_std,ORB%,ORB%_std,FT/FGA,FT/FGA_std,eFG%_opp,eFG%_opp_std,TOV%_opp,TOV%_opp_std,ORB%_opp,ORB%_opp_std,FT/FGA_opp,FT/FGA_opp_std,Spread,Spread_std
2026,arizona,1.0,0.0,86.07142857142857,7.953236338369949,69.93103448275862,8.643457618679653,0.0,0.0,118.11428571428571,7.183299267035193,94.81071428571427,9.953831917471273,72.80344827586208,4.488197439524873,0.4340714285714286,0.11756571954740214,0.26567857142857154,0.05912200415802373,0.5879285714285716,0.04126241996765702,58.742857142857154,4.623805437037411,55.6551724137931,7.856188925522193,10.892857142857144,2.31627551796678,10.374999999999998,3.5135320416081885,0.5493214285714287,0.04739436876334773,12.503571428571425,2.711085902823216,37.885714285714286,5.3369927921529055,0.3186785714285714,0.10382537104175295,0.4536071428571428,0.054956103213594766,14.135714285714286,2.5977503494960557,24.43928571428571,5.8600555733500785,0.20310714285714285,0.0628150367028376,17.321428571428573,10.70151796580685
