Year,Team,Rslt,Rslt_std,Tm,Tm_std,Opp_score,Opp_score_std,OT,OT_std,ORtg,ORtg_std,DRtg,DRtg_std,Pace,Pace_std,FTr,FTr_std,3PAr,3PAr_std,TS%,TS%_std,TRB%,TRB%_std,AST%,AST%_std,STL%,STL%_std,BLK%,BLK%_std,eFG%,eFG%_std,TOV%,TOV%_std,ORB%,ORB%_std,FT/FGA,FT/FGA_std,eFG%_opp,eFG%_opp_std,TOV%_opp,TOV%_opp_std,ORB%_opp,ORB%_opp_std,FT/FGA_opp,FT/FGA_opp_std,Spread,Spread_std
2026,virginia-commonwealth,0.7878787878787878,0.41514875026728054,81.51851851851852,7.627734669109577,71.55555555555556,7.355444521071728,0.0,0.0,116.14444444444446,9.914764954478958,101.4962962962963,9.252337811912998,70.77407407407408,3.9856080119689667,0.44300000000000006,0.09198954790125301,0.43085185185185193,0.05294387718191908,0.585925925925926,0.0462941480983088,52.87777777777777,3.791826567493392,52.83703703703703,7.726883546730167,10.159259259259258,2.6418611241755685,11.4,4.511267943886559,0.5483333333333333,0.05080051483688238,12.511111111111113,2.364372307877169,31.688888888888894,6.191081260933924,0.32696296296296307,0.08125244681829658,0.49478571428571433,0.06216844331262722,13.888888888888891,2.9643177102293685,27.12592592592592,4.993425877521563,0.23455555555555557,0.06571168572655584,10.714285714285714,9.148394487183076
