Year,Team,Rslt,Rslt_std,Tm,Tm_std,Opp_score,Opp_score_std,OT,OT_std,ORtg,ORtg_std,DRtg,DRtg_std,Pace,Pace_std,FTr,FTr_std,3PAr,3PAr_std,TS%,TS%_std,TRB%,TRB%_std,AST%,AST%_std,STL%,STL%_std,BLK%,BLK%_std,eFG%,eFG%_std,TOV%,TOV%_std,ORB%,ORB%_std,FT/FGA,FT/FGA_std,eFG%_opp,eFG%_opp_std,TOV%_opp,TOV%_opp_std,ORB%_opp,ORB%_opp_std,FT/FGA_opp,FT/FGA_opp_std,Spread,Spread_std
2026,texas-tech,0.6875,0.47092907485988494,80.76923076923077,8.696241451605136,73.15384615384616,7.608901669451683,0.0,0.0,116.87692307692312,10.824428213713931,106.05384615384614,12.09724698497078,68.73461538461538,2.9384271041075434,0.2636538461538462,0.09440124673231484,0.4835,0.0411283357309775,0.588346153846154,0.04919019602131491,52.46538461538463,5.2702897307599565,55.976923076923086,6.900510571968292,8.146153846153847,2.398204456543398,9.057692307692308,4.4560227177987395,0.5650000000000002,0.050370626361005276,13.16923076923077,2.9142092211465163,31.56153846153846,7.564764473429529,0.18900000000000003,0.08116649555081211,0.493923076923077,0.05884414878434258,11.92222222222222,3.3472529877651263,27.76538461538462,6.554750479320616,0.21865384615384612,0.04700548249529394,7.296296296296297,11.575221595535655
