Year,Team,Rslt,Rslt_std,Tm,Tm_std,Opp_score,Opp_score_std,OT,OT_std,ORtg,ORtg_std,DRtg,DRtg_std,Pace,Pace_std,FTr,FTr_std,3PAr,3PAr_std,TS%,TS%_std,TRB%,TRB%_std,AST%,AST%_std,STL%,STL%_std,BLK%,BLK%_std,eFG%,eFG%_std,TOV%,TOV%_std,ORB%,ORB%_std,FT/FGA,FT/FGA_std,eFG%_opp,eFG%_opp_std,TOV%_opp,TOV%_opp_std,ORB%_opp,ORB%_opp_std,FT/FGA_opp,FT/FGA_opp_std,Spread,Spread_std
2026,vanderbilt,0.7878787878787878,0.41514875026728054,86.85185185185185,7.744495333926412,74.92592592592592,8.189702379893001,0.0,0.0,119.95555555555555,10.607556571155133,103.18888888888888,11.891248667477898,71.92592592592592,3.7132395759159076,0.37367857142857147,0.12386882355837343,0.4404814814814814,0.05318499670625048,0.6067931034482761,0.05313216627991049,50.411111111111126,5.974840411987416,56.28148148148148,6.759895142395505,11.464285714285714,3.002001096270716,13.137037037037041,4.922096813050008,0.5551851851851852,0.05582047944908683,10.731034482758622,3.3507039183981138,28.55185185185185,5.750342489490408,0.3031111111111111,0.09972552074158093,0.4837142857142858,0.0680309608943725,14.981481481481483,2.664010429212237,27.988888888888887,7.297330035089933,0.3225925925925926,0.07878513099625375,11.962962962962964,10.814809936384178
