Year,Team,Rslt,Rslt_std,Tm,Tm_std,Opp_score,Opp_score_std,OT,OT_std,ORtg,ORtg_std,DRtg,DRtg_std,Pace,Pace_std,FTr,FTr_std,3PAr,3PAr_std,TS%,TS%_std,TRB%,TRB%_std,AST%,AST%_std,STL%,STL%_std,BLK%,BLK%_std,eFG%,eFG%_std,TOV%,TOV%_std,ORB%,ORB%_std,FT/FGA,FT/FGA_std,eFG%_opp,eFG%_opp_std,TOV%_opp,TOV%_opp_std,ORB%_opp,ORB%_opp_std,FT/FGA_opp,FT/FGA_opp_std,Spread,Spread_std
2026,virginia,0.8529411764705882,0.35949062795357095,80.85714285714286,7.316719998359342,67.27586206896552,8.193623617197433,0.0,0.0,117.75357142857145,8.602991819940796,98.55357142857143,9.997239698401833,67.31785714285715,2.7315785114144457,0.3301071428571428,0.11710879376340437,0.4619285714285715,0.058795898428016836,0.5789285714285715,0.05770482268274083,56.23928571428571,5.234454181861808,60.30357142857143,9.856394132288202,8.828571428571427,2.6769049489700056,17.57857142857143,6.195778559444483,0.5506071428571429,0.06046813625907039,12.560714285714287,2.0217959170397815,36.55357142857142,6.808028057502851,0.2428214285714286,0.08747827394672585,0.452142857142857,0.05439275161794473,12.328571428571431,2.5825421215391255,25.678571428571427,6.34784052769754,0.2501071428571428,0.06738355623439335,12.25,9.758661869410247
