Year,Team,Rslt,Rslt_std,Tm,Tm_std,Opp_score,Opp_score_std,OT,OT_std,ORtg,ORtg_std,DRtg,DRtg_std,Pace,Pace_std,FTr,FTr_std,3PAr,3PAr_std,TS%,TS%_std,TRB%,TRB%_std,AST%,AST%_std,STL%,STL%_std,BLK%,BLK%_std,eFG%,eFG%_std,TOV%,TOV%_std,ORB%,ORB%_std,FT/FGA,FT/FGA_std,eFG%_opp,eFG%_opp_std,TOV%_opp,TOV%_opp_std,ORB%_opp,ORB%_opp_std,FT/FGA_opp,FT/FGA_opp_std,Spread,Spread_std
2026,kentucky,0.6176470588235294,0.4932702180563817,80.53571428571429,9.402450991953357,74.07142857142857,9.556570636375913,0.0,0.0,114.34285714285708,13.624907164384469,105.53571428571429,13.332839276560831,70.71785714285714,2.3222041846341317,0.3751785714285714,0.08066393639614072,0.3912857142857142,0.0634757796578711,0.56475,0.06154650454917989,52.03928571428571,6.701649287645779,56.91785714285715,10.357572058247966,9.953571428571427,2.3197193544905135,12.725,3.9620070671315064,0.5276071428571428,0.07545140171768859,12.364285714285716,2.5429953591828274,32.79642857142857,7.035333161863246,0.2725357142857144,0.06264862751170634,0.4899285714285715,0.07026454169853966,13.135714285714288,2.6230056671991253,28.13214285714286,8.330001714971527,0.2720714285714286,0.07899269941486088,6.035714285714286,13.953579503209237
