Year,Team,Rslt,Rslt_std,Tm,Tm_std,Opp_score,Opp_score_std,OT,OT_std,ORtg,ORtg_std,DRtg,DRtg_std,Pace,Pace_std,FTr,FTr_std,3PAr,3PAr_std,TS%,TS%_std,TRB%,TRB%_std,AST%,AST%_std,STL%,STL%_std,BLK%,BLK%_std,eFG%,eFG%_std,TOV%,TOV%_std,ORB%,ORB%_std,FT/FGA,FT/FGA_std,eFG%_opp,eFG%_opp_std,TOV%_opp,TOV%_opp_std,ORB%_opp,ORB%_opp_std,FT/FGA_opp,FT/FGA_opp_std,Spread,Spread_std
2026,south-florida,0.75,0.43994134506405985,88.34615384615384,8.912653062662352,75.57692307692308,10.885487869353682,0.125,0.3360107525161235,114.03076923076921,8.588260323523931,99.0076923076923,10.873818945593056,75.11538461538463,4.587783108011302,0.41453846153846163,0.11570383944164717,0.44146153846153846,0.03958608924279414,0.5604230769230769,0.04101041143604688,53.699999999999996,3.8775249838008783,59.984615384615374,7.879984381085652,11.58076923076923,2.92164600604101,10.965384615384616,4.42067346070187,0.5141923076923077,0.043917212325710504,11.638461538461538,3.0292014687804345,35.284615384615385,5.906517912116566,0.3050384615384615,0.10042528795845429,0.47638461538461535,0.055774601332919935,15.676923076923076,3.4075572121163504,28.049999999999997,6.7668160903042125,0.25696153846153846,0.06991336396954778,10.76923076923077,9.835884067261844
