Year,Team,Rslt,Rslt_std,Tm,Tm_std,Opp_score,Opp_score_std,OT,OT_std,ORtg,ORtg_std,DRtg,DRtg_std,Pace,Pace_std,FTr,FTr_std,3PAr,3PAr_std,TS%,TS%_std,TRB%,TRB%_std,AST%,AST%_std,STL%,STL%_std,BLK%,BLK%_std,eFG%,eFG%_std,TOV%,TOV%_std,ORB%,ORB%_std,FT/FGA,FT/FGA_std,eFG%_opp,eFG%_opp_std,TOV%_opp,TOV%_opp_std,ORB%_opp,ORB%_opp_std,FT/FGA_opp,FT/FGA_opp_std,Spread,Spread_std
2026,iowa-state,0.7941176470588235,0.4104256301219048,81.25,9.127187713395378,65.7741935483871,8.920798459851579,0.0,0.0,118.08571428571429,9.719880897217037,94.32500000000002,12.331099647578823,69.09642857142858,3.2113781676174074,0.3445357142857143,0.09808857755936237,0.393896551724138,0.050882458967132,0.5816428571428572,0.04774485761389836,53.2392857142857,6.234512026745975,56.73571428571427,7.887224282236869,12.792857142857144,3.2111989881972343,8.585714285714284,4.317296332086508,0.5609285714285716,0.06084158456761635,12.285714285714283,2.2075148228543546,33.067857142857136,5.471952293721309,0.22971428571428576,0.076298564203207,0.49407142857142866,0.04950340696949355,18.703571428571433,4.188120956092021,25.992857142857144,9.597296246240148,0.196,0.08212772347364174,16.428571428571427,14.15896149003134
