Year,Team,Rslt,Rslt_std,Tm,Tm_std,Opp_score,Opp_score_std,OT,OT_std,ORtg,ORtg_std,DRtg,DRtg_std,Pace,Pace_std,FTr,FTr_std,3PAr,3PAr_std,TS%,TS%_std,TRB%,TRB%_std,AST%,AST%_std,STL%,STL%_std,BLK%,BLK%_std,eFG%,eFG%_std,TOV%,TOV%_std,ORB%,ORB%_std,FT/FGA,FT/FGA_std,eFG%_opp,eFG%_opp_std,TOV%_opp,TOV%_opp_std,ORB%_opp,ORB%_opp_std,FT/FGA_opp,FT/FGA_opp_std,Spread,Spread_std
2026,duke,1.0,0.0,81.19354838709677,10.743740363078741,63.3448275862069,8.036860892470774,0.0,0.0,119.3892857142857,10.075542050879825,92.3142857142857,10.107962181908848,67.75714285714287,3.8058851670487783,0.38599999999999995,0.09549830326202621,0.4473571428571429,0.060874013360756034,0.5936428571428571,0.04987630201453895,58.82142857142857,5.061353730703041,59.550000000000004,7.357963687708008,11.403571428571428,3.0817842526520542,10.058620689655172,6.895056057027865,0.5642142857142858,0.04878247798882462,12.703571428571427,1.9837267850366787,36.32857142857142,8.3015775896025,0.27503571428571433,0.08089979267604124,0.4577857142857143,0.06833921771024803,15.042857142857143,3.2099877202290297,21.553571428571434,5.495754734867642,0.17089285714285718,0.05429026192313443,17.17241379310345,11.946514630747334
