Year,Team,Rslt,Rslt_std,Tm,Tm_std,Opp_score,Opp_score_std,OT,OT_std,ORtg,ORtg_std,DRtg,DRtg_std,Pace,Pace_std,FTr,FTr_std,3PAr,3PAr_std,TS%,TS%_std,TRB%,TRB%_std,AST%,AST%_std,STL%,STL%_std,BLK%,BLK%_std,eFG%,eFG%_std,TOV%,TOV%_std,ORB%,ORB%_std,FT/FGA,FT/FGA_std,eFG%_opp,eFG%_opp_std,TOV%_opp,TOV%_opp_std,ORB%_opp,ORB%_opp_std,FT/FGA_opp,FT/FGA_opp_std,Spread,Spread_std
2026,texas-christian,0.6666666666666666,0.47871355387816905,77.11111111111111,9.195874214238826,71.85185185185185,10.556455202327458,0.0,0.0,107.7148148148148,9.235246184037115,100.45185185185184,11.11209910137353,71.01851851851852,3.8705035487385517,0.38233333333333336,0.08099525152273292,0.3635925925925926,0.053173344435013294,0.5381111111111111,0.036856617538920416,52.3111111111111,6.360958644087766,56.822222222222216,10.899376599439542,10.837037037037037,3.3856198328255425,12.20740740740741,5.078379960178543,0.5042962962962964,0.040634217122267786,12.58888888888889,2.362907813126304,32.2925925925926,9.005849634283688,0.2639642857142857,0.058323162378606234,0.5111851851851853,0.05396368938536145,16.488888888888894,3.6833652394487686,27.232142857142858,6.16111182675651,0.2056666666666667,0.09763944663127469,4.7407407407407405,7.8082431422606815
