Year,Team,Rslt,Rslt_std,Tm,Tm_std,Opp_score,Opp_score_std,OT,OT_std,ORtg,ORtg_std,DRtg,DRtg_std,Pace,Pace_std,FTr,FTr_std,3PAr,3PAr_std,TS%,TS%_std,TRB%,TRB%_std,AST%,AST%_std,STL%,STL%_std,BLK%,BLK%_std,eFG%,eFG%_std,TOV%,TOV%_std,ORB%,ORB%_std,FT/FGA,FT/FGA_std,eFG%_opp,eFG%_opp_std,TOV%_opp,TOV%_opp_std,ORB%_opp,ORB%_opp_std,FT/FGA_opp,FT/FGA_opp_std,Spread,Spread_std
2026,hawaii,0.75,0.43994134506405985,79.65384615384616,8.517944858672461,70.26923076923077,8.784339211609225,0.0,0.0,107.91923076923078,11.885352976862546,94.47692307692306,11.413686790596898,73.42307692307692,3.236702975845352,0.4225384615384615,0.13204884877021256,0.39276923076923087,0.04855702436707398,0.5682307692307691,0.055774049659179446,54.17307692307692,6.22328258669379,51.138461538461556,11.551452789085083,8.765384615384615,2.538179238382082,9.934615384615386,4.1428436907701265,0.5257307692307692,0.06275766578980303,15.588461538461537,2.1315397107399945,30.0,7.1361053803878205,0.31557692307692303,0.09587832834459435,0.4559615384615384,0.05176522444207561,14.16923076923077,2.798823928834285,23.02307692307693,6.593045286803825,0.24223076923076917,0.06856781034410107,8.296296296296296,12.541668441377618
