Year,Team,Rslt,Rslt_std,Tm,Tm_std,Opp_score,Opp_score_std,OT,OT_std,ORtg,ORtg_std,DRtg,DRtg_std,Pace,Pace_std,FTr,FTr_std,3PAr,3PAr_std,TS%,TS%_std,TRB%,TRB%_std,AST%,AST%_std,STL%,STL%_std,BLK%,BLK%_std,eFG%,eFG%_std,TOV%,TOV%_std,ORB%,ORB%_std,FT/FGA,FT/FGA_std,eFG%_opp,eFG%_opp_std,TOV%_opp,TOV%_opp_std,ORB%_opp,ORB%_opp_std,FT/FGA_opp,FT/FGA_opp_std,Spread,Spread_std
2026,tennessee,0.6666666666666666,0.47871355387816905,79.03703703703704,7.490925184111781,69.03703703703704,7.413508883120999,0.0,0.0,114.50370370370372,9.897143390567162,100.8777777777778,11.512679743300204,68.4074074074074,3.4014618945304993,0.3993333333333333,0.11632745558584578,0.3138518518518519,0.05349169863971252,0.5527777777777777,0.044786960098579964,60.3111111111111,4.550852272954638,60.07777777777778,9.425674158028874,11.033333333333335,2.2369278383189197,10.629629629629632,4.159864533187703,0.515,0.05106858133921482,12.985185185185186,2.744743746439407,44.86296296296297,7.441264788490035,0.27942857142857147,0.09832652653331053,0.4761428571428571,0.04840929990673608,13.388888888888891,3.356088993655164,24.411111111111108,4.203691906054206,0.24981481481481482,0.0676825378212573,9.222222222222221,11.633285577743433
