Year,Team,Rslt,Rslt_std,Tm,Tm_std,Opp_score,Opp_score_std,OT,OT_std,ORtg,ORtg_std,DRtg,DRtg_std,Pace,Pace_std,FTr,FTr_std,3PAr,3PAr_std,TS%,TS%_std,TRB%,TRB%_std,AST%,AST%_std,STL%,STL%_std,BLK%,BLK%_std,eFG%,eFG%_std,TOV%,TOV%_std,ORB%,ORB%_std,FT/FGA,FT/FGA_std,eFG%_opp,eFG%_opp_std,TOV%_opp,TOV%_opp_std,ORB%_opp,ORB%_opp_std,FT/FGA_opp,FT/FGA_opp_std,Spread,Spread_std
2026,brigham-young,0.6764705882352942,0.47485807993381707,83.42857142857143,9.979343745322215,75.60714285714286,9.488157475249464,0.0,0.0,115.90714285714289,11.442122587709385,105.48214285714286,13.248425582810977,72.20357142857144,4.0337908044379605,0.3351071428571428,0.07130235011747602,0.39439285714285716,0.053962496775084995,0.5781428571428571,0.05283847804303945,53.25357142857143,4.406265080277395,45.51071428571428,8.958312476904476,9.85,3.517627567509628,11.55357142857143,3.556473715775964,0.54675,0.05647262529232555,12.685714285714287,3.530367128712262,32.239285714285714,6.753892665534901,0.24496666666666667,0.05530634641723307,0.510142857142857,0.06300776806060374,13.60689655172414,3.5556726342245564,25.700000000000006,4.511220578857912,0.20882142857142855,0.06711463580042985,7.571428571428571,12.145502357384297
