Year,Team,Rslt,Rslt_std,Tm,Tm_std,Opp_score,Opp_score_std,OT,OT_std,ORtg,ORtg_std,DRtg,DRtg_std,Pace,Pace_std,FTr,FTr_std,3PAr,3PAr_std,TS%,TS%_std,TRB%,TRB%_std,AST%,AST%_std,STL%,STL%_std,BLK%,BLK%_std,eFG%,eFG%_std,TOV%,TOV%_std,ORB%,ORB%_std,FT/FGA,FT/FGA_std,eFG%_opp,eFG%_opp_std,TOV%_opp,TOV%_opp_std,ORB%_opp,ORB%_opp_std,FT/FGA_opp,FT/FGA_opp_std,Spread,Spread_std
2026,gonzaga,1.0,0.0,84.92592592592592,8.887873873672037,65.14814814814815,9.582450721154887,0.0,0.0,119.63333333333334,9.858771962845303,92.76296296296297,13.314397879107824,71.44444444444446,4.152972367736088,0.3071111111111111,0.08457738074292284,0.3026296296296297,0.05396234310085574,0.5859999999999999,0.046075189385645254,56.07777777777778,5.202169172812828,57.17407407407407,10.533010110804128,11.744444444444444,3.579679114683684,11.255555555555556,4.561488735838277,0.5614814814814816,0.052745667244859205,11.522222222222226,2.4363171028503303,34.144444444444446,6.03944300369428,0.21729629629629632,0.055080231561168196,0.45718518518518525,0.0630579934767238,16.640740740740743,3.408277171292452,23.159259259259265,5.25058672613461,0.222,0.052310463727485865,18.925925925925927,11.769994202749785
