Year,Team,Rslt,Rslt_std,Tm,Tm_std,Opp_score,Opp_score_std,OT,OT_std,ORtg,ORtg_std,DRtg,DRtg_std,Pace,Pace_std,FTr,FTr_std,3PAr,3PAr_std,TS%,TS%_std,TRB%,TRB%_std,AST%,AST%_std,STL%,STL%_std,BLK%,BLK%_std,eFG%,eFG%_std,TOV%,TOV%_std,ORB%,ORB%_std,FT/FGA,FT/FGA_std,eFG%_opp,eFG%_opp_std,TOV%_opp,TOV%_opp_std,ORB%_opp,ORB%_opp_std,FT/FGA_opp,FT/FGA_opp_std,Spread,Spread_std
2026,utah-state,0.8235294117647058,0.3869529949759475,82.93103448275862,9.34624078166021,70.10714285714286,8.89585540497615,0.0,0.0,118.38214285714287,12.853218463393706,100.72142857142858,12.187253728348871,69.59642857142858,3.0153290027307125,0.3799285714285713,0.10511543163710059,0.4111428571428573,0.059688521314567484,0.6020357142857142,0.06718161242199422,50.78965517241379,6.185948641165154,59.732142857142854,6.257265618133293,12.514285714285714,3.0015692544763963,8.62857142857143,3.2718617582470326,0.5733571428571428,0.07322679851778323,12.464285714285712,2.779983251443591,30.167857142857148,6.863216693813724,0.2672142857142857,0.08183242006408568,0.4895,0.06446043862826369,16.571428571428573,3.348726362957752,29.964285714285715,6.612906252210831,0.2793571428571429,0.0682056879813984,12.0,11.524531001946015
