Year,Team,Rslt,Rslt_std,Tm,Tm_std,Opp_score,Opp_score_std,OT,OT_std,ORtg,ORtg_std,DRtg,DRtg_std,Pace,Pace_std,FTr,FTr_std,3PAr,3PAr_std,TS%,TS%_std,TRB%,TRB%_std,AST%,AST%_std,STL%,STL%_std,BLK%,BLK%_std,eFG%,eFG%_std,TOV%,TOV%_std,ORB%,ORB%_std,FT/FGA,FT/FGA_std,eFG%_opp,eFG%_opp_std,TOV%_opp,TOV%_opp_std,ORB%_opp,ORB%_opp_std,FT/FGA_opp,FT/FGA_opp_std,Spread,Spread_std
2026,mcneese-state,0.8484848484848485,0.36410954062720957,77.0,8.977337722988514,64.71428571428571,6.005288674451218,0.0,0.0,115.07037037037037,11.39678817153239,96.56296296296296,9.407981396671337,67.6148148148148,4.978314798565697,0.3711851851851851,0.09671211722547292,0.346925925925926,0.049643285955462704,0.5623703703703705,0.062455613868600345,51.88888888888887,5.977993832081985,49.077777777777776,10.96663938894589,15.266666666666666,3.207203430740533,16.41111111111111,5.459524728070224,0.5202962962962963,0.07097876974832514,11.366666666666665,2.8187558630333025,34.19642857142858,6.854600085201348,0.28037037037037044,0.0821223984007306,0.48066666666666663,0.047743706794315194,19.33928571428571,4.135334576971018,28.982142857142865,9.582122766880872,0.29503703703703693,0.10628028309850597,11.88888888888889,10.496641709589175
