Year,Team,Rslt,Rslt_std,Tm,Tm_std,Opp_score,Opp_score_std,OT,OT_std,ORtg,ORtg_std,DRtg,DRtg_std,Pace,Pace_std,FTr,FTr_std,3PAr,3PAr_std,TS%,TS%_std,TRB%,TRB%_std,AST%,AST%_std,STL%,STL%_std,BLK%,BLK%_std,eFG%,eFG%_std,TOV%,TOV%_std,ORB%,ORB%_std,FT/FGA,FT/FGA_std,eFG%_opp,eFG%_opp_std,TOV%_opp,TOV%_opp_std,ORB%_opp,ORB%_opp_std,FT/FGA_opp,FT/FGA_opp_std,Spread,Spread_std
2026,purdue,0.7647058823529411,0.4305615452020462,81.39285714285714,7.365280340717147,68.96551724137932,8.209240258133729,0.0,0.0,123.33214285714287,9.167375874440863,104.97857142857143,12.144053784797,66.18928571428573,3.522871228575024,0.2811428571428572,0.06929470841093577,0.41267857142857156,0.06637271503854052,0.6033214285714286,0.04427360518866875,56.310714285714276,5.672437537694675,67.42857142857142,7.822278589262997,8.357142857142856,2.058483543134241,7.50967741935484,5.038409460581098,0.5785,0.04768220414989845,11.225,2.848732661689717,35.33571428571428,7.087402192712774,0.2091428571428571,0.061940661141494956,0.5256428571428572,0.0741086361167843,13.539285714285713,2.495082465157516,23.821428571428566,6.636674599183671,0.18610714285714286,0.07237778423517571,11.357142857142858,11.06617899097595
