Year,Team,Rslt,Rslt_std,Tm,Tm_std,Opp_score,Opp_score_std,OT,OT_std,ORtg,ORtg_std,DRtg,DRtg_std,Pace,Pace_std,FTr,FTr_std,3PAr,3PAr_std,TS%,TS%_std,TRB%,TRB%_std,AST%,AST%_std,STL%,STL%_std,BLK%,BLK%_std,eFG%,eFG%_std,TOV%,TOV%_std,ORB%,ORB%_std,FT/FGA,FT/FGA_std,eFG%_opp,eFG%_opp_std,TOV%_opp,TOV%_opp_std,ORB%_opp,ORB%_opp_std,FT/FGA_opp,FT/FGA_opp_std,Spread,Spread_std
2026,michigan,1.0,0.0,86.62962962962963,9.620283652255663,68.70370370370371,5.790010062531543,0.0,0.0,118.14444444444443,10.806313444297745,94.75555555555556,9.49584254508391,72.67037037037038,4.015337404619253,0.3947037037037037,0.10337118137856963,0.4187407407407407,0.05062121217935345,0.6085555555555556,0.05451910979953114,57.78518518518518,4.835422478058205,60.618518518518506,8.235478456841802,7.7370370370370365,2.6357232474288796,16.27777777777778,2.793307019030329,0.5767777777777778,0.06617188185867127,13.844444444444445,2.7179366230983915,34.37777777777778,7.320536620375341,0.29964285714285716,0.07802336510716198,0.44377777777777777,0.04724024794220523,12.974074074074077,2.670435371100576,25.04074074074074,5.867856328484695,0.19303703703703703,0.06337767228866444,18.535714285714285,13.478328676632866
