Year,Team,Rslt,Rslt_std,Tm,Tm_std,Opp_score,Opp_score_std,OT,OT_std,ORtg,ORtg_std,DRtg,DRtg_std,Pace,Pace_std,FTr,FTr_std,3PAr,3PAr_std,TS%,TS%_std,TRB%,TRB%_std,AST%,AST%_std,STL%,STL%_std,BLK%,BLK%_std,eFG%,eFG%_std,TOV%,TOV%_std,ORB%,ORB%_std,FT/FGA,FT/FGA_std,eFG%_opp,eFG%_opp_std,TOV%_opp,TOV%_opp_std,ORB%_opp,ORB%_opp_std,FT/FGA_opp,FT/FGA_opp_std,Spread,Spread_std
2026,akron,0.8529411764705882,0.35949062795357095,88.25,9.539877318878856,72.57142857142857,8.075700045007318,0.0,0.0,121.12500000000003,10.213847716956877,100.34285714285714,11.569833974654008,72.42142857142858,3.66043481963319,0.27913793103448276,0.09570330795071484,0.46125,0.06640483304588495,0.6089642857142856,0.06185555584068246,55.24285714285713,5.140646203177513,57.36071428571428,6.941199559352211,10.335714285714287,2.642699838018392,8.985714285714286,3.7842474946188576,0.5807931034482757,0.06431361737074308,12.578571428571427,2.8129801177500604,32.69642857142857,5.499190657142001,0.20149999999999996,0.06424403704855647,0.49910714285714286,0.06859885501998493,15.539285714285713,3.149172646869072,25.435714285714287,7.2680536028983145,0.20517857142857138,0.07877913503207634,14.285714285714286,9.675693650537289
