Year,Team,Rslt,Rslt_std,Tm,Tm_std,Opp_score,Opp_score_std,OT,OT_std,ORtg,ORtg_std,DRtg,DRtg_std,Pace,Pace_std,FTr,FTr_std,3PAr,3PAr_std,TS%,TS%_std,TRB%,TRB%_std,AST%,AST%_std,STL%,STL%_std,BLK%,BLK%_std,eFG%,eFG%_std,TOV%,TOV%_std,ORB%,ORB%_std,FT/FGA,FT/FGA_std,eFG%_opp,eFG%_opp_std,TOV%_opp,TOV%_opp_std,ORB%_opp,ORB%_opp_std,FT/FGA_opp,FT/FGA_opp_std,Spread,Spread_std
2026,northern-iowa,0.6571428571428571,0.4815939919779354,70.36666666666666,8.802363841344114,61.0,7.0761167720317175,0.0,0.0,107.77241379310345,10.63722898099353,94.47931034482757,9.996941650551532,64.11379310344827,2.7072289651876025,0.2602068965517242,0.08876227452758488,0.3977586206896552,0.07264279296295074,0.5687586206896554,0.06528872970583044,48.9103448275862,5.298001296148402,57.806896551724144,12.541386658194734,9.655172413793103,3.032394881807418,9.617241379310348,3.6933404320205887,0.5470689655172414,0.0720569868895856,12.555172413793102,3.38542951557496,19.844827586206897,5.985016183705088,0.17913793103448275,0.05762856691032609,0.4622758620689655,0.05804856129121802,15.189655172413786,4.291715010807468,23.75172413793104,7.00931118939327,0.20631034482758623,0.0668351401628749,7.517241379310345,9.970028978519185
