Year,Team,Rslt,Rslt_std,Tm,Tm_std,Opp_score,Opp_score_std,OT,OT_std,ORtg,ORtg_std,DRtg,DRtg_std,Pace,Pace_std,FTr,FTr_std,3PAr,3PAr_std,TS%,TS%_std,TRB%,TRB%_std,AST%,AST%_std,STL%,STL%_std,BLK%,BLK%_std,eFG%,eFG%_std,TOV%,TOV%_std,ORB%,ORB%_std,FT/FGA,FT/FGA_std,eFG%_opp,eFG%_opp_std,TOV%_opp,TOV%_opp_std,ORB%_opp,ORB%_opp_std,FT/FGA_opp,FT/FGA_opp_std,Spread,Spread_std
2026,connecticut,0.8529411764705882,0.35949062795357095,76.92857142857143,7.610560749421484,64.46428571428571,7.632688681450103,0.0,0.0,114.06071428571427,8.411647096633743,97.12142857142858,10.730791871054725,66.92500000000003,3.5964617385754343,0.2984285714285714,0.08679069269584348,0.3989285714285714,0.05349484473010846,0.5815357142857142,0.053336445841717414,54.87857142857143,5.376861065773871,65.91724137931035,9.236885257546708,9.867857142857144,2.2030372252581243,14.85357142857143,5.415374693295291,0.5590714285714286,0.060305351750366644,13.49642857142857,3.504122666428169,34.45714285714285,6.121149043150771,0.2216206896551724,0.07007517075719649,0.46107142857142863,0.060576201519047,14.458620689655174,2.267238288783973,25.574999999999992,6.751001297475694,0.28846428571428573,0.07429594582571492,11.785714285714286,9.546599716001825
