Year,Team,opp_rk,opp_adjoe,opp_oe_rank,opp_adjde,opp_de_rank,opp_barthag,opp_barthag_rank,opp_sos,opp_nconf_sos,opp_conf_sos,opp_proj_sos,opp_proj_nconf_sos,opp_proj_conf_sos,opp_elite_sos,opp_elite_nconf_sos,opp_opp_oe,opp_opp_de,opp_proj_opp_oe,opp_proj_opp_de,opp_conf_adj_oe,opp_conf_adj_de,opp_qual_o,opp_qual_d,opp_qual_barthag,opp_qual_games,opp_fun,opp_conf_pf,opp_conf_pa,opp_conf_poss,opp_conf_oe,opp_conf_de,opp_conf_win%,opp_wab,opp_wab_rk,opp_fun_rk,opp_adjt,opp_qual_games_ratio
2011,north-carolina-asheville,222.89655172413794,99.2543363655257,212.27586206896552,103.99391727001135,211.82758620689654,0.3698895676531518,222.89655172413794,0.4399341405525028,0.5407141262651859,0.38861402932359845,0.44252153146308715,0.5407141262651859,0.38861402932359845,0.8531844551864837,0.7889456243226847,100.43950438254859,102.74433192598752,100.49572270685589,102.68379101382631,99.09710010746377,103.76291221623202,96.87221121642223,102.30320634437781,0.37357222636177484,3.6206896551724137,0.02526799539770474,1227.2413793103449,1230.0689655172414,1215.4543103448277,1.0094885576472932,1.0118052055662703,0.5169540229885058,-9.262740484250704,202.6206896551724,132.93103448275863,66.17409338536592,0.11809026184615642
