Year,Team,opp_rk,opp_adjoe,opp_oe_rank,opp_adjde,opp_de_rank,opp_barthag,opp_barthag_rank,opp_sos,opp_nconf_sos,opp_conf_sos,opp_proj_sos,opp_proj_nconf_sos,opp_proj_conf_sos,opp_elite_sos,opp_elite_nconf_sos,opp_opp_oe,opp_opp_de,opp_proj_opp_oe,opp_proj_opp_de,opp_conf_adj_oe,opp_conf_adj_de,opp_qual_o,opp_qual_d,opp_qual_barthag,opp_qual_games,opp_fun,opp_conf_pf,opp_conf_pa,opp_conf_poss,opp_conf_oe,opp_conf_de,opp_conf_win%,opp_wab,opp_wab_rk,opp_fun_rk,opp_adjt,opp_qual_games_ratio
2011,notre-dame,87.34375,107.89483369153842,96.28125,97.0241536600164,92.15625,0.7238709721335872,87.34375,0.6342506125677124,0.5110261237118049,0.7054606499672422,0.6406770630146181,0.5110261237118049,0.7054606499672422,0.7114518405109937,0.8113597327971517,105.96754125151674,98.99019418635646,106.12833861455158,98.85145072600929,108.71913378370998,97.594745444219,113.1075050087126,101.43161296907967,0.7325170406854878,13.0,0.0017568468620388364,1185.78125,1176.46875,1140.1031249999999,1.0407237547638408,1.0317040620160394,0.5132688492063492,-1.8434865453311302,94.25,165.125,65.87469730654058,0.4011412989328606
