Year,Team,opp_rk,opp_adjoe,opp_oe_rank,opp_adjde,opp_de_rank,opp_barthag,opp_barthag_rank,opp_sos,opp_nconf_sos,opp_conf_sos,opp_proj_sos,opp_proj_nconf_sos,opp_proj_conf_sos,opp_elite_sos,opp_elite_nconf_sos,opp_opp_oe,opp_opp_de,opp_proj_opp_oe,opp_proj_opp_de,opp_conf_adj_oe,opp_conf_adj_de,opp_qual_o,opp_qual_d,opp_qual_barthag,opp_qual_games,opp_fun,opp_conf_pf,opp_conf_pa,opp_conf_poss,opp_conf_oe,opp_conf_de,opp_conf_win%,opp_wab,opp_wab_rk,opp_fun_rk,opp_adjt,opp_qual_games_ratio
2011,oakland,138.72413793103448,105.79398928055592,112.41379310344827,102.11537295259676,186.72413793103448,0.5791920588346561,138.72413793103448,0.5279044138370795,0.5295192414846666,0.5210884505861852,0.5306561625488609,0.5295192414846666,0.5210884505861852,0.801628033679345,0.7911377712470223,103.74283941981417,102.43177545895169,103.79387064865836,102.3554769095372,106.75406563199643,103.32326977198895,108.93386971675754,104.2468301246998,0.5984197120656675,6.0,-0.0199605715381442,1282.5862068965516,1248.7586206896551,1184.1999999999998,1.0817188007533023,1.0540842728444613,0.5385536398467432,-6.089108922913325,148.9655172413793,204.31034482758622,65.60706958872125,0.19207184637783373
