Year,Team,opp_rk,opp_adjoe,opp_oe_rank,opp_adjde,opp_de_rank,opp_barthag,opp_barthag_rank,opp_sos,opp_nconf_sos,opp_conf_sos,opp_proj_sos,opp_proj_nconf_sos,opp_proj_conf_sos,opp_elite_sos,opp_elite_nconf_sos,opp_opp_oe,opp_opp_de,opp_proj_opp_oe,opp_proj_opp_de,opp_conf_adj_oe,opp_conf_adj_de,opp_qual_o,opp_qual_d,opp_qual_barthag,opp_qual_games,opp_fun,opp_conf_pf,opp_conf_pa,opp_conf_poss,opp_conf_oe,opp_conf_de,opp_conf_win%,opp_wab,opp_wab_rk,opp_fun_rk,opp_adjt,opp_qual_games_ratio
2011,marquette,89.33333333333333,108.53311798092338,92.63636363636364,97.19169759856315,99.45454545454545,0.7199889077786267,89.33333333333333,0.6346926623639833,0.5328517957825059,0.6857896615839436,0.6390097107744924,0.5328517957825059,0.6857896615839436,0.711190277860803,0.8006356053396032,105.72892529808539,98.8942786336616,105.80344925459485,98.78052925107009,108.98355708310108,97.8310455928324,114.36835667645774,101.4005214500041,0.7432688895871542,13.303030303030303,0.006885680404438868,1166.3939393939395,1147.2424242424242,1119.6496212121212,1.0454325813684373,1.024682206495729,0.5472812862518746,-1.2099795880426674,91.3030303030303,157.12121212121212,66.32823438986676,0.4143461562327395
