Year,Team,opp_rk,opp_adjoe,opp_oe_rank,opp_adjde,opp_de_rank,opp_barthag,opp_barthag_rank,opp_sos,opp_nconf_sos,opp_conf_sos,opp_proj_sos,opp_proj_nconf_sos,opp_proj_conf_sos,opp_elite_sos,opp_elite_nconf_sos,opp_opp_oe,opp_opp_de,opp_proj_opp_oe,opp_proj_opp_de,opp_conf_adj_oe,opp_conf_adj_de,opp_qual_o,opp_qual_d,opp_qual_barthag,opp_qual_games,opp_fun,opp_conf_pf,opp_conf_pa,opp_conf_poss,opp_conf_oe,opp_conf_de,opp_conf_win%,opp_wab,opp_wab_rk,opp_fun_rk,opp_adjt,opp_qual_games_ratio
2011,ucla,96.0625,107.18979637766253,103.3125,97.91839287043615,103.4375,0.6965154930928433,96.0625,0.6278510002122814,0.5283086590495507,0.6839063140576163,0.6322493904612346,0.5283086590495507,0.6839063140576163,0.7539114253772254,0.8148448705352107,105.12294919585362,99.17633180240287,105.25534349667126,99.10298174691083,107.74169490736107,98.56790397806667,111.97154202977258,101.35333388301885,0.7011906359027895,8.90625,-0.011004687598989165,1212.5,1204.3125,1165.2437500000003,1.0401374063495548,1.032932200554997,0.5120287698412699,-3.8703171953179476,117.65625,194.9375,66.52692962778005,0.2791908917096012
