Year,Team,opp_rk,opp_adjoe,opp_oe_rank,opp_adjde,opp_de_rank,opp_barthag,opp_barthag_rank,opp_sos,opp_nconf_sos,opp_conf_sos,opp_proj_sos,opp_proj_nconf_sos,opp_proj_conf_sos,opp_elite_sos,opp_elite_nconf_sos,opp_opp_oe,opp_opp_de,opp_proj_opp_oe,opp_proj_opp_de,opp_conf_adj_oe,opp_conf_adj_de,opp_qual_o,opp_qual_d,opp_qual_barthag,opp_qual_games,opp_fun,opp_conf_pf,opp_conf_pa,opp_conf_poss,opp_conf_oe,opp_conf_de,opp_conf_win%,opp_wab,opp_wab_rk,opp_fun_rk,opp_adjt,opp_qual_games_ratio
2011,bucknell,201.4375,101.3114285917144,184.65625,104.28850020797168,219.84375,0.4173425112371796,201.4375,0.45819668541272546,0.4623122655400268,0.44576121822734704,0.46040282735400373,0.4623122655400268,0.44576121822734704,0.8505741130104327,0.8388525176047132,100.89051551625639,102.38323772755173,100.97462474879792,102.34505872097046,101.6600570003195,105.06143193657249,83.78670396657631,88.1565368449127,0.3356070575876464,3.28125,-0.006066426051652599,1036.875,1049.34375,1010.7367187500003,1.0251838642681097,1.0377038443478097,0.46093750000000006,-10.227131924876014,210.5,185.90625,66.27595569658288,0.10330901328278161
