Year,Team,opp_rk,opp_adjoe,opp_oe_rank,opp_adjde,opp_de_rank,opp_barthag,opp_barthag_rank,opp_sos,opp_nconf_sos,opp_conf_sos,opp_proj_sos,opp_proj_nconf_sos,opp_proj_conf_sos,opp_elite_sos,opp_elite_nconf_sos,opp_opp_oe,opp_opp_de,opp_proj_opp_oe,opp_proj_opp_de,opp_conf_adj_oe,opp_conf_adj_de,opp_qual_o,opp_qual_d,opp_qual_barthag,opp_qual_games,opp_fun,opp_conf_pf,opp_conf_pa,opp_conf_poss,opp_conf_oe,opp_conf_de,opp_conf_win%,opp_wab,opp_wab_rk,opp_fun_rk,opp_adjt,opp_qual_games_ratio
2011,louisville,89.24242424242425,108.38179800199148,98.18181818181819,97.09306470873777,96.84848484848484,0.7189617414552516,89.24242424242425,0.6270486669130431,0.5262767667390271,0.6892380953182176,0.6335163845914362,0.5262767667390271,0.6892380953182176,0.7161410707187689,0.7997848535161456,105.53680469117006,99.04599429362902,105.6908499575929,98.8900441958192,108.18943976975747,97.41401768431317,115.2203814831617,103.26165218050797,0.7155478528247556,12.757575757575758,0.017442699205986713,1197.3030303030303,1185.878787878788,1153.2344696969699,1.0387575257113453,1.0271574917467174,0.5313251563251563,-1.2484299806311088,87.66666666666667,141.45454545454547,65.96453736193872,0.3950192152373498
