Year,Team,opp_rk,opp_adjoe,opp_oe_rank,opp_adjde,opp_de_rank,opp_barthag,opp_barthag_rank,opp_sos,opp_nconf_sos,opp_conf_sos,opp_proj_sos,opp_proj_nconf_sos,opp_proj_conf_sos,opp_elite_sos,opp_elite_nconf_sos,opp_opp_oe,opp_opp_de,opp_proj_opp_oe,opp_proj_opp_de,opp_conf_adj_oe,opp_conf_adj_de,opp_qual_o,opp_qual_d,opp_qual_barthag,opp_qual_games,opp_fun,opp_conf_pf,opp_conf_pa,opp_conf_poss,opp_conf_oe,opp_conf_de,opp_conf_win%,opp_wab,opp_wab_rk,opp_fun_rk,opp_adjt,opp_qual_games_ratio
2011,pittsburgh,91.15625,107.49960845076343,100.09375,97.1813088013682,98.71875,0.7119146740667518,91.15625,0.6308571827119256,0.5333481517947952,0.6902429217363018,0.6352457358292027,0.5333481517947952,0.6902429217363018,0.7175512647666797,0.7953846963036697,105.66963983766155,98.90242954991466,105.76256095178209,98.80676333414968,107.6612598381328,97.65059064120935,114.01696215529442,102.57719657633602,0.7186331654995941,12.71875,-0.002891830940467609,1178.5625,1176.4375,1143.51484375,1.0312042930076102,1.0278803300477208,0.49352058531746024,-2.44007257250716,100.40625,175.96875,65.73486774917374,0.39311629189704245
