Year,Team,opp_rk,opp_adjoe,opp_oe_rank,opp_adjde,opp_de_rank,opp_barthag,opp_barthag_rank,opp_sos,opp_nconf_sos,opp_conf_sos,opp_proj_sos,opp_proj_nconf_sos,opp_proj_conf_sos,opp_elite_sos,opp_elite_nconf_sos,opp_opp_oe,opp_opp_de,opp_proj_opp_oe,opp_proj_opp_de,opp_conf_adj_oe,opp_conf_adj_de,opp_qual_o,opp_qual_d,opp_qual_barthag,opp_qual_games,opp_fun,opp_conf_pf,opp_conf_pa,opp_conf_poss,opp_conf_oe,opp_conf_de,opp_conf_win%,opp_wab,opp_wab_rk,opp_fun_rk,opp_adjt,opp_qual_games_ratio
2011,florida-state,117.76666666666667,105.61591077072009,127.86666666666666,98.04857492944929,117.56666666666666,0.6450137802752951,117.76666666666667,0.6029662219937041,0.5114899237468727,0.6733974869420635,0.6055830449674228,0.5114899237468729,0.6733974869420635,0.7514489863305562,0.8090534703371115,104.1150014074961,99.07724155000724,104.25653978478813,99.07608952293234,106.40401903635946,99.14490068757867,112.36293724346405,103.29497652885313,0.6666970040704602,9.533333333333333,-0.008353183420741562,1127.0,1141.8666666666666,1109.7875,1.0158334719339195,1.0288463071272014,0.47568783068783077,-4.1092489282705,127.56666666666666,190.16666666666666,66.31013082691992,0.29759118016708136
