Year,Team,opp_rk,opp_adjoe,opp_oe_rank,opp_adjde,opp_de_rank,opp_barthag,opp_barthag_rank,opp_sos,opp_nconf_sos,opp_conf_sos,opp_proj_sos,opp_proj_nconf_sos,opp_proj_conf_sos,opp_elite_sos,opp_elite_nconf_sos,opp_opp_oe,opp_opp_de,opp_proj_opp_oe,opp_proj_opp_de,opp_conf_adj_oe,opp_conf_adj_de,opp_qual_o,opp_qual_d,opp_qual_barthag,opp_qual_games,opp_fun,opp_conf_pf,opp_conf_pa,opp_conf_poss,opp_conf_oe,opp_conf_de,opp_conf_win%,opp_wab,opp_wab_rk,opp_fun_rk,opp_adjt,opp_qual_games_ratio
2011,san-diego-state,105.40625,106.17682860218326,112.75,98.47186485607584,112.78125,0.6695909008058897,105.40625,0.6037271894367245,0.5616040457546444,0.6319515041711405,0.6082095404516976,0.5616040457546444,0.6319515041711405,0.7591486940314734,0.7794564683143363,104.61268717906854,99.5749708283512,104.69812041452127,99.46563735761842,106.79359474050251,98.95555327356581,113.18051045158256,104.88105222650087,0.6571651715986488,7.96875,0.011188565913750878,1117.0,1100.375,1072.31015625,1.0394905091327271,1.0258470291185786,0.5442088293650793,-3.8419265887227074,113.71875,149.84375,66.18746424564095,0.25975261225495855
