Year,Team,opp_rk,opp_adjoe,opp_oe_rank,opp_adjde,opp_de_rank,opp_barthag,opp_barthag_rank,opp_sos,opp_nconf_sos,opp_conf_sos,opp_proj_sos,opp_proj_nconf_sos,opp_proj_conf_sos,opp_elite_sos,opp_elite_nconf_sos,opp_opp_oe,opp_opp_de,opp_proj_opp_oe,opp_proj_opp_de,opp_conf_adj_oe,opp_conf_adj_de,opp_qual_o,opp_qual_d,opp_qual_barthag,opp_qual_games,opp_fun,opp_conf_pf,opp_conf_pa,opp_conf_poss,opp_conf_oe,opp_conf_de,opp_conf_win%,opp_wab,opp_wab_rk,opp_fun_rk,opp_adjt,opp_qual_games_ratio
2011,long-island-university,221.65384615384616,98.47290602573827,228.46153846153845,103.72946066709247,203.57692307692307,0.37070578458899484,221.65384615384616,0.43185311468159465,0.5019640333784374,0.3767641310298002,0.43317649872346947,0.5019640333784374,0.3767641310298002,0.8666874386699518,0.8165923460027293,100.02881053064519,102.7645429918226,100.06709716280521,102.74439811166596,98.63498419201582,104.06863294854374,85.63702384570696,93.6796666070224,0.2851650177203442,2.5,-0.013647185342739872,1161.5384615384614,1171.4615384615386,1155.203846153846,1.0049364519678259,1.0145849402714011,0.47630494505494503,-11.484446684168262,227.69230769230768,196.5,66.08759642042733,0.08126363249496861
