Year,Team,opp_rk,opp_adjoe,opp_oe_rank,opp_adjde,opp_de_rank,opp_barthag,opp_barthag_rank,opp_sos,opp_nconf_sos,opp_conf_sos,opp_proj_sos,opp_proj_nconf_sos,opp_proj_conf_sos,opp_elite_sos,opp_elite_nconf_sos,opp_opp_oe,opp_opp_de,opp_proj_opp_oe,opp_proj_opp_de,opp_conf_adj_oe,opp_conf_adj_de,opp_qual_o,opp_qual_d,opp_qual_barthag,opp_qual_games,opp_fun,opp_conf_pf,opp_conf_pa,opp_conf_poss,opp_conf_oe,opp_conf_de,opp_conf_win%,opp_wab,opp_wab_rk,opp_fun_rk,opp_adjt,opp_qual_games_ratio
2011,memphis,129.78787878787878,104.91027931651533,126.54545454545455,100.00396566075999,142.33333333333334,0.6080363478232219,129.78787878787878,0.5429847208271057,0.48632286158930793,0.5829271299397011,0.5449681291859197,0.48632286158930793,0.5829271299397011,0.816582915718996,0.8301260717390327,102.75088775772846,100.91943425693589,102.80027915696353,100.87408305431853,105.3239581669771,100.59306276185566,113.51839935752159,108.70285534357225,0.5956326360773545,4.0,0.00675384663560888,1111.969696969697,1100.060606060606,1072.1007575757576,1.0374780100845922,1.026818243622327,0.5299963924963924,-5.3806987822477295,133.45454545454547,158.6969696969697,65.98087958235023,0.12845875386136005
