Year,Team,opp_rk,opp_adjoe,opp_oe_rank,opp_adjde,opp_de_rank,opp_barthag,opp_barthag_rank,opp_sos,opp_nconf_sos,opp_conf_sos,opp_proj_sos,opp_proj_nconf_sos,opp_proj_conf_sos,opp_elite_sos,opp_elite_nconf_sos,opp_opp_oe,opp_opp_de,opp_proj_opp_oe,opp_proj_opp_de,opp_conf_adj_oe,opp_conf_adj_de,opp_qual_o,opp_qual_d,opp_qual_barthag,opp_qual_games,opp_fun,opp_conf_pf,opp_conf_pa,opp_conf_poss,opp_conf_oe,opp_conf_de,opp_conf_win%,opp_wab,opp_wab_rk,opp_fun_rk,opp_adjt,opp_qual_games_ratio
2011,belmont,225.58823529411765,98.25429133923062,228.58823529411765,103.83733418612121,208.05882352941177,0.361296575464806,225.58823529411765,0.45973804958042447,0.5639083257278081,0.40084326121852093,0.4618114092327837,0.5639083257278081,0.40084326121852093,0.8426815860848423,0.7671709229209671,100.45694158090289,101.82224869421992,100.5204582785787,101.80510024804381,98.51439451249757,104.19718195831142,104.88398844076558,111.7697151132111,0.3515919159463182,4.794117647058823,-0.0033300429512143053,1271.264705882353,1298.6470588235295,1278.0220588235295,0.9959191537620967,1.0155711937905405,0.47708333333333347,-11.027426645843313,219.3235294117647,180.7058823529412,66.17912693781487,0.15201792989595944
