Year,Team,opp_rk,opp_adjoe,opp_oe_rank,opp_adjde,opp_de_rank,opp_barthag,opp_barthag_rank,opp_sos,opp_nconf_sos,opp_conf_sos,opp_proj_sos,opp_proj_nconf_sos,opp_proj_conf_sos,opp_elite_sos,opp_elite_nconf_sos,opp_opp_oe,opp_opp_de,opp_proj_opp_oe,opp_proj_opp_de,opp_conf_adj_oe,opp_conf_adj_de,opp_qual_o,opp_qual_d,opp_qual_barthag,opp_qual_games,opp_fun,opp_conf_pf,opp_conf_pa,opp_conf_poss,opp_conf_oe,opp_conf_de,opp_conf_win%,opp_wab,opp_wab_rk,opp_fun_rk,opp_adjt,opp_qual_games_ratio
2011,west-virginia,68.45161290322581,110.26969884087565,65.51612903225806,96.83213019011473,92.12903225806451,0.7737376824236422,68.45161290322581,0.6429056368995694,0.5106511837535451,0.7280832122788226,0.6464327408636122,0.5106511837535451,0.7280832122788226,0.7146946013944544,0.8148417614152808,106.0097441494816,98.78970911870383,106.05598489163,98.69725104698746,110.9910033852715,97.43359134543226,115.24612943466093,101.23053552423079,0.7652647321745542,12.806451612903226,0.0061215048431847875,1235.0645161290322,1207.0967741935483,1165.6540322580645,1.0591252522448011,1.0348160952043621,0.5455069124423964,-0.4896582862704869,74.38709677419355,156.51612903225808,66.59582645071119,0.3959478850421348
