Year,Team,opp_rk,opp_adjoe,opp_oe_rank,opp_adjde,opp_de_rank,opp_barthag,opp_barthag_rank,opp_sos,opp_nconf_sos,opp_conf_sos,opp_proj_sos,opp_proj_nconf_sos,opp_proj_conf_sos,opp_elite_sos,opp_elite_nconf_sos,opp_opp_oe,opp_opp_de,opp_proj_opp_oe,opp_proj_opp_de,opp_conf_adj_oe,opp_conf_adj_de,opp_qual_o,opp_qual_d,opp_qual_barthag,opp_qual_games,opp_fun,opp_conf_pf,opp_conf_pa,opp_conf_poss,opp_conf_oe,opp_conf_de,opp_conf_win%,opp_wab,opp_wab_rk,opp_fun_rk,opp_adjt,opp_qual_games_ratio
2012,florida,109.84848484848484,104.54917505143067,135.12121212121212,96.03312352746245,95.93939393939394,0.6649297323537736,109.84848484848484,0.6074117354136062,0.5381536443199124,0.6620007601919787,0.6140029868879766,0.5381536443199124,0.6620007601919787,0.7475616223675298,0.7915024965801257,103.92940988245884,98.80877821219165,104.12695139614344,98.63689523867782,105.58088610517548,96.47217039764163,110.84795950456305,102.49310475018162,0.6503112905906819,9.878787878787879,0.009829880645607973,1102.7272727272727,1080.0,1082.2844696969696,1.0191494989748404,0.9975965848256197,0.5411556036556037,-1.98516665725381,107.57575757575758,158.5151515151515,65.24363223837413,0.30816027542567126
