Year,Team,opp_rk,opp_adjoe,opp_oe_rank,opp_adjde,opp_de_rank,opp_barthag,opp_barthag_rank,opp_sos,opp_nconf_sos,opp_conf_sos,opp_proj_sos,opp_proj_nconf_sos,opp_proj_conf_sos,opp_elite_sos,opp_elite_nconf_sos,opp_opp_oe,opp_opp_de,opp_proj_opp_oe,opp_proj_opp_de,opp_conf_adj_oe,opp_conf_adj_de,opp_qual_o,opp_qual_d,opp_qual_barthag,opp_qual_games,opp_fun,opp_conf_pf,opp_conf_pa,opp_conf_poss,opp_conf_oe,opp_conf_de,opp_conf_win%,opp_wab,opp_wab_rk,opp_fun_rk,opp_adjt,opp_qual_games_ratio
2012,lehigh,224.1290322580645,98.22133176221479,212.32258064516128,104.05249569880866,216.70967741935485,0.36825270242425473,224.1290322580645,0.45153244417274474,0.45771711718334823,0.43578701182036667,0.4533162556599125,0.45771711718334823,0.43578701182036667,0.8509012246310705,0.838962424423941,100.22953988241275,102.2918008662651,100.27144299066988,102.24536819063445,98.95213069700698,104.32107868864308,93.59424763794178,99.98203099997379,0.3512297404368063,3.4193548387096775,-0.0013533112283425509,1003.9677419354839,1036.258064516129,1003.427822580645,1.0025153626290104,1.0327239978700165,0.443631592421915,-10.343669234910331,217.09677419354838,166.0,65.32433981270805,0.10944845342181987
