Year,Team,opp_rk,opp_adjoe,opp_oe_rank,opp_adjde,opp_de_rank,opp_barthag,opp_barthag_rank,opp_sos,opp_nconf_sos,opp_conf_sos,opp_proj_sos,opp_proj_nconf_sos,opp_proj_conf_sos,opp_elite_sos,opp_elite_nconf_sos,opp_opp_oe,opp_opp_de,opp_proj_opp_oe,opp_proj_opp_de,opp_conf_adj_oe,opp_conf_adj_de,opp_qual_o,opp_qual_d,opp_qual_barthag,opp_qual_games,opp_fun,opp_conf_pf,opp_conf_pa,opp_conf_poss,opp_conf_oe,opp_conf_de,opp_conf_win%,opp_wab,opp_wab_rk,opp_fun_rk,opp_adjt,opp_qual_games_ratio
2012,creighton,136.21212121212122,103.09852172320919,146.33333333333334,99.20205219213311,136.21212121212122,0.5937202798008503,136.21212121212122,0.581135451944915,0.5220761757509101,0.6056236358245599,0.583762379343263,0.5220761757509101,0.6056236358245599,0.782192881463345,0.8100464613999163,103.56159560662056,99.67611657765282,103.5990926556417,99.60511991221806,103.84601560400525,99.76480421631324,113.0247131547333,108.73382454777851,0.5846501150858803,7.2727272727272725,0.00201724589463663,1150.8181818181818,1159.2727272727273,1127.6325757575755,1.0188079948315711,1.0267863264921333,0.4850288600288601,-5.604489881586421,147.1818181818182,167.33333333333334,65.7716376766661,0.23058530886427894
