Year,Team,opp_rk,opp_adjoe,opp_oe_rank,opp_adjde,opp_de_rank,opp_barthag,opp_barthag_rank,opp_sos,opp_nconf_sos,opp_conf_sos,opp_proj_sos,opp_proj_nconf_sos,opp_proj_conf_sos,opp_elite_sos,opp_elite_nconf_sos,opp_opp_oe,opp_opp_de,opp_proj_opp_oe,opp_proj_opp_de,opp_conf_adj_oe,opp_conf_adj_de,opp_qual_o,opp_qual_d,opp_qual_barthag,opp_qual_games,opp_fun,opp_conf_pf,opp_conf_pa,opp_conf_poss,opp_conf_oe,opp_conf_de,opp_conf_win%,opp_wab,opp_wab_rk,opp_fun_rk,opp_adjt,opp_qual_games_ratio
2012,long-island-university,216.3448275862069,98.2262010780694,212.31034482758622,103.27278653008216,208.82758620689654,0.38739374587310366,216.3448275862069,0.43013219417084014,0.5008598751214673,0.3711555871659229,0.43265904137005606,0.5008598751214673,0.3711555871659229,0.8674103109516998,0.8206011663649823,99.62759188197974,102.76294951729413,99.70244925087108,102.71168550746354,98.31353634595156,103.70286577836154,101.05704349754762,107.27632358988132,0.40542343712791695,2.6551724137931036,-0.01083344433607763,1176.8275862068965,1168.3793103448277,1161.334482758621,1.014360410659903,1.0073398390835124,0.479679802955665,-10.39850817499052,216.44827586206895,197.0344827586207,65.96541820901564,0.08411326459721453
