Year,Team,opp_rk,opp_adjoe,opp_oe_rank,opp_adjde,opp_de_rank,opp_barthag,opp_barthag_rank,opp_sos,opp_nconf_sos,opp_conf_sos,opp_proj_sos,opp_proj_nconf_sos,opp_proj_conf_sos,opp_elite_sos,opp_elite_nconf_sos,opp_opp_oe,opp_opp_de,opp_proj_opp_oe,opp_proj_opp_de,opp_conf_adj_oe,opp_conf_adj_de,opp_qual_o,opp_qual_d,opp_qual_barthag,opp_qual_games,opp_fun,opp_conf_pf,opp_conf_pa,opp_conf_poss,opp_conf_oe,opp_conf_de,opp_conf_win%,opp_wab,opp_wab_rk,opp_fun_rk,opp_adjt,opp_qual_games_ratio
2012,brigham-young,164.38709677419354,103.10651514976475,141.2258064516129,102.24613477575134,186.03225806451613,0.5204557590957333,164.38709677419354,0.5165298588074688,0.5022047585005517,0.5227593682126336,0.5220734872714053,0.5022047585005517,0.5227348320423716,0.8193057569899345,0.8274140112132087,102.01849992695252,101.21824496085891,102.20255772446602,101.12743046759405,102.85417092055131,102.00744112941125,108.10318307464631,105.73420864646188,0.5431721240624232,6.129032258064516,0.012525079106867372,1073.741935483871,1074.8064516129032,1043.7689516129028,1.027041718609668,1.032459202384379,0.5058809917680885,-6.133303039085367,160.8709677419355,148.7741935483871,65.47625776556043,0.20137991726943608
