Year,Team,opp_rk,opp_adjoe,opp_oe_rank,opp_adjde,opp_de_rank,opp_barthag,opp_barthag_rank,opp_sos,opp_nconf_sos,opp_conf_sos,opp_proj_sos,opp_proj_nconf_sos,opp_proj_conf_sos,opp_elite_sos,opp_elite_nconf_sos,opp_opp_oe,opp_opp_de,opp_proj_opp_oe,opp_proj_opp_de,opp_conf_adj_oe,opp_conf_adj_de,opp_qual_o,opp_qual_d,opp_qual_barthag,opp_qual_games,opp_fun,opp_conf_pf,opp_conf_pa,opp_conf_poss,opp_conf_oe,opp_conf_de,opp_conf_win%,opp_wab,opp_wab_rk,opp_fun_rk,opp_adjt,opp_qual_games_ratio
2012,colorado-state,112.03333333333333,103.91910726715803,129.46666666666667,97.21365424172333,106.6,0.6554123830381432,112.03333333333333,0.5497171737790892,0.49045660485766157,0.6034705664366072,0.5553477837229562,0.49045660485766157,0.6034705664366072,0.799555466793133,0.8317412082650809,102.15011757103278,100.0303126401826,102.2790429401225,99.9168534154907,103.78484221668874,97.06527689983247,107.62375430717442,99.83362337748255,0.6647490696546446,7.166666666666667,0.01532843250245792,1020.0333333333333,990.0333333333333,1001.5741666666667,1.0166287048012757,0.9905711968775281,0.5440476190476189,-3.277036311298042,114.33333333333333,156.03333333333333,65.24431483612352,0.23293474554737065
