Year,Team,opp_rk,opp_adjoe,opp_oe_rank,opp_adjde,opp_de_rank,opp_barthag,opp_barthag_rank,opp_sos,opp_nconf_sos,opp_conf_sos,opp_proj_sos,opp_proj_nconf_sos,opp_proj_conf_sos,opp_elite_sos,opp_elite_nconf_sos,opp_opp_oe,opp_opp_de,opp_proj_opp_oe,opp_proj_opp_de,opp_conf_adj_oe,opp_conf_adj_de,opp_qual_o,opp_qual_d,opp_qual_barthag,opp_qual_games,opp_fun,opp_conf_pf,opp_conf_pa,opp_conf_poss,opp_conf_oe,opp_conf_de,opp_conf_win%,opp_wab,opp_wab_rk,opp_fun_rk,opp_adjt,opp_qual_games_ratio
2012,vanderbilt,93.11764705882354,106.7736344306053,104.1470588235294,97.12528759322902,102.88235294117646,0.7078757784364264,93.11764705882354,0.6034728641285103,0.5217255095475473,0.6627207866199221,0.6112469149141981,0.5217255095475473,0.6627207866199221,0.7545930505792722,0.8079762412003529,103.69882465484363,98.64438902139018,103.90486445324542,98.46972255547807,107.28959098163624,97.61224232002579,113.78091214306478,103.58947652768603,0.7014571958916221,9.676470588235293,0.015649915685220464,1079.1176470588234,1046.5,1039.1301470588237,1.0352567453135466,1.0099152527214004,0.5472689075630253,-1.4468165161752042,94.5,134.8235294117647,65.60917292487821,0.2993142359634372
