Year,Team,opp_rk,opp_adjoe,opp_oe_rank,opp_adjde,opp_de_rank,opp_barthag,opp_barthag_rank,opp_sos,opp_nconf_sos,opp_conf_sos,opp_proj_sos,opp_proj_nconf_sos,opp_proj_conf_sos,opp_elite_sos,opp_elite_nconf_sos,opp_opp_oe,opp_opp_de,opp_proj_opp_oe,opp_proj_opp_de,opp_conf_adj_oe,opp_conf_adj_de,opp_qual_o,opp_qual_d,opp_qual_barthag,opp_qual_games,opp_fun,opp_conf_pf,opp_conf_pa,opp_conf_poss,opp_conf_oe,opp_conf_de,opp_conf_win%,opp_wab,opp_wab_rk,opp_fun_rk,opp_adjt,opp_qual_games_ratio
2012,north-carolina-state,111.20588235294117,105.22536774204298,125.8529411764706,97.0827954908101,111.79411764705883,0.656166920220935,111.20588235294117,0.5846347956381045,0.5307417988252884,0.632055054874359,0.5909868532373914,0.5307417988252884,0.632055054874359,0.7646330689740797,0.8072932332794492,103.28163340458711,99.07170037437216,103.45930502020848,98.93194237698316,105.53612098154835,97.23142522760256,109.3404827141676,100.98996224813048,0.6533957179544851,9.029411764705882,0.008787563722019096,1108.9117647058824,1086.764705882353,1084.1194852941176,1.020796639642868,1.0017316620844963,0.5538923902894491,-2.7207690725921747,116.55882352941177,155.6764705882353,65.55616904709038,0.2840464947172563
