Year,Team,opp_rk,opp_adjoe,opp_oe_rank,opp_adjde,opp_de_rank,opp_barthag,opp_barthag_rank,opp_sos,opp_nconf_sos,opp_conf_sos,opp_proj_sos,opp_proj_nconf_sos,opp_proj_conf_sos,opp_elite_sos,opp_elite_nconf_sos,opp_opp_oe,opp_opp_de,opp_proj_opp_oe,opp_proj_opp_de,opp_conf_adj_oe,opp_conf_adj_de,opp_qual_o,opp_qual_d,opp_qual_barthag,opp_qual_games,opp_fun,opp_conf_pf,opp_conf_pa,opp_conf_poss,opp_conf_oe,opp_conf_de,opp_conf_win%,opp_wab,opp_wab_rk,opp_fun_rk,opp_adjt,opp_qual_games_ratio
2012,georgetown,90.93333333333334,106.41098628663187,99.33333333333333,96.6234037402861,105.13333333333334,0.7104827221072516,90.93333333333334,0.6157842846893274,0.5080665741035991,0.6792033237850035,0.621719176598149,0.5080665741035991,0.6792033237850035,0.7442713660632997,0.8111511214748341,103.76131322371322,98.4450521838146,103.97432261696044,98.33440185654351,107.07684527591078,96.84845380040628,112.29910650617141,103.38569932451718,0.6802007154181952,11.066666666666666,-0.0011920810214374078,1172.2333333333333,1149.6333333333334,1138.5954166666668,1.0301062647670376,1.0069539052504939,0.5373743386243388,-1.6424480992431414,97.93333333333334,176.86666666666667,65.78957833216393,0.33934765279523343
