Year,Team,opp_rk,opp_adjoe,opp_oe_rank,opp_adjde,opp_de_rank,opp_barthag,opp_barthag_rank,opp_sos,opp_nconf_sos,opp_conf_sos,opp_proj_sos,opp_proj_nconf_sos,opp_proj_conf_sos,opp_elite_sos,opp_elite_nconf_sos,opp_opp_oe,opp_opp_de,opp_proj_opp_oe,opp_proj_opp_de,opp_conf_adj_oe,opp_conf_adj_de,opp_qual_o,opp_qual_d,opp_qual_barthag,opp_qual_games,opp_fun,opp_conf_pf,opp_conf_pa,opp_conf_poss,opp_conf_oe,opp_conf_de,opp_conf_win%,opp_wab,opp_wab_rk,opp_fun_rk,opp_adjt,opp_qual_games_ratio
2012,saint-marys-ca,168.46666666666667,102.50100906767959,150.16666666666666,102.01701872266845,186.06666666666666,0.510514039330793,168.46666666666667,0.5010742608382851,0.5270446737626879,0.47805110998165307,0.5063687273301842,0.5270446737626879,0.47805110998165307,0.8269645428544775,0.8088977682837012,101.843318047716,101.72743957126833,101.99233836251237,101.60888383896443,102.07948150800942,102.15677107740694,107.14801622459753,106.40772012012343,0.5030692350902101,5.466666666666667,-0.0006401492731413762,1130.3,1121.8,1095.719583333333,1.0316743571038758,1.0240047660536886,0.5043981481481482,-6.794159085108626,169.5,168.03333333333333,65.72348511306153,0.1791127417107673
