Year,Team,opp_rk,opp_adjoe,opp_oe_rank,opp_adjde,opp_de_rank,opp_barthag,opp_barthag_rank,opp_sos,opp_nconf_sos,opp_conf_sos,opp_proj_sos,opp_proj_nconf_sos,opp_proj_conf_sos,opp_elite_sos,opp_elite_nconf_sos,opp_opp_oe,opp_opp_de,opp_proj_opp_oe,opp_proj_opp_de,opp_conf_adj_oe,opp_conf_adj_de,opp_qual_o,opp_qual_d,opp_qual_barthag,opp_qual_games,opp_fun,opp_conf_pf,opp_conf_pa,opp_conf_poss,opp_conf_oe,opp_conf_de,opp_conf_win%,opp_wab,opp_wab_rk,opp_fun_rk,opp_adjt,opp_qual_games_ratio
2012,belmont,181.84848484848484,101.28279253577607,172.36363636363637,102.30544495513148,191.6969696969697,0.47104910522390325,181.84848484848484,0.519340697975744,0.5643868919345582,0.4787941546290947,0.5230532974485743,0.5643868919345582,0.4787941546290947,0.8142675296610663,0.7528718116541757,102.36412683546548,101.17672919697965,102.39343605852656,101.06750579466572,101.32154039521035,102.87170608262772,106.88106539514308,106.59182496481759,0.49477418126202366,5.96969696969697,-0.006190086537859345,1191.0,1203.3939393939395,1164.4624999999999,1.0231205669955863,1.0316682605532037,0.4976851851851852,-8.005614649727777,184.12121212121212,174.36363636363637,66.35622458845121,0.19303093912046176
