Year,Team,opp_rk,opp_adjoe,opp_oe_rank,opp_adjde,opp_de_rank,opp_barthag,opp_barthag_rank,opp_sos,opp_nconf_sos,opp_conf_sos,opp_proj_sos,opp_proj_nconf_sos,opp_proj_conf_sos,opp_elite_sos,opp_elite_nconf_sos,opp_opp_oe,opp_opp_de,opp_proj_opp_oe,opp_proj_opp_de,opp_conf_adj_oe,opp_conf_adj_de,opp_qual_o,opp_qual_d,opp_qual_barthag,opp_qual_games,opp_fun,opp_conf_pf,opp_conf_pa,opp_conf_poss,opp_conf_oe,opp_conf_de,opp_conf_win%,opp_wab,opp_wab_rk,opp_fun_rk,opp_adjt,opp_qual_games_ratio
2012,connecticut,87.18181818181819,106.40080534730964,95.78787878787878,96.49859818279545,99.63636363636364,0.7208082580809093,87.18181818181819,0.6049894096496837,0.4962995640894345,0.67524672080682,0.6111186590375064,0.4962995640894345,0.67524672080682,0.756200672321176,0.8279646748312408,103.55736137610315,98.74600723125698,103.74144803505328,98.60263939019484,106.9175234847517,96.65361625545113,111.7531237390123,101.9484004334577,0.7110173515391004,10.696969696969697,0.018807806031414367,1172.6666666666667,1142.8181818181818,1138.8375000000003,1.0295100606957444,1.0018628374361107,0.568632756132756,-0.9545222948641175,88.63636363636364,140.84848484848484,65.81343590242965,0.3318617332380272
