Year,Team,opp_rk,opp_adjoe,opp_oe_rank,opp_adjde,opp_de_rank,opp_barthag,opp_barthag_rank,opp_sos,opp_nconf_sos,opp_conf_sos,opp_proj_sos,opp_proj_nconf_sos,opp_proj_conf_sos,opp_elite_sos,opp_elite_nconf_sos,opp_opp_oe,opp_opp_de,opp_proj_opp_oe,opp_proj_opp_de,opp_conf_adj_oe,opp_conf_adj_de,opp_qual_o,opp_qual_d,opp_qual_barthag,opp_qual_games,opp_fun,opp_conf_pf,opp_conf_pa,opp_conf_poss,opp_conf_oe,opp_conf_de,opp_conf_win%,opp_wab,opp_wab_rk,opp_fun_rk,opp_adjt,opp_qual_games_ratio
2012,michigan,87.3125,107.8724489855543,93.75,96.47168967374455,105.78125,0.7236129717269904,87.3125,0.6329182209926862,0.5069930575435624,0.7171666767577133,0.640980786757837,0.5069930575435624,0.7171666767577133,0.7147247673275138,0.8168837305279703,105.14483951510712,98.40497170332706,105.3282598443999,98.18226129676408,108.15046114622096,96.76592326437316,114.52918927631396,103.31388646142199,0.7016683985071801,12.09375,-0.0011555993031103669,1182.0,1175.0625,1144.3175781250002,1.0325718551873455,1.0261552361647823,0.4950086805555554,-1.0825202571176216,93.1875,170.25,65.31568942760516,0.3717115048386544
