Year,Team,opp_rk,opp_adjoe,opp_oe_rank,opp_adjde,opp_de_rank,opp_barthag,opp_barthag_rank,opp_sos,opp_nconf_sos,opp_conf_sos,opp_proj_sos,opp_proj_nconf_sos,opp_proj_conf_sos,opp_elite_sos,opp_elite_nconf_sos,opp_opp_oe,opp_opp_de,opp_proj_opp_oe,opp_proj_opp_de,opp_conf_adj_oe,opp_conf_adj_de,opp_qual_o,opp_qual_d,opp_qual_barthag,opp_qual_games,opp_fun,opp_conf_pf,opp_conf_pa,opp_conf_poss,opp_conf_oe,opp_conf_de,opp_conf_win%,opp_wab,opp_wab_rk,opp_fun_rk,opp_adjt,opp_qual_games_ratio
2012,mississippi-valley-state,241.06060606060606,94.97413456565842,240.54545454545453,104.23315986248019,221.4848484848485,0.3200082386899179,241.06060606060606,0.4125781206431681,0.5860642159030676,0.3251258202394043,0.4147740455602403,0.5860642159030676,0.3251258202394043,0.8320154626768015,0.7493815412001041,97.4960094593935,101.95077386252,97.54147025633743,101.8930536893193,95.44511557682425,105.1107288886158,83.82789844736506,89.79650063128317,0.31177683672725715,5.848484848484849,-0.006187152515982022,1126.2424242424242,1133.0,1161.3613636363636,0.972026162344533,0.9776006322569476,0.4821127946127946,-10.143405231221083,219.3030303030303,179.0909090909091,65.56997091069847,0.18472492904790674
