Year,Team,opp_rk,opp_adjoe,opp_oe_rank,opp_adjde,opp_de_rank,opp_barthag,opp_barthag_rank,opp_sos,opp_nconf_sos,opp_conf_sos,opp_proj_sos,opp_proj_nconf_sos,opp_proj_conf_sos,opp_elite_sos,opp_elite_nconf_sos,opp_opp_oe,opp_opp_de,opp_proj_opp_oe,opp_proj_opp_de,opp_conf_adj_oe,opp_conf_adj_de,opp_qual_o,opp_qual_d,opp_qual_barthag,opp_qual_games,opp_fun,opp_conf_pf,opp_conf_pa,opp_conf_poss,opp_conf_oe,opp_conf_de,opp_conf_win%,opp_wab,opp_wab_rk,opp_fun_rk,opp_adjt,opp_qual_games_ratio
2012,alabama,97.625,106.52810807118287,106.6875,97.74941265904519,113.84375,0.6936313414174292,97.625,0.611078862523039,0.5185983141904857,0.6863276736107818,0.6162248996924617,0.5185983141904857,0.6863276736107818,0.7497478295696561,0.8134443577921936,103.6568018816582,98.3918736156816,103.79474873198815,98.26756565296793,107.16404420279642,98.43372307330921,113.0009619092078,104.32234456507241,0.6685437126254969,9.5625,0.002395160947125603,1117.03125,1121.15625,1090.755078125,1.0230422871653035,1.0282660767517118,0.4930555555555556,-2.3186955614725515,100.34375,163.90625,65.70516057693747,0.29852641404097163
