Year,Team,opp_rk,opp_adjoe,opp_oe_rank,opp_adjde,opp_de_rank,opp_barthag,opp_barthag_rank,opp_sos,opp_nconf_sos,opp_conf_sos,opp_proj_sos,opp_proj_nconf_sos,opp_proj_conf_sos,opp_elite_sos,opp_elite_nconf_sos,opp_opp_oe,opp_opp_de,opp_proj_opp_oe,opp_proj_opp_de,opp_conf_adj_oe,opp_conf_adj_de,opp_qual_o,opp_qual_d,opp_qual_barthag,opp_qual_games,opp_fun,opp_conf_pf,opp_conf_pa,opp_conf_poss,opp_conf_oe,opp_conf_de,opp_conf_win%,opp_wab,opp_wab_rk,opp_fun_rk,opp_adjt,opp_qual_games_ratio
2012,colorado,124.4375,103.87936072725566,130.90625,98.47978272441617,127.09375,0.6237844838798232,124.4375,0.5826209075315547,0.5066621199172021,0.6173772373811516,0.5862499004001086,0.5066621199172021,0.6173772373811516,0.7906614626130967,0.8287075417212625,102.79458041901692,99.28770812327953,102.92784519910975,99.27813557522877,104.39753673284109,98.44233085126768,108.59202106023207,105.89502676983453,0.5593805706602026,8.25,-0.007189929218642548,1119.9375,1113.28125,1104.6003906250003,1.0137402463199996,1.0065142070576774,0.5084015376984126,-4.563890209888065,132.5,181.15625,65.13262476449043,0.2581383128306307
