Year,Team,opp_rk,opp_adjoe,opp_oe_rank,opp_adjde,opp_de_rank,opp_barthag,opp_barthag_rank,opp_sos,opp_nconf_sos,opp_conf_sos,opp_proj_sos,opp_proj_nconf_sos,opp_proj_conf_sos,opp_elite_sos,opp_elite_nconf_sos,opp_opp_oe,opp_opp_de,opp_proj_opp_oe,opp_proj_opp_de,opp_conf_adj_oe,opp_conf_adj_de,opp_qual_o,opp_qual_d,opp_qual_barthag,opp_qual_games,opp_fun,opp_conf_pf,opp_conf_pa,opp_conf_poss,opp_conf_oe,opp_conf_de,opp_conf_win%,opp_wab,opp_wab_rk,opp_fun_rk,opp_adjt,opp_qual_games_ratio
2012,xavier,99.60606060606061,106.2772530682033,102.48484848484848,97.76870763878907,117.60606060606061,0.6864815735933698,99.60606060606061,0.5932683317399942,0.5345875519409169,0.6328000752550564,0.6007351667552152,0.5345875519409169,0.6333956810568538,0.7766157299136776,0.8115887510309311,103.59861400751856,99.39683227160351,103.77645450908673,99.18669448651384,106.7884168459078,98.33256973097292,110.84857377945715,102.9026585600684,0.6712632623455523,8.212121212121213,-0.014641161001528985,1124.3636363636363,1096.030303030303,1075.7382575757574,1.0452401250862677,1.0187891340249946,0.5441919191919192,-3.236208237447276,113.66666666666667,194.75757575757575,65.5978307507354,0.2596773803328323
