Year,Team,opp_rk,opp_adjoe,opp_oe_rank,opp_adjde,opp_de_rank,opp_barthag,opp_barthag_rank,opp_sos,opp_nconf_sos,opp_conf_sos,opp_proj_sos,opp_proj_nconf_sos,opp_proj_conf_sos,opp_elite_sos,opp_elite_nconf_sos,opp_opp_oe,opp_opp_de,opp_proj_opp_oe,opp_proj_opp_de,opp_conf_adj_oe,opp_conf_adj_de,opp_qual_o,opp_qual_d,opp_qual_barthag,opp_qual_games,opp_fun,opp_conf_pf,opp_conf_pa,opp_conf_poss,opp_conf_oe,opp_conf_de,opp_conf_win%,opp_wab,opp_wab_rk,opp_fun_rk,opp_adjt,opp_qual_games_ratio
2012,memphis,111.91176470588235,104.00810949249731,128.61764705882354,97.61843714758575,113.38235294117646,0.6539297224029166,111.91176470588235,0.5810150415727036,0.532206073241085,0.6057387252079688,0.5852375080714591,0.532206073241085,0.6057387252079688,0.7807176301309754,0.797283707539329,103.15432293061117,99.40102706066342,103.27489817216643,99.32865013382104,104.23846279040771,97.71608399645845,109.9383028333251,102.89653772066782,0.6439543126312118,7.352941176470588,0.017820194618450226,1090.8235294117646,1068.8235294117646,1069.6224264705884,1.0188410631809806,0.999868837529975,0.5498366013071895,-3.340940745683616,114.3529411764706,145.64705882352942,64.6915026696533,0.23313798228371937
