Year,Team,opp_rk,opp_adjoe,opp_oe_rank,opp_adjde,opp_de_rank,opp_barthag,opp_barthag_rank,opp_sos,opp_nconf_sos,opp_conf_sos,opp_proj_sos,opp_proj_nconf_sos,opp_proj_conf_sos,opp_elite_sos,opp_elite_nconf_sos,opp_opp_oe,opp_opp_de,opp_proj_opp_oe,opp_proj_opp_de,opp_conf_adj_oe,opp_conf_adj_de,opp_qual_o,opp_qual_d,opp_qual_barthag,opp_qual_games,opp_fun,opp_conf_pf,opp_conf_pa,opp_conf_poss,opp_conf_oe,opp_conf_de,opp_conf_win%,opp_wab,opp_wab_rk,opp_fun_rk,opp_adjt,opp_qual_games_ratio
2012,texas,89.40625,107.53652433114647,103.78125,96.39958807105621,87.59375,0.71728286243753,89.40625,0.6170034597955828,0.4918597149645643,0.6916745653878329,0.6226519142494134,0.4918597149645643,0.6916745653878329,0.7338005345141398,0.8284035786464793,104.21235044438076,98.41365514969155,104.42002653125591,98.29687789975648,107.87744852842475,96.25856195645721,111.94629824541727,101.69440414854431,0.6754506592667248,10.59375,0.004730075932982312,1189.84375,1167.5,1154.8714843750001,1.0293604830264138,1.0104478082888466,0.546701388888889,-1.2775482956808464,99.34375,159.65625,66.61814972990697,0.3306023231070413
