Year,Team,opp_rk,opp_adjoe,opp_oe_rank,opp_adjde,opp_de_rank,opp_barthag,opp_barthag_rank,opp_sos,opp_nconf_sos,opp_conf_sos,opp_proj_sos,opp_proj_nconf_sos,opp_proj_conf_sos,opp_elite_sos,opp_elite_nconf_sos,opp_opp_oe,opp_opp_de,opp_proj_opp_oe,opp_proj_opp_de,opp_conf_adj_oe,opp_conf_adj_de,opp_qual_o,opp_qual_d,opp_qual_barthag,opp_qual_games,opp_fun,opp_conf_pf,opp_conf_pa,opp_conf_poss,opp_conf_oe,opp_conf_de,opp_conf_win%,opp_wab,opp_wab_rk,opp_fun_rk,opp_adjt,opp_qual_games_ratio
2012,wichita-state,124.2258064516129,103.83386915161006,136.06451612903226,98.81784623396015,131.80645161290323,0.6227723335281781,124.2258064516129,0.5761720738341991,0.5252676738019841,0.5996664652683732,0.5802627658375072,0.5252676738019841,0.5996419290981111,0.7887561318495218,0.8072366981854451,103.3785028543499,99.75162341988802,103.4524973613693,99.63688192861368,105.00648707696278,99.84493352420158,108.96670273467635,104.10040207939377,0.6151303398947428,6.419354838709677,0.007884517509900208,1165.483870967742,1158.8064516129032,1128.5161290322578,1.0322814012005113,1.02568596297148,0.51480956319666,-4.694263355721391,133.51612903225808,155.06451612903226,65.65587032885902,0.20366058631216732
