Year,Team,opp_rk,opp_adjoe,opp_oe_rank,opp_adjde,opp_de_rank,opp_barthag,opp_barthag_rank,opp_sos,opp_nconf_sos,opp_conf_sos,opp_proj_sos,opp_proj_nconf_sos,opp_proj_conf_sos,opp_elite_sos,opp_elite_nconf_sos,opp_opp_oe,opp_opp_de,opp_proj_opp_oe,opp_proj_opp_de,opp_conf_adj_oe,opp_conf_adj_de,opp_qual_o,opp_qual_d,opp_qual_barthag,opp_qual_games,opp_fun,opp_conf_pf,opp_conf_pa,opp_conf_poss,opp_conf_oe,opp_conf_de,opp_conf_win%,opp_wab,opp_wab_rk,opp_fun_rk,opp_adjt,opp_qual_games_ratio
2012,cincinnati,115.20588235294117,103.91858642319023,129.23529411764707,97.31312320827804,115.67647058823529,0.6467335993760589,115.20588235294117,0.6087146359055811,0.5266630454638054,0.6546234031870856,0.6136429285961809,0.5266630454638054,0.6546234031870856,0.7486377333657174,0.8028612680960755,103.78516386955204,98.73686613954904,103.96328606595729,98.65226247024327,104.40740185406091,97.92091623324953,109.1488983958069,103.10571559351195,0.6301960892381843,10.852941176470589,-0.0019447285797030733,1153.4117647058824,1160.7058823529412,1145.9860294117648,1.0058973110309444,1.0122477415110922,0.4742238562091504,-3.3810347146212396,124.41176470588235,170.7941176470588,65.57178741540675,0.3380394457382032
