Year,Team,opp_rk,opp_adjoe,opp_oe_rank,opp_adjde,opp_de_rank,opp_barthag,opp_barthag_rank,opp_sos,opp_nconf_sos,opp_conf_sos,opp_proj_sos,opp_proj_nconf_sos,opp_proj_conf_sos,opp_elite_sos,opp_elite_nconf_sos,opp_opp_oe,opp_opp_de,opp_proj_opp_oe,opp_proj_opp_de,opp_conf_adj_oe,opp_conf_adj_de,opp_qual_o,opp_qual_d,opp_qual_barthag,opp_qual_games,opp_fun,opp_conf_pf,opp_conf_pa,opp_conf_poss,opp_conf_oe,opp_conf_de,opp_conf_win%,opp_wab,opp_wab_rk,opp_fun_rk,opp_adjt,opp_qual_games_ratio
2012,new-mexico-state,175.54545454545453,101.80974117718894,160.96969696969697,102.24699991579396,195.87878787878788,0.4871026896561198,175.54545454545453,0.48709854041160244,0.4811488038227435,0.47577133848369074,0.49207002787606907,0.4811488038227435,0.4775120576298029,0.850643804645805,0.8450948557004685,100.93934897802993,101.7039466245193,101.06578055692061,101.61934794947524,102.3681124424323,102.42544462872986,102.57002027356093,101.95305362184723,0.5281533561341354,2.9696969696969697,0.012670950168678901,957.5757575757576,951.9090909090909,929.113636363636,1.0377581433544336,1.0206747434506231,0.5335960335960336,-7.611838400908367,178.21212121212122,153.93939393939394,65.22859205478353,0.09554576879508622
