Year,Team,opp_rk,opp_adjoe,opp_oe_rank,opp_adjde,opp_de_rank,opp_barthag,opp_barthag_rank,opp_sos,opp_nconf_sos,opp_conf_sos,opp_proj_sos,opp_proj_nconf_sos,opp_proj_conf_sos,opp_elite_sos,opp_elite_nconf_sos,opp_opp_oe,opp_opp_de,opp_proj_opp_oe,opp_proj_opp_de,opp_conf_adj_oe,opp_conf_adj_de,opp_qual_o,opp_qual_d,opp_qual_barthag,opp_qual_games,opp_fun,opp_conf_pf,opp_conf_pa,opp_conf_poss,opp_conf_oe,opp_conf_de,opp_conf_win%,opp_wab,opp_wab_rk,opp_fun_rk,opp_adjt,opp_qual_games_ratio
2013,harvard,170.7037037037037,101.02483364390984,173.74074074074073,100.60515163754087,172.44444444444446,0.5014567134607847,170.7037037037037,0.5170344801687228,0.5175674544828691,0.510022230209165,0.5212383277751781,0.5175674544828691,0.510022230209165,0.8257745521339624,0.8189755476924937,101.35822394880903,100.32502193127188,101.44828290405796,100.2199942297768,102.55985404751185,101.75108387280997,101.88213897491902,98.67350193238198,0.5085946012269896,3.111111111111111,-0.010134436820531148,993.5925925925926,991.1851851851852,971.1462962962964,1.0231721506480957,1.0220174138732583,0.49584803057025284,-8.483132504930426,179.77777777777777,192.2962962962963,65.77638881912338,0.10312723852948588
