Year,Team,opp_rk,opp_adjoe,opp_oe_rank,opp_adjde,opp_de_rank,opp_barthag,opp_barthag_rank,opp_sos,opp_nconf_sos,opp_conf_sos,opp_proj_sos,opp_proj_nconf_sos,opp_proj_conf_sos,opp_elite_sos,opp_elite_nconf_sos,opp_opp_oe,opp_opp_de,opp_proj_opp_oe,opp_proj_opp_de,opp_conf_adj_oe,opp_conf_adj_de,opp_qual_o,opp_qual_d,opp_qual_barthag,opp_qual_games,opp_fun,opp_conf_pf,opp_conf_pa,opp_conf_poss,opp_conf_oe,opp_conf_de,opp_conf_win%,opp_wab,opp_wab_rk,opp_fun_rk,opp_adjt,opp_qual_games_ratio
2013,temple,121.53125,104.38647381246491,124.375,98.0636893237045,131.5625,0.6338789375835734,121.53125,0.5793602859748782,0.537626453373003,0.6150435674672107,0.5887206373769165,0.537626453373003,0.6150435674672107,0.7791827989147088,0.8000864211229272,102.882423381654,99.24999240664974,103.11974018354479,99.0385979117733,105.20160975736026,98.74759280598063,105.34610887767725,98.17832230224693,0.6389231274105904,5.46875,0.0034066026280229686,1145.21875,1126.8125,1108.0550781250001,1.032550266047724,1.0184214116184762,0.5289923260971054,-4.998986531219662,128.65625,180.5625,67.506447885238,0.17710922621304817
