Year,Team,opp_rk,opp_adjoe,opp_oe_rank,opp_adjde,opp_de_rank,opp_barthag,opp_barthag_rank,opp_sos,opp_nconf_sos,opp_conf_sos,opp_proj_sos,opp_proj_nconf_sos,opp_proj_conf_sos,opp_elite_sos,opp_elite_nconf_sos,opp_opp_oe,opp_opp_de,opp_proj_opp_oe,opp_proj_opp_de,opp_conf_adj_oe,opp_conf_adj_de,opp_qual_o,opp_qual_d,opp_qual_barthag,opp_qual_games,opp_fun,opp_conf_pf,opp_conf_pa,opp_conf_poss,opp_conf_oe,opp_conf_de,opp_conf_win%,opp_wab,opp_wab_rk,opp_fun_rk,opp_adjt,opp_qual_games_ratio
2013,butler,105.48484848484848,105.7045100648655,110.0909090909091,97.356369291065,116.36363636363636,0.679092364827526,105.48484848484848,0.596809307697478,0.5104575597649587,0.6508322691330736,0.6075953046071098,0.5104575597649587,0.6508322691330736,0.7640467638434729,0.8172620401671611,103.2820833742326,98.74713965368366,103.56380802484244,98.53628547914855,103.80228458352292,94.4217803089065,109.8679711682696,100.85183912089721,0.6773659680485771,6.484848484848484,-0.0013640972411586051,1094.4242424242425,1072.7878787878788,1055.2833333333335,1.0054555911573109,0.9861079219454263,0.5235955493308435,-3.861013711825065,112.0,183.6060606060606,67.00954119226633,0.21257760382671903
