Year,Team,opp_rk,opp_adjoe,opp_oe_rank,opp_adjde,opp_de_rank,opp_barthag,opp_barthag_rank,opp_sos,opp_nconf_sos,opp_conf_sos,opp_proj_sos,opp_proj_nconf_sos,opp_proj_conf_sos,opp_elite_sos,opp_elite_nconf_sos,opp_opp_oe,opp_opp_de,opp_proj_opp_oe,opp_proj_opp_de,opp_conf_adj_oe,opp_conf_adj_de,opp_qual_o,opp_qual_d,opp_qual_barthag,opp_qual_games,opp_fun,opp_conf_pf,opp_conf_pa,opp_conf_poss,opp_conf_oe,opp_conf_de,opp_conf_win%,opp_wab,opp_wab_rk,opp_fun_rk,opp_adjt,opp_qual_games_ratio
2013,southern,265.2413793103448,92.78334880848493,266.86206896551727,105.60915061946888,236.79310344827587,0.2575496883033786,265.2413793103448,0.4032280989512228,0.5648143652244599,0.31718029367011696,0.4042349225164385,0.5648143652244599,0.31718029367011696,0.8508770135176843,0.7630673232710636,96.94155557022341,102.28491121674845,96.96406478673198,102.21745678302266,93.54555047338968,106.59794022344822,87.49320272733785,105.31394017161045,0.21645886728101907,3.9655172413793105,-0.002080630263917947,1144.7931034482758,1185.5862068965516,1189.5905172413793,0.9629336534390138,0.9976450834500518,0.43189655172413804,-12.685613414402168,240.0344827586207,181.31034482758622,66.97581760102578,0.12975455846246187
