Year,Team,opp_rk,opp_adjoe,opp_oe_rank,opp_adjde,opp_de_rank,opp_barthag,opp_barthag_rank,opp_sos,opp_nconf_sos,opp_conf_sos,opp_proj_sos,opp_proj_nconf_sos,opp_proj_conf_sos,opp_elite_sos,opp_elite_nconf_sos,opp_opp_oe,opp_opp_de,opp_proj_opp_oe,opp_proj_opp_de,opp_conf_adj_oe,opp_conf_adj_de,opp_qual_o,opp_qual_d,opp_qual_barthag,opp_qual_games,opp_fun,opp_conf_pf,opp_conf_pa,opp_conf_poss,opp_conf_oe,opp_conf_de,opp_conf_win%,opp_wab,opp_wab_rk,opp_fun_rk,opp_adjt,opp_qual_games_ratio
2013,ucla,86.73529411764706,104.98013808332304,106.82352941176471,95.26508116755383,86.82352941176471,0.7283280427966976,86.73529411764706,0.635229326575625,0.526125242327735,0.7071850884240379,0.6430046416400138,0.526125242327735,0.7071850884240379,0.7433311345950595,0.8022870566936898,103.77362580730353,97.79659656732896,103.98711720887103,97.62309071269863,105.43931388260025,95.82023776641961,112.11864566500773,103.73628069390315,0.6822253303767349,7.5588235294117645,0.008800675030987594,1195.6176470588234,1183.1764705882354,1180.5948529411764,1.01238509308161,1.001971451668618,0.5208333333333334,-3.1344644831365525,99.02941176470588,150.2058823529412,66.75529747227996,0.24071305450793806
