Year,Team,opp_rk,opp_adjoe,opp_oe_rank,opp_adjde,opp_de_rank,opp_barthag,opp_barthag_rank,opp_sos,opp_nconf_sos,opp_conf_sos,opp_proj_sos,opp_proj_nconf_sos,opp_proj_conf_sos,opp_elite_sos,opp_elite_nconf_sos,opp_opp_oe,opp_opp_de,opp_proj_opp_oe,opp_proj_opp_de,opp_conf_adj_oe,opp_conf_adj_de,opp_qual_o,opp_qual_d,opp_qual_barthag,opp_qual_games,opp_fun,opp_conf_pf,opp_conf_pa,opp_conf_poss,opp_conf_oe,opp_conf_de,opp_conf_win%,opp_wab,opp_wab_rk,opp_fun_rk,opp_adjt,opp_qual_games_ratio
2013,cincinnati,103.93939393939394,104.35929286029265,123.81818181818181,95.73081992788843,101.06060606060606,0.6868112991899626,103.93939393939394,0.6043673097393268,0.47850378254507464,0.6847804695185243,0.6119977633641365,0.47850378254507464,0.6847804695185243,0.7401080475133647,0.8401142073131397,102.79694489581539,97.69611926219065,103.04668433372117,97.53062460375934,104.99945913108084,96.0291608517397,107.53604204343158,99.42892780437137,0.6653253293620265,8.575757575757576,0.011547133909310841,1150.6363636363637,1150.2424242424242,1153.9560606060606,0.9964139185966207,0.9956059498835912,0.5132377698554169,-3.0814342595372377,104.87878787878788,159.03030303030303,66.16793948125012,0.2746369751135147
