Year,Team,opp_rk,opp_adjoe,opp_oe_rank,opp_adjde,opp_de_rank,opp_barthag,opp_barthag_rank,opp_sos,opp_nconf_sos,opp_conf_sos,opp_proj_sos,opp_proj_nconf_sos,opp_proj_conf_sos,opp_elite_sos,opp_elite_nconf_sos,opp_opp_oe,opp_opp_de,opp_proj_opp_oe,opp_proj_opp_de,opp_conf_adj_oe,opp_conf_adj_de,opp_qual_o,opp_qual_d,opp_qual_barthag,opp_qual_games,opp_fun,opp_conf_pf,opp_conf_pa,opp_conf_poss,opp_conf_oe,opp_conf_de,opp_conf_win%,opp_wab,opp_wab_rk,opp_fun_rk,opp_adjt,opp_qual_games_ratio
2013,syracuse,92.05714285714286,105.20843107505183,108.74285714285715,94.46450323147853,93.02857142857142,0.7166869852701636,92.05714285714286,0.6121239236692438,0.5029680450866586,0.6808294323771222,0.6182766717132413,0.5029680450866586,0.6808294323771222,0.7351730740275499,0.8152333832242601,103.37541599068466,97.76989700495778,103.5889663262894,97.6628786453548,105.86396061450796,94.87585147986574,109.59932955222772,98.44108174404671,0.7047635812475348,8.742857142857142,0.007067303742461607,1165.2857142857142,1137.1142857142856,1150.903214285714,1.0131374291939979,0.9876964381083996,0.5494614512471657,-2.2503237712472686,94.71428571428571,166.71428571428572,66.60293500511342,0.2794741159841271
