Year,Team,opp_rk,opp_adjoe,opp_oe_rank,opp_adjde,opp_de_rank,opp_barthag,opp_barthag_rank,opp_sos,opp_nconf_sos,opp_conf_sos,opp_proj_sos,opp_proj_nconf_sos,opp_proj_conf_sos,opp_elite_sos,opp_elite_nconf_sos,opp_opp_oe,opp_opp_de,opp_proj_opp_oe,opp_proj_opp_de,opp_conf_adj_oe,opp_conf_adj_de,opp_qual_o,opp_qual_d,opp_qual_barthag,opp_qual_games,opp_fun,opp_conf_pf,opp_conf_pa,opp_conf_poss,opp_conf_oe,opp_conf_de,opp_conf_win%,opp_wab,opp_wab_rk,opp_fun_rk,opp_adjt,opp_qual_games_ratio
2013,virginia-commonwealth,123.44117647058823,104.353604128071,123.5,98.68039697348254,138.41176470588235,0.6321599451351119,123.44117647058823,0.5592622160646118,0.5354277057177277,0.5840779186330018,0.5714682172373214,0.5354277057177277,0.5840779186330018,0.7848128945977327,0.7924235276807369,102.67041583471703,99.77463594204667,102.96624353100432,99.47146990289097,105.04899342051155,99.29079070429745,113.4334470057554,106.36226709587784,0.6489663299315143,5.411764705882353,0.009361141820122211,1152.5588235294117,1131.764705882353,1110.3386029411765,1.0380769722604022,1.0186838196717556,0.5324222826385456,-4.934594676659916,125.70588235294117,161.08823529411765,67.23185005761596,0.17621807924570082
