Year,Team,opp_rk,opp_adjoe,opp_oe_rank,opp_adjde,opp_de_rank,opp_barthag,opp_barthag_rank,opp_sos,opp_nconf_sos,opp_conf_sos,opp_proj_sos,opp_proj_nconf_sos,opp_proj_conf_sos,opp_elite_sos,opp_elite_nconf_sos,opp_opp_oe,opp_opp_de,opp_proj_opp_oe,opp_proj_opp_de,opp_conf_adj_oe,opp_conf_adj_de,opp_qual_o,opp_qual_d,opp_qual_barthag,opp_qual_games,opp_fun,opp_conf_pf,opp_conf_pa,opp_conf_poss,opp_conf_oe,opp_conf_de,opp_conf_win%,opp_wab,opp_wab_rk,opp_fun_rk,opp_adjt,opp_qual_games_ratio
2013,valparaiso,182.59375,99.74678059759341,187.0625,101.0994506856052,180.90625,0.4684389965025008,182.59375,0.49916362686046384,0.5017718760922268,0.4872883112459834,0.50227233809097,0.5017718760922268,0.4872883112459834,0.8340921646926409,0.8161319686779351,100.85232762430152,100.83896584455904,100.89834441159145,100.7584800367816,100.12626311583338,101.48948436620682,99.03361222222635,96.70424964159854,0.5076313487031923,2.6875,0.004555886097992663,1046.1875,1056.5,1037.5519531249997,1.0064719922081955,1.0164288636468943,0.4802517361111111,-9.180237559174198,189.0,174.59375,66.00157662705668,0.08736231585664983
