Year,Team,opp_rk,opp_adjoe,opp_oe_rank,opp_adjde,opp_de_rank,opp_barthag,opp_barthag_rank,opp_sos,opp_nconf_sos,opp_conf_sos,opp_proj_sos,opp_proj_nconf_sos,opp_proj_conf_sos,opp_elite_sos,opp_elite_nconf_sos,opp_opp_oe,opp_opp_de,opp_proj_opp_oe,opp_proj_opp_de,opp_conf_adj_oe,opp_conf_adj_de,opp_qual_o,opp_qual_d,opp_qual_barthag,opp_qual_games,opp_fun,opp_conf_pf,opp_conf_pa,opp_conf_poss,opp_conf_oe,opp_conf_de,opp_conf_win%,opp_wab,opp_wab_rk,opp_fun_rk,opp_adjt,opp_qual_games_ratio
2013,wichita-state,121.41176470588235,104.52430093089698,120.05882352941177,98.74757398238383,138.11764705882354,0.6314170546259291,121.41176470588235,0.575176641408836,0.5176553418722545,0.6128055350868459,0.5789199005049568,0.5176553418722545,0.6128055350868459,0.7815245101158486,0.7958681278002212,102.57178348537207,99.20299553587162,102.6533416205578,99.10316694626232,106.1210645077977,99.95549873285621,108.27259168033785,102.39328857155667,0.6288868514244685,5.529411764705882,-0.009938709529656769,1195.4411764705883,1185.5294117647059,1151.6084558823525,1.0375290229864607,1.0280368723509776,0.5185866013071895,-5.644160578662969,133.7058823529412,189.14705882352942,66.76015992004079,0.17884915970218843
