Year,Team,opp_rk,opp_adjoe,opp_oe_rank,opp_adjde,opp_de_rank,opp_barthag,opp_barthag_rank,opp_sos,opp_nconf_sos,opp_conf_sos,opp_proj_sos,opp_proj_nconf_sos,opp_proj_conf_sos,opp_elite_sos,opp_elite_nconf_sos,opp_opp_oe,opp_opp_de,opp_proj_opp_oe,opp_proj_opp_de,opp_conf_adj_oe,opp_conf_adj_de,opp_qual_o,opp_qual_d,opp_qual_barthag,opp_qual_games,opp_fun,opp_conf_pf,opp_conf_pa,opp_conf_poss,opp_conf_oe,opp_conf_de,opp_conf_win%,opp_wab,opp_wab_rk,opp_fun_rk,opp_adjt,opp_qual_games_ratio
2013,albany-ny,210.65625,96.81430573792274,229.40625,101.29359569060664,183.125,0.3969744357712407,210.65625,0.44758803866640196,0.47122024253323147,0.4309626054969736,0.45355914583375284,0.47122024253323147,0.4309626054969736,0.8609558240756308,0.8447170639305954,99.01105958204397,101.16443251558411,99.18152744753574,101.07456302830914,97.55427702127155,101.82506390602511,72.28033934476858,77.63238775058655,0.27573076828853754,2.09375,-0.002477292087963247,1030.59375,1044.84375,1052.61015625,0.9772279106159962,0.9914343839453472,0.4691840277777778,-10.823174229765238,211.46875,183.6875,66.17485624166903,0.06882378109423173
