Year,Team,opp_rk,opp_adjoe,opp_oe_rank,opp_adjde,opp_de_rank,opp_barthag,opp_barthag_rank,opp_sos,opp_nconf_sos,opp_conf_sos,opp_proj_sos,opp_proj_nconf_sos,opp_proj_conf_sos,opp_elite_sos,opp_elite_nconf_sos,opp_opp_oe,opp_opp_de,opp_proj_opp_oe,opp_proj_opp_de,opp_conf_adj_oe,opp_conf_adj_de,opp_qual_o,opp_qual_d,opp_qual_barthag,opp_qual_games,opp_fun,opp_conf_pf,opp_conf_pa,opp_conf_poss,opp_conf_oe,opp_conf_de,opp_conf_win%,opp_wab,opp_wab_rk,opp_fun_rk,opp_adjt,opp_qual_games_ratio
2013,kansas,104.79411764705883,106.12064904250934,102.70588235294117,97.3503994805766,120.8529411764706,0.6832656560944157,104.79411764705883,0.6053286418357736,0.4729561367290761,0.6902833973448317,0.6149472581918309,0.4729561367290761,0.6902833973448317,0.7356928135767918,0.8218870057405115,103.59163842138172,98.34934986332082,103.8352050491427,98.14792197997454,107.3984184720146,98.05931204756912,108.7853503834325,100.02773576941577,0.6764762464998161,9.352941176470589,0.007030729755168976,1194.0294117647059,1198.0294117647059,1161.3944852941174,1.0276029469958856,1.0315643401459713,0.4940441863019718,-3.3175877780807226,107.23529411764706,158.8235294117647,66.73703720463548,0.2995885854341736
