Year,Team,opp_rk,opp_adjoe,opp_oe_rank,opp_adjde,opp_de_rank,opp_barthag,opp_barthag_rank,opp_sos,opp_nconf_sos,opp_conf_sos,opp_proj_sos,opp_proj_nconf_sos,opp_proj_conf_sos,opp_elite_sos,opp_elite_nconf_sos,opp_opp_oe,opp_opp_de,opp_proj_opp_oe,opp_proj_opp_de,opp_conf_adj_oe,opp_conf_adj_de,opp_qual_o,opp_qual_d,opp_qual_barthag,opp_qual_games,opp_fun,opp_conf_pf,opp_conf_pa,opp_conf_poss,opp_conf_oe,opp_conf_de,opp_conf_win%,opp_wab,opp_wab_rk,opp_fun_rk,opp_adjt,opp_qual_games_ratio
2013,boise-state,107.75862068965517,104.6223195671761,120.58620689655173,96.99535038145108,119.86206896551724,0.6693466373160948,107.75862068965517,0.6144475901176429,0.5375582825162495,0.6552274880312378,0.6202392791102775,0.5375582825162495,0.6552274880312378,0.7515933912816509,0.8000171656484433,103.36792017383371,98.14873287286903,103.50628906520042,98.00115608473722,102.05836299221107,93.45220275435787,105.35023954596439,99.17395886036142,0.6304465216430745,7.551724137931035,0.009194892948956066,1074.2413793103449,1060.4827586206898,1053.9465517241379,0.9830535390506365,0.9714605412194202,0.4872126436781609,-4.190109380222807,119.86206896551724,157.13793103448276,66.67936502202869,0.2544818248275944
