Year,Team,opp_rk,opp_adjoe,opp_oe_rank,opp_adjde,opp_de_rank,opp_barthag,opp_barthag_rank,opp_sos,opp_nconf_sos,opp_conf_sos,opp_proj_sos,opp_proj_nconf_sos,opp_proj_conf_sos,opp_elite_sos,opp_elite_nconf_sos,opp_opp_oe,opp_opp_de,opp_proj_opp_oe,opp_proj_opp_de,opp_conf_adj_oe,opp_conf_adj_de,opp_qual_o,opp_qual_d,opp_qual_barthag,opp_qual_games,opp_fun,opp_conf_pf,opp_conf_pa,opp_conf_poss,opp_conf_oe,opp_conf_de,opp_conf_win%,opp_wab,opp_wab_rk,opp_fun_rk,opp_adjt,opp_qual_games_ratio
2013,michigan-state,79.84375,107.64239520692713,91.71875,94.68829496990446,86.09375,0.7466621377249141,79.84375,0.6293530629102698,0.5107514222008374,0.7115559828888732,0.6418047665892556,0.5107514222008374,0.7115559828888732,0.7027388060888512,0.8087657606602849,104.17942133003118,97.55209391630315,104.55309272567122,97.29537254367538,108.17091672586365,95.01187678400657,113.29753749761677,99.98445525977854,0.7421836643951508,11.28125,-0.003964683813326368,1183.6875,1153.09375,1153.27890625,1.026066731130601,1.000211993374337,0.5487413194444445,-1.311055782643848,84.9375,181.40625,66.23089962511884,0.362901198090471
