Year,Team,opp_rk,opp_adjoe,opp_oe_rank,opp_adjde,opp_de_rank,opp_barthag,opp_barthag_rank,opp_sos,opp_nconf_sos,opp_conf_sos,opp_proj_sos,opp_proj_nconf_sos,opp_proj_conf_sos,opp_elite_sos,opp_elite_nconf_sos,opp_opp_oe,opp_opp_de,opp_proj_opp_oe,opp_proj_opp_de,opp_conf_adj_oe,opp_conf_adj_de,opp_qual_o,opp_qual_d,opp_qual_barthag,opp_qual_games,opp_fun,opp_conf_pf,opp_conf_pa,opp_conf_poss,opp_conf_oe,opp_conf_de,opp_conf_win%,opp_wab,opp_wab_rk,opp_fun_rk,opp_adjt,opp_qual_games_ratio
2013,new-mexico,87.73529411764706,105.49797338304694,105.70588235294117,95.77476686214433,98.38235294117646,0.7240992230695299,87.73529411764706,0.6145304355618895,0.5377703389638298,0.6715425232848524,0.6221395180833607,0.5377703389638298,0.6715425232848524,0.7541636557392978,0.8065811754523131,103.45968998577769,98.21429441779458,103.65110101551795,98.04582825301858,105.8507627114265,96.45718946739048,109.48629330906364,100.24607593498972,0.6993624055974875,7.4411764705882355,0.01619775440176446,1096.9117647058824,1076.5294117647059,1072.829411764706,1.0205137548596126,1.0041413184789405,0.5357434640522876,-3.1253066401256255,95.73529411764706,139.7058823529412,65.96541176795789,0.24914706427621103
