Year,Team,opp_rk,opp_adjoe,opp_oe_rank,opp_adjde,opp_de_rank,opp_barthag,opp_barthag_rank,opp_sos,opp_nconf_sos,opp_conf_sos,opp_proj_sos,opp_proj_nconf_sos,opp_proj_conf_sos,opp_elite_sos,opp_elite_nconf_sos,opp_opp_oe,opp_opp_de,opp_proj_opp_oe,opp_proj_opp_de,opp_conf_adj_oe,opp_conf_adj_de,opp_qual_o,opp_qual_d,opp_qual_barthag,opp_qual_games,opp_fun,opp_conf_pf,opp_conf_pa,opp_conf_poss,opp_conf_oe,opp_conf_de,opp_conf_win%,opp_wab,opp_wab_rk,opp_fun_rk,opp_adjt,opp_qual_games_ratio
2013,california,91.16129032258064,105.08376535092015,106.87096774193549,95.69407312204923,94.16129032258064,0.7187874018399855,91.16129032258064,0.6304434536317006,0.523927188322317,0.6851045185599471,0.6392631942571488,0.523927188322317,0.6851045185599471,0.7461344009467875,0.8070116048944664,103.64756462897262,98.02390520614878,103.84157084963167,97.77399234523119,102.00746478927773,92.53857877004609,110.8880675330893,102.56706207715288,0.6819707114800877,7.096774193548387,-0.006792519571025764,1140.6129032258063,1136.483870967742,1133.2717741935483,0.9749189013585629,0.9704937034021195,0.4926395289298514,-3.5605966214565297,103.90322580645162,182.67741935483872,66.81978421666233,0.22692276760899815
