Year,Team,opp_rk,opp_adjoe,opp_oe_rank,opp_adjde,opp_de_rank,opp_barthag,opp_barthag_rank,opp_sos,opp_nconf_sos,opp_conf_sos,opp_proj_sos,opp_proj_nconf_sos,opp_proj_conf_sos,opp_elite_sos,opp_elite_nconf_sos,opp_opp_oe,opp_opp_de,opp_proj_opp_oe,opp_proj_opp_de,opp_conf_adj_oe,opp_conf_adj_de,opp_qual_o,opp_qual_d,opp_qual_barthag,opp_qual_games,opp_fun,opp_conf_pf,opp_conf_pa,opp_conf_poss,opp_conf_oe,opp_conf_de,opp_conf_win%,opp_wab,opp_wab_rk,opp_fun_rk,opp_adjt,opp_qual_games_ratio
2013,montana,224.0344827586207,100.10323986242798,186.6551724137931,105.57171268502228,245.75862068965517,0.3694481741154843,224.0344827586207,0.3954086265948452,0.5436089884791427,0.33911788446215574,0.4049894855030811,0.5436089884791427,0.33911788446215574,0.8701873966285757,0.7860368975482707,99.55974776772372,103.78665205914018,99.78703643024477,103.59210317613407,100.58844012053382,105.8359135687188,75.20145255917247,81.21625348342843,0.3028774734414611,2.2413793103448274,-0.021526779590942454,1320.6896551724137,1301.5862068965516,1258.9586206896552,1.0509818203931145,1.0336011130142886,0.5114942528735633,-10.943248679114983,218.93103448275863,211.06896551724137,66.70792086034822,0.07488311276068746
