Year,Team,opp_rk,opp_adjoe,opp_oe_rank,opp_adjde,opp_de_rank,opp_barthag,opp_barthag_rank,opp_sos,opp_nconf_sos,opp_conf_sos,opp_proj_sos,opp_proj_nconf_sos,opp_proj_conf_sos,opp_elite_sos,opp_elite_nconf_sos,opp_opp_oe,opp_opp_de,opp_proj_opp_oe,opp_proj_opp_de,opp_conf_adj_oe,opp_conf_adj_de,opp_qual_o,opp_qual_d,opp_qual_barthag,opp_qual_games,opp_fun,opp_conf_pf,opp_conf_pa,opp_conf_poss,opp_conf_oe,opp_conf_de,opp_conf_win%,opp_wab,opp_wab_rk,opp_fun_rk,opp_adjt,opp_qual_games_ratio
2013,belmont,183.66666666666666,101.9205956340972,156.6,102.93495415380299,215.33333333333334,0.4679411705590825,183.66666666666666,0.45095893093672607,0.5069479673117988,0.41111283390481834,0.4578896978628441,0.5069479673117988,0.41111283390481834,0.8495941534943169,0.8069056705823242,100.14605009229544,102.17542494991196,100.29579924441562,102.01587659553576,102.58722206138283,103.75577979922153,97.78707831258424,100.28015509427694,0.3849525410802504,3.1,0.021409892373909986,1175.2333333333333,1139.0333333333333,1111.0708333333334,1.0581842860783361,1.0268238604703102,0.5783796296296296,-7.639542023352891,165.0,125.36666666666666,67.39800829877233,0.10408439803443506
