Year,Team,opp_rk,opp_adjoe,opp_oe_rank,opp_adjde,opp_de_rank,opp_barthag,opp_barthag_rank,opp_sos,opp_nconf_sos,opp_conf_sos,opp_proj_sos,opp_proj_nconf_sos,opp_proj_conf_sos,opp_elite_sos,opp_elite_nconf_sos,opp_opp_oe,opp_opp_de,opp_proj_opp_oe,opp_proj_opp_de,opp_conf_adj_oe,opp_conf_adj_de,opp_qual_o,opp_qual_d,opp_qual_barthag,opp_qual_games,opp_fun,opp_conf_pf,opp_conf_pa,opp_conf_poss,opp_conf_oe,opp_conf_de,opp_conf_win%,opp_wab,opp_wab_rk,opp_fun_rk,opp_adjt,opp_qual_games_ratio
2013,new-mexico-state,156.4,101.24568048358726,165.0,99.42638080769105,151.26666666666668,0.5409867158029684,156.4,0.5119605637458212,0.5086358010315318,0.5177286851285497,0.5175585605802908,0.5086358010315318,0.5177286851285497,0.8295966690039988,0.8156424653205002,100.93726916288625,100.39958761784938,101.0307951942385,100.26068732806856,102.13926697160268,99.5785632854819,100.89407652291123,105.65338925013263,0.3967292383563266,3.2333333333333334,0.009107087277691335,1162.0,1141.3333333333333,1142.9900000000002,1.0185008127409794,0.9976772923383024,0.5429341736694677,-7.348346097870517,163.36666666666667,152.36666666666667,66.2728885595258,0.10590721392376011
