Year,Team,opp_rk,opp_adjoe,opp_oe_rank,opp_adjde,opp_de_rank,opp_barthag,opp_barthag_rank,opp_sos,opp_nconf_sos,opp_conf_sos,opp_proj_sos,opp_proj_nconf_sos,opp_proj_conf_sos,opp_elite_sos,opp_elite_nconf_sos,opp_opp_oe,opp_opp_de,opp_proj_opp_oe,opp_proj_opp_de,opp_conf_adj_oe,opp_conf_adj_de,opp_qual_o,opp_qual_d,opp_qual_barthag,opp_qual_games,opp_fun,opp_conf_pf,opp_conf_pa,opp_conf_poss,opp_conf_oe,opp_conf_de,opp_conf_win%,opp_wab,opp_wab_rk,opp_fun_rk,opp_adjt,opp_qual_games_ratio
2013,illinois,80.4375,107.60115707906763,96.625,94.69656931202097,85.15625,0.7451883988370036,80.4375,0.6292506752480019,0.49545150658943077,0.719503341320839,0.6416445432236103,0.49545150658943077,0.719503341320839,0.7052269031662209,0.816970832194643,104.40025082137332,97.71710982048008,104.75308920101901,97.43650998628775,108.02347366448714,95.17328673033806,113.58728758136681,100.11946212249929,0.7494744951326636,11.28125,0.004562353804678617,1156.875,1141.78125,1131.5011718750002,1.02236912786305,1.008778073380298,0.5415809552987861,-1.260226221472121,82.78125,168.90625,65.99757214778626,0.36014621602449226
