Year,Team,opp_rk,opp_adjoe,opp_oe_rank,opp_adjde,opp_de_rank,opp_barthag,opp_barthag_rank,opp_sos,opp_nconf_sos,opp_conf_sos,opp_proj_sos,opp_proj_nconf_sos,opp_proj_conf_sos,opp_elite_sos,opp_elite_nconf_sos,opp_opp_oe,opp_opp_de,opp_proj_opp_oe,opp_proj_opp_de,opp_conf_adj_oe,opp_conf_adj_de,opp_qual_o,opp_qual_d,opp_qual_barthag,opp_qual_games,opp_fun,opp_conf_pf,opp_conf_pa,opp_conf_poss,opp_conf_oe,opp_conf_de,opp_conf_win%,opp_wab,opp_wab_rk,opp_fun_rk,opp_adjt,opp_qual_games_ratio
2014,creighton,87.8125,109.01232758801675,104.625,98.99068554120157,88.21875,0.7240159836882044,87.8125,0.6455166830373595,0.5412685054359122,0.7147423483273769,0.6496634831962855,0.5412685054359122,0.7147423483273769,0.7221442914829981,0.7904061387924669,108.391799817968,101.21534496680142,108.51157536025596,101.12688112294995,109.53131144944257,99.21847784688784,115.05068076810853,105.80748006958397,0.6966940570503286,10.1875,0.020274559680403398,1239.375,1239.03125,1183.3539062499997,1.0476344573746001,1.0460570870305197,0.5236545138888888,-2.5292452733559814,96.59375,143.03125,65.79813124472412,0.3183629650508955
