Year,Team,opp_rk,opp_adjoe,opp_oe_rank,opp_adjde,opp_de_rank,opp_barthag,opp_barthag_rank,opp_sos,opp_nconf_sos,opp_conf_sos,opp_proj_sos,opp_proj_nconf_sos,opp_proj_conf_sos,opp_elite_sos,opp_elite_nconf_sos,opp_opp_oe,opp_opp_de,opp_proj_opp_oe,opp_proj_opp_de,opp_conf_adj_oe,opp_conf_adj_de,opp_qual_o,opp_qual_d,opp_qual_barthag,opp_qual_games,opp_fun,opp_conf_pf,opp_conf_pa,opp_conf_poss,opp_conf_oe,opp_conf_de,opp_conf_win%,opp_wab,opp_wab_rk,opp_fun_rk,opp_adjt,opp_qual_games_ratio
2014,wichita-state,145.5151515151515,105.97041757943755,154.36363636363637,103.36891244819661,156.72727272727272,0.5598377197590358,145.5151515151515,0.5342723287065653,0.5164979432395781,0.5397274197061165,0.5379273629148974,0.5164979432395781,0.5397274197061165,0.812950920840619,0.8059923184525755,105.29636838003539,103.42464591261862,105.40548355701452,103.34738629265647,106.57189572272985,104.03811153961047,111.61297576025957,108.42634827124323,0.5642613395065337,4.757575757575758,-0.00414287625212337,1210.121212121212,1204.878787878788,1146.4935606060608,1.0563128300483324,1.0505357446752959,0.5148420479302833,-7.0985449448944085,161.24242424242425,183.27272727272728,65.35949451542884,0.15267211629899968
