Year,Team,opp_rk,opp_adjoe,opp_oe_rank,opp_adjde,opp_de_rank,opp_barthag,opp_barthag_rank,opp_sos,opp_nconf_sos,opp_conf_sos,opp_proj_sos,opp_proj_nconf_sos,opp_proj_conf_sos,opp_elite_sos,opp_elite_nconf_sos,opp_opp_oe,opp_opp_de,opp_proj_opp_oe,opp_proj_opp_de,opp_conf_adj_oe,opp_conf_adj_de,opp_qual_o,opp_qual_d,opp_qual_barthag,opp_qual_games,opp_fun,opp_conf_pf,opp_conf_pa,opp_conf_poss,opp_conf_oe,opp_conf_de,opp_conf_win%,opp_wab,opp_wab_rk,opp_fun_rk,opp_adjt,opp_qual_games_ratio
2014,weber-state,229.75,103.50710145319952,185.32142857142858,109.40202096940199,257.75,0.3587721491473746,229.75,0.4236179011186002,0.5486316028845014,0.3779022691596207,0.4264355427516205,0.5486316028845014,0.3779022691596207,0.873104164532471,0.7868618675255714,104.17948861388871,107.42098294214767,104.22678597397564,107.33484553830003,103.91576060557382,110.03334006325795,86.96526710676699,90.90719550339784,0.37149374526985113,2.142857142857143,0.003812970582790772,1375.9285714285713,1382.607142857143,1270.325,1.0820333467064065,1.0876683638608473,0.49231150793650796,-10.659104126132092,221.14285714285714,166.21428571428572,65.51966492221197,0.07067644351928479
