Year,Team,opp_rk,opp_adjoe,opp_oe_rank,opp_adjde,opp_de_rank,opp_barthag,opp_barthag_rank,opp_sos,opp_nconf_sos,opp_conf_sos,opp_proj_sos,opp_proj_nconf_sos,opp_proj_conf_sos,opp_elite_sos,opp_elite_nconf_sos,opp_opp_oe,opp_opp_de,opp_proj_opp_oe,opp_proj_opp_de,opp_conf_adj_oe,opp_conf_adj_de,opp_qual_o,opp_qual_d,opp_qual_barthag,opp_qual_games,opp_fun,opp_conf_pf,opp_conf_pa,opp_conf_poss,opp_conf_oe,opp_conf_de,opp_conf_win%,opp_wab,opp_wab_rk,opp_fun_rk,opp_adjt,opp_qual_games_ratio
2014,arizona-state,100.5,108.95775151134093,114.21875,100.19832501001667,104.5625,0.6884272397732925,100.5,0.6180732584538031,0.5161789673422276,0.6832633723467453,0.6226146659552309,0.5161789673422276,0.6832633723467453,0.7464621470239909,0.8180481957950463,107.57372103796855,101.77833840064463,107.73106261337351,101.68250438679539,108.82362083619641,99.87334406781461,113.21421627363036,104.6081211305112,0.669188202512681,8.8125,0.0033694794494594123,1239.0,1239.65625,1188.4183593750001,1.0416457763268814,1.042085231997759,0.48819444444444443,-3.3894069039583252,112.46875,168.125,65.69652220738551,0.2752750996028095
