Year,Team,opp_rk,opp_adjoe,opp_oe_rank,opp_adjde,opp_de_rank,opp_barthag,opp_barthag_rank,opp_sos,opp_nconf_sos,opp_conf_sos,opp_proj_sos,opp_proj_nconf_sos,opp_proj_conf_sos,opp_elite_sos,opp_elite_nconf_sos,opp_opp_oe,opp_opp_de,opp_proj_opp_oe,opp_proj_opp_de,opp_conf_adj_oe,opp_conf_adj_de,opp_qual_o,opp_qual_d,opp_qual_barthag,opp_qual_games,opp_fun,opp_conf_pf,opp_conf_pa,opp_conf_poss,opp_conf_oe,opp_conf_de,opp_conf_win%,opp_wab,opp_wab_rk,opp_fun_rk,opp_adjt,opp_qual_games_ratio
2014,ucla,100.1470588235294,109.47120891732459,105.29411764705883,100.56428820598671,115.38235294117646,0.6875851667216706,100.1470588235294,0.6152683241745853,0.5374395650276041,0.6627782682848294,0.6198001204425019,0.5374395650276041,0.6627782682848294,0.7485378457785334,0.8065795758178447,107.67175802156616,101.96020089759897,107.83450402829703,101.87210445379478,109.40743320749674,100.45733303354824,113.06611408198411,104.37183067399297,0.6719562234467527,8.147058823529411,0.01485203194841718,1260.3529411764705,1251.7058823529412,1198.22205882353,1.0521748459691433,1.0443821614407325,0.5191584967320262,-2.8742431569682063,104.5,146.61764705882354,66.08750322378606,0.25555968487075137
