Year,Team,opp_rk,opp_adjoe,opp_oe_rank,opp_adjde,opp_de_rank,opp_barthag,opp_barthag_rank,opp_sos,opp_nconf_sos,opp_conf_sos,opp_proj_sos,opp_proj_nconf_sos,opp_proj_conf_sos,opp_elite_sos,opp_elite_nconf_sos,opp_opp_oe,opp_opp_de,opp_proj_opp_oe,opp_proj_opp_de,opp_conf_adj_oe,opp_conf_adj_de,opp_qual_o,opp_qual_d,opp_qual_barthag,opp_qual_games,opp_fun,opp_conf_pf,opp_conf_pa,opp_conf_poss,opp_conf_oe,opp_conf_de,opp_conf_win%,opp_wab,opp_wab_rk,opp_fun_rk,opp_adjt,opp_qual_games_ratio
2014,kentucky,89.55882352941177,110.0169824726807,97.29411764705883,99.52954402915827,101.26470588235294,0.71716823200861,89.55882352941177,0.6072951137355905,0.5146033565461423,0.6678577564396516,0.6163194516646231,0.5146033565461423,0.6678577564396516,0.7585702179122489,0.8153455429964037,106.87745373946633,101.77408495915725,107.13735893802992,101.58020175910028,110.26303611623035,99.65614570124195,115.47180716454602,103.81514453943839,0.7120762394749178,7.647058823529412,0.010055676397242981,1259.7941176470588,1224.6764705882354,1187.4466911764707,1.0621621894972697,1.030371037018277,0.5723039215686274,-2.2418889172414502,95.20588235294117,155.91176470588235,66.28892045060704,0.23948274593664412
