Year,Team,opp_rk,opp_adjoe,opp_oe_rank,opp_adjde,opp_de_rank,opp_barthag,opp_barthag_rank,opp_sos,opp_nconf_sos,opp_conf_sos,opp_proj_sos,opp_proj_nconf_sos,opp_proj_conf_sos,opp_elite_sos,opp_elite_nconf_sos,opp_opp_oe,opp_opp_de,opp_proj_opp_oe,opp_proj_opp_de,opp_conf_adj_oe,opp_conf_adj_de,opp_qual_o,opp_qual_d,opp_qual_barthag,opp_qual_games,opp_fun,opp_conf_pf,opp_conf_pa,opp_conf_poss,opp_conf_oe,opp_conf_de,opp_conf_win%,opp_wab,opp_wab_rk,opp_fun_rk,opp_adjt,opp_qual_games_ratio
2014,stanford,93.75757575757575,109.71940892362238,103.21212121212122,99.76188723706082,104.03030303030303,0.7037381110041583,93.75757575757575,0.6314985168548747,0.515701256852828,0.7003471118994461,0.6380978693823095,0.515701256852828,0.7003471118994461,0.7374174440998904,0.8195363865141055,107.83841683417702,101.51747713051849,108.0051391499514,101.30056939763088,109.37435211984139,99.80349076069528,112.75121193812481,102.9977709275277,0.6908756123320133,8.757575757575758,0.012053730569154405,1236.3030303030303,1234.1515151515152,1182.4761363636364,1.0459152527903974,1.0448545461327157,0.5158128908128907,-2.4732872996001034,101.75757575757575,153.06060606060606,65.9475211468232,0.2749347489327443
