Year,Team,opp_rk,opp_adjoe,opp_oe_rank,opp_adjde,opp_de_rank,opp_barthag,opp_barthag_rank,opp_sos,opp_nconf_sos,opp_conf_sos,opp_proj_sos,opp_proj_nconf_sos,opp_proj_conf_sos,opp_elite_sos,opp_elite_nconf_sos,opp_opp_oe,opp_opp_de,opp_proj_opp_oe,opp_proj_opp_de,opp_conf_adj_oe,opp_conf_adj_de,opp_qual_o,opp_qual_d,opp_qual_barthag,opp_qual_games,opp_fun,opp_conf_pf,opp_conf_pa,opp_conf_poss,opp_conf_oe,opp_conf_de,opp_conf_win%,opp_wab,opp_wab_rk,opp_fun_rk,opp_adjt,opp_qual_games_ratio
2014,cincinnati,128.03030303030303,107.28803763901116,131.6060606060606,101.37775518400335,137.87878787878788,0.6170984463827598,128.03030303030303,0.5642739273945443,0.48327934319373156,0.6109300136337423,0.5752535469782926,0.48327934319373156,0.6109300136337423,0.7654263054621945,0.8323165149934518,105.91970039351328,102.411563106466,106.18082920154265,102.12095800673518,107.29966981703265,101.57613458935948,112.58537217890215,105.91538959037594,0.6166261765950722,8.484848484848484,0.005386542723806011,1230.5151515151515,1230.0,1179.707575757576,1.042638102316137,1.0416035484777322,0.5015844721727074,-4.436715133247024,129.8181818181818,162.78787878787878,66.22841269971298,0.2687037264210554
