Year,Team,opp_rk,opp_adjoe,opp_oe_rank,opp_adjde,opp_de_rank,opp_barthag,opp_barthag_rank,opp_sos,opp_nconf_sos,opp_conf_sos,opp_proj_sos,opp_proj_nconf_sos,opp_proj_conf_sos,opp_elite_sos,opp_elite_nconf_sos,opp_opp_oe,opp_opp_de,opp_proj_opp_oe,opp_proj_opp_de,opp_conf_adj_oe,opp_conf_adj_de,opp_qual_o,opp_qual_d,opp_qual_barthag,opp_qual_games,opp_fun,opp_conf_pf,opp_conf_pa,opp_conf_poss,opp_conf_oe,opp_conf_de,opp_conf_win%,opp_wab,opp_wab_rk,opp_fun_rk,opp_adjt,opp_qual_games_ratio
2014,providence,89.29411764705883,109.79040393843691,110.58823529411765,99.36434201472386,90.61764705882354,0.7200521054491242,89.29411764705883,0.6420774744399065,0.5290613176443186,0.717512475652526,0.6445604318972409,0.5290613176443186,0.717512475652526,0.732260592531383,0.8034051297765855,108.14322759068877,101.25346892097316,108.2455734937514,101.22870779385224,110.21305136638999,99.33048339560705,117.42559708549199,106.74337691785864,0.7186522800959848,9.911764705882353,-0.00906876494995101,1232.264705882353,1226.0294117647059,1169.526102941176,1.0536105239713767,1.0465108079398089,0.49084383753501404,-3.263409510445868,107.76470588235294,195.73529411764707,65.97072723391,0.31101067209414957
