Year,Team,opp_rk,opp_adjoe,opp_oe_rank,opp_adjde,opp_de_rank,opp_barthag,opp_barthag_rank,opp_sos,opp_nconf_sos,opp_conf_sos,opp_proj_sos,opp_proj_nconf_sos,opp_proj_conf_sos,opp_elite_sos,opp_elite_nconf_sos,opp_opp_oe,opp_opp_de,opp_proj_opp_oe,opp_proj_opp_de,opp_conf_adj_oe,opp_conf_adj_de,opp_qual_o,opp_qual_d,opp_qual_barthag,opp_qual_games,opp_fun,opp_conf_pf,opp_conf_pa,opp_conf_poss,opp_conf_oe,opp_conf_de,opp_conf_win%,opp_wab,opp_wab_rk,opp_fun_rk,opp_adjt,opp_qual_games_ratio
2014,iowa,104.6875,108.61180064773394,130.5625,99.55618817830913,99.03125,0.683210645492714,104.6875,0.6323681485581415,0.5287169679677266,0.7009000151875681,0.6370011199559454,0.5287169679677266,0.7009000151875681,0.7240421271261344,0.7997077555938008,107.96749185855852,101.24370697422036,108.1207267426763,101.15951873258157,108.77491056633092,99.8998277040874,112.89819279781285,103.87756084714546,0.6727652003612454,10.71875,0.01304094977429277,1167.59375,1180.59375,1129.0472656250001,1.0327680177253242,1.0463785655005073,0.48359995039682546,-2.337930463105816,104.34375,152.0,65.15164994781351,0.3369917648606208
