Year,Team,opp_rk,opp_adjoe,opp_oe_rank,opp_adjde,opp_de_rank,opp_barthag,opp_barthag_rank,opp_sos,opp_nconf_sos,opp_conf_sos,opp_proj_sos,opp_proj_nconf_sos,opp_proj_conf_sos,opp_elite_sos,opp_elite_nconf_sos,opp_opp_oe,opp_opp_de,opp_proj_opp_oe,opp_proj_opp_de,opp_conf_adj_oe,opp_conf_adj_de,opp_qual_o,opp_qual_d,opp_qual_barthag,opp_qual_games,opp_fun,opp_conf_pf,opp_conf_pa,opp_conf_poss,opp_conf_oe,opp_conf_de,opp_conf_win%,opp_wab,opp_wab_rk,opp_fun_rk,opp_adjt,opp_qual_games_ratio
2014,baylor,81.66666666666667,110.97251062907674,88.18181818181819,99.16207632659588,88.39393939393939,0.7386032621966836,81.66666666666667,0.6483672515959114,0.5560722571666046,0.7098529336951537,0.6545819270797438,0.5560722571666046,0.7098529336951537,0.709950286953489,0.7879016652530699,108.92307599716412,101.46261129603957,109.09169513555861,101.32254604772021,111.27555929700848,99.42303875238849,116.11772237249222,104.62978844869124,0.7221346258682311,12.696969696969697,0.0068495785702376525,1295.5151515151515,1281.1515151515152,1214.6746212121218,1.0651078741418567,1.0544126766355666,0.529040404040404,-1.0520373099016118,83.06060606060606,165.42424242424244,67.25670151106671,0.3974956767094347
