Year,Team,opp_rk,opp_adjoe,opp_oe_rank,opp_adjde,opp_de_rank,opp_barthag,opp_barthag_rank,opp_sos,opp_nconf_sos,opp_conf_sos,opp_proj_sos,opp_proj_nconf_sos,opp_proj_conf_sos,opp_elite_sos,opp_elite_nconf_sos,opp_opp_oe,opp_opp_de,opp_proj_opp_oe,opp_proj_opp_de,opp_conf_adj_oe,opp_conf_adj_de,opp_qual_o,opp_qual_d,opp_qual_barthag,opp_qual_games,opp_fun,opp_conf_pf,opp_conf_pa,opp_conf_poss,opp_conf_oe,opp_conf_de,opp_conf_win%,opp_wab,opp_wab_rk,opp_fun_rk,opp_adjt,opp_qual_games_ratio
2014,memphis,120.06451612903226,108.12860305625044,121.29032258064517,100.43932216397195,130.3548387096774,0.6379176157020569,120.06451612903226,0.5703050450226818,0.4930847853581014,0.6194174951248687,0.5813979661963544,0.4930847853581014,0.6194174951248687,0.7665484359418098,0.8321866425884018,106.27505056727873,102.61629620084949,106.53225376414667,102.31436570351036,107.89803424368496,100.87832568342375,112.65622789999608,105.22588708791099,0.6340112097235868,8.451612903225806,-0.00016465788578578518,1279.4516129032259,1263.8064516129032,1216.9520161290325,1.051226637784812,1.0379657072275525,0.5190860215053763,-3.7985843422037946,124.70967741935483,176.70967741935485,66.83763763547951,0.26418906544673526
