Year,Team,opp_rk,opp_adjoe,opp_oe_rank,opp_adjde,opp_de_rank,opp_barthag,opp_barthag_rank,opp_sos,opp_nconf_sos,opp_conf_sos,opp_proj_sos,opp_proj_nconf_sos,opp_proj_conf_sos,opp_elite_sos,opp_elite_nconf_sos,opp_opp_oe,opp_opp_de,opp_proj_opp_oe,opp_proj_opp_de,opp_conf_adj_oe,opp_conf_adj_de,opp_qual_o,opp_qual_d,opp_qual_barthag,opp_qual_games,opp_fun,opp_conf_pf,opp_conf_pa,opp_conf_poss,opp_conf_oe,opp_conf_de,opp_conf_win%,opp_wab,opp_wab_rk,opp_fun_rk,opp_adjt,opp_qual_games_ratio
2014,colorado,94.52941176470588,109.67476100913811,101.73529411764706,99.60841271937484,102.08823529411765,0.7031652648545359,94.52941176470588,0.6211986419503752,0.5094173721685561,0.6848706754912113,0.6273405180080658,0.5094173721685561,0.6848706754912113,0.7463257927887857,0.8245418404696724,107.66401242932307,101.85035743488035,107.82729900022993,101.68342120559558,109.35258107403939,99.36686126581749,114.1274475066916,103.92789058481888,0.6945780154864436,8.441176470588236,0.0031861859215062444,1253.8235294117646,1237.7058823529412,1194.351838235294,1.0506914741628601,1.0354853505385413,0.5113795518207283,-2.629238094045274,104.05882352941177,166.35294117647058,66.21343376453405,0.26722369881312824
