Year,Team,opp_rk,opp_adjoe,opp_oe_rank,opp_adjde,opp_de_rank,opp_barthag,opp_barthag_rank,opp_sos,opp_nconf_sos,opp_conf_sos,opp_proj_sos,opp_proj_nconf_sos,opp_proj_conf_sos,opp_elite_sos,opp_elite_nconf_sos,opp_opp_oe,opp_opp_de,opp_proj_opp_oe,opp_proj_opp_de,opp_conf_adj_oe,opp_conf_adj_de,opp_qual_o,opp_qual_d,opp_qual_barthag,opp_qual_games,opp_fun,opp_conf_pf,opp_conf_pa,opp_conf_poss,opp_conf_oe,opp_conf_de,opp_conf_win%,opp_wab,opp_wab_rk,opp_fun_rk,opp_adjt,opp_qual_games_ratio
2014,kansas-state,98.53125,110.85029726414557,94.8125,100.92616851904535,115.59375,0.6960552983937809,98.53125,0.6364229924879958,0.5527145212088533,0.6900657890413194,0.6414999495482286,0.5527145212088533,0.6900657890413194,0.7276341016061533,0.7927941850061242,108.55675799265683,101.70638491288052,108.69638313622183,101.59701144283271,110.94482928857747,101.02270855261148,113.65114580048254,104.74259181643033,0.6900241635844379,11.25,0.01481231583130916,1278.59375,1271.40625,1194.5785156250006,1.0686496973087292,1.0638939883300587,0.5093129960317461,-2.23730936681842,100.15625,157.0625,66.83294073773459,0.3529687729690771
