Year,Team,opp_rk,opp_adjoe,opp_oe_rank,opp_adjde,opp_de_rank,opp_barthag,opp_barthag_rank,opp_sos,opp_nconf_sos,opp_conf_sos,opp_proj_sos,opp_proj_nconf_sos,opp_proj_conf_sos,opp_elite_sos,opp_elite_nconf_sos,opp_opp_oe,opp_opp_de,opp_proj_opp_oe,opp_proj_opp_de,opp_conf_adj_oe,opp_conf_adj_de,opp_qual_o,opp_qual_d,opp_qual_barthag,opp_qual_games,opp_fun,opp_conf_pf,opp_conf_pa,opp_conf_poss,opp_conf_oe,opp_conf_de,opp_conf_win%,opp_wab,opp_wab_rk,opp_fun_rk,opp_adjt,opp_qual_games_ratio
2014,oklahoma-state,94.87878787878788,110.00931738434642,104.66666666666667,100.05999822827843,101.15151515151516,0.7064063226056502,94.87878787878788,0.6425170944921939,0.5418434725249509,0.705696972768444,0.6489782919535614,0.5418434725249509,0.705696972768444,0.7116713414487559,0.7969519592943511,108.62876600750481,101.3268158350039,108.81119947429885,101.21033912683244,110.61898341905197,100.15064876357383,114.56028834347559,106.81249796551963,0.6552329937078711,12.666666666666666,0.018864395119844894,1263.5454545454545,1267.3030303030303,1197.1931818181822,1.0547405455058785,1.058392464982453,0.5077861952861953,-1.9113087327163383,93.21212121212122,146.66666666666666,66.43227948268249,0.39710015221672557
