Year,Team,opp_rk,opp_adjoe,opp_oe_rank,opp_adjde,opp_de_rank,opp_barthag,opp_barthag_rank,opp_sos,opp_nconf_sos,opp_conf_sos,opp_proj_sos,opp_proj_nconf_sos,opp_proj_conf_sos,opp_elite_sos,opp_elite_nconf_sos,opp_opp_oe,opp_opp_de,opp_proj_opp_oe,opp_proj_opp_de,opp_conf_adj_oe,opp_conf_adj_de,opp_qual_o,opp_qual_d,opp_qual_barthag,opp_qual_games,opp_fun,opp_conf_pf,opp_conf_pa,opp_conf_poss,opp_conf_oe,opp_conf_de,opp_conf_win%,opp_wab,opp_wab_rk,opp_fun_rk,opp_adjt,opp_qual_games_ratio
2014,harvard,182.93103448275863,103.21793410524984,193.20689655172413,104.43851142575305,168.13793103448276,0.4737602301426838,182.93103448275863,0.5063774139912971,0.5090486415461486,0.5022157195900292,0.5103825742287847,0.5090486415461486,0.5022157195900292,0.8229339048111458,0.8113899017676018,104.2627011611862,103.82704411114756,104.36722144655756,103.73490169951958,102.8991819683355,104.18444549401642,105.35387474031037,104.56679826419304,0.5150579145440823,4.172413793103448,-0.018835081171179706,1021.9310344827586,1040.2413793103449,1000.9461206896555,1.0214147840128578,1.0397918517064284,0.4623700054734537,-8.629450833541021,186.17241379310346,202.82758620689654,65.14382607268358,0.13941329966693122
