Year,Team,opp_rk,opp_adjoe,opp_oe_rank,opp_adjde,opp_de_rank,opp_barthag,opp_barthag_rank,opp_sos,opp_nconf_sos,opp_conf_sos,opp_proj_sos,opp_proj_nconf_sos,opp_proj_conf_sos,opp_elite_sos,opp_elite_nconf_sos,opp_opp_oe,opp_opp_de,opp_proj_opp_oe,opp_proj_opp_de,opp_conf_adj_oe,opp_conf_adj_de,opp_qual_o,opp_qual_d,opp_qual_barthag,opp_qual_games,opp_fun,opp_conf_pf,opp_conf_pa,opp_conf_poss,opp_conf_oe,opp_conf_de,opp_conf_win%,opp_wab,opp_wab_rk,opp_fun_rk,opp_adjt,opp_qual_games_ratio
2014,mount-st-marys,209.57142857142858,102.98312562890904,202.32142857142858,106.7124688887117,204.53571428571428,0.4103531399522194,209.57142857142858,0.4540065415805604,0.5179170729048745,0.40773673591658544,0.4580306500648216,0.5179170729048745,0.40773673591658544,0.8409812774602393,0.8019869936905187,103.7729815669636,105.46087283276869,103.86386452700808,105.35446145248004,103.23615384646642,106.37905442521999,95.36236314407004,97.71915508196496,0.4092733264754295,4.142857142857143,0.007939355826741107,1171.2857142857142,1162.6785714285713,1114.0495535714288,1.0504099686150605,1.0432648132338243,0.5240575396825397,-9.444095165439014,197.82142857142858,159.71428571428572,66.38956219203436,0.1312719628502629
