Year,Team,opp_rk,opp_adjoe,opp_oe_rank,opp_adjde,opp_de_rank,opp_barthag,opp_barthag_rank,opp_sos,opp_nconf_sos,opp_conf_sos,opp_proj_sos,opp_proj_nconf_sos,opp_proj_conf_sos,opp_elite_sos,opp_elite_nconf_sos,opp_opp_oe,opp_opp_de,opp_proj_opp_oe,opp_proj_opp_de,opp_conf_adj_oe,opp_conf_adj_de,opp_qual_o,opp_qual_d,opp_qual_barthag,opp_qual_games,opp_fun,opp_conf_pf,opp_conf_pa,opp_conf_poss,opp_conf_oe,opp_conf_de,opp_conf_win%,opp_wab,opp_wab_rk,opp_fun_rk,opp_adjt,opp_qual_games_ratio
2014,coastal-carolina,239.13793103448276,101.99805134323601,211.68965517241378,109.53803767614923,253.89655172413794,0.33757440521957927,239.13793103448276,0.39693817385442454,0.49535017126932235,0.3361163831420477,0.4012599945561974,0.49535017126932235,0.3361163831420477,0.8736152092863254,0.8078748686151268,102.58789595115843,107.10118901582182,102.70248830012125,107.02470600678214,101.91236542920299,109.73585343072138,100.78185818085599,106.31625275122597,0.3713622526062185,2.793103448275862,-0.009033323773441763,1193.448275862069,1197.8275862068965,1119.500431034483,1.065140871067023,1.0706775331395364,0.4923371647509579,-10.97834216918014,222.6551724137931,172.20689655172413,66.8603187391931,0.09355813011934763
