Year,Team,opp_rk,opp_adjoe,opp_oe_rank,opp_adjde,opp_de_rank,opp_barthag,opp_barthag_rank,opp_sos,opp_nconf_sos,opp_conf_sos,opp_proj_sos,opp_proj_nconf_sos,opp_proj_conf_sos,opp_elite_sos,opp_elite_nconf_sos,opp_opp_oe,opp_opp_de,opp_proj_opp_oe,opp_proj_opp_de,opp_conf_adj_oe,opp_conf_adj_de,opp_qual_o,opp_qual_d,opp_qual_barthag,opp_qual_games,opp_fun,opp_conf_pf,opp_conf_pa,opp_conf_poss,opp_conf_oe,opp_conf_de,opp_conf_win%,opp_wab,opp_wab_rk,opp_fun_rk,opp_adjt,opp_qual_games_ratio
2014,brigham-young,110.0,109.1805330443195,101.21212121212122,101.92394940145417,134.6060606060606,0.6591835675625813,110.0,0.5919928754626678,0.5151949382632824,0.6337620084838725,0.5956001187064612,0.5151949382632824,0.6337620084838725,0.7865915915698668,0.8296111494806723,107.36648653320174,103.11024883817934,107.47715682808116,103.0070706761004,108.5009781536403,101.48897644088778,112.66228958567677,106.60239135721234,0.6099674455127475,5.878787878787879,0.016213685636350186,1267.1818181818182,1254.969696969697,1191.1609848484848,1.0639043019264904,1.053244396631003,0.5197390572390572,-4.178563329182512,121.84848484848484,148.63636363636363,66.28028899067718,0.18803778691511694
