Year,Team,opp_rk,opp_adjoe,opp_oe_rank,opp_adjde,opp_de_rank,opp_barthag,opp_barthag_rank,opp_sos,opp_nconf_sos,opp_conf_sos,opp_proj_sos,opp_proj_nconf_sos,opp_proj_conf_sos,opp_elite_sos,opp_elite_nconf_sos,opp_opp_oe,opp_opp_de,opp_proj_opp_oe,opp_proj_opp_de,opp_conf_adj_oe,opp_conf_adj_de,opp_qual_o,opp_qual_d,opp_qual_barthag,opp_qual_games,opp_fun,opp_conf_pf,opp_conf_pa,opp_conf_poss,opp_conf_oe,opp_conf_de,opp_conf_win%,opp_wab,opp_wab_rk,opp_fun_rk,opp_adjt,opp_qual_games_ratio
2014,tennessee,102.59375,108.52610858441425,117.15625,99.8805077473396,103.78125,0.685034656789886,102.59375,0.607973865375105,0.5088724874696476,0.6698720315314574,0.6142695721585112,0.5088724874696476,0.6698720315314574,0.7567996937277506,0.8171014123173594,107.06169570680858,101.83112380206285,107.25640869060216,101.69619023643813,109.12381217458784,100.4296353326778,116.29338993248666,104.80950293105423,0.7182052082338141,7.90625,0.018791102045602526,1216.84375,1204.9375,1158.85859375,1.0505733258706378,1.0393331653536098,0.5340711805555556,-2.7902932945724785,105.15625,142.78125,65.53630967180457,0.2461821732877092
