Year,Team,opp_rk,opp_adjoe,opp_oe_rank,opp_adjde,opp_de_rank,opp_barthag,opp_barthag_rank,opp_sos,opp_nconf_sos,opp_conf_sos,opp_proj_sos,opp_proj_nconf_sos,opp_proj_conf_sos,opp_elite_sos,opp_elite_nconf_sos,opp_opp_oe,opp_opp_de,opp_proj_opp_oe,opp_proj_opp_de,opp_conf_adj_oe,opp_conf_adj_de,opp_qual_o,opp_qual_d,opp_qual_barthag,opp_qual_games,opp_fun,opp_conf_pf,opp_conf_pa,opp_conf_poss,opp_conf_oe,opp_conf_de,opp_conf_win%,opp_wab,opp_wab_rk,opp_fun_rk,opp_adjt,opp_qual_games_ratio
2014,ohio-state,89.58823529411765,110.06697971329697,105.73529411764706,99.69410450243544,96.76470588235294,0.7205295480590846,89.58823529411765,0.6247818572070725,0.5122099830383271,0.697793302668974,0.6297399716667432,0.5122099830383271,0.697793302668974,0.7276278953968365,0.803593168463641,107.41406263111979,101.12885849630362,107.55780775446571,101.01470628319623,110.15425094932982,99.66255969925939,114.74016929183156,104.37575644225228,0.7017028453908964,10.5,0.009679477869740497,1211.6470588235295,1204.5588235294117,1156.7294117647061,1.04829460151233,1.0406155748372503,0.5288865546218489,-2.13413049090522,89.41176470588235,158.44117647058823,65.75582793164641,0.33184512744428407
