Year,Team,opp_rk,opp_adjoe,opp_oe_rank,opp_adjde,opp_de_rank,opp_barthag,opp_barthag_rank,opp_sos,opp_nconf_sos,opp_conf_sos,opp_proj_sos,opp_proj_nconf_sos,opp_proj_conf_sos,opp_elite_sos,opp_elite_nconf_sos,opp_opp_oe,opp_opp_de,opp_proj_opp_oe,opp_proj_opp_de,opp_conf_adj_oe,opp_conf_adj_de,opp_qual_o,opp_qual_d,opp_qual_barthag,opp_qual_games,opp_fun,opp_conf_pf,opp_conf_pa,opp_conf_poss,opp_conf_oe,opp_conf_de,opp_conf_win%,opp_wab,opp_wab_rk,opp_fun_rk,opp_adjt,opp_qual_games_ratio
2014,north-carolina-central,267.5483870967742,97.45143685226243,273.35483870967744,107.82760293028291,226.5483870967742,0.27219672776812476,267.5483870967742,0.39940681246134485,0.5157780903555315,0.29864049987540064,0.402452609367583,0.5157780903555316,0.29864049987540064,0.8672279738373494,0.8042793400656373,101.57752164294422,106.17839793579047,101.64029004937711,106.10516300121577,91.08159610074625,100.3962031348996,79.51598837256682,86.12316454960036,0.26144338482993595,2.774193548387097,-0.00205264532952145,1017.2258064516129,1032.7096774193549,1016.6657258064517,0.9354710874499322,0.9526703650784483,0.4530473479714467,-12.318046491010628,247.3548387096774,177.96774193548387,65.98951127938092,0.09015377541114021
