Year,Team,opp_rk,opp_adjoe,opp_oe_rank,opp_adjde,opp_de_rank,opp_barthag,opp_barthag_rank,opp_sos,opp_nconf_sos,opp_conf_sos,opp_proj_sos,opp_proj_nconf_sos,opp_proj_conf_sos,opp_elite_sos,opp_elite_nconf_sos,opp_opp_oe,opp_opp_de,opp_proj_opp_oe,opp_proj_opp_de,opp_conf_adj_oe,opp_conf_adj_de,opp_qual_o,opp_qual_d,opp_qual_barthag,opp_qual_games,opp_fun,opp_conf_pf,opp_conf_pa,opp_conf_poss,opp_conf_oe,opp_conf_de,opp_conf_win%,opp_wab,opp_wab_rk,opp_fun_rk,opp_adjt,opp_qual_games_ratio
2015,new-mexico-state,204.92592592592592,100.37982226413503,198.11111111111111,103.85702229123487,194.7037037037037,0.42226327882504433,204.92592592592592,0.4358231406971629,0.49641805391277527,0.37920487061763264,0.44287360831043693,0.49641805391277527,0.37920487061763264,0.8561053977727866,0.8227795313188954,100.61861716035361,103.49820384183407,100.80381962554023,103.35681662559979,102.16329032836501,106.04293852679919,92.53993376327468,99.44732591520544,0.36672803690216504,3.0,-0.007790989646704245,1034.7777777777778,1014.2222222222222,990.5925925925926,1.0421387769442187,1.0270183539110003,0.5317827748383305,-9.071304120856283,195.33333333333334,185.77777777777777,63.45776690568456,0.09707289303477332
