Year,Team,opp_rk,opp_adjoe,opp_oe_rank,opp_adjde,opp_de_rank,opp_barthag,opp_barthag_rank,opp_sos,opp_nconf_sos,opp_conf_sos,opp_proj_sos,opp_proj_nconf_sos,opp_proj_conf_sos,opp_elite_sos,opp_elite_nconf_sos,opp_opp_oe,opp_opp_de,opp_proj_opp_oe,opp_proj_opp_de,opp_conf_adj_oe,opp_conf_adj_de,opp_qual_o,opp_qual_d,opp_qual_barthag,opp_qual_games,opp_fun,opp_conf_pf,opp_conf_pa,opp_conf_poss,opp_conf_oe,opp_conf_de,opp_conf_win%,opp_wab,opp_wab_rk,opp_fun_rk,opp_adjt,opp_qual_games_ratio
2015,virginia,93.28125,107.27053302029144,108.46875,97.30075123085687,99.875,0.7094980515683311,93.28125,0.6323029736040884,0.5093090095434625,0.7071153260216876,0.639003023814604,0.5093090095434625,0.7071153260216876,0.7154561369249827,0.8083727489342716,105.90067609415524,99.01810864796742,106.0783123216963,98.85066881421989,108.16899448049476,98.0921130113789,112.03528210702653,102.66317384876412,0.687561540466442,10.46875,0.00709075441702358,1177.75,1184.5625,1142.3312500000002,1.0306611900887395,1.0361953066477205,0.5002480158730158,-2.1216752598118704,98.25,170.15625,65.35662590013365,0.3211843296246207
