Year,Team,opp_rk,opp_adjoe,opp_oe_rank,opp_adjde,opp_de_rank,opp_barthag,opp_barthag_rank,opp_sos,opp_nconf_sos,opp_conf_sos,opp_proj_sos,opp_proj_nconf_sos,opp_proj_conf_sos,opp_elite_sos,opp_elite_nconf_sos,opp_opp_oe,opp_opp_de,opp_proj_opp_oe,opp_proj_opp_de,opp_conf_adj_oe,opp_conf_adj_de,opp_qual_o,opp_qual_d,opp_qual_barthag,opp_qual_games,opp_fun,opp_conf_pf,opp_conf_pa,opp_conf_poss,opp_conf_oe,opp_conf_de,opp_conf_win%,opp_wab,opp_wab_rk,opp_fun_rk,opp_adjt,opp_qual_games_ratio
2015,alabama-birmingham,162.32258064516128,102.55087843224668,176.16129032258064,100.65822825858763,149.83870967741936,0.526043339911379,162.32258064516128,0.5059606416460326,0.5230552195042042,0.49133780084763157,0.5122937077997911,0.5230552195042042,0.49133780084763157,0.8266966074214017,0.8056665718354005,102.11911828583666,101.66042072620928,102.3082439733132,101.54251326331762,103.53364423586052,101.69615806504481,106.39715992909206,103.18396372454407,0.5618607737619757,3.903225806451613,-0.0029528801989547183,1213.9354838709678,1187.225806451613,1176.803225806451,1.0318695570931598,1.0090809690177287,0.5391577060931898,-6.9652191479318075,167.6451612903226,177.67741935483872,65.20847347668584,0.12121549947365264
