Year,Team,opp_rk,opp_adjoe,opp_oe_rank,opp_adjde,opp_de_rank,opp_barthag,opp_barthag_rank,opp_sos,opp_nconf_sos,opp_conf_sos,opp_proj_sos,opp_proj_nconf_sos,opp_proj_conf_sos,opp_elite_sos,opp_elite_nconf_sos,opp_opp_oe,opp_opp_de,opp_proj_opp_oe,opp_proj_opp_de,opp_conf_adj_oe,opp_conf_adj_de,opp_qual_o,opp_qual_d,opp_qual_barthag,opp_qual_games,opp_fun,opp_conf_pf,opp_conf_pa,opp_conf_poss,opp_conf_oe,opp_conf_de,opp_conf_win%,opp_wab,opp_wab_rk,opp_fun_rk,opp_adjt,opp_qual_games_ratio
2015,indiana,105.87878787878788,106.94442377542673,111.54545454545455,98.04059077948816,111.3030303030303,0.6803122138661218,105.87878787878788,0.608351546040403,0.5174605690550124,0.6683879673669096,0.6163063974575982,0.5174605690550124,0.6683879673669096,0.7228091489820669,0.7938772209396686,105.56121217089138,99.93517726002543,105.78918707377943,99.70492377887015,107.68728900934255,98.83027816954397,111.62280319062714,102.72898478428488,0.6780311641529861,10.93939393939394,0.015905269891569325,1188.909090909091,1179.6363636363637,1146.7272727272727,1.0378220084641958,1.0291999337926532,0.5368867243867244,-2.1063854468158922,98.27272727272727,158.63636363636363,64.94914915349918,0.3409743063794951
