Year,Team,opp_rk,opp_adjoe,opp_oe_rank,opp_adjde,opp_de_rank,opp_barthag,opp_barthag_rank,opp_sos,opp_nconf_sos,opp_conf_sos,opp_proj_sos,opp_proj_nconf_sos,opp_proj_conf_sos,opp_elite_sos,opp_elite_nconf_sos,opp_opp_oe,opp_opp_de,opp_proj_opp_oe,opp_proj_opp_de,opp_conf_adj_oe,opp_conf_adj_de,opp_qual_o,opp_qual_d,opp_qual_barthag,opp_qual_games,opp_fun,opp_conf_pf,opp_conf_pa,opp_conf_poss,opp_conf_oe,opp_conf_de,opp_conf_win%,opp_wab,opp_wab_rk,opp_fun_rk,opp_adjt,opp_qual_games_ratio
2015,michigan-state,90.61764705882354,109.17022552447804,97.44117647058823,98.03991123786388,106.02941176470588,0.7161481335497767,90.61764705882354,0.6281148432255381,0.5063140691581841,0.7024899683200774,0.6335437274345436,0.5063140691581841,0.7024899683200774,0.7134895012890512,0.7971858275915472,105.99022614041586,99.3550318472493,106.16121689674105,99.17742080475885,109.69775962570253,98.62028082856928,113.31235987947903,102.78454137734981,0.6991662799011766,11.558823529411764,0.02502561308304631,1195.8235294117646,1185.8823529411766,1143.8176470588235,1.0463117345304178,1.0378536305195336,0.5466653766769867,-1.1041502159835668,89.1470588235294,146.08823529411765,64.15022479705284,0.3571500152396459
