Year,Team,opp_rk,opp_adjoe,opp_oe_rank,opp_adjde,opp_de_rank,opp_barthag,opp_barthag_rank,opp_sos,opp_nconf_sos,opp_conf_sos,opp_proj_sos,opp_proj_nconf_sos,opp_proj_conf_sos,opp_elite_sos,opp_elite_nconf_sos,opp_opp_oe,opp_opp_de,opp_proj_opp_oe,opp_proj_opp_de,opp_conf_adj_oe,opp_conf_adj_de,opp_qual_o,opp_qual_d,opp_qual_barthag,opp_qual_games,opp_fun,opp_conf_pf,opp_conf_pa,opp_conf_poss,opp_conf_oe,opp_conf_de,opp_conf_win%,opp_wab,opp_wab_rk,opp_fun_rk,opp_adjt,opp_qual_games_ratio
2015,brigham-young,113.8125,106.40097617975731,115.0625,99.19233884233584,129.15625,0.6507891046038535,113.8125,0.5950128900081766,0.5320013004730277,0.6210045444067074,0.5973219533496223,0.5320013004730277,0.6210045444067074,0.773646250673209,0.8019662282663099,105.20728874883842,100.53603061853514,105.32627096921071,100.5104085588044,106.55763115542108,99.53987869791395,113.11374766867871,106.16422863382356,0.6338959380708278,6.46875,-0.008954197233176246,1185.53125,1173.5625,1133.809375,1.0453497942692043,1.0345562145449203,0.524001736111111,-4.808726311501618,134.375,187.875,64.20617656467728,0.21089507878974476
