Year,Team,opp_rk,opp_adjoe,opp_oe_rank,opp_adjde,opp_de_rank,opp_barthag,opp_barthag_rank,opp_sos,opp_nconf_sos,opp_conf_sos,opp_proj_sos,opp_proj_nconf_sos,opp_proj_conf_sos,opp_elite_sos,opp_elite_nconf_sos,opp_opp_oe,opp_opp_de,opp_proj_opp_oe,opp_proj_opp_de,opp_conf_adj_oe,opp_conf_adj_de,opp_qual_o,opp_qual_d,opp_qual_barthag,opp_qual_games,opp_fun,opp_conf_pf,opp_conf_pa,opp_conf_poss,opp_conf_oe,opp_conf_de,opp_conf_win%,opp_wab,opp_wab_rk,opp_fun_rk,opp_adjt,opp_qual_games_ratio
2015,oregon,103.63636363636364,106.9789207366765,106.93939393939394,98.14202271361765,118.06060606060606,0.681139795787508,103.63636363636364,0.6163312544345745,0.5318951066559691,0.665279806025463,0.6200284888583968,0.5318951066559691,0.665279806025463,0.7484516608533366,0.7972328639873449,105.1367927148078,99.5083823204069,105.3204096464251,99.46613659699231,107.56789061116113,98.66016919396489,109.90830752209948,101.67558984120566,0.6560284559896483,7.545454545454546,-0.0031557344255017635,1211.4545454545455,1195.8484848484848,1165.0545454545452,1.0400579147547289,1.0257501575354968,0.5117845117845119,-3.4083602774482604,111.39393939393939,178.8181818181818,66.01962722910271,0.23663733002112042
