Year,Team,opp_rk,opp_adjoe,opp_oe_rank,opp_adjde,opp_de_rank,opp_barthag,opp_barthag_rank,opp_sos,opp_nconf_sos,opp_conf_sos,opp_proj_sos,opp_proj_nconf_sos,opp_proj_conf_sos,opp_elite_sos,opp_elite_nconf_sos,opp_opp_oe,opp_opp_de,opp_proj_opp_oe,opp_proj_opp_de,opp_conf_adj_oe,opp_conf_adj_de,opp_qual_o,opp_qual_d,opp_qual_barthag,opp_qual_games,opp_fun,opp_conf_pf,opp_conf_pa,opp_conf_poss,opp_conf_oe,opp_conf_de,opp_conf_win%,opp_wab,opp_wab_rk,opp_fun_rk,opp_adjt,opp_qual_games_ratio
2015,southern-methodist,135.71875,103.99873887346546,151.4375,99.70293829756636,136.46875,0.596098942393152,135.71875,0.5462181631875977,0.5036670980902739,0.5661092390910868,0.5518643896915418,0.5036670980902739,0.5661092390910868,0.7974056437009828,0.8012212905037654,102.80067090901116,100.68880867236949,103.00459988753647,100.59056591374254,104.10753896917952,100.42134468492064,109.33989053868173,105.03231559952857,0.5846866037483444,5.75,0.013933051562743451,1162.65625,1151.0,1139.340625,1.0199023116187058,1.0104918743080749,0.5391927083333334,-5.178260509211715,134.09375,151.53125,64.37799824886925,0.18029120691480668
