Year,Team,opp_rk,opp_adjoe,opp_oe_rank,opp_adjde,opp_de_rank,opp_barthag,opp_barthag_rank,opp_sos,opp_nconf_sos,opp_conf_sos,opp_proj_sos,opp_proj_nconf_sos,opp_proj_conf_sos,opp_elite_sos,opp_elite_nconf_sos,opp_opp_oe,opp_opp_de,opp_proj_opp_oe,opp_proj_opp_de,opp_conf_adj_oe,opp_conf_adj_de,opp_qual_o,opp_qual_d,opp_qual_barthag,opp_qual_games,opp_fun,opp_conf_pf,opp_conf_pa,opp_conf_poss,opp_conf_oe,opp_conf_de,opp_conf_win%,opp_wab,opp_wab_rk,opp_fun_rk,opp_adjt,opp_qual_games_ratio
2015,hampton,250.45454545454547,96.83902435834489,245.87878787878788,105.90679526569392,232.1818181818182,0.3050562655635888,250.45454545454547,0.40097777843885996,0.5260216140055696,0.29480588987828044,0.4044266656068317,0.5260216140055696,0.29480588987828044,0.8578584993917,0.7828073772453763,99.56007067002676,104.05704134867409,99.68117708676525,104.01216199963359,94.86141123158296,104.14444134433391,88.75031458930825,97.64588447049412,0.2965047160602189,3.515151515151515,0.009695879718781407,1067.4848484848485,1068.7575757575758,1046.809090909091,0.988694881736536,0.9889094898621708,0.48739177489177493,-11.39435612673534,226.21212121212122,158.4848484848485,64.93368390979674,0.11394081884677494
