Year,Team,opp_rk,opp_adjoe,opp_oe_rank,opp_adjde,opp_de_rank,opp_barthag,opp_barthag_rank,opp_sos,opp_nconf_sos,opp_conf_sos,opp_proj_sos,opp_proj_nconf_sos,opp_proj_conf_sos,opp_elite_sos,opp_elite_nconf_sos,opp_opp_oe,opp_opp_de,opp_proj_opp_oe,opp_proj_opp_de,opp_conf_adj_oe,opp_conf_adj_de,opp_qual_o,opp_qual_d,opp_qual_barthag,opp_qual_games,opp_fun,opp_conf_pf,opp_conf_pa,opp_conf_poss,opp_conf_oe,opp_conf_de,opp_conf_win%,opp_wab,opp_wab_rk,opp_fun_rk,opp_adjt,opp_qual_games_ratio
2015,georgia,93.71875,107.15558006340142,105.4375,97.23848430838154,101.6875,0.7074562643583937,93.71875,0.6229800966580719,0.5226711752145425,0.6846652093446008,0.6275299443235979,0.5226711752145425,0.6846652093446008,0.7405336333667086,0.8103143541650112,105.01739312943808,98.98403452556123,105.21524832070635,98.90224426564609,107.74810446978425,98.12896179702494,111.73666505471712,100.27913625098772,0.7044968966090339,9.5625,-0.004829638044339576,1199.0625,1191.375,1164.4624999999999,1.0296564623189297,1.0221679033104658,0.5026041666666667,-2.7519382955252576,103.75,180.0625,65.20194945588533,0.2990032060804119
