Year,Team,opp_rk,opp_adjoe,opp_oe_rank,opp_adjde,opp_de_rank,opp_barthag,opp_barthag_rank,opp_sos,opp_nconf_sos,opp_conf_sos,opp_proj_sos,opp_proj_nconf_sos,opp_proj_conf_sos,opp_elite_sos,opp_elite_nconf_sos,opp_opp_oe,opp_opp_de,opp_proj_opp_oe,opp_proj_opp_de,opp_conf_adj_oe,opp_conf_adj_de,opp_qual_o,opp_qual_d,opp_qual_barthag,opp_qual_games,opp_fun,opp_conf_pf,opp_conf_pa,opp_conf_poss,opp_conf_oe,opp_conf_de,opp_conf_win%,opp_wab,opp_wab_rk,opp_fun_rk,opp_adjt,opp_qual_games_ratio
2015,wisconsin,79.58823529411765,107.90877111251437,98.23529411764706,96.36802564867733,82.88235294117646,0.7447546174704377,79.58823529411765,0.6369346281735525,0.5069834278754127,0.7190741911367625,0.6434685199348376,0.5069834278754127,0.7190741911367625,0.7090927285433927,0.7996256395282031,106.53886886542055,99.32719987757962,106.72944194498608,99.14799027319275,108.8327715535419,97.1083957487161,112.32882259189142,101.25010352409366,0.7189227109594267,11.529411764705882,-0.0029937333448320207,1189.0,1179.5294117647059,1145.2352941176466,1.0386297116108387,1.0305606810773034,0.5189950980392157,-1.7050887309371574,83.97058823529412,187.0,65.11579392475171,0.3596970268913287
