Year,Team,opp_rk,opp_adjoe,opp_oe_rank,opp_adjde,opp_de_rank,opp_barthag,opp_barthag_rank,opp_sos,opp_nconf_sos,opp_conf_sos,opp_proj_sos,opp_proj_nconf_sos,opp_proj_conf_sos,opp_elite_sos,opp_elite_nconf_sos,opp_opp_oe,opp_opp_de,opp_proj_opp_oe,opp_proj_opp_de,opp_conf_adj_oe,opp_conf_adj_de,opp_qual_o,opp_qual_d,opp_qual_barthag,opp_qual_games,opp_fun,opp_conf_pf,opp_conf_pa,opp_conf_poss,opp_conf_oe,opp_conf_de,opp_conf_win%,opp_wab,opp_wab_rk,opp_fun_rk,opp_adjt,opp_qual_games_ratio
2015,baylor,81.3125,107.73396212753948,95.53125,95.70034829394648,80.25,0.748179845659237,81.3125,0.6296363114747039,0.5353252033518147,0.6901672509633837,0.6336638836081165,0.5353252033518147,0.6901672509633837,0.7026657588218377,0.7916002462063448,105.31505096538584,98.66241456699325,105.42994339321733,98.57416800601803,108.43226454427545,96.41005076230302,111.8496252737598,99.62571605192583,0.7366782237653591,12.71875,0.00885997715142006,1206.9375,1176.53125,1170.3843749999999,1.0303795203438026,1.0046022278838287,0.5611359126984125,-0.5370515795342823,75.96875,161.1875,65.71647273848374,0.39423356249880204
