Year,Team,opp_rk,opp_adjoe,opp_oe_rank,opp_adjde,opp_de_rank,opp_barthag,opp_barthag_rank,opp_sos,opp_nconf_sos,opp_conf_sos,opp_proj_sos,opp_proj_nconf_sos,opp_proj_conf_sos,opp_elite_sos,opp_elite_nconf_sos,opp_opp_oe,opp_opp_de,opp_proj_opp_oe,opp_proj_opp_de,opp_conf_adj_oe,opp_conf_adj_de,opp_qual_o,opp_qual_d,opp_qual_barthag,opp_qual_games,opp_fun,opp_conf_pf,opp_conf_pa,opp_conf_poss,opp_conf_oe,opp_conf_de,opp_conf_win%,opp_wab,opp_wab_rk,opp_fun_rk,opp_adjt,opp_qual_games_ratio
2015,kentucky,89.88235294117646,107.14273754156167,96.70588235294117,97.26339061791603,100.32352941176471,0.716172874781512,89.88235294117646,0.6374741276680886,0.5387294041986077,0.6964844317201222,0.641716903980443,0.5387294041986077,0.6964844317201222,0.7254187664833085,0.7894230352546429,105.64025383427185,98.59468876052885,105.78703157982581,98.51840671164452,107.96565338362461,98.34341008212392,111.98312572557346,99.87727790146914,0.7438850196190318,10.117647058823529,-0.014260231910073754,1187.264705882353,1191.4411764705883,1156.1323529411764,1.0273864396231234,1.0314346257513907,0.48707399626517267,-2.7085904207806477,100.82352941176471,191.3235294117647,65.50994106486853,0.3132312834333366
