Year,Team,opp_rk,opp_adjoe,opp_oe_rank,opp_adjde,opp_de_rank,opp_barthag,opp_barthag_rank,opp_sos,opp_nconf_sos,opp_conf_sos,opp_proj_sos,opp_proj_nconf_sos,opp_proj_conf_sos,opp_elite_sos,opp_elite_nconf_sos,opp_opp_oe,opp_opp_de,opp_proj_opp_oe,opp_proj_opp_de,opp_conf_adj_oe,opp_conf_adj_de,opp_qual_o,opp_qual_d,opp_qual_barthag,opp_qual_games,opp_fun,opp_conf_pf,opp_conf_pa,opp_conf_poss,opp_conf_oe,opp_conf_de,opp_conf_win%,opp_wab,opp_wab_rk,opp_fun_rk,opp_adjt,opp_qual_games_ratio
2015,eastern-washington,217.1290322580645,101.82315761149587,181.83870967741936,106.24513069908308,243.32258064516128,0.3885831616097974,217.1290322580645,0.4239667040110619,0.5131227215430976,0.37228758153009467,0.4293289937683401,0.5131227215430976,0.37228758153009467,0.8651099735091198,0.8083334048892596,102.11988182232196,105.141540967682,102.21332846598304,104.99627580794832,102.65958315701762,107.0714403784199,83.85243480942931,89.92335032609316,0.30328814351075806,2.806451612903226,-0.007913628971816947,1233.6774193548388,1224.9354838709678,1149.9677419354841,1.072289227050561,1.064309241520215,0.5151049667178699,-9.90030264045534,208.4516129032258,190.0,64.97921890880669,0.09134688098214673
