Year,Team,opp_rk,opp_adjoe,opp_oe_rank,opp_adjde,opp_de_rank,opp_barthag,opp_barthag_rank,opp_sos,opp_nconf_sos,opp_conf_sos,opp_proj_sos,opp_proj_nconf_sos,opp_proj_conf_sos,opp_elite_sos,opp_elite_nconf_sos,opp_opp_oe,opp_opp_de,opp_proj_opp_oe,opp_proj_opp_de,opp_conf_adj_oe,opp_conf_adj_de,opp_qual_o,opp_qual_d,opp_qual_barthag,opp_qual_games,opp_fun,opp_conf_pf,opp_conf_pa,opp_conf_poss,opp_conf_oe,opp_conf_de,opp_conf_win%,opp_wab,opp_wab_rk,opp_fun_rk,opp_adjt,opp_qual_games_ratio
2015,harvard,177.40740740740742,102.14556084984783,173.40740740740742,102.27071977808315,178.0,0.48585011866607497,177.40740740740742,0.4816107979061313,0.4751569393150097,0.48564293773740774,0.48337992434228166,0.4751569393150097,0.48564293773740774,0.8454682406197459,0.836699586880789,101.28394724857661,101.86129626711181,101.34544835350908,101.83685074229649,102.87127367276024,103.29176625773158,86.08275811662055,82.96395233032572,0.4528170947057404,2.962962962962963,-0.015221907006440707,1009.4444444444445,1008.2592592592592,983.7481481481482,1.025833525645753,1.0233181442809236,0.4930922986478545,-8.249558952477754,186.85185185185185,195.55555555555554,64.22127041405275,0.09673898360206498
