Year,Team,opp_rk,opp_adjoe,opp_oe_rank,opp_adjde,opp_de_rank,opp_barthag,opp_barthag_rank,opp_sos,opp_nconf_sos,opp_conf_sos,opp_proj_sos,opp_proj_nconf_sos,opp_proj_conf_sos,opp_elite_sos,opp_elite_nconf_sos,opp_opp_oe,opp_opp_de,opp_proj_opp_oe,opp_proj_opp_de,opp_conf_adj_oe,opp_conf_adj_de,opp_qual_o,opp_qual_d,opp_qual_barthag,opp_qual_games,opp_fun,opp_conf_pf,opp_conf_pa,opp_conf_poss,opp_conf_oe,opp_conf_de,opp_conf_win%,opp_wab,opp_wab_rk,opp_fun_rk,opp_adjt,opp_qual_games_ratio
2015,purdue,100.87878787878788,108.11227266160454,106.78787878787878,98.69573326098966,116.42424242424242,0.6908163519101091,100.87878787878788,0.6228083834894707,0.5029296471399285,0.7017249928461435,0.63010837245972,0.5029296471399285,0.7017249928461435,0.7182638038715317,0.8069606892042951,105.61591057147712,99.27682626614438,105.86515327860806,99.07990935781872,108.70852599114589,99.21960370951345,112.06488930722014,102.25437908438889,0.6973478701487171,11.272727272727273,0.00023779796892579906,1183.2121212121212,1192.7878787878788,1142.551515151515,1.0379084964222094,1.0432467820906437,0.4742484367484367,-2.753201869678465,105.0909090909091,182.36363636363637,65.14868496687471,0.3497011887192153
