Year,Team,opp_rk,opp_adjoe,opp_oe_rank,opp_adjde,opp_de_rank,opp_barthag,opp_barthag_rank,opp_sos,opp_nconf_sos,opp_conf_sos,opp_proj_sos,opp_proj_nconf_sos,opp_proj_conf_sos,opp_elite_sos,opp_elite_nconf_sos,opp_opp_oe,opp_opp_de,opp_proj_opp_oe,opp_proj_opp_de,opp_conf_adj_oe,opp_conf_adj_de,opp_qual_o,opp_qual_d,opp_qual_barthag,opp_qual_games,opp_fun,opp_conf_pf,opp_conf_pa,opp_conf_poss,opp_conf_oe,opp_conf_de,opp_conf_win%,opp_wab,opp_wab_rk,opp_fun_rk,opp_adjt,opp_qual_games_ratio
2015,arkansas,111.3529411764706,106.23177195426378,117.26470588235294,98.39833627861188,118.61764705882354,0.6619718986278245,111.3529411764706,0.6096806640561908,0.5348056613425842,0.6582264124637494,0.6138971699561958,0.5348056613425842,0.6582264124637494,0.7480673002593687,0.7992907143334022,104.6315373565104,99.34373360123166,104.80457823947908,99.28829282699756,107.27015537367073,99.1016279891727,111.4573713368678,101.5106313632812,0.6813148940079494,9.382352941176471,0.009908027768699748,1190.3823529411766,1180.264705882353,1153.5058823529412,1.0302677418780577,1.023556537123892,0.5226365546218487,-3.175638810739475,110.32352941176471,153.97058823529412,65.24466881118119,0.295837315078766
