Year,Team,opp_rk,opp_adjoe,opp_oe_rank,opp_adjde,opp_de_rank,opp_barthag,opp_barthag_rank,opp_sos,opp_nconf_sos,opp_conf_sos,opp_proj_sos,opp_proj_nconf_sos,opp_proj_conf_sos,opp_elite_sos,opp_elite_nconf_sos,opp_opp_oe,opp_opp_de,opp_proj_opp_oe,opp_proj_opp_de,opp_conf_adj_oe,opp_conf_adj_de,opp_qual_o,opp_qual_d,opp_qual_barthag,opp_qual_games,opp_fun,opp_conf_pf,opp_conf_pa,opp_conf_poss,opp_conf_oe,opp_conf_de,opp_conf_win%,opp_wab,opp_wab_rk,opp_fun_rk,opp_adjt,opp_qual_games_ratio
2015,cincinnati,131.83870967741936,103.32544499813478,158.83870967741936,98.89288148978048,122.16129032258064,0.6032583515342362,131.83870967741936,0.5478558495674427,0.5036263539425818,0.5677121671598838,0.5534774490895892,0.5036263539425818,0.5677121671598838,0.797177482739325,0.8096552348038167,102.80371694666638,100.58876245493391,102.9897700469914,100.51795276364211,103.80335022851608,99.27692487167273,107.24248296969962,104.13164823430569,0.5615911990784959,5.741935483870968,0.010050053412498827,1144.8064516129032,1124.9032258064517,1127.2645161290322,1.0159831958384447,0.9967045788749419,0.530241935483871,-5.184725888729389,133.41935483870967,153.58064516129033,64.36018628573149,0.17923795328334258
