Year,Team,opp_rk,opp_adjoe,opp_oe_rank,opp_adjde,opp_de_rank,opp_barthag,opp_barthag_rank,opp_sos,opp_nconf_sos,opp_conf_sos,opp_proj_sos,opp_proj_nconf_sos,opp_proj_conf_sos,opp_elite_sos,opp_elite_nconf_sos,opp_opp_oe,opp_opp_de,opp_proj_opp_oe,opp_proj_opp_de,opp_conf_adj_oe,opp_conf_adj_de,opp_qual_o,opp_qual_d,opp_qual_barthag,opp_qual_games,opp_fun,opp_conf_pf,opp_conf_pa,opp_conf_poss,opp_conf_oe,opp_conf_de,opp_conf_win%,opp_wab,opp_wab_rk,opp_fun_rk,opp_adjt,opp_qual_games_ratio
2015,villanova,88.17647058823529,106.9352483434522,103.32352941176471,97.00125228794808,93.94117647058823,0.720878066959622,88.17647058823529,0.6450268838908522,0.5291521202373353,0.7028718101885408,0.648664302115522,0.5291521202373353,0.7028718101885408,0.7144132419391139,0.7945624890638381,106.41547027126718,98.91368224840582,106.50192770621248,98.82778809585177,104.59886464749043,94.63623597459197,112.43653250513505,101.82772100121562,0.7263300114836483,10.941176470588236,-0.0011254180843030454,1158.0588235294117,1169.9705882352941,1129.1176470588234,0.9949053087863464,1.0061833440198078,0.4698004201680671,-2.4460961271762667,95.41176470588235,176.52941176470588,65.46831772613234,0.34186248690794063
