Year,Team,opp_rk,opp_adjoe,opp_oe_rank,opp_adjde,opp_de_rank,opp_barthag,opp_barthag_rank,opp_sos,opp_nconf_sos,opp_conf_sos,opp_proj_sos,opp_proj_nconf_sos,opp_proj_conf_sos,opp_elite_sos,opp_elite_nconf_sos,opp_opp_oe,opp_opp_de,opp_proj_opp_oe,opp_proj_opp_de,opp_conf_adj_oe,opp_conf_adj_de,opp_qual_o,opp_qual_d,opp_qual_barthag,opp_qual_games,opp_fun,opp_conf_pf,opp_conf_pa,opp_conf_poss,opp_conf_oe,opp_conf_de,opp_conf_win%,opp_wab,opp_wab_rk,opp_fun_rk,opp_adjt,opp_qual_games_ratio
2015,butler,92.625,108.75738732378375,85.9375,98.3982774723634,115.5625,0.712067567210278,92.625,0.6504205691034262,0.526633516018608,0.7228141221765316,0.6532466278389091,0.526633516018608,0.7228141221765316,0.7110398744672115,0.8037814315844871,106.39530186962466,98.74260951130658,106.5056871519909,98.70305230526218,109.63726274041004,99.06815796696283,112.55696302042826,102.8471324159493,0.6858068356406452,11.75,0.009346275213517908,1206.59375,1209.90625,1153.9937499999999,1.0445911593215997,1.0494626600183112,0.49655877976190466,-1.8437262836945574,93.5,157.25,65.60329132828471,0.3641229723194263
