Year,Team,opp_rk,opp_adjoe,opp_oe_rank,opp_adjde,opp_de_rank,opp_barthag,opp_barthag_rank,opp_sos,opp_nconf_sos,opp_conf_sos,opp_proj_sos,opp_proj_nconf_sos,opp_proj_conf_sos,opp_elite_sos,opp_elite_nconf_sos,opp_opp_oe,opp_opp_de,opp_proj_opp_oe,opp_proj_opp_de,opp_conf_adj_oe,opp_conf_adj_de,opp_qual_o,opp_qual_d,opp_qual_barthag,opp_qual_games,opp_fun,opp_conf_pf,opp_conf_pa,opp_conf_poss,opp_conf_oe,opp_conf_de,opp_conf_win%,opp_wab,opp_wab_rk,opp_fun_rk,opp_adjt,opp_qual_games_ratio
2015,gonzaga,118.39393939393939,106.09754313823275,119.96969696969697,99.78733015631059,137.6060606060606,0.6384407075888553,118.39393939393939,0.5967437205265351,0.5309182280428478,0.6272795298707045,0.5986505637108966,0.5309182280428478,0.6272795298707045,0.7687623266545354,0.8041847795112376,105.20608893039827,100.42707989857081,105.28314338404361,100.3979907665754,106.96935650262311,100.2261410622062,111.3898086158815,105.95975328113906,0.6029881575878113,6.636363636363637,-0.008546623196749545,1205.939393939394,1199.5151515151515,1150.860606060606,1.046482334289555,1.0425609964971212,0.513047138047138,-5.096261342684492,134.4848484848485,187.84848484848484,64.94729575406063,0.21579870397556764
