Year,Team,opp_rk,opp_adjoe,opp_oe_rank,opp_adjde,opp_de_rank,opp_barthag,opp_barthag_rank,opp_sos,opp_nconf_sos,opp_conf_sos,opp_proj_sos,opp_proj_nconf_sos,opp_proj_conf_sos,opp_elite_sos,opp_elite_nconf_sos,opp_opp_oe,opp_opp_de,opp_proj_opp_oe,opp_proj_opp_de,opp_conf_adj_oe,opp_conf_adj_de,opp_qual_o,opp_qual_d,opp_qual_barthag,opp_qual_games,opp_fun,opp_conf_pf,opp_conf_pa,opp_conf_poss,opp_conf_oe,opp_conf_de,opp_conf_win%,opp_wab,opp_wab_rk,opp_fun_rk,opp_adjt,opp_qual_games_ratio
2016,arkansas-little-rock,194.32258064516128,102.28752368482095,198.80645161290323,104.85890952778998,191.8709677419355,0.4405822797150045,194.32258064516128,0.4836641476274324,0.5042496800889666,0.4722799528908818,0.4841476647911381,0.5042496800889666,0.4722799528908818,0.8444208668675678,0.8026111338672783,103.16279017596449,103.61555301664902,103.17293073550472,103.60553564515504,102.99778325365143,105.30655342037677,90.85860927433261,91.910714166291,0.4143125668386654,2.7096774193548385,-0.015785579894121,1390.516129032258,1407.6451612903227,1349.775806451613,1.0298982459497872,1.0432249966470433,0.4707885304659497,-9.53152057806017,203.29032258064515,206.32258064516128,69.41619640261074,0.08888284089336333
