Year,Team,opp_rk,opp_adjoe,opp_oe_rank,opp_adjde,opp_de_rank,opp_barthag,opp_barthag_rank,opp_sos,opp_nconf_sos,opp_conf_sos,opp_proj_sos,opp_proj_nconf_sos,opp_proj_conf_sos,opp_elite_sos,opp_elite_nconf_sos,opp_opp_oe,opp_opp_de,opp_proj_opp_oe,opp_proj_opp_de,opp_conf_adj_oe,opp_conf_adj_de,opp_qual_o,opp_qual_d,opp_qual_barthag,opp_qual_games,opp_fun,opp_conf_pf,opp_conf_pa,opp_conf_poss,opp_conf_oe,opp_conf_de,opp_conf_win%,opp_wab,opp_wab_rk,opp_fun_rk,opp_adjt,opp_qual_games_ratio
2016,hampton,259.3666666666667,98.03494181272114,246.7,107.55840252100093,238.53333333333333,0.2908498077246599,259.3666666666667,0.3826410549621812,0.5392069776320232,0.2743491826552039,0.3847882959390761,0.5392069776320232,0.2743491826552039,0.8715206073900125,0.7776502436356456,100.88533478640451,106.01641515456848,100.93344790809645,105.97383351901694,98.19696998010174,107.70041599581005,94.06509079554993,105.66919914210875,0.29883173943861135,2.8666666666666667,0.0006351269857948122,1179.1333333333334,1172.1333333333334,1152.995083333333,1.0224999198141895,1.0146870474372356,0.5180489417989418,-11.810589164831628,240.7,173.9,68.98994157361055,0.09500911261385865
