Year,Team,opp_rk,opp_adjoe,opp_oe_rank,opp_adjde,opp_de_rank,opp_barthag,opp_barthag_rank,opp_sos,opp_nconf_sos,opp_conf_sos,opp_proj_sos,opp_proj_nconf_sos,opp_proj_conf_sos,opp_elite_sos,opp_elite_nconf_sos,opp_opp_oe,opp_opp_de,opp_proj_opp_oe,opp_proj_opp_de,opp_conf_adj_oe,opp_conf_adj_de,opp_qual_o,opp_qual_d,opp_qual_barthag,opp_qual_games,opp_fun,opp_conf_pf,opp_conf_pa,opp_conf_poss,opp_conf_oe,opp_conf_de,opp_conf_win%,opp_wab,opp_wab_rk,opp_fun_rk,opp_adjt,opp_qual_games_ratio
2016,michigan-state,113.3529411764706,107.12703794992748,131.85294117647058,99.30795453735051,103.3529411764706,0.6579298959938127,113.3529411764706,0.6110624871152439,0.5102656179781487,0.6718234481684974,0.6156241567084595,0.5102656179781487,0.6718234481684974,0.7367005634562922,0.8012097330378897,107.23365477531262,101.38210996312573,107.36365396278177,101.30638867274577,107.47307524015926,99.94935182114843,112.67392639355747,103.12609113636496,0.6722671685662212,10.0,0.006853967728717593,1262.9411764705883,1278.764705882353,1219.7323529411767,1.0350168276157012,1.047577763783556,0.4959150326797386,-3.3647672803591857,118.17647058823529,162.11764705882354,68.51323237367433,0.30951758653114153
