Year,Team,opp_rk,opp_adjoe,opp_oe_rank,opp_adjde,opp_de_rank,opp_barthag,opp_barthag_rank,opp_sos,opp_nconf_sos,opp_conf_sos,opp_proj_sos,opp_proj_nconf_sos,opp_proj_conf_sos,opp_elite_sos,opp_elite_nconf_sos,opp_opp_oe,opp_opp_de,opp_proj_opp_oe,opp_proj_opp_de,opp_conf_adj_oe,opp_conf_adj_de,opp_qual_o,opp_qual_d,opp_qual_barthag,opp_qual_games,opp_fun,opp_conf_pf,opp_conf_pa,opp_conf_poss,opp_conf_oe,opp_conf_de,opp_conf_win%,opp_wab,opp_wab_rk,opp_fun_rk,opp_adjt,opp_qual_games_ratio
2016,southern-california,98.6969696969697,108.62162607002338,109.12121212121212,99.1978223393501,97.96969696969697,0.6991929359927985,98.6969696969697,0.6264350977299795,0.5520229217486314,0.6661771412888091,0.6302639673230077,0.5520229217486314,0.6661771412888091,0.7460397158898958,0.7958195106371807,107.01076757006184,100.81342186580203,107.11641060831533,100.72314640094383,108.97743694823514,99.66484776425155,112.90265988469527,103.18433774250703,0.695827378738075,9.878787878787879,0.006646266048769653,1318.4545454545455,1299.7575757575758,1253.769318181818,1.0512548040749883,1.0360733942445894,0.5154701779701779,-2.680230612950647,107.24242424242425,166.78787878787878,69.73721452100133,0.3134718228286122
