Year,Team,opp_rk,opp_adjoe,opp_oe_rank,opp_adjde,opp_de_rank,opp_barthag,opp_barthag_rank,opp_sos,opp_nconf_sos,opp_conf_sos,opp_proj_sos,opp_proj_nconf_sos,opp_proj_conf_sos,opp_elite_sos,opp_elite_nconf_sos,opp_opp_oe,opp_opp_de,opp_proj_opp_oe,opp_proj_opp_de,opp_conf_adj_oe,opp_conf_adj_de,opp_qual_o,opp_qual_d,opp_qual_barthag,opp_qual_games,opp_fun,opp_conf_pf,opp_conf_pa,opp_conf_poss,opp_conf_oe,opp_conf_de,opp_conf_win%,opp_wab,opp_wab_rk,opp_fun_rk,opp_adjt,opp_qual_games_ratio
2016,north-carolina-asheville,214.7741935483871,102.29842248582766,199.83870967741936,106.77871875479063,228.80645161290323,0.39006449749861044,214.7741935483871,0.4440002609826104,0.5272619943580165,0.40664754217132404,0.4471130468293566,0.5272619943580165,0.40664754217132404,0.8615731682943354,0.7970554601488777,102.93303578986088,105.19838185268733,103.00678584002934,105.12602160663654,102.61914179402444,106.95687138150089,87.81862479142207,88.33516258853328,0.4081363460846647,3.0,0.0026812336002178753,1293.483870967742,1296.0967741935483,1230.236693548387,1.0509106591865434,1.0534314016008155,0.4982078853046595,-9.771980090440216,206.06451612903226,169.06451612903226,68.57023379785353,0.09696329903182657
