Year,Team,opp_rk,opp_adjoe,opp_oe_rank,opp_adjde,opp_de_rank,opp_barthag,opp_barthag_rank,opp_sos,opp_nconf_sos,opp_conf_sos,opp_proj_sos,opp_proj_nconf_sos,opp_proj_conf_sos,opp_elite_sos,opp_elite_nconf_sos,opp_opp_oe,opp_opp_de,opp_proj_opp_oe,opp_proj_opp_de,opp_conf_adj_oe,opp_conf_adj_de,opp_qual_o,opp_qual_d,opp_qual_barthag,opp_qual_games,opp_fun,opp_conf_pf,opp_conf_pa,opp_conf_poss,opp_conf_oe,opp_conf_de,opp_conf_win%,opp_wab,opp_wab_rk,opp_fun_rk,opp_adjt,opp_qual_games_ratio
2016,wichita-state,146.90322580645162,102.96090125083319,183.1290322580645,100.04630301573238,109.25806451612904,0.564965458579345,146.90322580645162,0.5561579266122073,0.5267773744584204,0.5693226644496114,0.5590657273731623,0.5267773744584204,0.5693226644496114,0.7952736131728718,0.8074557302224359,104.10378528122385,101.27391636544554,104.19698713152985,101.21950678639462,103.30248912405331,100.41494897135138,109.66263563968603,107.21650634053815,0.5411017429794588,6.354838709677419,0.007985833252523855,1216.8709677419354,1227.4193548387098,1218.6084677419353,0.9992848105073294,1.0060212872157304,0.49590373783922165,-5.96108352147453,150.4516129032258,159.16129032258064,68.48879525827059,0.20064399194862248
