Year,Team,opp_rk,opp_adjoe,opp_oe_rank,opp_adjde,opp_de_rank,opp_barthag,opp_barthag_rank,opp_sos,opp_nconf_sos,opp_conf_sos,opp_proj_sos,opp_proj_nconf_sos,opp_proj_conf_sos,opp_elite_sos,opp_elite_nconf_sos,opp_opp_oe,opp_opp_de,opp_proj_opp_oe,opp_proj_opp_de,opp_conf_adj_oe,opp_conf_adj_de,opp_qual_o,opp_qual_d,opp_qual_barthag,opp_qual_games,opp_fun,opp_conf_pf,opp_conf_pa,opp_conf_poss,opp_conf_oe,opp_conf_de,opp_conf_win%,opp_wab,opp_wab_rk,opp_fun_rk,opp_adjt,opp_qual_games_ratio
2016,hawaii,181.33333333333334,102.08818889309626,193.83333333333334,102.93855141280689,160.5,0.4804830170111852,181.33333333333334,0.5284274026097837,0.5649319493679548,0.4983067063898769,0.5307172562686054,0.5649319493679548,0.4983067063898769,0.8139210876391182,0.7781073446129013,104.0397433195084,102.51327775843892,104.09126035003328,102.46863192288605,101.77428683184705,102.59988778644421,103.80737740811915,103.46868773367856,0.5040102956517243,4.466666666666667,-0.007347695519892879,1160.0333333333333,1177.7666666666667,1155.8032500000002,1.0037676774288795,1.0184984271419146,0.47175925925925927,-8.60910988271752,191.66666666666666,192.3,69.040205261736,0.14538919413919416
