Year,Team,opp_rk,opp_adjoe,opp_oe_rank,opp_adjde,opp_de_rank,opp_barthag,opp_barthag_rank,opp_sos,opp_nconf_sos,opp_conf_sos,opp_proj_sos,opp_proj_nconf_sos,opp_proj_conf_sos,opp_elite_sos,opp_elite_nconf_sos,opp_opp_oe,opp_opp_de,opp_proj_opp_oe,opp_proj_opp_de,opp_conf_adj_oe,opp_conf_adj_de,opp_qual_o,opp_qual_d,opp_qual_barthag,opp_qual_games,opp_fun,opp_conf_pf,opp_conf_pa,opp_conf_poss,opp_conf_oe,opp_conf_de,opp_conf_win%,opp_wab,opp_wab_rk,opp_fun_rk,opp_adjt,opp_qual_games_ratio
2016,tulsa,121.03225806451613,106.08686029227972,144.06451612903226,100.07307365397402,114.2258064516129,0.634671490043682,121.03225806451613,0.5664383116996311,0.49746208001426123,0.6113309409940774,0.5713798980922908,0.49746208001426123,0.6113309409940774,0.7864481575042778,0.8174890560545874,104.80191479985383,101.64326599887133,104.98274329599423,101.55814712451127,106.21016355940414,100.37436456445204,104.80330746558741,100.32266048175131,0.5720008633348168,7.0,-0.0010983938888023046,1269.1935483870968,1262.0645161290322,1233.28185483871,1.0292086287189823,1.0228432145521023,0.5043906810035842,-4.746617862419391,130.3548387096774,175.80645161290323,68.67086917930983,0.21957784927651297
