Year,Team,opp_rk,opp_adjoe,opp_oe_rank,opp_adjde,opp_de_rank,opp_barthag,opp_barthag_rank,opp_sos,opp_nconf_sos,opp_conf_sos,opp_proj_sos,opp_proj_nconf_sos,opp_proj_conf_sos,opp_elite_sos,opp_elite_nconf_sos,opp_opp_oe,opp_opp_de,opp_proj_opp_oe,opp_proj_opp_de,opp_conf_adj_oe,opp_conf_adj_de,opp_qual_o,opp_qual_d,opp_qual_barthag,opp_qual_games,opp_fun,opp_conf_pf,opp_conf_pa,opp_conf_poss,opp_conf_oe,opp_conf_de,opp_conf_win%,opp_wab,opp_wab_rk,opp_fun_rk,opp_adjt,opp_qual_games_ratio
2016,cincinnati,131.21875,106.35903531519341,144.6875,100.88066489994512,126.90625,0.6127893895703469,131.21875,0.5575676533999299,0.5066275041666914,0.5878833859572832,0.5629484036625884,0.5066275041666914,0.5878833859572832,0.7848890078125477,0.8094428056621791,104.59963242380952,101.8811117754867,104.75736405779853,101.76820332208752,106.41146340028442,100.93352426492622,113.21103817189767,107.73749481536947,0.6060550654794105,7.90625,-0.000030233260867004383,1263.625,1246.40625,1218.5605468750002,1.0368907128661637,1.0222741884420206,0.5195312499999998,-5.063062461535627,140.4375,173.96875,68.77488947766577,0.24441643890877462
