Year,Team,opp_rk,opp_adjoe,opp_oe_rank,opp_adjde,opp_de_rank,opp_barthag,opp_barthag_rank,opp_sos,opp_nconf_sos,opp_conf_sos,opp_proj_sos,opp_proj_nconf_sos,opp_proj_conf_sos,opp_elite_sos,opp_elite_nconf_sos,opp_opp_oe,opp_opp_de,opp_proj_opp_oe,opp_proj_opp_de,opp_conf_adj_oe,opp_conf_adj_de,opp_qual_o,opp_qual_d,opp_qual_barthag,opp_qual_games,opp_fun,opp_conf_pf,opp_conf_pa,opp_conf_poss,opp_conf_oe,opp_conf_de,opp_conf_win%,opp_wab,opp_wab_rk,opp_fun_rk,opp_adjt,opp_qual_games_ratio
2016,stephen-f-austin,248.57142857142858,100.58537107853822,226.64285714285714,108.67945432243162,249.82142857142858,0.31627734226831095,248.57142857142858,0.40724369646581493,0.5628835237341808,0.3330688687228678,0.4103424763686556,0.5628835237341808,0.3330688687228678,0.8516855105480854,0.7527563741045801,102.05260206310751,106.05449134211854,102.13071321137295,105.99477038451289,100.83844518443097,109.02850094920623,90.49059355084235,97.84271670161975,0.31109353165997883,4.035714285714286,0.015026711448312987,1340.9285714285713,1350.0357142857142,1279.5339285714283,1.0486564351257435,1.0536758841468514,0.5065476190476191,-9.513691390686235,206.46428571428572,171.21428571428572,69.89040554083715,0.13606892117517544
