Year,Team,opp_rk,opp_adjoe,opp_oe_rank,opp_adjde,opp_de_rank,opp_barthag,opp_barthag_rank,opp_sos,opp_nconf_sos,opp_conf_sos,opp_proj_sos,opp_proj_nconf_sos,opp_proj_conf_sos,opp_elite_sos,opp_elite_nconf_sos,opp_opp_oe,opp_opp_de,opp_proj_opp_oe,opp_proj_opp_de,opp_conf_adj_oe,opp_conf_adj_de,opp_qual_o,opp_qual_d,opp_qual_barthag,opp_qual_games,opp_fun,opp_conf_pf,opp_conf_pa,opp_conf_poss,opp_conf_oe,opp_conf_de,opp_conf_win%,opp_wab,opp_wab_rk,opp_fun_rk,opp_adjt,opp_qual_games_ratio
2016,purdue,106.73529411764706,108.89567421225526,111.55882352941177,100.31120436736055,115.67647058823529,0.6747421333605974,106.73529411764706,0.5914056570541945,0.5119496889521374,0.6377516498116033,0.5963211980936267,0.5119496889521374,0.6377516498116033,0.7477909801980814,0.7990049991623607,106.50688151199557,101.63413386300961,106.64980623335738,101.54826095114711,109.06125849774335,100.64768747450422,112.65354441230886,104.48966426511545,0.6591099966436009,9.470588235294118,0.0015743872487592996,1279.0882352941176,1263.8235294117646,1210.7969852941178,1.05700811282802,1.0429553342618136,0.5279820261437909,-3.131628005720444,111.73529411764706,167.11764705882354,68.31456978305276,0.2934457810207057
