Year,Team,opp_rk,opp_adjoe,opp_oe_rank,opp_adjde,opp_de_rank,opp_barthag,opp_barthag_rank,opp_sos,opp_nconf_sos,opp_conf_sos,opp_proj_sos,opp_proj_nconf_sos,opp_proj_conf_sos,opp_elite_sos,opp_elite_nconf_sos,opp_opp_oe,opp_opp_de,opp_proj_opp_oe,opp_proj_opp_de,opp_conf_adj_oe,opp_conf_adj_de,opp_qual_o,opp_qual_d,opp_qual_barthag,opp_qual_games,opp_fun,opp_conf_pf,opp_conf_pa,opp_conf_poss,opp_conf_oe,opp_conf_de,opp_conf_win%,opp_wab,opp_wab_rk,opp_fun_rk,opp_adjt,opp_qual_games_ratio
2016,middle-tennessee,181.48275862068965,103.90599366549704,169.86206896551724,105.39058487157807,202.79310344827587,0.4675422320803187,181.48275862068965,0.4551826104196313,0.5103124393394284,0.41897556115674894,0.4592736933662962,0.5103124393394284,0.41897556115674894,0.8669617165769335,0.8237571630972226,103.39248756134185,105.33717670655687,103.50261300531841,105.25359313518376,104.50818760014553,105.82945819077592,77.6233301095038,80.57263226440621,0.3129582241822744,1.896551724137931,-0.005696594760195094,1362.1379310344828,1337.448275862069,1268.375431034483,1.0741849895584932,1.053511552529042,0.5458333333333334,-8.937015668083289,191.51724137931035,188.68965517241378,70.09899454673636,0.05913317946075776
