Year,Team,opp_rk,opp_adjoe,opp_oe_rank,opp_adjde,opp_de_rank,opp_barthag,opp_barthag_rank,opp_sos,opp_nconf_sos,opp_conf_sos,opp_proj_sos,opp_proj_nconf_sos,opp_proj_conf_sos,opp_elite_sos,opp_elite_nconf_sos,opp_opp_oe,opp_opp_de,opp_proj_opp_oe,opp_proj_opp_de,opp_conf_adj_oe,opp_conf_adj_de,opp_qual_o,opp_qual_d,opp_qual_barthag,opp_qual_games,opp_fun,opp_conf_pf,opp_conf_pa,opp_conf_poss,opp_conf_oe,opp_conf_de,opp_conf_win%,opp_wab,opp_wab_rk,opp_fun_rk,opp_adjt,opp_qual_games_ratio
2016,kansas,70.3030303030303,111.16762802086596,88.87878787878788,97.34981296711031,72.15151515151516,0.7719747255462005,70.3030303030303,0.6639015123202235,0.5363049287491084,0.7448293209819911,0.6680536436348775,0.5363049287491084,0.7448293209819911,0.6903939306429587,0.7931349468884992,108.3747195992011,99.66242213632579,108.4612545317752,99.5789580352712,111.94649754408397,98.03513862991655,115.92843628084003,102.26580772493377,0.7596384958836048,13.121212121212121,0.0012180788435460256,1286.6666666666667,1273.121212121212,1218.8568181818187,1.054675602774219,1.044356865048423,0.5089886964886964,-0.24772025669448314,80.0909090909091,165.21212121212122,68.37687349906,0.4062938710725467
