Year,Team,opp_rk,opp_adjoe,opp_oe_rank,opp_adjde,opp_de_rank,opp_barthag,opp_barthag_rank,opp_sos,opp_nconf_sos,opp_conf_sos,opp_proj_sos,opp_proj_nconf_sos,opp_proj_conf_sos,opp_elite_sos,opp_elite_nconf_sos,opp_opp_oe,opp_opp_de,opp_proj_opp_oe,opp_proj_opp_de,opp_conf_adj_oe,opp_conf_adj_de,opp_qual_o,opp_qual_d,opp_qual_barthag,opp_qual_games,opp_fun,opp_conf_pf,opp_conf_pa,opp_conf_poss,opp_conf_oe,opp_conf_de,opp_conf_win%,opp_wab,opp_wab_rk,opp_fun_rk,opp_adjt,opp_qual_games_ratio
2016,north-carolina-wilmington,163.0344827586207,104.20325339920069,168.58620689655172,103.53128797189605,172.89655172413794,0.5193958823425151,163.0344827586207,0.5206342723728299,0.4891216815306171,0.5377829196797826,0.5223902602445993,0.4891216815306171,0.5377829196797826,0.835050814309774,0.8202703512695135,104.40676389848325,103.41143966590337,104.47375236791984,103.40094369715331,104.49229507778708,103.86958011537418,99.42963677322768,96.97006164836839,0.4899145573922102,2.1724137931034484,-0.0021320770959879784,1265.0689655172414,1275.2758620689656,1216.2547413793104,1.038932525465458,1.0481590913519714,0.4664066776135742,-7.860163469155928,175.3448275862069,181.6206896551724,68.45674544793998,0.06999559574882733
