Year,Team,opp_rk,opp_adjoe,opp_oe_rank,opp_adjde,opp_de_rank,opp_barthag,opp_barthag_rank,opp_sos,opp_nconf_sos,opp_conf_sos,opp_proj_sos,opp_proj_nconf_sos,opp_proj_conf_sos,opp_elite_sos,opp_elite_nconf_sos,opp_opp_oe,opp_opp_de,opp_proj_opp_oe,opp_proj_opp_de,opp_conf_adj_oe,opp_conf_adj_de,opp_qual_o,opp_qual_d,opp_qual_barthag,opp_qual_games,opp_fun,opp_conf_pf,opp_conf_pa,opp_conf_poss,opp_conf_oe,opp_conf_de,opp_conf_win%,opp_wab,opp_wab_rk,opp_fun_rk,opp_adjt,opp_qual_games_ratio
2016,connecticut,122.23529411764706,106.48642024347885,141.0,100.50484844038587,117.29411764705883,0.6360715597577931,122.23529411764706,0.5604990246868632,0.47882493597907566,0.6111868597697988,0.5657965889490453,0.47882493597907566,0.6111868597697988,0.7810343563181731,0.8248900929214567,104.92208996320642,101.84619631788372,105.06602861583163,101.74721160870808,106.74380702432461,100.57739520641864,111.90501476330323,105.92070153383663,0.6212747812162107,8.205882352941176,0.006756568274665536,1262.2058823529412,1250.0588235294117,1218.4628676470588,1.0365450131475056,1.025501097151216,0.5339052287581698,-4.428924694667505,126.1470588235294,161.38235294117646,68.79049879706135,0.2556351019987207
