Year,Team,opp_rk,opp_adjoe,opp_oe_rank,opp_adjde,opp_de_rank,opp_barthag,opp_barthag_rank,opp_sos,opp_nconf_sos,opp_conf_sos,opp_proj_sos,opp_proj_nconf_sos,opp_proj_conf_sos,opp_elite_sos,opp_elite_nconf_sos,opp_opp_oe,opp_opp_de,opp_proj_opp_oe,opp_proj_opp_de,opp_conf_adj_oe,opp_conf_adj_de,opp_qual_o,opp_qual_d,opp_qual_barthag,opp_qual_games,opp_fun,opp_conf_pf,opp_conf_pa,opp_conf_poss,opp_conf_oe,opp_conf_de,opp_conf_win%,opp_wab,opp_wab_rk,opp_fun_rk,opp_adjt,opp_qual_games_ratio
2016,baylor,85.40625,109.5679903855679,104.96875,97.06825301818027,70.40625,0.7346358285303859,85.40625,0.6362393833570689,0.5586890998709511,0.6885984129903676,0.6415095423997523,0.5586890998709511,0.6885984129903676,0.7003152719357476,0.7792801029691167,107.58846203767436,100.3718120709751,107.7402910373427,100.25974533915954,110.27721111991742,97.57737949430569,114.732009381679,102.06468424031294,0.7138556775815675,12.90625,0.007311713016619941,1291.375,1257.75,1229.045703125,1.0501664678088425,1.0217348846545016,0.5644779265873014,-0.14196577104201635,87.59375,156.21875,69.07496271265231,0.3996681114900961
