Year,Team,opp_rk,opp_adjoe,opp_oe_rank,opp_adjde,opp_de_rank,opp_barthag,opp_barthag_rank,opp_sos,opp_nconf_sos,opp_conf_sos,opp_proj_sos,opp_proj_nconf_sos,opp_proj_conf_sos,opp_elite_sos,opp_elite_nconf_sos,opp_opp_oe,opp_opp_de,opp_proj_opp_oe,opp_proj_opp_de,opp_conf_adj_oe,opp_conf_adj_de,opp_qual_o,opp_qual_d,opp_qual_barthag,opp_qual_games,opp_fun,opp_conf_pf,opp_conf_pa,opp_conf_poss,opp_conf_oe,opp_conf_de,opp_conf_win%,opp_wab,opp_wab_rk,opp_fun_rk,opp_adjt,opp_qual_games_ratio
2017,virginia,67.61290322580645,112.39448561133585,78.19354838709677,97.65047480563925,82.29032258064517,0.7811880169869445,67.61290322580645,0.6666105021130815,0.5036719042443998,0.7671635236186605,0.6645839330494021,0.49230814753916363,0.7671635236186605,0.6846436345973904,0.8195317822322936,108.9777147660296,100.11647378704963,108.14698482856784,99.17187964087663,112.96408092802959,98.53494227320432,118.88694406809874,103.59998849181115,0.7633471851706366,13.451612903225806,0.019596710934239665,1310.6774193548388,1303.1935483870968,1226.736290322581,1.0678886162508419,1.0621108498339995,0.527905785970302,0.35838715549676076,68.45161290322581,142.16129032258064,69.40187873626525,0.4108374077565942
