Year,Team,opp_rk,opp_adjoe,opp_oe_rank,opp_adjde,opp_de_rank,opp_barthag,opp_barthag_rank,opp_sos,opp_nconf_sos,opp_conf_sos,opp_proj_sos,opp_proj_nconf_sos,opp_proj_conf_sos,opp_elite_sos,opp_elite_nconf_sos,opp_opp_oe,opp_opp_de,opp_proj_opp_oe,opp_proj_opp_de,opp_conf_adj_oe,opp_conf_adj_de,opp_qual_o,opp_qual_d,opp_qual_barthag,opp_qual_games,opp_fun,opp_conf_pf,opp_conf_pa,opp_conf_poss,opp_conf_oe,opp_conf_de,opp_conf_win%,opp_wab,opp_wab_rk,opp_fun_rk,opp_adjt,opp_qual_games_ratio
2017,cincinnati,123.44117647058823,107.06435211424639,129.97058823529412,101.00329602769177,131.35294117647058,0.6215297600497219,123.44117647058823,0.5711808378396516,0.5145367748432557,0.6019095172834458,0.5681416838821371,0.49717054754604495,0.6019095172834458,0.7771354892461899,0.8118697870451038,105.09029813476333,101.40350660822594,103.7237809211253,99.8433997393405,107.22605654132113,101.33262611439892,113.55866032470468,107.45865084933557,0.6239425856057068,7.617647058823529,-0.005482426478535939,1257.9411764705883,1245.7941176470588,1208.4555147058825,1.0424897463762388,1.029757965332415,0.5188492063492063,-5.061734645872505,132.7941176470588,181.91176470588235,69.09134114650614,0.23698726443519771
