Year,Team,opp_rk,opp_adjoe,opp_oe_rank,opp_adjde,opp_de_rank,opp_barthag,opp_barthag_rank,opp_sos,opp_nconf_sos,opp_conf_sos,opp_proj_sos,opp_proj_nconf_sos,opp_proj_conf_sos,opp_elite_sos,opp_elite_nconf_sos,opp_opp_oe,opp_opp_de,opp_proj_opp_oe,opp_proj_opp_de,opp_conf_adj_oe,opp_conf_adj_de,opp_qual_o,opp_qual_d,opp_qual_barthag,opp_qual_games,opp_fun,opp_conf_pf,opp_conf_pa,opp_conf_poss,opp_conf_oe,opp_conf_de,opp_conf_win%,opp_wab,opp_wab_rk,opp_fun_rk,opp_adjt,opp_qual_games_ratio
2017,maryland,92.7741935483871,108.17873176725476,112.25806451612904,98.57464540543985,90.6774193548387,0.7097470456891248,92.7741935483871,0.6306745156102915,0.5031993201054431,0.7098203943756082,0.628858676914401,0.487883123989873,0.7098203943756082,0.7261845773677791,0.8099999728970879,107.32702379686299,100.70798000573704,106.2382112076836,99.39244679536334,108.6393377516919,99.20458423405088,112.1884847033135,102.17524512515925,0.7001757404093347,11.03225806451613,0.0016675269700766138,1266.258064516129,1276.4516129032259,1225.9407258064518,1.0325477742543536,1.0407193220475666,0.4782258064516129,-2.9912229977003775,98.90322580645162,171.0,68.75801215543021,0.3391349888707273
