Year,Team,opp_rk,opp_adjoe,opp_oe_rank,opp_adjde,opp_de_rank,opp_barthag,opp_barthag_rank,opp_sos,opp_nconf_sos,opp_conf_sos,opp_proj_sos,opp_proj_nconf_sos,opp_proj_conf_sos,opp_elite_sos,opp_elite_nconf_sos,opp_opp_oe,opp_opp_de,opp_proj_opp_oe,opp_proj_opp_de,opp_conf_adj_oe,opp_conf_adj_de,opp_qual_o,opp_qual_d,opp_qual_barthag,opp_qual_games,opp_fun,opp_conf_pf,opp_conf_pa,opp_conf_poss,opp_conf_oe,opp_conf_de,opp_conf_win%,opp_wab,opp_wab_rk,opp_fun_rk,opp_adjt,opp_qual_games_ratio
2017,arizona,106.97058823529412,107.90093241492319,122.32352941176471,99.88152265023957,113.1470588235294,0.6659794547567893,106.97058823529412,0.5839355598267213,0.5160370151821284,0.6186613093769726,0.5824084265446966,0.49165381253544616,0.6186613093769726,0.7645836567805756,0.813803932846456,106.28968289499052,101.91636138385532,104.55239446997905,99.76212550144037,108.77268013754083,100.57867962925523,114.97600747175076,106.67221203524593,0.6440331256642174,8.147058823529411,0.006482281400416208,1310.5294117647059,1282.4117647058824,1231.0191176470591,1.0632651396431803,1.039472918876037,0.5393323996265172,-3.4454949615917854,111.44117647058823,164.02941176470588,69.86061717713268,0.25633319045071956
