Year,Team,opp_rk,opp_adjoe,opp_oe_rank,opp_adjde,opp_de_rank,opp_barthag,opp_barthag_rank,opp_sos,opp_nconf_sos,opp_conf_sos,opp_proj_sos,opp_proj_nconf_sos,opp_proj_conf_sos,opp_elite_sos,opp_elite_nconf_sos,opp_opp_oe,opp_opp_de,opp_proj_opp_oe,opp_proj_opp_de,opp_conf_adj_oe,opp_conf_adj_de,opp_qual_o,opp_qual_d,opp_qual_barthag,opp_qual_games,opp_fun,opp_conf_pf,opp_conf_pa,opp_conf_poss,opp_conf_oe,opp_conf_de,opp_conf_win%,opp_wab,opp_wab_rk,opp_fun_rk,opp_adjt,opp_qual_games_ratio
2017,florida,77.09375,109.72036062873299,89.9375,97.56506000830399,86.9375,0.7506113809231177,77.09375,0.6460832809410203,0.5467057150068256,0.7010955251486756,0.6438852250637782,0.5235701300293548,0.7010955251486756,0.7205525572726177,0.8017873629874717,107.71480231015265,100.27354170456779,106.15550852924072,98.36923623411003,111.04042294115261,98.47667973945984,115.47141401894193,102.60650346169047,0.7413225146327916,11.0,0.01089581812869448,1316.75,1281.71875,1243.7855468749997,1.0597664414869352,1.0304281983595502,0.5583147321428572,-1.1800247489779947,83.15625,155.1875,69.7230922222362,0.3380489661314352
