Year,Team,opp_rk,opp_adjoe,opp_oe_rank,opp_adjde,opp_de_rank,opp_barthag,opp_barthag_rank,opp_sos,opp_nconf_sos,opp_conf_sos,opp_proj_sos,opp_proj_nconf_sos,opp_proj_conf_sos,opp_elite_sos,opp_elite_nconf_sos,opp_opp_oe,opp_opp_de,opp_proj_opp_oe,opp_proj_opp_de,opp_conf_adj_oe,opp_conf_adj_de,opp_qual_o,opp_qual_d,opp_qual_barthag,opp_qual_games,opp_fun,opp_conf_pf,opp_conf_pa,opp_conf_poss,opp_conf_oe,opp_conf_de,opp_conf_win%,opp_wab,opp_wab_rk,opp_fun_rk,opp_adjt,opp_qual_games_ratio
2017,southern-methodist,125.73529411764706,105.26489414797568,152.44117647058823,100.00154841709318,114.38235294117646,0.6170162847963684,125.73529411764706,0.5704307434402239,0.5094560030887557,0.6023482842443469,0.5649609072925472,0.4780531783609548,0.6023482842443469,0.7753350589278057,0.8179362001026496,105.41268815412005,101.65132760938803,103.27408890014696,99.28357675109704,104.81667663942915,100.01769159832983,111.52445148283239,105.75404902247533,0.6141028284395684,7.617647058823529,-0.009662241424396196,1209.9117647058824,1217.764705882353,1191.953676470588,1.0153887533994832,1.0198832135581408,0.48047969187675066,-5.5361143079749375,136.76470588235293,189.0,68.31928787836544,0.23747440740728643
