Year,Team,opp_rk,opp_adjoe,opp_oe_rank,opp_adjde,opp_de_rank,opp_barthag,opp_barthag_rank,opp_sos,opp_nconf_sos,opp_conf_sos,opp_proj_sos,opp_proj_nconf_sos,opp_proj_conf_sos,opp_elite_sos,opp_elite_nconf_sos,opp_opp_oe,opp_opp_de,opp_proj_opp_oe,opp_proj_opp_de,opp_conf_adj_oe,opp_conf_adj_de,opp_qual_o,opp_qual_d,opp_qual_barthag,opp_qual_games,opp_fun,opp_conf_pf,opp_conf_pa,opp_conf_poss,opp_conf_oe,opp_conf_de,opp_conf_win%,opp_wab,opp_wab_rk,opp_fun_rk,opp_adjt,opp_qual_games_ratio
2017,minnesota,87.39393939393939,109.35289045995341,98.60606060606061,98.73903959089101,93.3030303030303,0.7224025714087956,87.39393939393939,0.629412000141623,0.514755992984391,0.6992288271932631,0.6259907736867382,0.4935892131566102,0.6992288271932631,0.7286189970628786,0.8001230505210912,107.1257705940198,100.58788921294023,105.49079347782337,98.64150289733136,110.41651351825176,99.48046241783717,113.25689685935019,101.52007676058638,0.7280372323469317,10.878787878787879,0.015287011901230593,1294.121212121212,1277.6363636363637,1229.519696969697,1.0526539378149062,1.0391532148527691,0.5317460317460319,-2.0348744696467365,88.3030303030303,150.36363636363637,69.00555509394833,0.33175757743994577
