Year,Team,opp_rk,opp_adjoe,opp_oe_rank,opp_adjde,opp_de_rank,opp_barthag,opp_barthag_rank,opp_sos,opp_nconf_sos,opp_conf_sos,opp_proj_sos,opp_proj_nconf_sos,opp_proj_conf_sos,opp_elite_sos,opp_elite_nconf_sos,opp_opp_oe,opp_opp_de,opp_proj_opp_oe,opp_proj_opp_de,opp_conf_adj_oe,opp_conf_adj_de,opp_qual_o,opp_qual_d,opp_qual_barthag,opp_qual_games,opp_fun,opp_conf_pf,opp_conf_pa,opp_conf_poss,opp_conf_oe,opp_conf_de,opp_conf_win%,opp_wab,opp_wab_rk,opp_fun_rk,opp_adjt,opp_qual_games_ratio
2017,southern-california,131.66666666666666,107.84205447082981,123.33333333333333,102.15828106147039,150.5151515151515,0.6062631432190958,131.66666666666666,0.5786291894925507,0.5040958934355421,0.6189746371924908,0.5711034208700841,0.47578583175410083,0.6189746371924908,0.7816038148173082,0.8316612773903915,106.1839322089082,102.04399410412825,104.10059688618,99.77082163780726,108.53818238702665,102.86313611681024,107.93672614969135,103.63371000199021,0.5531730761342623,6.757575757575758,0.001981206123391837,1304.3636363636363,1310.3939393939395,1229.3250000000005,1.059141464247234,1.0656617054440984,0.4962421837421838,-4.950250054403086,139.4848484848485,173.0909090909091,69.93879300351439,0.21333433822638748
