Year,Team,opp_rk,opp_adjoe,opp_oe_rank,opp_adjde,opp_de_rank,opp_barthag,opp_barthag_rank,opp_sos,opp_nconf_sos,opp_conf_sos,opp_proj_sos,opp_proj_nconf_sos,opp_proj_conf_sos,opp_elite_sos,opp_elite_nconf_sos,opp_opp_oe,opp_opp_de,opp_proj_opp_oe,opp_proj_opp_de,opp_conf_adj_oe,opp_conf_adj_de,opp_qual_o,opp_qual_d,opp_qual_barthag,opp_qual_games,opp_fun,opp_conf_pf,opp_conf_pa,opp_conf_poss,opp_conf_oe,opp_conf_de,opp_conf_win%,opp_wab,opp_wab_rk,opp_fun_rk,opp_adjt,opp_qual_games_ratio
2017,bucknell,209.11764705882354,100.68316299094728,230.02941176470588,103.83615673079007,177.02941176470588,0.41078371710090134,209.11764705882354,0.44900385073067967,0.5123111101428399,0.40564186486928494,0.44285383379084253,0.4847515833547051,0.40564186486928494,0.854458523262975,0.8131196702342992,102.11516829647242,103.98456949709366,100.1241347288706,101.80551760376902,100.62879855303501,103.91152042126119,90.46422709921278,90.65295899411386,0.43091892680047095,3.088235294117647,-0.00504363058293089,1241.9705882352941,1241.9411764705883,1227.4757352941178,1.0123607951333016,1.0098998251020994,0.5191176470588237,-9.914241008130046,207.23529411764707,185.97058823529412,68.69672885070838,0.09701976446228758
