Year,Team,opp_rk,opp_adjoe,opp_oe_rank,opp_adjde,opp_de_rank,opp_barthag,opp_barthag_rank,opp_sos,opp_nconf_sos,opp_conf_sos,opp_proj_sos,opp_proj_nconf_sos,opp_proj_conf_sos,opp_elite_sos,opp_elite_nconf_sos,opp_opp_oe,opp_opp_de,opp_proj_opp_oe,opp_proj_opp_de,opp_conf_adj_oe,opp_conf_adj_de,opp_qual_o,opp_qual_d,opp_qual_barthag,opp_qual_games,opp_fun,opp_conf_pf,opp_conf_pa,opp_conf_poss,opp_conf_oe,opp_conf_de,opp_conf_win%,opp_wab,opp_wab_rk,opp_fun_rk,opp_adjt,opp_qual_games_ratio
2017,seton-hall,95.96875,109.78185150179797,108.0625,98.99117164263184,103.21875,0.7062516887993695,95.96875,0.6435755753035081,0.5261394621479527,0.7183004206841072,0.6417788607718194,0.513768868322196,0.7183004206841072,0.7195288558424158,0.8058875296386033,107.81397561877156,100.53412449224832,106.856996874022,99.39123232123175,110.25041557575702,99.34692286059168,120.9461119631831,107.11455750763707,0.7452570621409483,11.78125,-0.001965819950873797,1305.78125,1310.125,1242.095703125,1.051067403624396,1.0540813301425977,0.485639880952381,-2.357557344558463,104.46875,178.59375,69.59001885807409,0.3659343075657234
