Year,Team,opp_rk,opp_adjoe,opp_oe_rank,opp_adjde,opp_de_rank,opp_barthag,opp_barthag_rank,opp_sos,opp_nconf_sos,opp_conf_sos,opp_proj_sos,opp_proj_nconf_sos,opp_proj_conf_sos,opp_elite_sos,opp_elite_nconf_sos,opp_opp_oe,opp_opp_de,opp_proj_opp_oe,opp_proj_opp_de,opp_conf_adj_oe,opp_conf_adj_de,opp_qual_o,opp_qual_d,opp_qual_barthag,opp_qual_games,opp_fun,opp_conf_pf,opp_conf_pa,opp_conf_poss,opp_conf_oe,opp_conf_de,opp_conf_win%,opp_wab,opp_wab_rk,opp_fun_rk,opp_adjt,opp_qual_games_ratio
2017,miami-fl,89.5625,111.45643233434768,92.5625,99.30403678319394,108.8125,0.7221218220680862,89.5625,0.6598835998533368,0.5290328906245417,0.7398277906127798,0.6518295418117719,0.5030248024998432,0.7398277906127798,0.6952258881234107,0.8057401251330625,108.80902006291295,100.28224642426787,106.92295379601052,98.35914312730586,112.08339040037092,100.03518611084411,117.2807834812275,104.84529850529493,0.7176486978209279,13.03125,0.005391162016044448,1298.46875,1306.53125,1217.369921875,1.0654468102654513,1.072220287520202,0.4918464781746031,-1.3641867765655697,94.125,165.71875,69.61533205837476,0.4024561981660581
