Year,Team,opp_rk,opp_adjoe,opp_oe_rank,opp_adjde,opp_de_rank,opp_barthag,opp_barthag_rank,opp_sos,opp_nconf_sos,opp_conf_sos,opp_proj_sos,opp_proj_nconf_sos,opp_proj_conf_sos,opp_elite_sos,opp_elite_nconf_sos,opp_opp_oe,opp_opp_de,opp_proj_opp_oe,opp_proj_opp_de,opp_conf_adj_oe,opp_conf_adj_de,opp_qual_o,opp_qual_d,opp_qual_barthag,opp_qual_games,opp_fun,opp_conf_pf,opp_conf_pa,opp_conf_poss,opp_conf_oe,opp_conf_de,opp_conf_win%,opp_wab,opp_wab_rk,opp_fun_rk,opp_adjt,opp_qual_games_ratio
2017,duke,74.88571428571429,111.87271013443879,85.74285714285715,97.67348121260453,88.34285714285714,0.7625633059475564,74.88571428571429,0.6647489656827851,0.5251666859002755,0.7503405159008832,0.6609542123623984,0.5084659409375777,0.7503405159008832,0.6921310058932557,0.8006074386813159,109.03063154478765,100.23910663413612,107.72143754534382,98.78572922432451,112.4803855589253,98.28007040630257,118.35211341617318,103.28199064630147,0.7629305552484711,12.685714285714285,-0.0009224095351971677,1319.5714285714287,1306.3142857142857,1235.4053571428572,1.0671022371038401,1.0560572313517405,0.5254251700680272,-0.5420431334428447,83.28571428571429,180.88571428571427,69.66281514909116,0.3907677696925671
