Year,Team,opp_rk,opp_adjoe,opp_oe_rank,opp_adjde,opp_de_rank,opp_barthag,opp_barthag_rank,opp_sos,opp_nconf_sos,opp_conf_sos,opp_proj_sos,opp_proj_nconf_sos,opp_proj_conf_sos,opp_elite_sos,opp_elite_nconf_sos,opp_opp_oe,opp_opp_de,opp_proj_opp_oe,opp_proj_opp_de,opp_conf_adj_oe,opp_conf_adj_de,opp_qual_o,opp_qual_d,opp_qual_barthag,opp_qual_games,opp_fun,opp_conf_pf,opp_conf_pa,opp_conf_poss,opp_conf_oe,opp_conf_de,opp_conf_win%,opp_wab,opp_wab_rk,opp_fun_rk,opp_adjt,opp_qual_games_ratio
2017,butler,80.6774193548387,110.62853844817901,86.38709677419355,98.46268493459901,87.16129032258064,0.7475130298564433,80.6774193548387,0.6394157865956135,0.5358598393073588,0.7007215976104116,0.639485314072611,0.5219354783678941,0.7007215976104116,0.7170761326161993,0.7980097660671353,107.86176048768341,100.67747566626805,106.95206672662665,99.49551132780847,111.20422970161509,98.85447973959687,117.26485012861691,104.17624414866505,0.7504357658871418,12.258064516129032,0.0023578747836863058,1317.741935483871,1293.741935483871,1237.7471774193548,1.065479458975758,1.0434453942375583,0.5385304659498209,-1.354232054392843,87.29032258064517,172.38709677419354,69.48626919705055,0.3746103881750726
