Year,Team,opp_rk,opp_adjoe,opp_oe_rank,opp_adjde,opp_de_rank,opp_barthag,opp_barthag_rank,opp_sos,opp_nconf_sos,opp_conf_sos,opp_proj_sos,opp_proj_nconf_sos,opp_proj_conf_sos,opp_elite_sos,opp_elite_nconf_sos,opp_opp_oe,opp_opp_de,opp_proj_opp_oe,opp_proj_opp_de,opp_conf_adj_oe,opp_conf_adj_de,opp_qual_o,opp_qual_d,opp_qual_barthag,opp_qual_games,opp_fun,opp_conf_pf,opp_conf_pa,opp_conf_poss,opp_conf_oe,opp_conf_de,opp_conf_win%,opp_wab,opp_wab_rk,opp_fun_rk,opp_adjt,opp_qual_games_ratio
2017,providence,95.58064516129032,109.68798579995264,100.90322580645162,99.30295445408007,104.80645161290323,0.7053493343351513,95.58064516129032,0.6284414481721017,0.5120368875223281,0.7001248122875906,0.6264282859116177,0.4974414607254096,0.7001248122875906,0.7245756952386283,0.8138095323113259,107.54412490256982,100.98043164384042,106.3009531470203,99.50123962696514,110.1667025164988,99.57716725872942,115.61370674813256,104.48663502047354,0.6973754956966373,11.870967741935484,0.0047767840012266725,1289.9032258064517,1285.2903225806451,1221.1,1.0567455040301186,1.05132737035047,0.492415514592934,-2.216679658111507,100.16129032258064,165.48387096774192,69.38684496843811,0.3678911401100877
