Year,Team,opp_rk,opp_adjoe,opp_oe_rank,opp_adjde,opp_de_rank,opp_barthag,opp_barthag_rank,opp_sos,opp_nconf_sos,opp_conf_sos,opp_proj_sos,opp_proj_nconf_sos,opp_proj_conf_sos,opp_elite_sos,opp_elite_nconf_sos,opp_opp_oe,opp_opp_de,opp_proj_opp_oe,opp_proj_opp_de,opp_conf_adj_oe,opp_conf_adj_de,opp_qual_o,opp_qual_d,opp_qual_barthag,opp_qual_games,opp_fun,opp_conf_pf,opp_conf_pa,opp_conf_poss,opp_conf_oe,opp_conf_de,opp_conf_win%,opp_wab,opp_wab_rk,opp_fun_rk,opp_adjt,opp_qual_games_ratio
2017,louisville,69.5,112.55091304286763,76.0,97.9124065253856,90.96875,0.7737376926407246,69.5,0.6495310109858514,0.5177701699454671,0.7267665972428032,0.645576423881394,0.5001497279115974,0.7267665972428032,0.6967923094401736,0.8021962469891792,108.44884761430725,100.33751895257805,107.05571757065428,98.80526100884083,113.17799021406147,98.80043588166828,117.18751160028967,102.88957931910404,0.7550906396887574,12.84375,0.006405128557445405,1310.90625,1281.78125,1216.439453125,1.0760906625780537,1.0524060177955399,0.5553695436507935,0.033769129730255976,72.125,162.1875,68.77005060120933,0.39263446172375055
