Year,Team,opp_rk,opp_adjoe,opp_oe_rank,opp_adjde,opp_de_rank,opp_barthag,opp_barthag_rank,opp_sos,opp_nconf_sos,opp_conf_sos,opp_proj_sos,opp_proj_nconf_sos,opp_proj_conf_sos,opp_elite_sos,opp_elite_nconf_sos,opp_opp_oe,opp_opp_de,opp_proj_opp_oe,opp_proj_opp_de,opp_conf_adj_oe,opp_conf_adj_de,opp_qual_o,opp_qual_d,opp_qual_barthag,opp_qual_games,opp_fun,opp_conf_pf,opp_conf_pa,opp_conf_poss,opp_conf_oe,opp_conf_de,opp_conf_win%,opp_wab,opp_wab_rk,opp_fun_rk,opp_adjt,opp_qual_games_ratio
2017,iowa-state,79.57575757575758,111.40997291815556,84.54545454545455,98.03596585023404,90.51515151515152,0.7559810226226,79.57575757575758,0.657713997556377,0.5172366651763749,0.743774303104818,0.6534117982975403,0.496405864626928,0.743774303104818,0.6915006035473413,0.8070119758101683,108.3747435208492,100.03782114427392,106.80473005230087,98.31100427350478,112.24584867944768,98.63669377068186,116.27939914715736,101.45761637724065,0.7685382518238895,13.575757575757576,-0.006312563554088941,1321.6363636363637,1309.7878787878788,1248.3094696969692,1.058720983893657,1.0486090386936273,0.5090488215488217,-0.822137841796682,86.75757575757575,188.9090909090909,70.45698922760339,0.4202207002323591
