Year,Team,opp_rk,opp_adjoe,opp_oe_rank,opp_adjde,opp_de_rank,opp_barthag,opp_barthag_rank,opp_sos,opp_nconf_sos,opp_conf_sos,opp_proj_sos,opp_proj_nconf_sos,opp_proj_conf_sos,opp_elite_sos,opp_elite_nconf_sos,opp_opp_oe,opp_opp_de,opp_proj_opp_oe,opp_proj_opp_de,opp_conf_adj_oe,opp_conf_adj_de,opp_qual_o,opp_qual_d,opp_qual_barthag,opp_qual_games,opp_fun,opp_conf_pf,opp_conf_pa,opp_conf_poss,opp_conf_oe,opp_conf_de,opp_conf_win%,opp_wab,opp_wab_rk,opp_fun_rk,opp_adjt,opp_qual_games_ratio
2017,new-mexico-state,194.12,99.88163307360162,232.16,103.09251375107482,165.08,0.43647441632146405,194.12,0.47118767591323113,0.4969755359815719,0.4374969660651606,0.44658493866662496,0.4251266913897951,0.4374969660651606,0.8485583569677884,0.8267907037782137,102.52813793071165,103.61946437588854,96.00955685613718,96.7978751558945,100.67913732811809,103.73597362759297,103.13464591010401,104.20746233496004,0.4863428292585862,3.2,-0.012772250682756664,1125.88,1136.52,1116.295,1.0050961763898258,1.013567804676367,0.502420634920635,-9.61750936450022,194.16,198.52,69.47066179278322,0.10582324610049859
