Year,Team,opp_rk,opp_adjoe,opp_oe_rank,opp_adjde,opp_de_rank,opp_barthag,opp_barthag_rank,opp_sos,opp_nconf_sos,opp_conf_sos,opp_proj_sos,opp_proj_nconf_sos,opp_proj_conf_sos,opp_elite_sos,opp_elite_nconf_sos,opp_opp_oe,opp_opp_de,opp_proj_opp_oe,opp_proj_opp_de,opp_conf_adj_oe,opp_conf_adj_de,opp_qual_o,opp_qual_d,opp_qual_barthag,opp_qual_games,opp_fun,opp_conf_pf,opp_conf_pa,opp_conf_poss,opp_conf_oe,opp_conf_de,opp_conf_win%,opp_wab,opp_wab_rk,opp_fun_rk,opp_adjt,opp_qual_games_ratio
2017,oklahoma-state,77.35483870967742,110.71914987855139,86.58064516129032,97.54612216409971,79.12903225806451,0.7595487145722684,77.35483870967742,0.6540675444042541,0.5197824464993174,0.7392313919796959,0.6500709361657537,0.4928761032323092,0.7392313919796959,0.6947748723430456,0.8111421112427105,108.40803045905183,100.16729253167634,106.66897250856212,98.21737324982838,111.68619055407082,98.31290816575077,114.92472034502765,101.21782565923425,0.7517334668473793,13.96774193548387,0.010188732918503508,1312.2903225806451,1295.6451612903227,1241.776209677419,1.0561663595796793,1.043305794506853,0.5304659498207885,-0.38830159231597294,79.83870967741936,161.16129032258064,69.12619483082283,0.4303303910233811
