Year,Team,opp_rk,opp_adjoe,opp_oe_rank,opp_adjde,opp_de_rank,opp_barthag,opp_barthag_rank,opp_sos,opp_nconf_sos,opp_conf_sos,opp_proj_sos,opp_proj_nconf_sos,opp_proj_conf_sos,opp_elite_sos,opp_elite_nconf_sos,opp_opp_oe,opp_opp_de,opp_proj_opp_oe,opp_proj_opp_de,opp_conf_adj_oe,opp_conf_adj_de,opp_qual_o,opp_qual_d,opp_qual_barthag,opp_qual_games,opp_fun,opp_conf_pf,opp_conf_pa,opp_conf_poss,opp_conf_oe,opp_conf_de,opp_conf_win%,opp_wab,opp_wab_rk,opp_fun_rk,opp_adjt,opp_qual_games_ratio
2017,kentucky,86.20588235294117,109.39407562959727,94.94117647058823,98.263039464585,96.32352941176471,0.7271340818379566,86.20588235294117,0.6461811547523441,0.5502888630289722,0.7039623719424297,0.6426319200622883,0.531352536701018,0.7039623719424297,0.723301509234882,0.7913752240583839,107.50798868800761,100.14813282284395,106.232153648836,98.68994678129114,110.65173303968012,99.16895293643931,115.5167244014475,104.04222117698576,0.7157166883792179,10.647058823529411,0.002664755398743258,1337.3235294117646,1317.2058823529412,1269.2551470588232,1.0535677066384392,1.0374538008248573,0.5314542483660132,-1.9146865863752993,93.79411764705883,176.11764705882354,69.79277893626526,0.3287735213960311
