Year,Team,opp_rk,opp_adjoe,opp_oe_rank,opp_adjde,opp_de_rank,opp_barthag,opp_barthag_rank,opp_sos,opp_nconf_sos,opp_conf_sos,opp_proj_sos,opp_proj_nconf_sos,opp_proj_conf_sos,opp_elite_sos,opp_elite_nconf_sos,opp_opp_oe,opp_opp_de,opp_proj_opp_oe,opp_proj_opp_de,opp_conf_adj_oe,opp_conf_adj_de,opp_qual_o,opp_qual_d,opp_qual_barthag,opp_qual_games,opp_fun,opp_conf_pf,opp_conf_pa,opp_conf_poss,opp_conf_oe,opp_conf_de,opp_conf_win%,opp_wab,opp_wab_rk,opp_fun_rk,opp_adjt,opp_qual_games_ratio
2017,vanderbilt,74.70588235294117,109.9451266442333,89.02941176470588,97.50970751680602,81.11764705882354,0.7581526009030509,74.70588235294117,0.632784733751755,0.5547701763126911,0.6771598428916533,0.6319619517349125,0.5322736946012918,0.6771598428916533,0.7273489690587042,0.7863481335825305,107.07426842190668,100.37523686714506,105.64017939135877,98.55862592515858,110.84936325851125,98.33454524473403,116.25157862420082,102.98469050338451,0.7537984366102327,10.382352941176471,0.0129553766117474,1332.3235294117646,1279.8529411764705,1254.8386029411763,1.061841902226245,1.0193981244098222,0.6019199346405228,-0.6339477458837219,75.88235294117646,158.35294117647058,69.71889064310373,0.3239042171170237
