Year,Team,opp_rk,opp_adjoe,opp_oe_rank,opp_adjde,opp_de_rank,opp_barthag,opp_barthag_rank,opp_sos,opp_nconf_sos,opp_conf_sos,opp_proj_sos,opp_proj_nconf_sos,opp_proj_conf_sos,opp_elite_sos,opp_elite_nconf_sos,opp_opp_oe,opp_opp_de,opp_proj_opp_oe,opp_proj_opp_de,opp_conf_adj_oe,opp_conf_adj_de,opp_qual_o,opp_qual_d,opp_qual_barthag,opp_qual_games,opp_fun,opp_conf_pf,opp_conf_pa,opp_conf_poss,opp_conf_oe,opp_conf_de,opp_conf_win%,opp_wab,opp_wab_rk,opp_fun_rk,opp_adjt,opp_qual_games_ratio
2017,wichita-state,152.3939393939394,104.36071146225238,166.78787878787878,102.07606057984019,148.63636363636363,0.5446265788421818,152.3939393939394,0.5646721618729296,0.5272867347485315,0.580800076629454,0.5475672865874575,0.4807683285630565,0.580800076629454,0.7922394597890295,0.8221727619624678,105.10458828431248,101.59227580700198,101.46261453827287,97.93665852062583,105.48727236334062,103.20410164057914,108.65670093613235,106.82699951123803,0.5235635253605038,6.545454545454546,-0.009347961076700497,1237.6060606060605,1264.8181818181818,1210.644696969697,1.0225104148940727,1.0435458371441082,0.46990740740740755,-7.415113567563012,167.03030303030303,183.75757575757575,68.55188296329464,0.20934282786403827
