Year,Team,opp_rk,opp_adjoe,opp_oe_rank,opp_adjde,opp_de_rank,opp_barthag,opp_barthag_rank,opp_sos,opp_nconf_sos,opp_conf_sos,opp_proj_sos,opp_proj_nconf_sos,opp_proj_conf_sos,opp_elite_sos,opp_elite_nconf_sos,opp_opp_oe,opp_opp_de,opp_proj_opp_oe,opp_proj_opp_de,opp_conf_adj_oe,opp_conf_adj_de,opp_qual_o,opp_qual_d,opp_qual_barthag,opp_qual_games,opp_fun,opp_conf_pf,opp_conf_pa,opp_conf_poss,opp_conf_oe,opp_conf_de,opp_conf_win%,opp_wab,opp_wab_rk,opp_fun_rk,opp_adjt,opp_qual_games_ratio
2017,north-carolina,71.3030303030303,112.0638169328435,78.93939393939394,97.86839588031228,90.21212121212122,0.7705968040313996,71.3030303030303,0.6685880803448464,0.5286969716673903,0.7528219129223058,0.6650458707492042,0.513396396433469,0.7528219129223058,0.6849118552221843,0.7959443966012842,109.02859381863946,99.95188370978045,107.98575117276938,98.8417353258042,112.71365605199463,98.86966247023676,119.08117667759375,104.11939811295194,0.7713287891456917,13.272727272727273,-0.000679713470831348,1310.3030303030303,1309.1515151515152,1230.9893939393942,1.063639425181675,1.0629451182380532,0.5005471380471378,-0.4713816631548133,78.33333333333333,172.6060606060606,68.8674091652726,0.4062818793574297
