Year,Team,opp_rk,opp_adjoe,opp_oe_rank,opp_adjde,opp_de_rank,opp_barthag,opp_barthag_rank,opp_sos,opp_nconf_sos,opp_conf_sos,opp_proj_sos,opp_proj_nconf_sos,opp_proj_conf_sos,opp_elite_sos,opp_elite_nconf_sos,opp_opp_oe,opp_opp_de,opp_proj_opp_oe,opp_proj_opp_de,opp_conf_adj_oe,opp_conf_adj_de,opp_qual_o,opp_qual_d,opp_qual_barthag,opp_qual_games,opp_fun,opp_conf_pf,opp_conf_pa,opp_conf_poss,opp_conf_oe,opp_conf_de,opp_conf_win%,opp_wab,opp_wab_rk,opp_fun_rk,opp_adjt,opp_qual_games_ratio
2017,florida-gulf-coast,211.41379310344828,103.3996201369535,179.06896551724137,106.8017911298844,233.72413793103448,0.4049064760106458,211.41379310344828,0.45847723395431844,0.49995775909136175,0.4157278649240751,0.4298523549918627,0.4276321283218748,0.4157278649240751,0.8558231921757269,0.8327410467121427,103.69259919818555,105.23101343170798,96.23244761158863,97.44676637254693,103.97336739195121,106.70540983796839,97.99082904288997,101.2494938518141,0.3997866947797261,3.793103448275862,0.0010243826256830838,1181.4827586206898,1171.7586206896551,1108.4224137931033,1.0658539004517202,1.0610389820676063,0.5011220580186097,-9.665363821190105,207.13793103448276,176.13793103448276,70.6478335101133,0.12350932572651775
