Year,Team,opp_rk,opp_adjoe,opp_oe_rank,opp_adjde,opp_de_rank,opp_barthag,opp_barthag_rank,opp_sos,opp_nconf_sos,opp_conf_sos,opp_proj_sos,opp_proj_nconf_sos,opp_proj_conf_sos,opp_elite_sos,opp_elite_nconf_sos,opp_opp_oe,opp_opp_de,opp_proj_opp_oe,opp_proj_opp_de,opp_conf_adj_oe,opp_conf_adj_de,opp_qual_o,opp_qual_d,opp_qual_barthag,opp_qual_games,opp_fun,opp_conf_pf,opp_conf_pa,opp_conf_poss,opp_conf_oe,opp_conf_de,opp_conf_win%,opp_wab,opp_wab_rk,opp_fun_rk,opp_adjt,opp_qual_games_ratio
2018,kansas,63.5,111.8226387476266,71.3529411764706,98.2392979996274,76.23529411764706,0.7852616357385597,63.5,0.6627332453144422,0.51566336936956,0.7567918333963985,0.6626513685453387,0.5032663874669995,0.7567918333963985,0.6999116650321991,0.8107709401294368,109.13563173276009,100.9048283684088,108.2559240937163,99.78289402604526,113.30252663147259,99.52269791887146,117.26647925721937,104.00818595636628,0.7548083646013213,12.735294117647058,0.010691600592842668,1330.764705882353,1318.8823529411766,1241.2805147058825,1.0721947668857044,1.062297215857565,0.5210084033613445,-0.2871142222382151,64.67647058823529,150.5,69.35905206812123,0.38921468373505136
