Year,Team,opp_rk,opp_adjoe,opp_oe_rank,opp_adjde,opp_de_rank,opp_barthag,opp_barthag_rank,opp_sos,opp_nconf_sos,opp_conf_sos,opp_proj_sos,opp_proj_nconf_sos,opp_proj_conf_sos,opp_elite_sos,opp_elite_nconf_sos,opp_opp_oe,opp_opp_de,opp_proj_opp_oe,opp_proj_opp_de,opp_conf_adj_oe,opp_conf_adj_de,opp_qual_o,opp_qual_d,opp_qual_barthag,opp_qual_games,opp_fun,opp_conf_pf,opp_conf_pa,opp_conf_poss,opp_conf_oe,opp_conf_de,opp_conf_win%,opp_wab,opp_wab_rk,opp_fun_rk,opp_adjt,opp_qual_games_ratio
2018,michigan-state,111.39393939393939,108.7386814086151,115.96969696969697,100.74644429233214,114.9090909090909,0.6625763473705784,111.39393939393939,0.6234125063320392,0.5135937916124316,0.6850374939911354,0.6143453345577194,0.48417897172306734,0.6850374939911354,0.7315031519962312,0.8082002484383569,107.7851677118492,101.49665960624105,105.53367041625529,99.165427195265,108.8971028017746,101.48477135336083,115.41090874159929,107.24008722451093,0.6515085954541978,10.181818181818182,-0.01339294650506715,1264.2727272727273,1288.3939393939395,1211.582196969697,1.0434309725164093,1.0626739905073925,0.45033670033670026,-3.888039872586437,119.06060606060606,195.75757575757575,69.00117441717788,0.31447698603123814
