Year,Team,opp_rk,opp_adjoe,opp_oe_rank,opp_adjde,opp_de_rank,opp_barthag,opp_barthag_rank,opp_sos,opp_nconf_sos,opp_conf_sos,opp_proj_sos,opp_proj_nconf_sos,opp_proj_conf_sos,opp_elite_sos,opp_elite_nconf_sos,opp_opp_oe,opp_opp_de,opp_proj_opp_oe,opp_proj_opp_de,opp_conf_adj_oe,opp_conf_adj_de,opp_qual_o,opp_qual_d,opp_qual_barthag,opp_qual_games,opp_fun,opp_conf_pf,opp_conf_pa,opp_conf_poss,opp_conf_oe,opp_conf_de,opp_conf_win%,opp_wab,opp_wab_rk,opp_fun_rk,opp_adjt,opp_qual_games_ratio
2018,cincinnati,142.3235294117647,106.38605796039987,147.35294117647058,102.66008253870311,147.58823529411765,0.5801490180385941,142.3235294117647,0.5528778810123159,0.5186601329241373,0.5629172481885033,0.5526203735050439,0.5098578750657605,0.5629172481885033,0.7845767696915105,0.8057692656131448,105.43150284597553,102.71389025442346,104.86521758500965,102.01392762896609,106.94864619150735,103.0243535722713,112.42030524484971,108.59545620330984,0.5722744096413467,7.147058823529412,0.023839263199548738,1288.235294117647,1277.0882352941176,1225.9213235294117,1.0491381783893186,1.0413941140649938,0.527982026143791,-5.370719891177034,136.02941176470588,134.88235294117646,68.81197649542844,0.22046268136373054
