Year,Team,opp_rk,opp_adjoe,opp_oe_rank,opp_adjde,opp_de_rank,opp_barthag,opp_barthag_rank,opp_sos,opp_nconf_sos,opp_conf_sos,opp_proj_sos,opp_proj_nconf_sos,opp_proj_conf_sos,opp_elite_sos,opp_elite_nconf_sos,opp_opp_oe,opp_opp_de,opp_proj_opp_oe,opp_proj_opp_de,opp_conf_adj_oe,opp_conf_adj_de,opp_qual_o,opp_qual_d,opp_qual_barthag,opp_qual_games,opp_fun,opp_conf_pf,opp_conf_pa,opp_conf_poss,opp_conf_oe,opp_conf_de,opp_conf_win%,opp_wab,opp_wab_rk,opp_fun_rk,opp_adjt,opp_qual_games_ratio
2018,michigan,99.41176470588235,110.62053328051556,92.44117647058823,100.97686242845896,118.08823529411765,0.6947077383983781,99.41176470588235,0.6274244491248903,0.5008482640926365,0.7008581851303357,0.6187771711959025,0.4759284405902547,0.7008581851303357,0.7379106366123337,0.8201997867349631,107.54768207447663,101.27223459257618,105.36668747453844,99.00993117433615,111.17353404497513,101.45887517290238,119.14219392176804,110.26684634406149,0.671636239887642,9.735294117647058,-0.00432725435322874,1278.6470588235295,1280.735294117647,1203.7323529411767,1.0616143034365353,1.0628745437087581,0.4914799253034547,-2.844509960513299,106.5,183.3235294117647,68.64175791840034,0.2994945955114957
