Year,Team,opp_rk,opp_adjoe,opp_oe_rank,opp_adjde,opp_de_rank,opp_barthag,opp_barthag_rank,opp_sos,opp_nconf_sos,opp_conf_sos,opp_proj_sos,opp_proj_nconf_sos,opp_proj_conf_sos,opp_elite_sos,opp_elite_nconf_sos,opp_opp_oe,opp_opp_de,opp_proj_opp_oe,opp_proj_opp_de,opp_conf_adj_oe,opp_conf_adj_de,opp_qual_o,opp_qual_d,opp_qual_barthag,opp_qual_games,opp_fun,opp_conf_pf,opp_conf_pa,opp_conf_poss,opp_conf_oe,opp_conf_de,opp_conf_win%,opp_wab,opp_wab_rk,opp_fun_rk,opp_adjt,opp_qual_games_ratio
2018,arizona,111.61764705882354,108.04562573286117,118.6470588235294,100.99485776089257,116.0,0.6604622024362886,111.61764705882354,0.6151017486871693,0.5252663571350703,0.6658235651955692,0.612150655477254,0.5079189734041083,0.6658235651955692,0.7711003262176849,0.8230174323777507,107.39109175214845,102.15233197375512,106.02602813564243,100.5563244342327,108.54205942773731,101.38046827065408,113.07518891139819,106.02579371016935,0.6364396331730914,7.0588235294117645,0.007836246349687503,1282.9411764705883,1289.235294117647,1218.168382352941,1.0523795383372245,1.0576462241729654,0.48444794584500467,-4.566040507727864,120.47058823529412,159.11764705882354,69.30095749231239,0.21724950978119625
