Year,Team,opp_rk,opp_adjoe,opp_oe_rank,opp_adjde,opp_de_rank,opp_barthag,opp_barthag_rank,opp_sos,opp_nconf_sos,opp_conf_sos,opp_proj_sos,opp_proj_nconf_sos,opp_proj_conf_sos,opp_elite_sos,opp_elite_nconf_sos,opp_opp_oe,opp_opp_de,opp_proj_opp_oe,opp_proj_opp_de,opp_conf_adj_oe,opp_conf_adj_de,opp_qual_o,opp_qual_d,opp_qual_barthag,opp_qual_games,opp_fun,opp_conf_pf,opp_conf_pa,opp_conf_poss,opp_conf_oe,opp_conf_de,opp_conf_win%,opp_wab,opp_wab_rk,opp_fun_rk,opp_adjt,opp_qual_games_ratio
2018,villanova,78.94117647058823,110.83249545582999,88.5,99.50317833652193,92.97058823529412,0.7430801848046868,78.94117647058823,0.6391056007467225,0.5206123398880473,0.7104347017119286,0.6357476963276004,0.5020726955753579,0.7104347017119286,0.7275552044219444,0.8161080583532146,108.6306580627952,101.49727422613746,107.28951626205932,99.99565882726945,111.61571805118781,100.01873320829169,118.64642617223888,106.57220238299047,0.7389228573488513,10.588235294117647,0.0017331970005740474,1352.6470588235295,1341.2058823529412,1263.6029411764705,1.0707100786758201,1.0606640869741115,0.5210084033613446,-1.5962596740034054,85.58823529411765,169.3235294117647,69.67701313470087,0.3278808767273579
