Year,Team,opp_rk,opp_adjoe,opp_oe_rank,opp_adjde,opp_de_rank,opp_barthag,opp_barthag_rank,opp_sos,opp_nconf_sos,opp_conf_sos,opp_proj_sos,opp_proj_nconf_sos,opp_proj_conf_sos,opp_elite_sos,opp_elite_nconf_sos,opp_opp_oe,opp_opp_de,opp_proj_opp_oe,opp_proj_opp_de,opp_conf_adj_oe,opp_conf_adj_de,opp_qual_o,opp_qual_d,opp_qual_barthag,opp_qual_games,opp_fun,opp_conf_pf,opp_conf_pa,opp_conf_poss,opp_conf_oe,opp_conf_de,opp_conf_win%,opp_wab,opp_wab_rk,opp_fun_rk,opp_adjt,opp_qual_games_ratio
2018,nevada,129.08823529411765,106.44739416393375,140.52941176470588,101.71018644550821,131.47058823529412,0.6065793202831284,129.08823529411765,0.5553123688418743,0.5027576788448098,0.5813336131988326,0.5408214578638038,0.46118146266055193,0.5813336131988326,0.8169693348012571,0.8490314558897003,105.84899730258881,103.28496436994502,102.5100775087499,99.83523880364051,107.62351540340981,102.90880812879777,107.19733612467175,105.14822000339767,0.5374449925262759,4.294117647058823,0.006386106534652885,1318.264705882353,1306.264705882353,1241.3161764705883,1.0617298121012402,1.051029486068233,0.5308415032679736,-5.734299308322758,136.38235294117646,167.08823529411765,68.89420086373327,0.13572528667650696
