Year,Team,opp_rk,opp_adjoe,opp_oe_rank,opp_adjde,opp_de_rank,opp_barthag,opp_barthag_rank,opp_sos,opp_nconf_sos,opp_conf_sos,opp_proj_sos,opp_proj_nconf_sos,opp_proj_conf_sos,opp_elite_sos,opp_elite_nconf_sos,opp_opp_oe,opp_opp_de,opp_proj_opp_oe,opp_proj_opp_de,opp_conf_adj_oe,opp_conf_adj_de,opp_qual_o,opp_qual_d,opp_qual_barthag,opp_qual_games,opp_fun,opp_conf_pf,opp_conf_pa,opp_conf_poss,opp_conf_oe,opp_conf_de,opp_conf_win%,opp_wab,opp_wab_rk,opp_fun_rk,opp_adjt,opp_qual_games_ratio
2018,providence,83.94117647058823,112.03187990560428,88.3529411764706,99.99136712502816,100.67647058823529,0.7347005142065693,83.94117647058823,0.6333350857188923,0.5061969178118882,0.7097306292244524,0.6309658030494361,0.49165150546412945,0.7097306292244524,0.7321178693167675,0.8255374895249077,108.24890949814024,101.58915910088383,107.20077730415531,100.35307586930938,112.43372164324875,100.66048938248112,118.72865796995009,105.10528880960288,0.75048204659075,10.176470588235293,0.003315313224009314,1375.8823529411766,1362.2941176470588,1276.615073529412,1.0769839656680924,1.0662190292504583,0.5114670868347339,-1.1672780606182693,88.79411764705883,170.2941176470588,70.20431560661868,0.3160171869699301
