Year,Team,opp_rk,opp_adjoe,opp_oe_rank,opp_adjde,opp_de_rank,opp_barthag,opp_barthag_rank,opp_sos,opp_nconf_sos,opp_conf_sos,opp_proj_sos,opp_proj_nconf_sos,opp_proj_conf_sos,opp_elite_sos,opp_elite_nconf_sos,opp_opp_oe,opp_opp_de,opp_proj_opp_oe,opp_proj_opp_de,opp_conf_adj_oe,opp_conf_adj_de,opp_qual_o,opp_qual_d,opp_qual_barthag,opp_qual_games,opp_fun,opp_conf_pf,opp_conf_pa,opp_conf_poss,opp_conf_oe,opp_conf_de,opp_conf_win%,opp_wab,opp_wab_rk,opp_fun_rk,opp_adjt,opp_qual_games_ratio
2018,kentucky,61.18181818181818,111.36329672773842,76.45454545454545,97.6678857621174,67.75757575757575,0.790675695956456,61.18181818181818,0.6673537683194125,0.5528654914871165,0.7338543040726461,0.6644032835167145,0.5361921702056728,0.7338543040726461,0.7140681096764091,0.7973474708974995,108.72304841668283,100.66812872461408,107.42294269873351,99.17301765443645,112.25048217907779,98.10870369883573,116.08061873216703,102.9948335113265,0.7598922225763601,12.06060606060606,0.00030857578795825366,1294.878787878788,1258.8181818181818,1213.3757575757577,1.0677889430472947,1.0355882087516293,0.5625601250601251,-0.7399706292011498,72.81818181818181,170.0,68.62154305658905,0.3697448763118506
