Year,Team,opp_rk,opp_adjoe,opp_oe_rank,opp_adjde,opp_de_rank,opp_barthag,opp_barthag_rank,opp_sos,opp_nconf_sos,opp_conf_sos,opp_proj_sos,opp_proj_nconf_sos,opp_proj_conf_sos,opp_elite_sos,opp_elite_nconf_sos,opp_opp_oe,opp_opp_de,opp_proj_opp_oe,opp_proj_opp_de,opp_conf_adj_oe,opp_conf_adj_de,opp_qual_o,opp_qual_d,opp_qual_barthag,opp_qual_games,opp_fun,opp_conf_pf,opp_conf_pa,opp_conf_poss,opp_conf_oe,opp_conf_de,opp_conf_win%,opp_wab,opp_wab_rk,opp_fun_rk,opp_adjt,opp_qual_games_ratio
2018,syracuse,91.33333333333333,111.04655633270572,86.24242424242425,100.3623649552024,116.27272727272727,0.7107292628130674,91.33333333333333,0.619762132941024,0.5013781424223654,0.6912709097636024,0.6192812010147262,0.49016806659529705,0.6912709097636024,0.733171341194542,0.8207557123841103,107.63016516184166,101.45547613010241,106.79380004831506,100.41761824774,111.37153096947702,101.13202848603761,115.9118959453048,105.57242703126707,0.6901292218860076,10.272727272727273,0.009284108320471976,1314.060606060606,1306.939393939394,1232.8098484848485,1.064452440905838,1.0593296265582202,0.5197210197210197,-1.7698382051633887,95.12121212121212,148.03030303030303,68.9619332136328,0.31426570699865797
