Year,Team,opp_rk,opp_adjoe,opp_oe_rank,opp_adjde,opp_de_rank,opp_barthag,opp_barthag_rank,opp_sos,opp_nconf_sos,opp_conf_sos,opp_proj_sos,opp_proj_nconf_sos,opp_proj_conf_sos,opp_elite_sos,opp_elite_nconf_sos,opp_opp_oe,opp_opp_de,opp_proj_opp_oe,opp_proj_opp_de,opp_conf_adj_oe,opp_conf_adj_de,opp_qual_o,opp_qual_d,opp_qual_barthag,opp_qual_games,opp_fun,opp_conf_pf,opp_conf_pa,opp_conf_poss,opp_conf_oe,opp_conf_de,opp_conf_win%,opp_wab,opp_wab_rk,opp_fun_rk,opp_adjt,opp_qual_games_ratio
2018,murray-state,208.41379310344828,101.918449510265,216.0,105.58996475426434,190.6551724137931,0.41183026972052855,208.41379310344828,0.45841964901813326,0.5135782417461405,0.42228691487375597,0.44118615173352016,0.45830859237145744,0.42228691487375597,0.8618859827093805,0.8208932416994776,103.42847859057714,105.05552145784469,99.25304600284574,100.74251211136276,102.03837818800307,105.74042818288369,100.98986828535087,103.66194147694574,0.42498750076190445,2.413793103448276,0.01036698574959574,1275.8275862068965,1281.0344827586207,1234.5280172413793,1.0332696304308295,1.0371216693494025,0.5074233716475096,-9.660565963070473,201.17241379310346,156.20689655172413,68.69149965898998,0.07850567648738989
