Year,Team,opp_rk,opp_adjoe,opp_oe_rank,opp_adjde,opp_de_rank,opp_barthag,opp_barthag_rank,opp_sos,opp_nconf_sos,opp_conf_sos,opp_proj_sos,opp_proj_nconf_sos,opp_proj_conf_sos,opp_elite_sos,opp_elite_nconf_sos,opp_opp_oe,opp_opp_de,opp_proj_opp_oe,opp_proj_opp_de,opp_conf_adj_oe,opp_conf_adj_de,opp_qual_o,opp_qual_d,opp_qual_barthag,opp_qual_games,opp_fun,opp_conf_pf,opp_conf_pa,opp_conf_poss,opp_conf_oe,opp_conf_de,opp_conf_win%,opp_wab,opp_wab_rk,opp_fun_rk,opp_adjt,opp_qual_games_ratio
2018,auburn,97.875,108.73725670890838,105.5625,99.99219340621627,105.875,0.6952917089956686,97.875,0.6367734942665011,0.5561434951886624,0.6861886744570032,0.6298852640059862,0.5274485866278906,0.6861886744570032,0.7402546150797294,0.8049628424264073,107.886337447019,101.35569662615967,105.78242184147199,99.041003633538,108.93841029600244,99.94575564716604,117.02033552935426,107.81534033205696,0.6851122869353155,10.53125,0.00819326206851736,1282.40625,1278.53125,1226.1277343750003,1.0458373116340147,1.0427357291221282,0.5088355654761906,-3.330493077605978,104.59375,155.4375,68.78540858893182,0.3240046851534979
