Year,Team,opp_rk,opp_adjoe,opp_oe_rank,opp_adjde,opp_de_rank,opp_barthag,opp_barthag_rank,opp_sos,opp_nconf_sos,opp_conf_sos,opp_proj_sos,opp_proj_nconf_sos,opp_proj_conf_sos,opp_elite_sos,opp_elite_nconf_sos,opp_opp_oe,opp_opp_de,opp_proj_opp_oe,opp_proj_opp_de,opp_conf_adj_oe,opp_conf_adj_de,opp_qual_o,opp_qual_d,opp_qual_barthag,opp_qual_games,opp_fun,opp_conf_pf,opp_conf_pa,opp_conf_poss,opp_conf_oe,opp_conf_de,opp_conf_win%,opp_wab,opp_wab_rk,opp_fun_rk,opp_adjt,opp_qual_games_ratio
2018,duke,81.21875,110.31198792316162,95.0,98.69051545754901,84.4375,0.7398284693419456,81.21875,0.6380022114848355,0.5062925104364396,0.7218643162030293,0.6319992118892835,0.4817772758443376,0.7218643162030293,0.7210965980575235,0.8189841565261757,108.24037864171764,101.10314667579065,106.26534754580375,98.977491786567,110.5721970807503,98.87841196186544,116.73708185134456,104.32757901316235,0.7361124862777904,10.875,0.00548672942561863,1276.8125,1272.40625,1213.3421875000001,1.0522191494189106,1.0464174033774003,0.49652777777777773,-1.3872194114445437,86.9375,155.46875,68.69721235469909,0.33239358334976216
