Year,Team,opp_rk,opp_adjoe,opp_oe_rank,opp_adjde,opp_de_rank,opp_barthag,opp_barthag_rank,opp_sos,opp_nconf_sos,opp_conf_sos,opp_proj_sos,opp_proj_nconf_sos,opp_proj_conf_sos,opp_elite_sos,opp_elite_nconf_sos,opp_opp_oe,opp_opp_de,opp_proj_opp_oe,opp_proj_opp_de,opp_conf_adj_oe,opp_conf_adj_de,opp_qual_o,opp_qual_d,opp_qual_barthag,opp_qual_games,opp_fun,opp_conf_pf,opp_conf_pa,opp_conf_poss,opp_conf_oe,opp_conf_de,opp_conf_win%,opp_wab,opp_wab_rk,opp_fun_rk,opp_adjt,opp_qual_games_ratio
2018,texas-tech,92.57575757575758,110.3041392394826,101.63636363636364,99.60134621065501,97.39393939393939,0.713429318447139,92.57575757575758,0.6491507767721867,0.5086323975927459,0.7353275426958095,0.6415610499089976,0.4809825994189459,0.7353275426958095,0.7112930750591593,0.8219698954590601,108.56749654702811,100.99498950679941,106.30983842486279,98.55680212569773,111.91510822255124,100.800131077474,113.30594084578648,102.75432289809604,0.7099970989990285,12.484848484848484,0.0023342085384526283,1329.2727272727273,1338.7878787878788,1251.4912878787882,1.0614989809330115,1.069431715261441,0.4757395382395382,-2.0078465440279296,93.15151515151516,165.66666666666666,69.73091902574785,0.38368726451593327
