Year,Team,opp_rk,opp_adjoe,opp_oe_rank,opp_adjde,opp_de_rank,opp_barthag,opp_barthag_rank,opp_sos,opp_nconf_sos,opp_conf_sos,opp_proj_sos,opp_proj_nconf_sos,opp_proj_conf_sos,opp_elite_sos,opp_elite_nconf_sos,opp_opp_oe,opp_opp_de,opp_proj_opp_oe,opp_proj_opp_de,opp_conf_adj_oe,opp_conf_adj_de,opp_qual_o,opp_qual_d,opp_qual_barthag,opp_qual_games,opp_fun,opp_conf_pf,opp_conf_pa,opp_conf_poss,opp_conf_oe,opp_conf_de,opp_conf_win%,opp_wab,opp_wab_rk,opp_fun_rk,opp_adjt,opp_qual_games_ratio
2018,ucla,108.0625,107.94851732908859,119.75,100.42725939858212,107.0,0.6698701110490988,108.0625,0.6064771396982439,0.5209413980717598,0.6539887912572712,0.6026541830699533,0.5002999861421836,0.6539887912572712,0.7746185646674766,0.8265546310968716,107.29567246203354,102.41763160110894,105.67521386455647,100.57506198051199,108.47607877162204,100.63162813393257,112.96511571981264,105.69999619400485,0.6463305580104208,6.84375,0.00474129036112882,1282.5,1271.6875,1214.71484375,1.055318469621341,1.0452526357206668,0.5185701884920634,-4.204570910239701,120.46875,165.71875,68.90397101903085,0.20922230430947225
