Year,Team,opp_rk,opp_adjoe,opp_oe_rank,opp_adjde,opp_de_rank,opp_barthag,opp_barthag_rank,opp_sos,opp_nconf_sos,opp_conf_sos,opp_proj_sos,opp_proj_nconf_sos,opp_proj_conf_sos,opp_elite_sos,opp_elite_nconf_sos,opp_opp_oe,opp_opp_de,opp_proj_opp_oe,opp_proj_opp_de,opp_conf_adj_oe,opp_conf_adj_de,opp_qual_o,opp_qual_d,opp_qual_barthag,opp_qual_games,opp_fun,opp_conf_pf,opp_conf_pa,opp_conf_poss,opp_conf_oe,opp_conf_de,opp_conf_win%,opp_wab,opp_wab_rk,opp_fun_rk,opp_adjt,opp_qual_games_ratio
2018,houston,146.3030303030303,105.91470697396485,158.33333333333334,102.14496325707223,151.63636363636363,0.5715971442490755,146.3030303030303,0.548839225562787,0.49912553454650294,0.5811430191809303,0.5437851705123815,0.4720608847260626,0.5811430191809303,0.7924170684335647,0.8242746524483836,105.53142034716002,102.95199280788785,103.91194587283407,101.1968967435331,106.34262658596666,102.82862004034445,114.75422679897905,108.96438446554986,0.6052405031247751,7.303030303030303,0.01095692773235894,1266.6363636363637,1273.5151515151515,1216.5715909090907,1.0406589140143006,1.0451301615019553,0.48316498316498335,-5.542733723994985,144.06060606060606,150.6060606060606,67.98072488866772,0.226606498502961
