Year,Team,opp_rk,opp_adjoe,opp_oe_rank,opp_adjde,opp_de_rank,opp_barthag,opp_barthag_rank,opp_sos,opp_nconf_sos,opp_conf_sos,opp_proj_sos,opp_proj_nconf_sos,opp_proj_conf_sos,opp_elite_sos,opp_elite_nconf_sos,opp_opp_oe,opp_opp_de,opp_proj_opp_oe,opp_proj_opp_de,opp_conf_adj_oe,opp_conf_adj_de,opp_qual_o,opp_qual_d,opp_qual_barthag,opp_qual_games,opp_fun,opp_conf_pf,opp_conf_pa,opp_conf_poss,opp_conf_oe,opp_conf_de,opp_conf_win%,opp_wab,opp_wab_rk,opp_fun_rk,opp_adjt,opp_qual_games_ratio
2018,missouri,81.38709677419355,109.99709247643406,93.19354838709677,98.95726896268435,85.54838709677419,0.7395881136861706,81.38709677419355,0.660115230271098,0.5442497311744516,0.7292801427536741,0.6550505783625453,0.517961741665925,0.7292801427536741,0.7162995870455928,0.8056582026219953,108.54482177503168,100.80417767386781,106.59638383372327,98.60972350276161,110.36735050536821,99.3243256121355,113.04750508517505,102.86858126432534,0.7084750017894647,11.903225806451612,0.008667676658057465,1296.6451612903227,1297.967741935484,1235.7725806451615,1.0492524066677282,1.0504095428570768,0.4858870967741936,-1.9727966891715163,87.09677419354838,154.5483870967742,69.39117016989577,0.3662138114634748
