Year,Team,opp_rk,opp_adjoe,opp_oe_rank,opp_adjde,opp_de_rank,opp_barthag,opp_barthag_rank,opp_sos,opp_nconf_sos,opp_conf_sos,opp_proj_sos,opp_proj_nconf_sos,opp_proj_conf_sos,opp_elite_sos,opp_elite_nconf_sos,opp_opp_oe,opp_opp_de,opp_proj_opp_oe,opp_proj_opp_de,opp_conf_adj_oe,opp_conf_adj_de,opp_qual_o,opp_qual_d,opp_qual_barthag,opp_qual_games,opp_fun,opp_conf_pf,opp_conf_pa,opp_conf_poss,opp_conf_oe,opp_conf_de,opp_conf_win%,opp_wab,opp_wab_rk,opp_fun_rk,opp_adjt,opp_qual_games_ratio
2018,purdue,94.67647058823529,108.7343560427482,115.29411764705883,99.17033903547258,90.79411764705883,0.7020479203019271,94.67647058823529,0.6264749927650334,0.48001128727891546,0.7133810797553232,0.6212296365800876,0.4560671274041059,0.7133810797553232,0.7335061214892225,0.82987193515745,107.99036306149344,101.51665271533075,106.05757815209948,99.39041701503635,109.22750513087392,100.08520763370133,116.81825612671004,105.93198329592605,0.7024999634681367,9.794117647058824,-0.000463139636356366,1260.5588235294117,1277.5882352941176,1209.608823529412,1.04129358744453,1.0560148874481605,0.4757236227824462,-2.6373299731291127,100.8529411764706,176.64705882352942,68.23200283799763,0.30015922502048237
