Year,Team,opp_rk,opp_adjoe,opp_oe_rank,opp_adjde,opp_de_rank,opp_barthag,opp_barthag_rank,opp_sos,opp_nconf_sos,opp_conf_sos,opp_proj_sos,opp_proj_nconf_sos,opp_proj_conf_sos,opp_elite_sos,opp_elite_nconf_sos,opp_opp_oe,opp_opp_de,opp_proj_opp_oe,opp_proj_opp_de,opp_conf_adj_oe,opp_conf_adj_de,opp_qual_o,opp_qual_d,opp_qual_barthag,opp_qual_games,opp_fun,opp_conf_pf,opp_conf_pa,opp_conf_poss,opp_conf_oe,opp_conf_de,opp_conf_win%,opp_wab,opp_wab_rk,opp_fun_rk,opp_adjt,opp_qual_games_ratio
2018,montana,197.0,102.98615329419036,189.3548387096774,105.5656726760273,202.06451612903226,0.438249481518676,197.0,0.5008009526327034,0.544248725496203,0.47420532263652065,0.47365178721450857,0.4590159146810119,0.47420532263652065,0.8498471814069185,0.8310285287945205,104.82988777996617,104.59246438040148,98.5429140489888,98.16831088123644,103.46624650806231,106.59362570774901,77.62765622592224,81.5825022374002,0.27528212454190565,2.903225806451613,-0.00847557918848774,1297.1290322580646,1326.5483870967741,1242.3612903225805,1.0432732145919061,1.0673511207096436,0.44095622119815664,-10.241501946333981,206.7741935483871,193.19354838709677,69.73671737758346,0.09220211469156377
