Year,Team,opp_rk,opp_adjoe,opp_oe_rank,opp_adjde,opp_de_rank,opp_barthag,opp_barthag_rank,opp_sos,opp_nconf_sos,opp_conf_sos,opp_proj_sos,opp_proj_nconf_sos,opp_proj_conf_sos,opp_elite_sos,opp_elite_nconf_sos,opp_opp_oe,opp_opp_de,opp_proj_opp_oe,opp_proj_opp_de,opp_conf_adj_oe,opp_conf_adj_de,opp_qual_o,opp_qual_d,opp_qual_barthag,opp_qual_games,opp_fun,opp_conf_pf,opp_conf_pa,opp_conf_poss,opp_conf_oe,opp_conf_de,opp_conf_win%,opp_wab,opp_wab_rk,opp_fun_rk,opp_adjt,opp_qual_games_ratio
2018,st-bonaventure,146.75,106.09614654450438,145.75,103.65530058926814,161.75,0.5601789254149719,146.75,0.5190308720758814,0.5207507708392793,0.5120314800604004,0.5178580676260659,0.5064917218444848,0.5120314800604004,0.8278990171157059,0.8177190838946731,105.00961021830257,103.99729628858138,104.03834443710745,102.81008341672545,106.56803678683899,103.44561567030387,100.65517312892766,99.78091691845991,0.50142166372367,3.9375,-0.007679396538733175,1300.875,1268.40625,1219.6492187500005,1.0662347380554096,1.0393232315440413,0.5448288690476191,-7.366497024738226,164.34375,191.46875,67.89807868319939,0.12282168893033751
