Year,Team,opp_rk,opp_adjoe,opp_oe_rank,opp_adjde,opp_de_rank,opp_barthag,opp_barthag_rank,opp_sos,opp_nconf_sos,opp_conf_sos,opp_proj_sos,opp_proj_nconf_sos,opp_proj_conf_sos,opp_elite_sos,opp_elite_nconf_sos,opp_opp_oe,opp_opp_de,opp_proj_opp_oe,opp_proj_opp_de,opp_conf_adj_oe,opp_conf_adj_de,opp_qual_o,opp_qual_d,opp_qual_barthag,opp_qual_games,opp_fun,opp_conf_pf,opp_conf_pa,opp_conf_poss,opp_conf_oe,opp_conf_de,opp_conf_win%,opp_wab,opp_wab_rk,opp_fun_rk,opp_adjt,opp_qual_games_ratio
2018,long-island-university,258.9642857142857,99.14439981365946,258.14285714285717,107.9809848030416,234.42857142857142,0.2870600107063935,258.9642857142857,0.3759604519460549,0.46011187719056856,0.3208217874702387,0.3641598463211106,0.4199194848409795,0.3208217874702387,0.8936412796732159,0.8420865064603736,101.7136108184797,106.89705285230548,98.39075065414411,103.38239675174327,99.48756461635735,108.69473793649617,79.25344976503983,86.15377840980092,0.2450035237106629,2.0,-0.0026186578655686666,1239.392857142857,1257.6785714285713,1196.6839285714289,1.035362555347229,1.0502643803770284,0.44993622448979603,-12.336466394758935,242.35714285714286,177.82142857142858,68.66620846694566,0.06570411279686465
