Year,Team,opp_rk,opp_adjoe,opp_oe_rank,opp_adjde,opp_de_rank,opp_barthag,opp_barthag_rank,opp_sos,opp_nconf_sos,opp_conf_sos,opp_proj_sos,opp_proj_nconf_sos,opp_proj_conf_sos,opp_elite_sos,opp_elite_nconf_sos,opp_opp_oe,opp_opp_de,opp_proj_opp_oe,opp_proj_opp_de,opp_conf_adj_oe,opp_conf_adj_de,opp_qual_o,opp_qual_d,opp_qual_barthag,opp_qual_games,opp_fun,opp_conf_pf,opp_conf_pa,opp_conf_poss,opp_conf_oe,opp_conf_de,opp_conf_win%,opp_wab,opp_wab_rk,opp_fun_rk,opp_adjt,opp_qual_games_ratio
2018,west-virginia,91.0,109.4513293509538,108.91176470588235,98.35914165290521,86.79411764705883,0.718181858922117,91.0,0.6536386814262372,0.5121097689653356,0.7431329643245481,0.6531871211916401,0.5011871354184223,0.7431329643245481,0.7034877801357261,0.8181394450598962,108.95130636578386,101.18366921047955,108.12370558254825,100.12499328193452,110.17803307108332,99.47762843558426,112.88976995726874,103.50838946668745,0.6951425646599834,12.794117647058824,0.0037640923524663436,1279.1176470588234,1300.2058823529412,1224.291544117647,1.0437778756469347,1.0603496082181427,0.471609477124183,-1.7487208034487967,95.05882352941177,159.76470588235293,68.39669916750803,0.39421545463967883
