Year,Team,opp_rk,opp_adjoe,opp_oe_rank,opp_adjde,opp_de_rank,opp_barthag,opp_barthag_rank,opp_sos,opp_nconf_sos,opp_conf_sos,opp_proj_sos,opp_proj_nconf_sos,opp_proj_conf_sos,opp_elite_sos,opp_elite_nconf_sos,opp_opp_oe,opp_opp_de,opp_proj_opp_oe,opp_proj_opp_de,opp_conf_adj_oe,opp_conf_adj_de,opp_qual_o,opp_qual_d,opp_qual_barthag,opp_qual_games,opp_fun,opp_conf_pf,opp_conf_pa,opp_conf_poss,opp_conf_oe,opp_conf_de,opp_conf_win%,opp_wab,opp_wab_rk,opp_fun_rk,opp_adjt,opp_qual_games_ratio
2018,creighton,96.90322580645162,110.39915494178233,101.58064516129032,100.62850726876644,106.19354838709677,0.7034398669445637,96.90322580645162,0.6378339654538377,0.5197728321160248,0.7068736507560432,0.6324078529509949,0.49522888208759086,0.7068736507560432,0.7237390250345096,0.8177547095376106,108.48688666903627,101.54896282115483,106.70858559663708,99.58618036562227,111.03516820869048,101.03097891624746,116.99574540747145,105.96067639046807,0.7098940561155582,11.03225806451613,0.008045130143236037,1345.8064516129032,1349.516129032258,1261.6943548387096,1.066019954189793,1.069485963513394,0.4847990271377368,-2.0149743462246286,98.48387096774194,161.8709677419355,69.57856107563065,0.3412435457107826
