Year,Team,opp_rk,opp_adjoe,opp_oe_rank,opp_adjde,opp_de_rank,opp_barthag,opp_barthag_rank,opp_sos,opp_nconf_sos,opp_conf_sos,opp_proj_sos,opp_proj_nconf_sos,opp_proj_conf_sos,opp_elite_sos,opp_elite_nconf_sos,opp_opp_oe,opp_opp_de,opp_proj_opp_oe,opp_proj_opp_de,opp_conf_adj_oe,opp_conf_adj_de,opp_qual_o,opp_qual_d,opp_qual_barthag,opp_qual_games,opp_fun,opp_conf_pf,opp_conf_pa,opp_conf_poss,opp_conf_oe,opp_conf_de,opp_conf_win%,opp_wab,opp_wab_rk,opp_fun_rk,opp_adjt,opp_qual_games_ratio
2018,texas-christian,78.15625,111.52490877041991,76.96875,99.64540132900996,98.1875,0.7456734121755478,78.15625,0.638017781526617,0.5168061964246056,0.7122029749930915,0.6348491118670896,0.49686833235141953,0.7122029749930915,0.7177607586679359,0.8110950008978778,108.40804805238753,101.41275194444492,106.86306467194396,99.60377847718914,112.74067369635799,100.96255492350873,114.52562744670023,103.40178559315525,0.7218230075672669,11.84375,0.01615550101937365,1326.6875,1311.875,1230.2011718750002,1.077905106716628,1.065640515810488,0.5431547619047619,-1.0117714097693717,77.0625,147.53125,69.22672228012922,0.36266084221350325
