Year,Team,opp_rk,opp_adjoe,opp_oe_rank,opp_adjde,opp_de_rank,opp_barthag,opp_barthag_rank,opp_sos,opp_nconf_sos,opp_conf_sos,opp_proj_sos,opp_proj_nconf_sos,opp_proj_conf_sos,opp_elite_sos,opp_elite_nconf_sos,opp_opp_oe,opp_opp_de,opp_proj_opp_oe,opp_proj_opp_de,opp_conf_adj_oe,opp_conf_adj_de,opp_qual_o,opp_qual_d,opp_qual_barthag,opp_qual_games,opp_fun,opp_conf_pf,opp_conf_pa,opp_conf_poss,opp_conf_oe,opp_conf_de,opp_conf_win%,opp_wab,opp_wab_rk,opp_fun_rk,opp_adjt,opp_qual_games_ratio
2019,mississippi,97.125,108.57216926894823,109.0,98.90327063055071,102.0625,0.6966673621900558,97.125,0.6424369976335375,0.5485732119212263,0.7077511098464937,0.6402652535143835,0.521437470995997,0.7077511098464937,0.7218151046132848,0.8021512809735136,106.95919887708324,99.87891679727028,105.18230087777393,97.65306611151857,109.00282439910872,99.48404760987547,113.05364572727129,103.98309668956017,0.6795708174749041,11.8125,-0.005479515173802591,1271.96875,1284.125,1224.4515625000001,1.0382047316747864,1.048274275123723,0.4722222222222223,-2.73370078531274,108.03125,191.625,68.52606131438115,0.37453592709446587
