Year,Team,opp_rk,opp_adjoe,opp_oe_rank,opp_adjde,opp_de_rank,opp_barthag,opp_barthag_rank,opp_sos,opp_nconf_sos,opp_conf_sos,opp_proj_sos,opp_proj_nconf_sos,opp_proj_conf_sos,opp_elite_sos,opp_elite_nconf_sos,opp_opp_oe,opp_opp_de,opp_proj_opp_oe,opp_proj_opp_de,opp_conf_adj_oe,opp_conf_adj_de,opp_qual_o,opp_qual_d,opp_qual_barthag,opp_qual_games,opp_fun,opp_conf_pf,opp_conf_pa,opp_conf_poss,opp_conf_oe,opp_conf_de,opp_conf_win%,opp_wab,opp_wab_rk,opp_fun_rk,opp_adjt,opp_qual_games_ratio
2019,utah-state,168.24242424242425,103.66130874615796,166.78787878787878,103.28576655754091,174.12121212121212,0.5126999825197982,168.24242424242425,0.4921795176385442,0.50372210031431,0.4881502485095151,0.48561723747739344,0.4664349638620477,0.4881502485095151,0.8432839276314887,0.848455481044283,103.11432198373392,103.45540525846164,100.39749817009161,100.40235214046311,104.06454081110125,103.17756241765437,105.76958651631267,107.55976646118619,0.4558427354731059,3.787878787878788,0.0007566390171027713,1291.030303030303,1272.969696969697,1235.8700757575757,1.045574718645874,1.0292067167072216,0.5339646464646464,-7.699488679851608,173.3030303030303,167.6969696969697,69.28209572862033,0.1221950337052976
