Year,Team,opp_rk,opp_adjoe,opp_oe_rank,opp_adjde,opp_de_rank,opp_barthag,opp_barthag_rank,opp_sos,opp_nconf_sos,opp_conf_sos,opp_proj_sos,opp_proj_nconf_sos,opp_proj_conf_sos,opp_elite_sos,opp_elite_nconf_sos,opp_opp_oe,opp_opp_de,opp_proj_opp_oe,opp_proj_opp_de,opp_conf_adj_oe,opp_conf_adj_de,opp_qual_o,opp_qual_d,opp_qual_barthag,opp_qual_games,opp_fun,opp_conf_pf,opp_conf_pa,opp_conf_poss,opp_conf_oe,opp_conf_de,opp_conf_win%,opp_wab,opp_wab_rk,opp_fun_rk,opp_adjt,opp_qual_games_ratio
2019,florida,75.11764705882354,110.15382229339514,91.08823529411765,97.46109366944222,79.41176470588235,0.7520165717641514,75.11764705882354,0.6759802166122258,0.563297145084658,0.7515823481613001,0.6781290666908941,0.5440531397275766,0.7515823481613001,0.6963768437512523,0.7941158484116734,107.68110298713297,99.05596018057358,106.66923159831536,97.51438868459105,110.59396556575072,97.76292139131299,114.76621564761388,102.08076748635884,0.7365695997635986,13.117647058823529,0.006362016229611728,1292.7941176470588,1285.4705882352941,1237.5970588235293,1.0437354885417771,1.0385896368948888,0.509436274509804,-0.7930614087637287,88.3529411764706,171.55882352941177,69.50808647391534,0.41664556142509596
