Year,Team,opp_rk,opp_adjoe,opp_oe_rank,opp_adjde,opp_de_rank,opp_barthag,opp_barthag_rank,opp_sos,opp_nconf_sos,opp_conf_sos,opp_proj_sos,opp_proj_nconf_sos,opp_proj_conf_sos,opp_elite_sos,opp_elite_nconf_sos,opp_opp_oe,opp_opp_de,opp_proj_opp_oe,opp_proj_opp_de,opp_conf_adj_oe,opp_conf_adj_de,opp_qual_o,opp_qual_d,opp_qual_barthag,opp_qual_games,opp_fun,opp_conf_pf,opp_conf_pa,opp_conf_poss,opp_conf_oe,opp_conf_de,opp_conf_win%,opp_wab,opp_wab_rk,opp_fun_rk,opp_adjt,opp_qual_games_ratio
2019,north-carolina,72.03125,110.57379291817189,81.78125,95.7310737713777,70.90625,0.772612317731974,72.03125,0.6484585340128173,0.5171529163728104,0.7322302220385349,0.651229148135158,0.5038487721031853,0.7322302220385349,0.6979983069766295,0.8000400789682588,107.45639767857143,99.30003749090112,106.70193385414879,98.18362118872146,110.96107961393305,95.81298548837694,121.327019007712,105.0148097293922,0.7681470612779189,12.0625,-0.0032550408452002603,1274.96875,1238.5625,1220.3839843749997,1.0455677822025669,1.0140916445427373,0.5440228174603176,-0.380586519438315,85.3125,183.46875,68.79702647841795,0.37686574431720943
