Year,Team,opp_rk,opp_adjoe,opp_oe_rank,opp_adjde,opp_de_rank,opp_barthag,opp_barthag_rank,opp_sos,opp_nconf_sos,opp_conf_sos,opp_proj_sos,opp_proj_nconf_sos,opp_proj_conf_sos,opp_elite_sos,opp_elite_nconf_sos,opp_opp_oe,opp_opp_de,opp_proj_opp_oe,opp_proj_opp_de,opp_conf_adj_oe,opp_conf_adj_de,opp_qual_o,opp_qual_d,opp_qual_barthag,opp_qual_games,opp_fun,opp_conf_pf,opp_conf_pa,opp_conf_poss,opp_conf_oe,opp_conf_de,opp_conf_win%,opp_wab,opp_wab_rk,opp_fun_rk,opp_adjt,opp_qual_games_ratio
2019,louisiana-state,85.65625,108.4532227705801,99.09375,97.97976386572874,87.15625,0.7264527234320532,85.65625,0.6275248074847855,0.5394526360517988,0.6879251698871978,0.6275192488155474,0.5131230065085606,0.6879251698871978,0.7256072726123975,0.8032493816085512,106.75824551162954,100.2048894155798,105.05184639230923,97.96782514848668,108.86995965469079,98.65322561484213,112.07935381519174,101.46224485636746,0.716300831233681,11.75,-0.0035195240708996156,1279.03125,1269.25,1224.953125,1.0442044851794015,1.0363326535935782,0.5041232638888888,-1.9329851956557853,91.375,189.75,68.29266239844927,0.3713275159537065
