Year,Team,opp_rk,opp_adjoe,opp_oe_rank,opp_adjde,opp_de_rank,opp_barthag,opp_barthag_rank,opp_sos,opp_nconf_sos,opp_conf_sos,opp_proj_sos,opp_proj_nconf_sos,opp_proj_conf_sos,opp_elite_sos,opp_elite_nconf_sos,opp_opp_oe,opp_opp_de,opp_proj_opp_oe,opp_proj_opp_de,opp_conf_adj_oe,opp_conf_adj_de,opp_qual_o,opp_qual_d,opp_qual_barthag,opp_qual_games,opp_fun,opp_conf_pf,opp_conf_pa,opp_conf_poss,opp_conf_oe,opp_conf_de,opp_conf_win%,opp_wab,opp_wab_rk,opp_fun_rk,opp_adjt,opp_qual_games_ratio
2019,belmont,208.8,101.92486852625571,196.53333333333333,105.11665481364194,204.86666666666667,0.42036611651381844,208.8,0.46161928766157906,0.5300622771844486,0.4170743424672293,0.44425618720403465,0.4592590755846047,0.4170743424672293,0.8499694463910724,0.8163680244780764,102.90398838097539,104.33286893929593,97.65639894307317,98.69219235231019,102.29390400348902,105.71563842326401,107.50375124204001,105.95439545265185,0.5240743879798279,3.933333333333333,0.0010347637590933472,1342.1,1340.8,1283.5041666666662,1.0452827730321608,1.043844022319117,0.5060648148148149,-9.049875356620701,198.43333333333334,177.0,70.46960430670536,0.13000089685990687
