Year,Team,opp_rk,opp_adjoe,opp_oe_rank,opp_adjde,opp_de_rank,opp_barthag,opp_barthag_rank,opp_sos,opp_nconf_sos,opp_conf_sos,opp_proj_sos,opp_proj_nconf_sos,opp_proj_conf_sos,opp_elite_sos,opp_elite_nconf_sos,opp_opp_oe,opp_opp_de,opp_proj_opp_oe,opp_proj_opp_de,opp_conf_adj_oe,opp_conf_adj_de,opp_qual_o,opp_qual_d,opp_qual_barthag,opp_qual_games,opp_fun,opp_conf_pf,opp_conf_pa,opp_conf_poss,opp_conf_oe,opp_conf_de,opp_conf_win%,opp_wab,opp_wab_rk,opp_fun_rk,opp_adjt,opp_qual_games_ratio
2019,kansas,55.088235294117645,111.44184409083574,61.1764705882353,96.422386609968,72.1470588235294,0.8076272222678146,55.088235294117645,0.6739415999803564,0.5526273217111424,0.7568814211026366,0.676002255438961,0.5336476499133829,0.7568814211026366,0.700564978402626,0.8002279326098473,107.52309763099753,99.05798293635813,106.42894635150927,97.4612359726909,112.93187539719226,97.5000017118336,119.82265835517707,103.52552360461192,0.8052004786469024,12.323529411764707,0.01099262292011723,1285.1470588235295,1243.8823529411766,1205.4878676470587,1.0668302399586032,1.030574720455366,0.5619281045751636,0.905677505056378,58.205882352941174,155.52941176470588,68.12497325077595,0.38667966086727945
