Year,Team,opp_rk,opp_adjoe,opp_oe_rank,opp_adjde,opp_de_rank,opp_barthag,opp_barthag_rank,opp_sos,opp_nconf_sos,opp_conf_sos,opp_proj_sos,opp_proj_nconf_sos,opp_proj_conf_sos,opp_elite_sos,opp_elite_nconf_sos,opp_opp_oe,opp_opp_de,opp_proj_opp_oe,opp_proj_opp_de,opp_conf_adj_oe,opp_conf_adj_de,opp_qual_o,opp_qual_d,opp_qual_barthag,opp_qual_games,opp_fun,opp_conf_pf,opp_conf_pa,opp_conf_poss,opp_conf_oe,opp_conf_de,opp_conf_win%,opp_wab,opp_wab_rk,opp_fun_rk,opp_adjt,opp_qual_games_ratio
2019,tennessee,82.33333333333333,108.94326687449397,100.9090909090909,97.02149064831352,77.06060606060606,0.736692352924509,82.33333333333333,0.6643422340190932,0.5473082696161566,0.7459164039828563,0.6655954175346187,0.5285582828413868,0.7459164039828563,0.6962868894398946,0.791435530937853,107.8220660129518,99.36580217520019,106.66187858172839,97.74549753590524,109.18607534422992,97.27561965050943,114.66496812471897,101.63529858284016,0.7486560319287103,13.242424242424242,-0.003310911426791892,1282.2121212121212,1289.8181818181818,1243.406060606061,1.031544059891944,1.0362198253973212,0.48316498316498324,-1.3557866201469457,91.54545454545455,187.87878787878788,69.37565934900515,0.4186166940047515
