Year,Team,opp_rk,opp_adjoe,opp_oe_rank,opp_adjde,opp_de_rank,opp_barthag,opp_barthag_rank,opp_sos,opp_nconf_sos,opp_conf_sos,opp_proj_sos,opp_proj_nconf_sos,opp_proj_conf_sos,opp_elite_sos,opp_elite_nconf_sos,opp_opp_oe,opp_opp_de,opp_proj_opp_oe,opp_proj_opp_de,opp_conf_adj_oe,opp_conf_adj_de,opp_qual_o,opp_qual_d,opp_qual_barthag,opp_qual_games,opp_fun,opp_conf_pf,opp_conf_pa,opp_conf_poss,opp_conf_oe,opp_conf_de,opp_conf_win%,opp_wab,opp_wab_rk,opp_fun_rk,opp_adjt,opp_qual_games_ratio
2019,liberty,219.0,100.21706692079547,221.32258064516128,105.53882380069265,208.4516129032258,0.3878878167448592,219.0,0.4725352488806856,0.5521625987998425,0.4131980171262251,0.4544938667399293,0.48409029508808366,0.4131980171262251,0.8387131047064696,0.804675855558741,102.25042692635343,103.35176903028164,97.18014166982034,97.94386457536044,100.25952241883863,105.38680277364311,102.4162704711813,106.25760853619514,0.42737236778879106,4.516129032258065,0.005229595140106853,1204.0967741935483,1220.3548387096773,1187.8153225806452,1.0120134028987726,1.0267817061182127,0.4706541218637993,-9.947340811771864,207.61290322580646,175.16129032258064,70.7652786602216,0.14634949000642064
