Year,Team,opp_rk,opp_adjoe,opp_oe_rank,opp_adjde,opp_de_rank,opp_barthag,opp_barthag_rank,opp_sos,opp_nconf_sos,opp_conf_sos,opp_proj_sos,opp_proj_nconf_sos,opp_proj_conf_sos,opp_elite_sos,opp_elite_nconf_sos,opp_opp_oe,opp_opp_de,opp_proj_opp_oe,opp_proj_opp_de,opp_conf_adj_oe,opp_conf_adj_de,opp_qual_o,opp_qual_d,opp_qual_barthag,opp_qual_games,opp_fun,opp_conf_pf,opp_conf_pa,opp_conf_poss,opp_conf_oe,opp_conf_de,opp_conf_win%,opp_wab,opp_wab_rk,opp_fun_rk,opp_adjt,opp_qual_games_ratio
2019,syracuse,85.33333333333333,108.79697798708648,104.15151515151516,96.85838152322097,85.66666666666667,0.7299898492922611,85.33333333333333,0.6261913318118477,0.4992343337816066,0.7114465130099593,0.6293223181079152,0.4880122261600599,0.7114465130099593,0.7200518672566415,0.8213449193710498,106.66812709539293,99.88622546147543,106.04484684971519,98.85573995481056,109.03859701916122,97.30349551558649,116.45467215749038,104.95974160020585,0.6959223416793453,11.121212121212121,0.008174384354494312,1275.1818181818182,1261.5757575757575,1234.4094696969698,1.0316949571877785,1.0217705476324825,0.5185185185185187,-1.5562698972811202,95.27272727272727,163.0909090909091,68.90246276096296,0.34696829522709277
