Year,Team,opp_rk,opp_adjoe,opp_oe_rank,opp_adjde,opp_de_rank,opp_barthag,opp_barthag_rank,opp_sos,opp_nconf_sos,opp_conf_sos,opp_proj_sos,opp_proj_nconf_sos,opp_proj_conf_sos,opp_elite_sos,opp_elite_nconf_sos,opp_opp_oe,opp_opp_de,opp_proj_opp_oe,opp_proj_opp_de,opp_conf_adj_oe,opp_conf_adj_de,opp_qual_o,opp_qual_d,opp_qual_barthag,opp_qual_games,opp_fun,opp_conf_pf,opp_conf_pa,opp_conf_poss,opp_conf_oe,opp_conf_de,opp_conf_win%,opp_wab,opp_wab_rk,opp_fun_rk,opp_adjt,opp_qual_games_ratio
2019,murray-state,217.17241379310346,101.6997289067262,204.51724137931035,105.76292208687438,215.9655172413793,0.39880127881500016,217.17241379310346,0.4489718596803937,0.5194393598436015,0.4059368094664746,0.430141180606715,0.45296686955297466,0.4059368094664746,0.8584732644851948,0.8323336285540095,102.50968113844839,104.63393971259944,97.44407644544849,99.24364806208065,102.35004586682518,106.10618076678657,105.79690539702268,105.85424419927429,0.48457491545975445,3.8620689655172415,0.00038927338333734975,1336.7241379310344,1335.9310344827586,1278.2685344827582,1.045319466968743,1.0443000792154815,0.5095785440613028,-9.52969675981833,206.0344827586207,178.31034482758622,69.89770346962733,0.12692716638264373
