Year,Team,opp_rk,opp_adjoe,opp_oe_rank,opp_adjde,opp_de_rank,opp_barthag,opp_barthag_rank,opp_sos,opp_nconf_sos,opp_conf_sos,opp_proj_sos,opp_proj_nconf_sos,opp_proj_conf_sos,opp_elite_sos,opp_elite_nconf_sos,opp_opp_oe,opp_opp_de,opp_proj_opp_oe,opp_proj_opp_de,opp_conf_adj_oe,opp_conf_adj_de,opp_qual_o,opp_qual_d,opp_qual_barthag,opp_qual_games,opp_fun,opp_conf_pf,opp_conf_pa,opp_conf_poss,opp_conf_oe,opp_conf_de,opp_conf_win%,opp_wab,opp_wab_rk,opp_fun_rk,opp_adjt,opp_qual_games_ratio
2019,st-johns-ny,108.0,107.04962955740916,115.15625,99.69805927525772,119.40625,0.6692750668733698,108.0,0.6163714878185241,0.5208666128409293,0.6760464259982495,0.6136953305156976,0.5046383263836394,0.6760464259982495,0.7602713333589912,0.8090905017769876,106.20280446601974,100.90012808896405,104.96483034359024,99.46791779356391,107.64316748870992,100.11482209053686,114.13631892588094,106.38217980511133,0.66968410774099,8.8125,0.010277629807740205,1292.96875,1296.78125,1242.4796875000004,1.0392580185055278,1.0429536943199151,0.5003658234126985,-3.9961781581185885,118.1875,159.375,69.03216479638436,0.28001369441876256
