Year,Team,opp_rk,opp_adjoe,opp_oe_rank,opp_adjde,opp_de_rank,opp_barthag,opp_barthag_rank,opp_sos,opp_nconf_sos,opp_conf_sos,opp_proj_sos,opp_proj_nconf_sos,opp_proj_conf_sos,opp_elite_sos,opp_elite_nconf_sos,opp_opp_oe,opp_opp_de,opp_proj_opp_oe,opp_proj_opp_de,opp_conf_adj_oe,opp_conf_adj_de,opp_qual_o,opp_qual_d,opp_qual_barthag,opp_qual_games,opp_fun,opp_conf_pf,opp_conf_pa,opp_conf_poss,opp_conf_oe,opp_conf_de,opp_conf_win%,opp_wab,opp_wab_rk,opp_fun_rk,opp_adjt,opp_qual_games_ratio
2019,louisville,82.18181818181819,110.30006218166774,92.6969696969697,96.64503634266634,81.75757575757575,0.7456883617784577,82.18181818181819,0.6308742400249914,0.5114276500321747,0.7097224832299321,0.6325753221889998,0.49081088738310585,0.7097224832299321,0.7034912804732391,0.8064468673940308,106.64081781731723,99.47622572201445,105.4492131632118,97.81850915159733,110.42711737009164,96.78390440390294,116.82764097122974,101.24189613684804,0.7577712794884836,12.454545454545455,0.015539389470810669,1280.969696969697,1248.909090909091,1229.870075757576,1.0414736859415226,1.0146884950738841,0.5574074074074076,-0.18965760310647323,86.39393939393939,148.3030303030303,68.89553875362222,0.3923286506314365
