Year,Team,opp_rk,opp_adjoe,opp_oe_rank,opp_adjde,opp_de_rank,opp_barthag,opp_barthag_rank,opp_sos,opp_nconf_sos,opp_conf_sos,opp_proj_sos,opp_proj_nconf_sos,opp_proj_conf_sos,opp_elite_sos,opp_elite_nconf_sos,opp_opp_oe,opp_opp_de,opp_proj_opp_oe,opp_proj_opp_de,opp_conf_adj_oe,opp_conf_adj_de,opp_qual_o,opp_qual_d,opp_qual_barthag,opp_qual_games,opp_fun,opp_conf_pf,opp_conf_pa,opp_conf_poss,opp_conf_oe,opp_conf_de,opp_conf_win%,opp_wab,opp_wab_rk,opp_fun_rk,opp_adjt,opp_qual_games_ratio
2019,villanova,88.17647058823529,108.12843137893793,91.52941176470588,98.95283428357556,105.67647058823529,0.7137539761094351,88.17647058823529,0.6309929359992142,0.5241078106179295,0.7002411401072282,0.6321594224081934,0.51474961933966,0.7002411401072282,0.7497684826811032,0.8049706183799265,106.41453386894335,100.44540749359804,105.8005934269436,99.58192663489639,108.39364501648407,99.36714692535872,116.84088177178872,106.44206504579745,0.7165372342356582,9.941176470588236,0.016969607804371477,1296.1764705882354,1296.735294117647,1245.6871323529408,1.039968386665698,1.0406747385402024,0.496732026143791,-2.752390165569755,99.47058823529412,150.91176470588235,69.38253107025965,0.3138617913036384
