Year,Team,opp_rk,opp_adjoe,opp_oe_rank,opp_adjde,opp_de_rank,opp_barthag,opp_barthag_rank,opp_sos,opp_nconf_sos,opp_conf_sos,opp_proj_sos,opp_proj_nconf_sos,opp_proj_conf_sos,opp_elite_sos,opp_elite_nconf_sos,opp_opp_oe,opp_opp_de,opp_proj_opp_oe,opp_proj_opp_de,opp_conf_adj_oe,opp_conf_adj_de,opp_qual_o,opp_qual_d,opp_qual_barthag,opp_qual_games,opp_fun,opp_conf_pf,opp_conf_pa,opp_conf_poss,opp_conf_oe,opp_conf_de,opp_conf_win%,opp_wab,opp_wab_rk,opp_fun_rk,opp_adjt,opp_qual_games_ratio
2019,marquette,98.63636363636364,107.21381268759814,107.42424242424242,98.65794254178111,102.72727272727273,0.6917711776314142,98.63636363636364,0.6221265658797523,0.530601425962671,0.6807471681395316,0.6173728341693152,0.5050635947181683,0.6807471681395316,0.7511634508072574,0.797824414523598,106.34370903362937,100.80475414856329,104.37630150963442,98.56972508168225,107.68474925733558,98.96780890588154,112.67207476749512,103.07944840753967,0.6968077879384593,9.696969696969697,0.00879540233331276,1290.2727272727273,1279.7575757575758,1239.6231060606058,1.04122415252717,1.0319268039198892,0.5106060606060606,-2.9501239357079103,104.06060606060606,160.93939393939394,69.16325841789535,0.30653816104801207
