Year,Team,opp_rk,opp_adjoe,opp_oe_rank,opp_adjde,opp_de_rank,opp_barthag,opp_barthag_rank,opp_sos,opp_nconf_sos,opp_conf_sos,opp_proj_sos,opp_proj_nconf_sos,opp_proj_conf_sos,opp_elite_sos,opp_elite_nconf_sos,opp_opp_oe,opp_opp_de,opp_proj_opp_oe,opp_proj_opp_de,opp_conf_adj_oe,opp_conf_adj_de,opp_qual_o,opp_qual_d,opp_qual_barthag,opp_qual_games,opp_fun,opp_conf_pf,opp_conf_pa,opp_conf_poss,opp_conf_oe,opp_conf_de,opp_conf_win%,opp_wab,opp_wab_rk,opp_fun_rk,opp_adjt,opp_qual_games_ratio
2019,georgia-state,154.9375,104.40591915161122,156.6875,102.80065001585038,170.3125,0.5374862240594637,154.9375,0.519440868763587,0.5025181206101108,0.5303410751319159,0.4989697046152612,0.4420996897026556,0.5303410751319159,0.8345995166730982,0.8284017030407709,104.3876556326576,103.3089014097629,99.547220673226,98.32722100708268,105.20321118805613,103.36553923107601,105.93670592013481,105.30576795013282,0.5193164617665287,4.125,-0.005478883410949931,1325.59375,1323.375,1255.359765625,1.0554077629477945,1.0528502782352303,0.5089409722222222,-7.309462913377534,165.90625,182.84375,68.78919975994154,0.13400565567230785
