Year,Team,opp_rk,opp_adjoe,opp_oe_rank,opp_adjde,opp_de_rank,opp_barthag,opp_barthag_rank,opp_sos,opp_nconf_sos,opp_conf_sos,opp_proj_sos,opp_proj_nconf_sos,opp_proj_conf_sos,opp_elite_sos,opp_elite_nconf_sos,opp_opp_oe,opp_opp_de,opp_proj_opp_oe,opp_proj_opp_de,opp_conf_adj_oe,opp_conf_adj_de,opp_qual_o,opp_qual_d,opp_qual_barthag,opp_qual_games,opp_fun,opp_conf_pf,opp_conf_pa,opp_conf_poss,opp_conf_oe,opp_conf_de,opp_conf_win%,opp_wab,opp_wab_rk,opp_fun_rk,opp_adjt,opp_qual_games_ratio
2019,montana,231.21875,101.50994993455994,208.34375,107.64093187852359,237.1875,0.36246863851861455,231.21875,0.40374824005674975,0.5280908458586977,0.35161102954316487,0.38498039203618195,0.44194330505228113,0.35161102954316487,0.8904408346088224,0.8387047823511667,102.28778085937141,106.47533803730477,96.60623228105008,100.36616470399032,101.5290736892503,107.74150562667703,79.74679959132011,84.28419551380168,0.31519587627828016,1.875,0.0003082078880560302,1427.8125,1427.40625,1346.0554687500005,1.0608963511856515,1.0599062341697894,0.5032118055555557,-10.822671472756443,216.5,178.25,69.33377118017795,0.06185059407020442
