Year,Team,opp_rk,opp_adjoe,opp_oe_rank,opp_adjde,opp_de_rank,opp_barthag,opp_barthag_rank,opp_sos,opp_nconf_sos,opp_conf_sos,opp_proj_sos,opp_proj_nconf_sos,opp_proj_conf_sos,opp_elite_sos,opp_elite_nconf_sos,opp_opp_oe,opp_opp_de,opp_proj_opp_oe,opp_proj_opp_de,opp_conf_adj_oe,opp_conf_adj_de,opp_qual_o,opp_qual_d,opp_qual_barthag,opp_qual_games,opp_fun,opp_conf_pf,opp_conf_pa,opp_conf_poss,opp_conf_oe,opp_conf_de,opp_conf_win%,opp_wab,opp_wab_rk,opp_fun_rk,opp_adjt,opp_qual_games_ratio
2019,seton-hall,86.6969696969697,108.7501265098081,84.84848484848484,98.85059986853868,102.24242424242425,0.7236181644952974,86.6969696969697,0.6347603968914959,0.511555461509031,0.7117836392373206,0.6344757076973464,0.49844620628595415,0.7117836392373206,0.7454906503594222,0.8177749370729491,106.62649124428718,100.40017059038729,105.66301337777503,99.20079105591465,109.62223257274786,99.13303517957686,113.52812462803517,103.01433989258993,0.7040791810037464,9.93939393939394,0.012553251020640813,1303.3333333333333,1294.2727272727273,1240.2674242424246,1.0504632348672902,1.042411851732455,0.5103535353535353,-2.550741626812509,95.39393939393939,155.03030303030303,68.75698736199581,0.3122295048187032
