Year,Team,opp_rk,opp_adjoe,opp_oe_rank,opp_adjde,opp_de_rank,opp_barthag,opp_barthag_rank,opp_sos,opp_nconf_sos,opp_conf_sos,opp_proj_sos,opp_proj_nconf_sos,opp_proj_conf_sos,opp_elite_sos,opp_elite_nconf_sos,opp_opp_oe,opp_opp_de,opp_proj_opp_oe,opp_proj_opp_de,opp_conf_adj_oe,opp_conf_adj_de,opp_qual_o,opp_qual_d,opp_qual_barthag,opp_qual_games,opp_fun,opp_conf_pf,opp_conf_pa,opp_conf_poss,opp_conf_oe,opp_conf_de,opp_conf_win%,opp_wab,opp_wab_rk,opp_fun_rk,opp_adjt,opp_qual_games_ratio
2019,vermont,222.65625,99.73898145150741,225.375,104.89849582538739,204.25,0.3796080048510359,222.65625,0.4320857239150113,0.47640915717809057,0.39479955243737447,0.4229727063292416,0.4382805718787196,0.39479955243737447,0.8627265086542469,0.839114663963788,101.5078543860916,104.16234143798401,97.75456607391996,99.98093099999365,99.64219063152774,104.8024236096869,91.82807768141492,93.78972501326818,0.39862490606379564,2.71875,-0.0014444929566305468,1115.28125,1119.78125,1102.2234375000005,1.0095893091068486,1.0163905124989752,0.4946366567460318,-10.523857288525736,216.0,181.40625,67.9615432375151,0.08646087498784073
