Year,Team,opp_rk,opp_adjoe,opp_oe_rank,opp_adjde,opp_de_rank,opp_barthag,opp_barthag_rank,opp_sos,opp_nconf_sos,opp_conf_sos,opp_proj_sos,opp_proj_nconf_sos,opp_proj_conf_sos,opp_elite_sos,opp_elite_nconf_sos,opp_opp_oe,opp_opp_de,opp_proj_opp_oe,opp_proj_opp_de,opp_conf_adj_oe,opp_conf_adj_de,opp_qual_o,opp_qual_d,opp_qual_barthag,opp_qual_games,opp_fun,opp_conf_pf,opp_conf_pa,opp_conf_poss,opp_conf_oe,opp_conf_de,opp_conf_win%,opp_wab,opp_wab_rk,opp_fun_rk,opp_adjt,opp_qual_games_ratio
2019,yale,174.67857142857142,102.0723690007512,198.39285714285714,102.10456023782908,157.75,0.49133876973709706,174.67857142857142,0.4933594198638587,0.4900867657012858,0.5006041369571091,0.4825800777004003,0.4535292526684234,0.5006041369571091,0.8392493846657648,0.836941582135489,102.77786217122663,102.69553590044511,99.09801739272027,98.6607817804988,101.68506245703477,101.76328173971207,90.6331978740793,88.18226495268809,0.4755436867536288,2.9285714285714284,0.000828983208695358,1088.25,1094.8214285714287,1083.362946428571,1.0010287740326107,1.0077417743848216,0.4966340702947845,-7.889292304327191,177.46428571428572,166.75,69.35832679076721,0.09738044361023268
