Year,Team,opp_rk,opp_adjoe,opp_oe_rank,opp_adjde,opp_de_rank,opp_barthag,opp_barthag_rank,opp_sos,opp_nconf_sos,opp_conf_sos,opp_proj_sos,opp_proj_nconf_sos,opp_proj_conf_sos,opp_elite_sos,opp_elite_nconf_sos,opp_opp_oe,opp_opp_de,opp_proj_opp_oe,opp_proj_opp_de,opp_conf_adj_oe,opp_conf_adj_de,opp_qual_o,opp_qual_d,opp_qual_barthag,opp_qual_games,opp_fun,opp_conf_pf,opp_conf_pa,opp_conf_poss,opp_conf_oe,opp_conf_de,opp_conf_win%,opp_wab,opp_wab_rk,opp_fun_rk,opp_adjt,opp_qual_games_ratio
2019,northern-kentucky,202.03125,102.6149494153873,184.375,105.61730538357592,215.40625,0.4249561147125494,202.03125,0.47880973815607586,0.5257184162667543,0.44699683784565697,0.4602866074887798,0.4647828984043495,0.44699683784565697,0.8610890591574798,0.833475986169882,103.69186905906261,104.41991805296922,98.97794693363824,99.5006488508394,102.4469921933189,105.36467680042176,93.42648712801304,95.38673922560915,0.41334390585919456,2.6875,-0.01666118906123611,1300.625,1310.375,1242.9292968749996,1.0454019454975478,1.0536858584483602,0.4889322916666666,-10.415175790124358,217.40625,211.84375,68.82535145301989,0.08798182049168388
