Year,Team,opp_rk,opp_adjoe,opp_oe_rank,opp_adjde,opp_de_rank,opp_barthag,opp_barthag_rank,opp_sos,opp_nconf_sos,opp_conf_sos,opp_proj_sos,opp_proj_nconf_sos,opp_proj_conf_sos,opp_elite_sos,opp_elite_nconf_sos,opp_opp_oe,opp_opp_de,opp_proj_opp_oe,opp_proj_opp_de,opp_conf_adj_oe,opp_conf_adj_de,opp_qual_o,opp_qual_d,opp_qual_barthag,opp_qual_games,opp_fun,opp_conf_pf,opp_conf_pa,opp_conf_poss,opp_conf_oe,opp_conf_de,opp_conf_win%,opp_wab,opp_wab_rk,opp_fun_rk,opp_adjt,opp_qual_games_ratio
2019,houston,128.63636363636363,104.9109222298439,139.96969696969697,100.20356055512757,124.60606060606061,0.6156821184857859,128.63636363636363,0.5540347940616716,0.48043974035039216,0.6046670841814858,0.5604365994575177,0.4658660967234764,0.6046670841814858,0.7901213317907237,0.8433697937309852,104.26144251035925,101.73684123039318,103.3513150093881,100.23970920965449,105.50801392500655,100.85075076305795,111.37074312599702,106.01708247204068,0.618920835787332,6.515151515151516,0.012413196127400489,1261.4545454545455,1263.121212121212,1231.6602272727275,1.0241072211081812,1.0252127214836473,0.5105218855218855,-4.608375067320861,127.63636363636364,160.36363636363637,68.8903624672725,0.2074962540549303
