Year,Team,opp_rk,opp_adjoe,opp_oe_rank,opp_adjde,opp_de_rank,opp_barthag,opp_barthag_rank,opp_sos,opp_nconf_sos,opp_conf_sos,opp_proj_sos,opp_proj_nconf_sos,opp_proj_conf_sos,opp_elite_sos,opp_elite_nconf_sos,opp_opp_oe,opp_opp_de,opp_proj_opp_oe,opp_proj_opp_de,opp_conf_adj_oe,opp_conf_adj_de,opp_qual_o,opp_qual_d,opp_qual_barthag,opp_qual_games,opp_fun,opp_conf_pf,opp_conf_pa,opp_conf_poss,opp_conf_oe,opp_conf_de,opp_conf_win%,opp_wab,opp_wab_rk,opp_fun_rk,opp_adjt,opp_qual_games_ratio
2019,prairie-view,262.3125,96.54479280190124,266.5625,106.95397370864518,236.375,0.282749136085381,262.3125,0.3874691431127759,0.5537592437972488,0.29268435159083417,0.37036310349859597,0.46901975899412485,0.29268435159083417,0.8678381310502802,0.8015674393957068,99.94506063157536,105.1393866122847,94.45080534459497,99.10739325877695,96.64300425316172,107.33992795846622,97.48338042963265,104.52867865657625,0.3628039284008452,3.5625,0.00802908049982999,1235.1875,1244.65625,1232.280859375,1.0004286779162008,1.0103163894592495,0.4930555555555555,-11.341887007479928,226.125,167.1875,69.09689680623546,0.11689005452670807
