Year,Team,opp_rk,opp_adjoe,opp_oe_rank,opp_adjde,opp_de_rank,opp_barthag,opp_barthag_rank,opp_sos,opp_nconf_sos,opp_conf_sos,opp_proj_sos,opp_proj_nconf_sos,opp_proj_conf_sos,opp_elite_sos,opp_elite_nconf_sos,opp_opp_oe,opp_opp_de,opp_proj_opp_oe,opp_proj_opp_de,opp_conf_adj_oe,opp_conf_adj_de,opp_qual_o,opp_qual_d,opp_qual_barthag,opp_qual_games,opp_fun,opp_conf_pf,opp_conf_pa,opp_conf_poss,opp_conf_oe,opp_conf_de,opp_conf_win%,opp_wab,opp_wab_rk,opp_fun_rk,opp_adjt,opp_qual_games_ratio
2019,wofford,165.9,104.49129547568234,157.03333333333333,103.38192609701295,176.53333333333333,0.5210135614657159,165.9,0.5392060935453475,0.5083583925587492,0.5479982067467326,0.5117003662432104,0.43815712973355886,0.5479982067467326,0.8051935329466209,0.8146501630635662,105.37419452440992,103.15165456529374,99.50637601250625,97.25297177194832,104.9694551060168,103.79587194969912,109.18211292797638,106.6156550179493,0.5507545169137454,6.9,0.01169535154042928,1321.7,1339.9,1258.5570833333336,1.049244928243172,1.0639397330476368,0.48379629629629617,-6.525553642286482,163.3,170.2,69.8095524146815,0.22514362610603808
