Year,Team,opp_rk,opp_adjoe,opp_oe_rank,opp_adjde,opp_de_rank,opp_barthag,opp_barthag_rank,opp_sos,opp_nconf_sos,opp_conf_sos,opp_proj_sos,opp_proj_nconf_sos,opp_proj_conf_sos,opp_elite_sos,opp_elite_nconf_sos,opp_opp_oe,opp_opp_de,opp_proj_opp_oe,opp_proj_opp_de,opp_conf_adj_oe,opp_conf_adj_de,opp_qual_o,opp_qual_d,opp_qual_barthag,opp_qual_games,opp_fun,opp_conf_pf,opp_conf_pa,opp_conf_poss,opp_conf_oe,opp_conf_de,opp_conf_win%,opp_wab,opp_wab_rk,opp_fun_rk,opp_adjt,opp_qual_games_ratio
2021,iowa,80.06896551724138,108.2854260750976,97.0,95.4998707326358,72.96551724137932,0.753373689603698,80.06896551724138,0.7200287805947817,0.50206707730741,0.7746555911250171,0.7197872278785622,0.50206707730741,0.7746555911250171,0.6456672935040504,0.8079556302024256,108.1829021507584,96.93793520963058,108.16322582407821,96.9525721490754,108.3938423457942,95.68924594469652,113.76487278771411,99.90663771352379,0.7577334445699895,12.448275862068966,0.000018905863486142837,1277.655172413793,1287.0689655172414,1257.0948275862067,1.014566269129656,1.0224607708059712,0.4732381155729079,-0.06227141018516877,80.55172413793103,167.89655172413794,68.4216863055975,0.4620320748316869
