Year,Team,opp_rk,opp_adjoe,opp_oe_rank,opp_adjde,opp_de_rank,opp_barthag,opp_barthag_rank,opp_sos,opp_nconf_sos,opp_conf_sos,opp_proj_sos,opp_proj_nconf_sos,opp_proj_conf_sos,opp_elite_sos,opp_elite_nconf_sos,opp_opp_oe,opp_opp_de,opp_proj_opp_oe,opp_proj_opp_de,opp_conf_adj_oe,opp_conf_adj_de,opp_qual_o,opp_qual_d,opp_qual_barthag,opp_qual_games,opp_fun,opp_conf_pf,opp_conf_pa,opp_conf_poss,opp_conf_oe,opp_conf_de,opp_conf_win%,opp_wab,opp_wab_rk,opp_fun_rk,opp_adjt,opp_qual_games_ratio
2021,san-diego-state,128.92307692307693,104.64739532676177,129.07692307692307,99.92786188604609,143.30769230769232,0.6167423451207549,128.92307692307693,0.5570561856167942,0.4209524950896136,0.5849785841137537,0.5602510171513196,0.4209524950896136,0.5849785841137537,0.7862880299045168,0.8409234001616236,103.76865081003974,99.96350289497846,103.82073359188315,99.88843038002013,104.64552459388916,99.56057212075629,109.76079855758833,107.78838794116278,0.5529165751501638,4.461538461538462,0.015492075570855912,1221.6153846153845,1201.3461538461538,1188.4302884615383,1.0254347954029492,1.0125023838841336,0.5374728644182679,-4.015230102230641,131.92307692307693,145.96153846153845,68.43711307235382,0.17767872966869624
