Year,Team,opp_rk,opp_adjoe,opp_oe_rank,opp_adjde,opp_de_rank,opp_barthag,opp_barthag_rank,opp_sos,opp_nconf_sos,opp_conf_sos,opp_proj_sos,opp_proj_nconf_sos,opp_proj_conf_sos,opp_elite_sos,opp_elite_nconf_sos,opp_opp_oe,opp_opp_de,opp_proj_opp_oe,opp_proj_opp_de,opp_conf_adj_oe,opp_conf_adj_de,opp_qual_o,opp_qual_d,opp_qual_barthag,opp_qual_games,opp_fun,opp_conf_pf,opp_conf_pa,opp_conf_poss,opp_conf_oe,opp_conf_de,opp_conf_win%,opp_wab,opp_wab_rk,opp_fun_rk,opp_adjt,opp_qual_games_ratio
2021,arkansas,100.07142857142857,106.63262083593656,103.0,98.4647717101241,113.57142857142857,0.691729039126258,100.07142857142857,0.6319674121471507,0.5403352932377946,0.6634356849011454,0.634756720985474,0.5403352932377946,0.6634356849011454,0.7262628297078451,0.7737521133201714,104.94437995904957,98.43624705448163,105.02804415029912,98.38487258542615,106.62078007141551,98.5637096114808,109.99551354477936,101.19524822159799,0.6888096931654346,8.642857142857142,0.0022723301328817246,1198.4285714285713,1190.142857142857,1170.933482142857,1.0207289268836337,1.0166684450344392,0.5184257036147792,-2.190537586149477,106.82142857142857,163.67857142857142,69.63685108558738,0.3334986444105241
