Year,Team,opp_rk,opp_adjoe,opp_oe_rank,opp_adjde,opp_de_rank,opp_barthag,opp_barthag_rank,opp_sos,opp_nconf_sos,opp_conf_sos,opp_proj_sos,opp_proj_nconf_sos,opp_proj_conf_sos,opp_elite_sos,opp_elite_nconf_sos,opp_opp_oe,opp_opp_de,opp_proj_opp_oe,opp_proj_opp_de,opp_conf_adj_oe,opp_conf_adj_de,opp_qual_o,opp_qual_d,opp_qual_barthag,opp_qual_games,opp_fun,opp_conf_pf,opp_conf_pa,opp_conf_poss,opp_conf_oe,opp_conf_de,opp_conf_win%,opp_wab,opp_wab_rk,opp_fun_rk,opp_adjt,opp_qual_games_ratio
2021,texas-southern,245.9090909090909,94.38130094143567,263.6818181818182,104.23553787537335,205.22727272727272,0.3154816235706371,245.9090909090909,0.37549493243885945,0.5221179240790313,0.31108956355012585,0.375546198434454,0.5221179240790313,0.31108956355012585,0.8555239724454142,0.7656949648609301,96.89580974992522,103.5922931431712,96.89037208068513,103.59552054173791,93.68275795745932,103.13383002247885,65.27118385515854,73.23928663969262,0.22875184103435603,3.227272727272727,0.012110084430231767,1001.9545454545455,999.0909090909091,1040.555681818182,0.962962878014448,0.9521593874679652,0.5119463504331926,-7.103017720427848,196.1818181818182,153.1818181818182,69.1095444078573,0.12870883460128313
