Year,Team,opp_rk,opp_adjoe,opp_oe_rank,opp_adjde,opp_de_rank,opp_barthag,opp_barthag_rank,opp_sos,opp_nconf_sos,opp_conf_sos,opp_proj_sos,opp_proj_nconf_sos,opp_proj_conf_sos,opp_elite_sos,opp_elite_nconf_sos,opp_opp_oe,opp_opp_de,opp_proj_opp_oe,opp_proj_opp_de,opp_conf_adj_oe,opp_conf_adj_de,opp_qual_o,opp_qual_d,opp_qual_barthag,opp_qual_games,opp_fun,opp_conf_pf,opp_conf_pa,opp_conf_poss,opp_conf_oe,opp_conf_de,opp_conf_win%,opp_wab,opp_wab_rk,opp_fun_rk,opp_adjt,opp_qual_games_ratio
2021,north-carolina,74.96428571428571,109.68316989697237,73.25,97.64036150745234,97.39285714285714,0.7563199115712373,74.96428571428571,0.6836021461043168,0.5333181902265051,0.7205894372788594,0.68483864813213,0.5333181902265051,0.7205894372788594,0.712386128342229,0.796660474513602,106.8964251046333,98.18607800267007,106.89631581027734,98.14079621093842,110.11721204589522,97.46710975129976,116.7439147069347,103.6767848460959,0.7583927064060773,9.285714285714286,-0.007144692687180709,1152.642857142857,1131.5714285714287,1095.7700892857142,1.0497895118596048,1.0286874205004466,0.543442694216688,-1.3533889891921191,86.67857142857143,182.14285714285714,67.6259126101467,0.38506913005898474
