Year,Team,opp_rk,opp_adjoe,opp_oe_rank,opp_adjde,opp_de_rank,opp_barthag,opp_barthag_rank,opp_sos,opp_nconf_sos,opp_conf_sos,opp_proj_sos,opp_proj_nconf_sos,opp_proj_conf_sos,opp_elite_sos,opp_elite_nconf_sos,opp_opp_oe,opp_opp_de,opp_proj_opp_oe,opp_proj_opp_de,opp_conf_adj_oe,opp_conf_adj_de,opp_qual_o,opp_qual_d,opp_qual_barthag,opp_qual_games,opp_fun,opp_conf_pf,opp_conf_pa,opp_conf_poss,opp_conf_oe,opp_conf_de,opp_conf_win%,opp_wab,opp_wab_rk,opp_fun_rk,opp_adjt,opp_qual_games_ratio
2021,illinois,59.206896551724135,110.32177189996064,74.24137931034483,95.64461008584709,65.65517241379311,0.8046113232204948,59.206896551724135,0.7436867152891373,0.4936914649798293,0.7869925194294926,0.7435382931109944,0.4936914649798293,0.7869925194294926,0.6338945363293825,0.8316851436349344,108.6629407294607,96.22035533619334,108.63969693300733,96.22631487726277,107.88385573918005,92.16445491053138,116.30466429940508,100.7573997319792,0.7936653747672517,12.379310344827585,-0.0012264127966042208,1267.8275862068965,1271.0344827586207,1228.1344827586202,0.9979701612090678,0.9959231737918394,0.48535245314096587,0.5865356824491442,60.6551724137931,170.44827586206895,68.41635253982811,0.46465252595377193
