Year,Team,opp_rk,opp_adjoe,opp_oe_rank,opp_adjde,opp_de_rank,opp_barthag,opp_barthag_rank,opp_sos,opp_nconf_sos,opp_conf_sos,opp_proj_sos,opp_proj_nconf_sos,opp_proj_conf_sos,opp_elite_sos,opp_elite_nconf_sos,opp_opp_oe,opp_opp_de,opp_proj_opp_oe,opp_proj_opp_de,opp_conf_adj_oe,opp_conf_adj_de,opp_qual_o,opp_qual_d,opp_qual_barthag,opp_qual_games,opp_fun,opp_conf_pf,opp_conf_pa,opp_conf_poss,opp_conf_oe,opp_conf_de,opp_conf_win%,opp_wab,opp_wab_rk,opp_fun_rk,opp_adjt,opp_qual_games_ratio
2021,north-carolina-greensboro,182.6551724137931,101.58540928775503,171.3448275862069,103.33920191133207,199.0,0.45639061180139195,182.6551724137931,0.4294516906747283,0.3432996325250857,0.45948521662830233,0.4303834886309847,0.3432996325250857,0.45948521662830233,0.8852546660189422,0.8841880704392279,101.69180209926485,102.96157568969647,101.7228156679492,102.94689480824704,102.0966124363768,104.22531630835317,62.25682484128692,56.705427157335045,0.3562370005443302,0.7931034482758621,0.006381481425445858,1093.448275862069,1097.5862068965516,1052.701724137931,1.0358952294918515,1.0392578520568083,0.49556518532177746,-7.199665007757354,202.6206896551724,160.93103448275863,69.45815188514997,0.03376789686462436
