Year,Team,opp_rk,opp_adjoe,opp_oe_rank,opp_adjde,opp_de_rank,opp_barthag,opp_barthag_rank,opp_sos,opp_nconf_sos,opp_conf_sos,opp_proj_sos,opp_proj_nconf_sos,opp_proj_conf_sos,opp_elite_sos,opp_elite_nconf_sos,opp_opp_oe,opp_opp_de,opp_proj_opp_oe,opp_proj_opp_de,opp_conf_adj_oe,opp_conf_adj_de,opp_qual_o,opp_qual_d,opp_qual_barthag,opp_qual_games,opp_fun,opp_conf_pf,opp_conf_pa,opp_conf_poss,opp_conf_oe,opp_conf_de,opp_conf_win%,opp_wab,opp_wab_rk,opp_fun_rk,opp_adjt,opp_qual_games_ratio
2021,oregon,98.6923076923077,106.7477339054619,97.92307692307692,98.30440366503447,106.65384615384616,0.6959277315425945,98.6923076923077,0.665404226657921,0.505424994268187,0.7109147449268143,0.6677565362280184,0.505424994268187,0.7109147449268143,0.7313219728281063,0.8138340492511476,106.36630834514212,98.515343078104,106.39197038026927,98.43546281617458,106.70673746904502,98.77331067907113,113.48825506049523,104.04465511293898,0.7073010899482621,7.153846153846154,-0.008601633420449357,1281.3076923076924,1301.0,1252.1524038461541,1.0209742999434668,1.0396432559876052,0.4571387570911268,-3.4434484627046533,125.07692307692308,185.8846153846154,68.15789925699333,0.26937585518314383
