Year,Team,opp_rk,opp_adjoe,opp_oe_rank,opp_adjde,opp_de_rank,opp_barthag,opp_barthag_rank,opp_sos,opp_nconf_sos,opp_conf_sos,opp_proj_sos,opp_proj_nconf_sos,opp_proj_conf_sos,opp_elite_sos,opp_elite_nconf_sos,opp_opp_oe,opp_opp_de,opp_proj_opp_oe,opp_proj_opp_de,opp_conf_adj_oe,opp_conf_adj_de,opp_qual_o,opp_qual_d,opp_qual_barthag,opp_qual_games,opp_fun,opp_conf_pf,opp_conf_pa,opp_conf_poss,opp_conf_oe,opp_conf_de,opp_conf_win%,opp_wab,opp_wab_rk,opp_fun_rk,opp_adjt,opp_qual_games_ratio
2021,gonzaga,124.15384615384616,104.68858664937459,142.84615384615384,98.54225075590782,116.07692307692308,0.6332050622379426,124.15384615384616,0.6047437560690792,0.5212153464854404,0.6470962893581204,0.6047616331417944,0.5212153464854404,0.6470962893581204,0.7420801178668788,0.7890147054915236,105.62533834230084,98.9081466179914,105.59706101458995,98.91017170858346,104.78616400407067,98.56505701414022,106.98579981038925,102.20940287898017,0.5954230910737757,6.269230769230769,0.008049120291060948,953.3076923076923,960.3076923076923,933.7216346153847,1.0101815058356627,1.0281689703873065,0.4791941530063703,-3.0570412341350015,122.26923076923077,155.03846153846155,68.28053009524618,0.25879931525993116
