Year,Team,opp_rk,opp_adjoe,opp_oe_rank,opp_adjde,opp_de_rank,opp_barthag,opp_barthag_rank,opp_sos,opp_nconf_sos,opp_conf_sos,opp_proj_sos,opp_proj_nconf_sos,opp_proj_conf_sos,opp_elite_sos,opp_elite_nconf_sos,opp_opp_oe,opp_opp_de,opp_proj_opp_oe,opp_proj_opp_de,opp_conf_adj_oe,opp_conf_adj_de,opp_qual_o,opp_qual_d,opp_qual_barthag,opp_qual_games,opp_fun,opp_conf_pf,opp_conf_pa,opp_conf_poss,opp_conf_oe,opp_conf_de,opp_conf_win%,opp_wab,opp_wab_rk,opp_fun_rk,opp_adjt,opp_qual_games_ratio
2021,drake,171.66666666666666,101.20193078559709,178.62962962962962,101.81553285683931,174.0,0.4873523866263301,171.66666666666666,0.5073897608284209,0.4086640643858961,0.5064315180932171,0.5089168245541782,0.4086640643858961,0.5064315180932171,0.8309931162189778,0.8433657705423722,102.9727216104215,101.26398821115998,103.0167743351254,101.2358742621779,98.55063714068908,98.001972294162,101.45298648697384,107.56137448856953,0.38975607851791355,2.962962962962963,-0.01635940294864995,1145.3703703703704,1159.8148148148148,1127.5074074074073,0.9799497813991883,0.9902466456259386,0.4608171663727221,-7.525595067897926,210.14814814814815,200.7037037037037,67.02070746693306,0.11784660918760537
