Year,Team,opp_rk,opp_adjoe,opp_oe_rank,opp_adjde,opp_de_rank,opp_barthag,opp_barthag_rank,opp_sos,opp_nconf_sos,opp_conf_sos,opp_proj_sos,opp_proj_nconf_sos,opp_proj_conf_sos,opp_elite_sos,opp_elite_nconf_sos,opp_opp_oe,opp_opp_de,opp_proj_opp_oe,opp_proj_opp_de,opp_conf_adj_oe,opp_conf_adj_de,opp_qual_o,opp_qual_d,opp_qual_barthag,opp_qual_games,opp_fun,opp_conf_pf,opp_conf_pa,opp_conf_poss,opp_conf_oe,opp_conf_de,opp_conf_win%,opp_wab,opp_wab_rk,opp_fun_rk,opp_adjt,opp_qual_games_ratio
2021,oklahoma,93.84,106.85261024547371,107.12,96.719520222284,91.24,0.7048295728834236,93.84,0.6664348813699084,0.5364171918498833,0.7158795514801429,0.666169264453093,0.5364171918498833,0.7158795514801429,0.6965616066232765,0.7817517852382803,106.61756126401053,97.72613268350969,106.57714553847089,97.73370773433459,107.14532099171045,97.00300946924413,114.9635478549581,103.51674829235384,0.7102306838096561,12.8,0.007925984436461107,1189.4,1196.64,1172.8124999999998,1.0145580724542989,1.019985783784664,0.4918756374344609,-1.5971995248349402,109.32,150.64,69.08856996674112,0.4833692700658217
