Year,Team,opp_rk,opp_adjoe,opp_oe_rank,opp_adjde,opp_de_rank,opp_barthag,opp_barthag_rank,opp_sos,opp_nconf_sos,opp_conf_sos,opp_proj_sos,opp_proj_nconf_sos,opp_proj_conf_sos,opp_elite_sos,opp_elite_nconf_sos,opp_opp_oe,opp_opp_de,opp_proj_opp_oe,opp_proj_opp_de,opp_conf_adj_oe,opp_conf_adj_de,opp_qual_o,opp_qual_d,opp_qual_barthag,opp_qual_games,opp_fun,opp_conf_pf,opp_conf_pa,opp_conf_poss,opp_conf_oe,opp_conf_de,opp_conf_win%,opp_wab,opp_wab_rk,opp_fun_rk,opp_adjt,opp_qual_games_ratio
2021,creighton,80.07142857142857,106.98469241829625,100.75,96.10580722158097,73.0,0.7434055510432354,80.07142857142857,0.7168629964557472,0.5246997716109341,0.7577692271684392,0.7177653229274761,0.5246997716109341,0.7577692271684392,0.6893991733407336,0.8062268917625941,107.48984464648584,97.30536937927475,107.50951111900393,97.28679467967275,106.78253643544485,96.24501593980213,111.32503204120029,101.11043691142643,0.7253065900535868,9.678571428571429,-0.009963128135605672,1189.0714285714287,1207.6785714285713,1178.6767857142859,1.0100213322052518,1.0243673061308598,0.4594465721511276,-2.3244252976406754,97.64285714285714,185.14285714285714,67.98204501428266,0.39232495887571067
