Year,Team,opp_rk,opp_adjoe,opp_oe_rank,opp_adjde,opp_de_rank,opp_barthag,opp_barthag_rank,opp_sos,opp_nconf_sos,opp_conf_sos,opp_proj_sos,opp_proj_nconf_sos,opp_proj_conf_sos,opp_elite_sos,opp_elite_nconf_sos,opp_opp_oe,opp_opp_de,opp_proj_opp_oe,opp_proj_opp_de,opp_conf_adj_oe,opp_conf_adj_de,opp_qual_o,opp_qual_d,opp_qual_barthag,opp_qual_games,opp_fun,opp_conf_pf,opp_conf_pa,opp_conf_poss,opp_conf_oe,opp_conf_de,opp_conf_win%,opp_wab,opp_wab_rk,opp_fun_rk,opp_adjt,opp_qual_games_ratio
2021,st-bonaventure,111.65,104.61938773274565,125.55,98.19644170450098,112.9,0.6548814255425234,111.65,0.5924725065164931,0.47715303530876946,0.6181531067262388,0.596409515640716,0.47715303530876946,0.6181531067262388,0.790622338948337,0.8303707355723026,103.86044474362787,99.37979113519359,103.96601704053907,99.32662960469648,103.99810901272448,97.66520455379775,109.24393890691844,103.97560766300698,0.6336546306757191,3.75,-0.006436055154556991,918.75,911.5,911.7293749999999,1.0082782880224277,0.9993744405347508,0.5288307403380932,-3.508433880983886,123.3,180.7,68.09724031029198,0.17099339960976787
