Year,Team,opp_rk,opp_adjoe,opp_oe_rank,opp_adjde,opp_de_rank,opp_barthag,opp_barthag_rank,opp_sos,opp_nconf_sos,opp_conf_sos,opp_proj_sos,opp_proj_nconf_sos,opp_proj_conf_sos,opp_elite_sos,opp_elite_nconf_sos,opp_opp_oe,opp_opp_de,opp_proj_opp_oe,opp_proj_opp_de,opp_conf_adj_oe,opp_conf_adj_de,opp_qual_o,opp_qual_d,opp_qual_barthag,opp_qual_games,opp_fun,opp_conf_pf,opp_conf_pa,opp_conf_poss,opp_conf_oe,opp_conf_de,opp_conf_win%,opp_wab,opp_wab_rk,opp_fun_rk,opp_adjt,opp_qual_games_ratio
2021,alabama,64.4,108.64045677308927,72.06666666666666,96.15416817082797,77.36666666666666,0.7848024581607935,64.4,0.6833986592136642,0.5036357134338681,0.748242155923464,0.68560776861436,0.5036357134338681,0.748242155923464,0.7053642650358571,0.8062539982905322,106.24475159493598,97.55462793174398,106.29106703542033,97.51267416883019,108.66826711096937,96.29648383101602,115.29882877964438,100.9894452795492,0.7960881514709782,9.633333333333333,-0.0032327921648888703,1249.3,1238.8333333333333,1215.4904166666665,1.0282527026138122,1.0178371864850173,0.5258381656756269,-1.3428217808972893,83.56666666666666,172.53333333333333,68.70943209296976,0.3696368466153574
