Year,Team,opp_rk,opp_adjoe,opp_oe_rank,opp_adjde,opp_de_rank,opp_barthag,opp_barthag_rank,opp_sos,opp_nconf_sos,opp_conf_sos,opp_proj_sos,opp_proj_nconf_sos,opp_proj_conf_sos,opp_elite_sos,opp_elite_nconf_sos,opp_opp_oe,opp_opp_de,opp_proj_opp_oe,opp_proj_opp_de,opp_conf_adj_oe,opp_conf_adj_de,opp_qual_o,opp_qual_d,opp_qual_barthag,opp_qual_games,opp_fun,opp_conf_pf,opp_conf_pa,opp_conf_poss,opp_conf_oe,opp_conf_de,opp_conf_win%,opp_wab,opp_wab_rk,opp_fun_rk,opp_adjt,opp_qual_games_ratio
2021,villanova,71.22727272727273,107.99197934638347,81.4090909090909,96.25728101483759,74.0909090909091,0.7644912975124125,71.22727272727273,0.7254688528775272,0.5601147669831911,0.7668936358443282,0.728040296515839,0.5601147669831911,0.7668936358443282,0.6840040467623729,0.7804648373212654,107.4522678160973,97.07909488378172,107.53200473239704,97.02903171762563,108.20419848635983,96.3912630468099,113.98777273149894,102.85407062499102,0.736670310287145,10.227272727272727,0.005005121679202801,1235.3636363636363,1244.5,1210.2136363636366,1.0188201726611306,1.0284531368364542,0.49003189148312987,-1.4635233708159072,82.81818181818181,165.04545454545453,68.717863295523,0.40247139041605456
