Year,Team,opp_rk,opp_adjoe,opp_oe_rank,opp_adjde,opp_de_rank,opp_barthag,opp_barthag_rank,opp_sos,opp_nconf_sos,opp_conf_sos,opp_proj_sos,opp_proj_nconf_sos,opp_proj_conf_sos,opp_elite_sos,opp_elite_nconf_sos,opp_opp_oe,opp_opp_de,opp_proj_opp_oe,opp_proj_opp_de,opp_conf_adj_oe,opp_conf_adj_de,opp_qual_o,opp_qual_d,opp_qual_barthag,opp_qual_games,opp_fun,opp_conf_pf,opp_conf_pa,opp_conf_poss,opp_conf_oe,opp_conf_de,opp_conf_win%,opp_wab,opp_wab_rk,opp_fun_rk,opp_adjt,opp_qual_games_ratio
2021,mount-st-marys,220.72222222222223,99.46698099799649,208.72222222222223,104.64291080614166,222.5,0.3685418653534197,220.72222222222223,0.3588720127080318,0.5019384303488659,0.3347224123849567,0.35956445425292366,0.5019384303488659,0.3347224123849567,0.9000818780186253,0.755648879227649,99.20248400766906,104.58579821103098,99.23041961771236,104.58162166076562,99.10856103713806,103.87750025832993,73.23790105467094,75.15039457124648,0.3264066868516069,1.9444444444444444,0.0198815164591215,1215.4444444444443,1202.5,1190.0708333333334,1.022562621456663,1.0081201490097795,0.5622829331162663,-6.626551725823977,188.88888888888889,149.11111111111111,68.85939908680326,0.07965196787035869
