Year,Team,opp_rk,opp_adjoe,opp_oe_rank,opp_adjde,opp_de_rank,opp_barthag,opp_barthag_rank,opp_sos,opp_nconf_sos,opp_conf_sos,opp_proj_sos,opp_proj_nconf_sos,opp_proj_conf_sos,opp_elite_sos,opp_elite_nconf_sos,opp_opp_oe,opp_opp_de,opp_proj_opp_oe,opp_proj_opp_de,opp_conf_adj_oe,opp_conf_adj_de,opp_qual_o,opp_qual_d,opp_qual_barthag,opp_qual_games,opp_fun,opp_conf_pf,opp_conf_pa,opp_conf_poss,opp_conf_oe,opp_conf_de,opp_conf_win%,opp_wab,opp_wab_rk,opp_fun_rk,opp_adjt,opp_qual_games_ratio
2021,southern-california,81.78571428571429,107.5367545896414,92.46428571428571,97.18779999603501,87.64285714285714,0.7359711956605672,81.78571428571429,0.6579341705474916,0.4775446902155485,0.7099480952550811,0.6596559609839253,0.4775446902155485,0.7099480952550811,0.7397666756596948,0.8219418851766267,106.1824084615469,98.61562092420047,106.18993399038888,98.55014217202259,107.9426045716875,97.44737427865324,113.03251976252893,101.87462123216191,0.7436432506611884,6.642857142857143,-0.0006936387015750742,1284.5714285714287,1272.9285714285713,1240.9736607142856,1.0356950673191097,1.023718023450321,0.5146721222227082,-2.5481200713978516,107.67857142857143,175.03571428571428,67.76857370662243,0.25186367454840364
