Year,Team,opp_rk,opp_adjoe,opp_oe_rank,opp_adjde,opp_de_rank,opp_barthag,opp_barthag_rank,opp_sos,opp_nconf_sos,opp_conf_sos,opp_proj_sos,opp_proj_nconf_sos,opp_proj_conf_sos,opp_elite_sos,opp_elite_nconf_sos,opp_opp_oe,opp_opp_de,opp_proj_opp_oe,opp_proj_opp_de,opp_conf_adj_oe,opp_conf_adj_de,opp_qual_o,opp_qual_d,opp_qual_barthag,opp_qual_games,opp_fun,opp_conf_pf,opp_conf_pa,opp_conf_poss,opp_conf_oe,opp_conf_de,opp_conf_win%,opp_wab,opp_wab_rk,opp_fun_rk,opp_adjt,opp_qual_games_ratio
2021,virginia-tech,103.57142857142857,106.79801151201652,107.0952380952381,98.79941413163935,118.14285714285714,0.6733345002339032,103.57142857142857,0.6635264631135079,0.4945758652569151,0.7032105841136356,0.6647254036579182,0.4945758652569151,0.7032105841136356,0.7213313295384888,0.815783236099316,106.78064896737207,98.72820703236712,106.78830207652057,98.68091102521296,106.5726751192327,98.84709640140352,109.99415307289341,102.33135321379243,0.6594683461150135,8.857142857142858,0.006029475743074278,1163.047619047619,1180.904761904762,1133.9333333333336,1.0269547137815493,1.0396119518373588,0.474648336617598,-3.292495942214383,126.52380952380952,164.42857142857142,67.54036808893406,0.3643808986045011
