Year,Team,opp_rk,opp_adjoe,opp_oe_rank,opp_adjde,opp_de_rank,opp_barthag,opp_barthag_rank,opp_sos,opp_nconf_sos,opp_conf_sos,opp_proj_sos,opp_proj_nconf_sos,opp_proj_conf_sos,opp_elite_sos,opp_elite_nconf_sos,opp_opp_oe,opp_opp_de,opp_proj_opp_oe,opp_proj_opp_de,opp_conf_adj_oe,opp_conf_adj_de,opp_qual_o,opp_qual_d,opp_qual_barthag,opp_qual_games,opp_fun,opp_conf_pf,opp_conf_pa,opp_conf_poss,opp_conf_oe,opp_conf_de,opp_conf_win%,opp_wab,opp_wab_rk,opp_fun_rk,opp_adjt,opp_qual_games_ratio
2021,utah-state,146.7037037037037,103.81734591157684,141.59259259259258,100.54369637460243,155.62962962962962,0.567482428989151,146.7037037037037,0.5332982150822768,0.4123980284020882,0.5504751672309515,0.5364284132645081,0.4123980284020882,0.5504751672309515,0.8046231249432187,0.8395692380740828,103.30206124622693,100.37040084585635,103.37624748093452,100.32194914028001,103.41309916003327,100.442843807809,107.81688028565569,109.10520472612843,0.5131580223825922,3.740740740740741,0.013076077758998779,1199.888888888889,1195.4074074074074,1175.5296296296294,1.021558806283249,1.016369909624009,0.5189813484748124,-4.591948866386336,151.5185185185185,150.74074074074073,67.9920855776718,0.15012960826970492
