Year,Team,opp_rk,opp_adjoe,opp_oe_rank,opp_adjde,opp_de_rank,opp_barthag,opp_barthag_rank,opp_sos,opp_nconf_sos,opp_conf_sos,opp_proj_sos,opp_proj_nconf_sos,opp_proj_conf_sos,opp_elite_sos,opp_elite_nconf_sos,opp_opp_oe,opp_opp_de,opp_proj_opp_oe,opp_proj_opp_de,opp_conf_adj_oe,opp_conf_adj_de,opp_qual_o,opp_qual_d,opp_qual_barthag,opp_qual_games,opp_fun,opp_conf_pf,opp_conf_pa,opp_conf_poss,opp_conf_oe,opp_conf_de,opp_conf_win%,opp_wab,opp_wab_rk,opp_fun_rk,opp_adjt,opp_qual_games_ratio
2021,brigham-young,107.64,106.93844985754713,117.96,97.90185463680841,111.72,0.6734369070310118,107.64,0.5678088594838988,0.48962778530188933,0.6031726760494056,0.5693650782439956,0.48962778530188933,0.6031726760494056,0.7755215186455032,0.8113710049040793,104.38126335682514,99.70704846504064,104.40465225491502,99.67002124482718,106.44265920697683,97.30176127540763,113.85607329490611,104.63305519914718,0.6496796785492148,5.08,0.0017658685014905683,1076.16,1011.84,1022.995,1.0400835885511546,0.9970352388177269,0.5736969119631659,-2.2272161601747276,111.56,164.8,69.72073187534397,0.2089724985659019
