Year,Team,opp_rk,opp_adjoe,opp_oe_rank,opp_adjde,opp_de_rank,opp_barthag,opp_barthag_rank,opp_sos,opp_nconf_sos,opp_conf_sos,opp_proj_sos,opp_proj_nconf_sos,opp_proj_conf_sos,opp_elite_sos,opp_elite_nconf_sos,opp_opp_oe,opp_opp_de,opp_proj_opp_oe,opp_proj_opp_de,opp_conf_adj_oe,opp_conf_adj_de,opp_qual_o,opp_qual_d,opp_qual_barthag,opp_qual_games,opp_fun,opp_conf_pf,opp_conf_pa,opp_conf_poss,opp_conf_oe,opp_conf_de,opp_conf_win%,opp_wab,opp_wab_rk,opp_fun_rk,opp_adjt,opp_qual_games_ratio
2021,ucla,83.42307692307692,107.71439237631104,92.23076923076923,97.31765984225427,92.15384615384616,0.7299248719002077,83.42307692307692,0.6745646397075694,0.4795381927306547,0.7315153516719541,0.6757536509272914,0.4795381927306547,0.7315153516719541,0.7296712994968846,0.8365911407184452,106.68003914587138,98.32006116346574,106.69406167617646,98.28315101534669,108.16000754590742,97.43546175764413,113.8867598388504,103.64096481416848,0.7145531698881643,7.230769230769231,-0.011127090428869446,1291.2692307692307,1290.6538461538462,1250.325,1.031695632046118,1.0316454504007013,0.47807556947828445,-2.669912012744576,115.11538461538461,193.19230769230768,68.10209043814193,0.27006102119410846
