Year,Team,opp_rk,opp_adjoe,opp_oe_rank,opp_adjde,opp_de_rank,opp_barthag,opp_barthag_rank,opp_sos,opp_nconf_sos,opp_conf_sos,opp_proj_sos,opp_proj_nconf_sos,opp_proj_conf_sos,opp_elite_sos,opp_elite_nconf_sos,opp_opp_oe,opp_opp_de,opp_proj_opp_oe,opp_proj_opp_de,opp_conf_adj_oe,opp_conf_adj_de,opp_qual_o,opp_qual_d,opp_qual_barthag,opp_qual_games,opp_fun,opp_conf_pf,opp_conf_pa,opp_conf_poss,opp_conf_oe,opp_conf_de,opp_conf_win%,opp_wab,opp_wab_rk,opp_fun_rk,opp_adjt,opp_qual_games_ratio
2021,missouri,65.68,108.62173348993996,71.6,95.89745133839666,78.64,0.7787975180148586,65.68,0.6748115018599085,0.48113627470896425,0.7491503758362166,0.6774521008172583,0.48113627470896425,0.7491503758362166,0.7102043809318414,0.8206668239006764,106.31124446866087,97.81065983136212,106.38598130332721,97.77958818085872,108.51817094262543,96.11519637514091,112.009491156687,98.5396919982023,0.784074471165849,9.4,0.01660328921670813,1224.56,1204.28,1187.6719999999998,1.0294910405853845,1.0144446535621499,0.5617772750125691,-0.3858522574564967,75.96,144.24,69.41398031794965,0.36266465619449134
