Year,Team,opp_rk,opp_adjoe,opp_oe_rank,opp_adjde,opp_de_rank,opp_barthag,opp_barthag_rank,opp_sos,opp_nconf_sos,opp_conf_sos,opp_proj_sos,opp_proj_nconf_sos,opp_proj_conf_sos,opp_elite_sos,opp_elite_nconf_sos,opp_opp_oe,opp_opp_de,opp_proj_opp_oe,opp_proj_opp_de,opp_conf_adj_oe,opp_conf_adj_de,opp_qual_o,opp_qual_d,opp_qual_barthag,opp_qual_games,opp_fun,opp_conf_pf,opp_conf_pa,opp_conf_poss,opp_conf_oe,opp_conf_de,opp_conf_win%,opp_wab,opp_wab_rk,opp_fun_rk,opp_adjt,opp_qual_games_ratio
2021,morehead-state,204.92857142857142,100.83296419886007,191.35714285714286,103.98239115442689,211.85714285714286,0.42231235630011554,204.92857142857142,0.41589411967647244,0.39078747945831427,0.4131654278084211,0.4159205707320729,0.39078747945831427,0.4131654278084211,0.8757806366885633,0.8593937586761932,100.54726549830806,103.4101900466197,100.55513699873426,103.42338364644401,100.99530710296865,104.23090930723501,62.75508526141633,66.3590088923867,0.2670521880858671,2.2857142857142856,-0.005722981808904564,1384.7142857142858,1377.107142857143,1347.5651785714283,1.0279338383007064,1.0226682439853432,0.5111775930467882,-8.330558681745021,218.07142857142858,163.92857142857142,69.07339955777427,0.0896338516377604
