Year,Team,opp_rk,opp_adjoe,opp_oe_rank,opp_adjde,opp_de_rank,opp_barthag,opp_barthag_rank,opp_sos,opp_nconf_sos,opp_conf_sos,opp_proj_sos,opp_proj_nconf_sos,opp_proj_conf_sos,opp_elite_sos,opp_elite_nconf_sos,opp_opp_oe,opp_opp_de,opp_proj_opp_oe,opp_proj_opp_de,opp_conf_adj_oe,opp_conf_adj_de,opp_qual_o,opp_qual_d,opp_qual_barthag,opp_qual_games,opp_fun,opp_conf_pf,opp_conf_pa,opp_conf_poss,opp_conf_oe,opp_conf_de,opp_conf_win%,opp_wab,opp_wab_rk,opp_fun_rk,opp_adjt,opp_qual_games_ratio
2022,iowa-state,98.9375,107.24296874573072,109.0625,97.11915945612029,102.78125,0.7021050571615141,98.9375,0.6415039780262524,0.5065839811951087,0.7195845173653783,0.6416397532780416,0.5065839811951087,0.7195845173653783,0.7101282358798442,0.8054198738533442,105.26249314813764,98.07510570260943,105.26626083932548,98.08745839954966,108.25857666876037,98.22921619247266,109.89143385531219,99.0977226654194,0.7081129227792611,13.125,-0.004749887131423193,1240.84375,1247.6875,1225.1328125,1.0126311841944133,1.018072805915859,0.48850609596908945,-1.6217928045712773,104.5625,184.59375,66.96920644077116,0.40539800803935944
