Year,Team,opp_rk,opp_adjoe,opp_oe_rank,opp_adjde,opp_de_rank,opp_barthag,opp_barthag_rank,opp_sos,opp_nconf_sos,opp_conf_sos,opp_proj_sos,opp_proj_nconf_sos,opp_proj_conf_sos,opp_elite_sos,opp_elite_nconf_sos,opp_opp_oe,opp_opp_de,opp_proj_opp_oe,opp_proj_opp_de,opp_conf_adj_oe,opp_conf_adj_de,opp_qual_o,opp_qual_d,opp_qual_barthag,opp_qual_games,opp_fun,opp_conf_pf,opp_conf_pa,opp_conf_poss,opp_conf_oe,opp_conf_de,opp_conf_win%,opp_wab,opp_wab_rk,opp_fun_rk,opp_adjt,opp_qual_games_ratio
2022,auburn,89.15625,107.00572855821451,102.71875,97.33356621126015,93.03125,0.7160484993244546,89.15625,0.6314491513139056,0.5006612015018279,0.7075975085067105,0.6322131642208093,0.5006612015018279,0.7075975085067105,0.738677892251636,0.8211838379590732,105.50987834694395,98.71802171060443,105.53315871668764,98.71828073280362,107.8489196023854,98.4880166759338,113.13608066400825,102.96205573603201,0.7090245970199703,11.34375,-0.0070075506082673805,1265.28125,1277.0,1237.9625,1.0217887872234641,1.0303906929098414,0.47293167815371767,-2.518525046157866,105.8125,187.25,67.351553031642,0.3493328631855968
