Year,Team,opp_rk,opp_adjoe,opp_oe_rank,opp_adjde,opp_de_rank,opp_barthag,opp_barthag_rank,opp_sos,opp_nconf_sos,opp_conf_sos,opp_proj_sos,opp_proj_nconf_sos,opp_proj_conf_sos,opp_elite_sos,opp_elite_nconf_sos,opp_opp_oe,opp_opp_de,opp_proj_opp_oe,opp_proj_opp_de,opp_conf_adj_oe,opp_conf_adj_de,opp_qual_o,opp_qual_d,opp_qual_barthag,opp_qual_games,opp_fun,opp_conf_pf,opp_conf_pa,opp_conf_poss,opp_conf_oe,opp_conf_de,opp_conf_win%,opp_wab,opp_wab_rk,opp_fun_rk,opp_adjt,opp_qual_games_ratio
2022,illinois,67.82758620689656,109.84038326619954,76.51724137931035,97.00645902648104,80.65517241379311,0.774962432329436,67.82758620689656,0.6753284343155141,0.4862834217208801,0.7621207606908614,0.6762909325219675,0.4862834217208801,0.7621207606908614,0.7093600065982922,0.8246994177114617,107.35005957822102,98.82073992402724,107.36826315301349,98.81411108690934,110.36964159328134,97.32707189216501,116.37311528258445,103.4648532885967,0.757516344100573,13.03448275862069,0.006526534374920677,1384.7241379310344,1372.2758620689656,1319.9991379310345,1.0472856632349745,1.039124505252646,0.5055958862673925,-0.35974496391904043,76.20689655172414,168.89655172413794,66.91354636267917,0.40552186487728464
