Year,Team,opp_rk,opp_adjoe,opp_oe_rank,opp_adjde,opp_de_rank,opp_barthag,opp_barthag_rank,opp_sos,opp_nconf_sos,opp_conf_sos,opp_proj_sos,opp_proj_nconf_sos,opp_proj_conf_sos,opp_elite_sos,opp_elite_nconf_sos,opp_opp_oe,opp_opp_de,opp_proj_opp_oe,opp_proj_opp_de,opp_conf_adj_oe,opp_conf_adj_de,opp_qual_o,opp_qual_d,opp_qual_barthag,opp_qual_games,opp_fun,opp_conf_pf,opp_conf_pa,opp_conf_poss,opp_conf_oe,opp_conf_de,opp_conf_win%,opp_wab,opp_wab_rk,opp_fun_rk,opp_adjt,opp_qual_games_ratio
2022,bryant,243.15384615384616,98.19108314312417,247.65384615384616,105.16147652660167,222.76923076923077,0.34164388687285163,243.15384615384616,0.38158590364880496,0.45125388852683873,0.333306874828189,0.38194556025445076,0.45125388852683873,0.333306874828189,0.8798618131310112,0.8257663878377256,99.77026269627738,104.46910975012331,99.7910640902382,104.47514441916677,98.65753501252456,106.34759711893977,94.76461906563385,100.83268473295918,0.36873731855552117,2.9615384615384617,-0.0033229232147691692,1171.7307692307693,1168.3076923076924,1147.2764423076924,1.021260237155251,1.0176084458075718,0.4966377104148002,-10.42717305225088,226.73076923076923,184.96153846153845,66.01834279973622,0.096825665246252
