Year,Team,opp_rk,opp_adjoe,opp_oe_rank,opp_adjde,opp_de_rank,opp_barthag,opp_barthag_rank,opp_sos,opp_nconf_sos,opp_conf_sos,opp_proj_sos,opp_proj_nconf_sos,opp_proj_conf_sos,opp_elite_sos,opp_elite_nconf_sos,opp_opp_oe,opp_opp_de,opp_proj_opp_oe,opp_proj_opp_de,opp_conf_adj_oe,opp_conf_adj_de,opp_qual_o,opp_qual_d,opp_qual_barthag,opp_qual_games,opp_fun,opp_conf_pf,opp_conf_pa,opp_conf_poss,opp_conf_oe,opp_conf_de,opp_conf_win%,opp_wab,opp_wab_rk,opp_fun_rk,opp_adjt,opp_qual_games_ratio
2022,houston,111.76470588235294,105.0255770937277,127.82352941176471,98.39224167981992,108.05882352941177,0.6586812884775561,111.76470588235294,0.5887015365897407,0.4948932517180926,0.6365087751838642,0.5899991175156586,0.4948932517180926,0.6365087751838642,0.7701229923890416,0.8179492899603961,104.23620857572162,99.4048672234601,104.25675384426718,99.37390486054079,105.95349551741839,98.76478934829296,111.91256925628478,104.92495009864733,0.646790318316989,7.705882352941177,-0.001795928651550115,1233.0588235294117,1228.4705882352941,1213.9610294117647,1.01520341288122,1.0118286866631465,0.528362717636074,-3.8585826551116202,119.8529411764706,180.7058823529412,67.45680483211791,0.24928942352550276
