Year,Team,opp_rk,opp_adjoe,opp_oe_rank,opp_adjde,opp_de_rank,opp_barthag,opp_barthag_rank,opp_sos,opp_nconf_sos,opp_conf_sos,opp_proj_sos,opp_proj_nconf_sos,opp_proj_conf_sos,opp_elite_sos,opp_elite_nconf_sos,opp_opp_oe,opp_opp_de,opp_proj_opp_oe,opp_proj_opp_de,opp_conf_adj_oe,opp_conf_adj_de,opp_qual_o,opp_qual_d,opp_qual_barthag,opp_qual_games,opp_fun,opp_conf_pf,opp_conf_pa,opp_conf_poss,opp_conf_oe,opp_conf_de,opp_conf_win%,opp_wab,opp_wab_rk,opp_fun_rk,opp_adjt,opp_qual_games_ratio
2022,vermont,245.90625,98.65756598134647,233.09375,105.65520681627234,238.21875,0.33480300849881267,245.90625,0.3913695807737773,0.4140121556852439,0.36875690035900255,0.3919625267163608,0.4140121556852439,0.36875690035900255,0.8785394110236,0.8521841198670105,100.77361487281024,104.76920083315702,100.79760705366937,104.76348790214266,99.63059242836306,106.63578206701959,101.177580993105,109.78542171706019,0.3430674432158422,3.0625,0.007263078623014564,1210.9375,1225.46875,1178.0140625,1.027342047749676,1.0394141427676902,0.4944056679689419,-10.198341036518892,226.9375,167.28125,66.22128579205804,0.10064686984517994
