Year,Team,opp_rk,opp_adjoe,opp_oe_rank,opp_adjde,opp_de_rank,opp_barthag,opp_barthag_rank,opp_sos,opp_nconf_sos,opp_conf_sos,opp_proj_sos,opp_proj_nconf_sos,opp_proj_conf_sos,opp_elite_sos,opp_elite_nconf_sos,opp_opp_oe,opp_opp_de,opp_proj_opp_oe,opp_proj_opp_de,opp_conf_adj_oe,opp_conf_adj_de,opp_qual_o,opp_qual_d,opp_qual_barthag,opp_qual_games,opp_fun,opp_conf_pf,opp_conf_pa,opp_conf_poss,opp_conf_oe,opp_conf_de,opp_conf_win%,opp_wab,opp_wab_rk,opp_fun_rk,opp_adjt,opp_qual_games_ratio
2022,jacksonville-state,216.28571428571428,100.64117166050197,203.14285714285714,104.33629388940994,218.60714285714286,0.40502676203598853,216.28571428571428,0.4381107275535068,0.4429782956574872,0.4328809631189748,0.4380142502106265,0.4429782956574872,0.4328809631189748,0.8590936556729679,0.8198639316259398,102.41034870015078,102.97846636764818,102.42195365681859,103.00241514534295,101.48100808738583,105.1175363850489,92.33322813471659,93.18713048951274,0.44798779134310424,3.2142857142857144,-0.007666001436416305,1151.4642857142858,1162.8214285714287,1116.422767857143,1.0322020961048826,1.0417224483461218,0.47010345804988657,-9.444772484721653,212.82142857142858,188.71428571428572,67.0272182829367,0.10333437336406903
