Year,Team,opp_rk,opp_adjoe,opp_oe_rank,opp_adjde,opp_de_rank,opp_barthag,opp_barthag_rank,opp_sos,opp_nconf_sos,opp_conf_sos,opp_proj_sos,opp_proj_nconf_sos,opp_proj_conf_sos,opp_elite_sos,opp_elite_nconf_sos,opp_opp_oe,opp_opp_de,opp_proj_opp_oe,opp_proj_opp_de,opp_conf_adj_oe,opp_conf_adj_de,opp_qual_o,opp_qual_d,opp_qual_barthag,opp_qual_games,opp_fun,opp_conf_pf,opp_conf_pa,opp_conf_poss,opp_conf_oe,opp_conf_de,opp_conf_win%,opp_wab,opp_wab_rk,opp_fun_rk,opp_adjt,opp_qual_games_ratio
2022,richmond,127.6,104.37144131241011,144.4857142857143,99.57908620254099,131.37142857142857,0.6200958120293103,127.6,0.540382752659985,0.47942165057332886,0.5726305290603683,0.5428806310039529,0.47942165057332886,0.5726305290603683,0.8218784060690287,0.8433964588722735,103.36051461358555,101.0898031980165,103.44478887720871,101.06329022792254,105.31308603565098,100.10985997641637,103.11594874863121,99.1903182408566,0.5456025977217177,4.6571428571428575,-0.005359136611320441,1238.2571428571428,1207.942857142857,1195.4460714285715,1.03435833902487,1.009165940226548,0.5430599419254882,-5.468808829219273,144.8,183.17142857142858,66.59311300601351,0.14758836960813249
