Year,Team,opp_rk,opp_adjoe,opp_oe_rank,opp_adjde,opp_de_rank,opp_barthag,opp_barthag_rank,opp_sos,opp_nconf_sos,opp_conf_sos,opp_proj_sos,opp_proj_nconf_sos,opp_proj_conf_sos,opp_elite_sos,opp_elite_nconf_sos,opp_opp_oe,opp_opp_de,opp_proj_opp_oe,opp_proj_opp_de,opp_conf_adj_oe,opp_conf_adj_de,opp_qual_o,opp_qual_d,opp_qual_barthag,opp_qual_games,opp_fun,opp_conf_pf,opp_conf_pa,opp_conf_poss,opp_conf_oe,opp_conf_de,opp_conf_win%,opp_wab,opp_wab_rk,opp_fun_rk,opp_adjt,opp_qual_games_ratio
2022,duke,110.23529411764706,107.53948158790372,110.47058823529412,99.65144028826205,131.02941176470588,0.6663571534726138,110.23529411764706,0.5896446887527863,0.4826112349891236,0.637769316572135,0.5909137938035686,0.4826112349891236,0.637769316572135,0.7748538965422107,0.8228074537416126,105.42388500496007,100.65929932147789,105.42613552780993,100.62175874896452,108.28559694906983,100.46331129796366,112.16528637674448,104.3356867879298,0.6560872969384961,8.294117647058824,-0.007284549721868762,1353.8529411764705,1336.264705882353,1278.3341911764703,1.0579379387529297,1.042754468715853,0.5300478524743231,-3.8218120007059504,125.79411764705883,190.14705882352942,66.6188675492857,0.25751742184890936
