Year,Team,opp_rk,opp_adjoe,opp_oe_rank,opp_adjde,opp_de_rank,opp_barthag,opp_barthag_rank,opp_sos,opp_nconf_sos,opp_conf_sos,opp_proj_sos,opp_proj_nconf_sos,opp_proj_conf_sos,opp_elite_sos,opp_elite_nconf_sos,opp_opp_oe,opp_opp_de,opp_proj_opp_oe,opp_proj_opp_de,opp_conf_adj_oe,opp_conf_adj_de,opp_qual_o,opp_qual_d,opp_qual_barthag,opp_qual_games,opp_fun,opp_conf_pf,opp_conf_pa,opp_conf_poss,opp_conf_oe,opp_conf_de,opp_conf_win%,opp_wab,opp_wab_rk,opp_fun_rk,opp_adjt,opp_qual_games_ratio
2022,wisconsin,72.9,109.44003484694898,78.7,97.31164323098702,91.36666666666666,0.7590467255529967,72.9,0.6651158639738054,0.48396474104118536,0.7467575690705754,0.6666281958013757,0.48396474104118536,0.7467575690705754,0.7197211746885289,0.8351764264518108,107.20705636756799,99.19323131262247,107.24927591014985,99.18183406960016,109.86579483907828,97.68420206283368,116.53141300860335,104.0237070417425,0.7627687958316355,12.466666666666667,0.002360183803112743,1363.2333333333333,1360.1333333333334,1303.00375,1.0469871100400623,1.0415728693448247,0.504976739233705,-0.8868105526490544,84.83333333333333,173.8,66.67796549803637,0.38793305958747143
