Year,Team,opp_rk,opp_adjoe,opp_oe_rank,opp_adjde,opp_de_rank,opp_barthag,opp_barthag_rank,opp_sos,opp_nconf_sos,opp_conf_sos,opp_proj_sos,opp_proj_nconf_sos,opp_proj_conf_sos,opp_elite_sos,opp_elite_nconf_sos,opp_opp_oe,opp_opp_de,opp_proj_opp_oe,opp_proj_opp_de,opp_conf_adj_oe,opp_conf_adj_de,opp_qual_o,opp_qual_d,opp_qual_barthag,opp_qual_games,opp_fun,opp_conf_pf,opp_conf_pa,opp_conf_poss,opp_conf_oe,opp_conf_de,opp_conf_win%,opp_wab,opp_wab_rk,opp_fun_rk,opp_adjt,opp_qual_games_ratio
2022,boise-state,115.84848484848484,104.5885582693955,136.54545454545453,98.33073606187303,115.72727272727273,0.6526175019500512,115.84848484848484,0.5822736363319908,0.49542578662902503,0.63108950786809,0.5843565747195747,0.49542578662902503,0.63108950786809,0.7838085732314308,0.8213222911761332,104.01581576383775,99.682273567753,104.0605692746626,99.64474569710256,105.50248249736097,99.08110997044352,109.56167620141497,104.02748323167617,0.6355602846208442,8.212121212121213,0.0002192463281640628,1185.4848484848485,1175.7575757575758,1163.1219696969697,1.0185924373254136,1.0104460617609057,0.49569716775599126,-4.074575079361463,126.63636363636364,182.15151515151516,66.11221849611796,0.2637778088432087
