Year,Team,opp_rk,opp_adjoe,opp_oe_rank,opp_adjde,opp_de_rank,opp_barthag,opp_barthag_rank,opp_sos,opp_nconf_sos,opp_conf_sos,opp_proj_sos,opp_proj_nconf_sos,opp_proj_conf_sos,opp_elite_sos,opp_elite_nconf_sos,opp_opp_oe,opp_opp_de,opp_proj_opp_oe,opp_proj_opp_de,opp_conf_adj_oe,opp_conf_adj_de,opp_qual_o,opp_qual_d,opp_qual_barthag,opp_qual_games,opp_fun,opp_conf_pf,opp_conf_pa,opp_conf_poss,opp_conf_oe,opp_conf_de,opp_conf_win%,opp_wab,opp_wab_rk,opp_fun_rk,opp_adjt,opp_qual_games_ratio
2022,kansas,62.205882352941174,107.58916235537683,91.82352941176471,94.52013687126512,60.529411764705884,0.7855330885117389,62.205882352941174,0.6481090216321723,0.47475178656190486,0.7570647524169849,0.648756325877912,0.47475178656190486,0.7570647524169849,0.706104678724642,0.8207203282259022,105.75371703594706,98.11872889352324,105.76893301859616,98.12742353038155,108.87273635680849,95.53429914481855,113.83175048302171,99.40908780433764,0.7984602299461308,13.058823529411764,0.006534108506164575,1236.0588235294117,1224.4117647058824,1221.1496323529414,1.0120136665464852,1.0025553737056399,0.5157744238046096,0.11327302658264235,68.58823529411765,164.88235294117646,66.41343276180811,0.40460958296549604
