Year,Team,opp_rk,opp_adjoe,opp_oe_rank,opp_adjde,opp_de_rank,opp_barthag,opp_barthag_rank,opp_sos,opp_nconf_sos,opp_conf_sos,opp_proj_sos,opp_proj_nconf_sos,opp_proj_conf_sos,opp_elite_sos,opp_elite_nconf_sos,opp_opp_oe,opp_opp_de,opp_proj_opp_oe,opp_proj_opp_de,opp_conf_adj_oe,opp_conf_adj_de,opp_qual_o,opp_qual_d,opp_qual_barthag,opp_qual_games,opp_fun,opp_conf_pf,opp_conf_pa,opp_conf_poss,opp_conf_oe,opp_conf_de,opp_conf_win%,opp_wab,opp_wab_rk,opp_fun_rk,opp_adjt,opp_qual_games_ratio
2022,gonzaga,138.10344827586206,104.8827573128971,143.3793103448276,99.09987663705763,135.93103448275863,0.6042559276074498,138.10344827586206,0.550319480471349,0.49896653124680673,0.5836726543956068,0.5515020846936255,0.49896653124680673,0.5836726543956068,0.7787155992024154,0.8048150585537556,104.39245993966796,100.32897710424012,104.41700785242331,100.31976484689467,105.55862861225181,99.9628828436697,106.62238653193991,100.72314229798026,0.6032435432234812,8.275862068965518,-0.00045860075002296,1172.551724137931,1166.0,1139.9706896551725,1.0289012375778332,1.0229824713378695,0.5213738368910782,-4.127896266496422,136.24137931034483,175.0,66.97684174026325,0.2578736773999371
