Year,Team,opp_rk,opp_adjoe,opp_oe_rank,opp_adjde,opp_de_rank,opp_barthag,opp_barthag_rank,opp_sos,opp_nconf_sos,opp_conf_sos,opp_proj_sos,opp_proj_nconf_sos,opp_proj_conf_sos,opp_elite_sos,opp_elite_nconf_sos,opp_opp_oe,opp_opp_de,opp_proj_opp_oe,opp_proj_opp_de,opp_conf_adj_oe,opp_conf_adj_de,opp_qual_o,opp_qual_d,opp_qual_barthag,opp_qual_games,opp_fun,opp_conf_pf,opp_conf_pa,opp_conf_poss,opp_conf_oe,opp_conf_de,opp_conf_win%,opp_wab,opp_wab_rk,opp_fun_rk,opp_adjt,opp_qual_games_ratio
2022,colgate,249.9090909090909,98.66652552400895,242.8181818181818,106.1500516471521,240.87878787878788,0.327206142123775,249.9090909090909,0.38743252874360645,0.4249878930080218,0.36159515559922617,0.3882405007158698,0.4249878930080218,0.36159515559922617,0.8892789253843334,0.864692078321407,100.31144788135924,104.76514458951516,100.32626873014601,104.74337834204823,98.75458788409091,106.65263716543986,71.14386940358145,71.6815997944766,0.30622739419657546,2.0303030303030303,-0.012721730905123154,1224.3939393939395,1251.7575757575758,1202.1049242424244,1.017391345384432,1.0406541804480807,0.42995493784967476,-11.995509395415095,250.0909090909091,199.84848484848484,66.5479384554426,0.06411121606050017
