Year,Team,opp_rk,opp_adjoe,opp_oe_rank,opp_adjde,opp_de_rank,opp_barthag,opp_barthag_rank,opp_sos,opp_nconf_sos,opp_conf_sos,opp_proj_sos,opp_proj_nconf_sos,opp_proj_conf_sos,opp_elite_sos,opp_elite_nconf_sos,opp_opp_oe,opp_opp_de,opp_proj_opp_oe,opp_proj_opp_de,opp_conf_adj_oe,opp_conf_adj_de,opp_qual_o,opp_qual_d,opp_qual_barthag,opp_qual_games,opp_fun,opp_conf_pf,opp_conf_pa,opp_conf_poss,opp_conf_oe,opp_conf_de,opp_conf_win%,opp_wab,opp_wab_rk,opp_fun_rk,opp_adjt,opp_qual_games_ratio
2022,longwood,246.57142857142858,98.45411959102545,246.28571428571428,105.11918816593386,235.0,0.3326431721552345,246.57142857142858,0.4008513849181233,0.41698493498100697,0.3782956609510006,0.4017458776054156,0.41698493498100697,0.3782956609510006,0.8807418632943903,0.8510743739436385,100.53738244837142,103.21087768329811,100.54762771343124,103.19305990841183,99.46249462190306,105.98647180526567,84.8435278891344,90.38781718020081,0.3122651853550723,2.392857142857143,-0.015379779889042041,1130.0,1149.642857142857,1118.4339285714284,1.0088363066247525,1.0264275340754725,0.4414529914529915,-11.38133112831875,243.46428571428572,208.53571428571428,67.13588835621636,0.07598229066179565
