Year,Team,opp_rk,opp_adjoe,opp_oe_rank,opp_adjde,opp_de_rank,opp_barthag,opp_barthag_rank,opp_sos,opp_nconf_sos,opp_conf_sos,opp_proj_sos,opp_proj_nconf_sos,opp_proj_conf_sos,opp_elite_sos,opp_elite_nconf_sos,opp_opp_oe,opp_opp_de,opp_proj_opp_oe,opp_proj_opp_de,opp_conf_adj_oe,opp_conf_adj_de,opp_qual_o,opp_qual_d,opp_qual_barthag,opp_qual_games,opp_fun,opp_conf_pf,opp_conf_pa,opp_conf_poss,opp_conf_oe,opp_conf_de,opp_conf_win%,opp_wab,opp_wab_rk,opp_fun_rk,opp_adjt,opp_qual_games_ratio
2022,georgia-state,187.84,100.22784959481615,213.36,101.5172006641653,162.0,0.466417717724115,187.84,0.45978804643557647,0.42058411721657424,0.4841161043449408,0.4586307489006108,0.42058411721657424,0.4841161043449408,0.8610618096528296,0.8420987265755246,101.84504168087011,101.77406974049492,101.82408749367323,101.83225432767922,100.61015230507954,102.25463036736024,81.62619029257759,84.17389640684637,0.3656826471226297,2.72,-0.015611673909020842,1155.08,1172.48,1156.1915,0.9996774833843948,1.0124162322801469,0.4418725490196078,-8.954891365432154,201.2,210.72,66.58294312672867,0.08546647670090383
