Year,Team,opp_rk,opp_adjoe,opp_oe_rank,opp_adjde,opp_de_rank,opp_barthag,opp_barthag_rank,opp_sos,opp_nconf_sos,opp_conf_sos,opp_proj_sos,opp_proj_nconf_sos,opp_proj_conf_sos,opp_elite_sos,opp_elite_nconf_sos,opp_opp_oe,opp_opp_de,opp_proj_opp_oe,opp_proj_opp_de,opp_conf_adj_oe,opp_conf_adj_de,opp_qual_o,opp_qual_d,opp_qual_barthag,opp_qual_games,opp_fun,opp_conf_pf,opp_conf_pa,opp_conf_poss,opp_conf_oe,opp_conf_de,opp_conf_win%,opp_wab,opp_wab_rk,opp_fun_rk,opp_adjt,opp_qual_games_ratio
2022,alabama,66.3125,109.41733422508133,75.0,95.88996623326183,78.46875,0.7797525587449221,66.3125,0.6180579716308935,0.5059610861943956,0.6853961560505298,0.6193004105698775,0.5059610861943956,0.6853961560505298,0.7514577417265689,0.8268948697015823,105.1907015959831,99.12380684757828,105.19522470582568,99.09781185252363,110.38604515594108,96.79037481016532,115.26276786581496,100.27628393424878,0.7972826114906337,10.8125,0.01549723028343071,1305.21875,1240.1875,1236.8566406250002,1.0557426720625738,1.0026625485528544,0.617591504803676,0.3284917357730386,69.9375,146.875,67.54796437583293,0.3318197643461647
