Year,Team,opp_rk,opp_adjoe,opp_oe_rank,opp_adjde,opp_de_rank,opp_barthag,opp_barthag_rank,opp_sos,opp_nconf_sos,opp_conf_sos,opp_proj_sos,opp_proj_nconf_sos,opp_proj_conf_sos,opp_elite_sos,opp_elite_nconf_sos,opp_opp_oe,opp_opp_de,opp_proj_opp_oe,opp_proj_opp_de,opp_conf_adj_oe,opp_conf_adj_de,opp_qual_o,opp_qual_d,opp_qual_barthag,opp_qual_games,opp_fun,opp_conf_pf,opp_conf_pa,opp_conf_poss,opp_conf_oe,opp_conf_de,opp_conf_win%,opp_wab,opp_wab_rk,opp_fun_rk,opp_adjt,opp_qual_games_ratio
2022,ucla,101.125,106.95084120584009,111.5625,98.06886247115284,105.40625,0.6887051513602255,101.125,0.6237749262297454,0.52227583023093,0.6669476669703369,0.6255786542499515,0.52227583023093,0.6669476669703369,0.7553060543552439,0.8019028040201714,105.27522951522377,99.02158267884548,105.3353687223502,99.01581562635087,107.526036034596,98.2139263968209,109.97908097971322,100.43358187282439,0.680518261881192,8.40625,0.016058046787149383,1356.65625,1329.25,1310.150390625,1.0362452096306225,1.0144663756290144,0.5518791617524202,-2.4852400883356305,110.375,152.0,67.40426747370917,0.2629696780832463
