Year,Team,opp_rk,opp_adjoe,opp_oe_rank,opp_adjde,opp_de_rank,opp_barthag,opp_barthag_rank,opp_sos,opp_nconf_sos,opp_conf_sos,opp_proj_sos,opp_proj_nconf_sos,opp_proj_conf_sos,opp_elite_sos,opp_elite_nconf_sos,opp_opp_oe,opp_opp_de,opp_proj_opp_oe,opp_proj_opp_de,opp_conf_adj_oe,opp_conf_adj_de,opp_qual_o,opp_qual_d,opp_qual_barthag,opp_qual_games,opp_fun,opp_conf_pf,opp_conf_pa,opp_conf_poss,opp_conf_oe,opp_conf_de,opp_conf_win%,opp_wab,opp_wab_rk,opp_fun_rk,opp_adjt,opp_qual_games_ratio
2022,yale,195.31034482758622,102.09828063194045,178.13793103448276,104.00173656048261,211.44827586206895,0.45101773126880146,195.31034482758622,0.43607448442872926,0.45538500957482725,0.4195201062054134,0.43894938767812713,0.45538500957482725,0.4195201062054134,0.8694294500113613,0.8471441655061618,101.30971075571719,103.37883183760903,101.33509838548092,103.28311560622159,102.48216958792779,104.36330585691742,76.97601448346587,78.79551984850406,0.31406432380715615,2.7241379310344827,0.019537268767085652,1162.0344827586207,1137.896551724138,1114.7344827586207,1.0423498465959375,1.0215764942388608,0.5568597564967801,-7.369634793357365,180.10344827586206,140.89655172413794,67.47674149462236,0.08965457816372287
