Year,Team,opp_rk,opp_adjoe,opp_oe_rank,opp_adjde,opp_de_rank,opp_barthag,opp_barthag_rank,opp_sos,opp_nconf_sos,opp_conf_sos,opp_proj_sos,opp_proj_nconf_sos,opp_proj_conf_sos,opp_elite_sos,opp_elite_nconf_sos,opp_opp_oe,opp_opp_de,opp_proj_opp_oe,opp_proj_opp_de,opp_conf_adj_oe,opp_conf_adj_de,opp_qual_o,opp_qual_d,opp_qual_barthag,opp_qual_games,opp_fun,opp_conf_pf,opp_conf_pa,opp_conf_poss,opp_conf_oe,opp_conf_de,opp_conf_win%,opp_wab,opp_wab_rk,opp_fun_rk,opp_adjt,opp_qual_games_ratio
2022,texas-southern,245.24137931034483,97.67233121987225,253.41379310344828,104.59380559472456,211.44827586206895,0.3424340208915039,245.24137931034483,0.4450640247731132,0.5959022976406845,0.34481636220083484,0.4464466045646031,0.5959022976406845,0.34481636220083484,0.8305233301181981,0.730613448617399,100.53126487546118,102.09246131719023,100.56251686605185,102.06898188080149,98.91394490614327,105.6278662259746,96.53306102132525,103.21683994445354,0.36239825428848377,5.620689655172414,-0.004516399555192796,1223.6896551724137,1228.3103448275863,1217.3625000000004,1.0052744932021664,1.0076252274339086,0.4977687626774848,-10.363651660775343,226.17241379310346,177.48275862068965,67.48429215855276,0.1805713469049252
