Year,Team,opp_rk,opp_adjoe,opp_oe_rank,opp_adjde,opp_de_rank,opp_barthag,opp_barthag_rank,opp_sos,opp_nconf_sos,opp_conf_sos,opp_proj_sos,opp_proj_nconf_sos,opp_proj_conf_sos,opp_elite_sos,opp_elite_nconf_sos,opp_opp_oe,opp_opp_de,opp_proj_opp_oe,opp_proj_opp_de,opp_conf_adj_oe,opp_conf_adj_de,opp_qual_o,opp_qual_d,opp_qual_barthag,opp_qual_games,opp_fun,opp_conf_pf,opp_conf_pa,opp_conf_poss,opp_conf_oe,opp_conf_de,opp_conf_win%,opp_wab,opp_wab_rk,opp_fun_rk,opp_adjt,opp_qual_games_ratio
2022,akron,219.74193548387098,100.5644201633344,208.06451612903226,104.63904030795447,220.67741935483872,0.39855042517647565,219.74193548387098,0.42910590660078757,0.4408771796659343,0.4175266802388461,0.43006418528842566,0.4408771796659343,0.4175266802388461,0.8729434858546351,0.8361102821017111,102.03575947838691,104.1070680945392,102.06315146588173,104.10248411601533,100.9556212019265,104.92119030203807,85.09228164506098,94.33069744743625,0.3186104825027521,2.2903225806451615,-0.00035825703102811807,1392.5483870967741,1397.8709677419354,1344.399193548387,1.033237346354654,1.0390079515647501,0.49633859820617043,-9.896224659892981,219.06451612903226,176.03225806451613,67.82651080813524,0.07382562309759776
