Year,Team,opp_rk,opp_adjoe,opp_oe_rank,opp_adjde,opp_de_rank,opp_barthag,opp_barthag_rank,opp_sos,opp_nconf_sos,opp_conf_sos,opp_proj_sos,opp_proj_nconf_sos,opp_proj_conf_sos,opp_elite_sos,opp_elite_nconf_sos,opp_opp_oe,opp_opp_de,opp_proj_opp_oe,opp_proj_opp_de,opp_conf_adj_oe,opp_conf_adj_de,opp_qual_o,opp_qual_d,opp_qual_barthag,opp_qual_games,opp_fun,opp_conf_pf,opp_conf_pa,opp_conf_poss,opp_conf_oe,opp_conf_de,opp_conf_win%,opp_wab,opp_wab_rk,opp_fun_rk,opp_adjt,opp_qual_games_ratio
2022,notre-dame,114.48387096774194,106.46029808100123,122.80645161290323,99.22114978055728,125.19354838709677,0.6534574277627522,114.48387096774194,0.6070922972156931,0.4748443475117215,0.668196187629682,0.6077423805047423,0.4748443475117215,0.668196187629682,0.7663233631843952,0.8373272031638771,105.74963268255577,100.30253058812633,105.73884599844637,100.27143735986067,107.1700573503791,100.33463596171937,111.51369464366061,103.83900681614676,0.6612726876619303,9.129032258064516,-0.014595381774367542,1331.516129032258,1351.4516129032259,1282.6649193548385,1.037811263638754,1.0515870864585084,0.4604774705581158,-4.392606319868644,137.6451612903226,203.67741935483872,66.30690332326628,0.27985782216030664
