Year,Team,opp_rk,opp_adjoe,opp_oe_rank,opp_adjde,opp_de_rank,opp_barthag,opp_barthag_rank,opp_sos,opp_nconf_sos,opp_conf_sos,opp_proj_sos,opp_proj_nconf_sos,opp_proj_conf_sos,opp_elite_sos,opp_elite_nconf_sos,opp_opp_oe,opp_opp_de,opp_proj_opp_oe,opp_proj_opp_de,opp_conf_adj_oe,opp_conf_adj_de,opp_qual_o,opp_qual_d,opp_qual_barthag,opp_qual_games,opp_fun,opp_conf_pf,opp_conf_pa,opp_conf_poss,opp_conf_oe,opp_conf_de,opp_conf_win%,opp_wab,opp_wab_rk,opp_fun_rk,opp_adjt,opp_qual_games_ratio
2022,colorado-state,120.24137931034483,104.66136576929308,133.3448275862069,98.74856438050884,125.10344827586206,0.6428204814251092,120.24137931034483,0.5796366128801836,0.49667556747285846,0.6253071912221857,0.5819151079832922,0.49667556747285846,0.6253071912221857,0.7854561119774729,0.8265384473280125,104.33230443099242,99.93229724074372,104.35750153809138,99.87012644194205,105.4903159838518,99.44982575656333,111.38400008650405,105.0834823861658,0.6424414019792389,8.379310344827585,-0.003648194761254349,1212.2758620689656,1199.9310344827586,1179.6254310344827,1.0252024665957948,1.0158975355297635,0.5008905800674778,-4.373240164486457,133.6206896551724,178.72413793103448,66.34957868001473,0.2624657716640412
