Year,Team,opp_rk,opp_adjoe,opp_oe_rank,opp_adjde,opp_de_rank,opp_barthag,opp_barthag_rank,opp_sos,opp_nconf_sos,opp_conf_sos,opp_proj_sos,opp_proj_nconf_sos,opp_proj_conf_sos,opp_elite_sos,opp_elite_nconf_sos,opp_opp_oe,opp_opp_de,opp_proj_opp_oe,opp_proj_opp_de,opp_conf_adj_oe,opp_conf_adj_de,opp_qual_o,opp_qual_d,opp_qual_barthag,opp_qual_games,opp_fun,opp_conf_pf,opp_conf_pa,opp_conf_poss,opp_conf_oe,opp_conf_de,opp_conf_win%,opp_wab,opp_wab_rk,opp_fun_rk,opp_adjt,opp_qual_games_ratio
2022,tennessee,83.51515151515152,108.03090080361136,96.72727272727273,96.52967577320487,86.78787878787878,0.7363161431592379,83.51515151515152,0.634870473339843,0.496493182976016,0.7168021639537964,0.634810130037488,0.496493182976016,0.7168021639537964,0.7356885104389932,0.8248159385541651,105.72571085561067,98.82558946847873,105.69099645356687,98.82135769306429,109.15955095933086,97.52432551197536,111.45919991899649,100.5116581884684,0.7249825978456101,11.424242424242424,0.006537920433446442,1296.939393939394,1273.5151515151515,1251.803787878788,1.035082140249198,1.0184040948302806,0.5304070112893644,-1.0079006375480488,92.96969696969697,164.54545454545453,67.46067041125023,0.34831956420709226
