Year,Team,opp_rk,opp_adjoe,opp_oe_rank,opp_adjde,opp_de_rank,opp_barthag,opp_barthag_rank,opp_sos,opp_nconf_sos,opp_conf_sos,opp_proj_sos,opp_proj_nconf_sos,opp_proj_conf_sos,opp_elite_sos,opp_elite_nconf_sos,opp_opp_oe,opp_opp_de,opp_proj_opp_oe,opp_proj_opp_de,opp_conf_adj_oe,opp_conf_adj_de,opp_qual_o,opp_qual_d,opp_qual_barthag,opp_qual_games,opp_fun,opp_conf_pf,opp_conf_pa,opp_conf_poss,opp_conf_oe,opp_conf_de,opp_conf_win%,opp_wab,opp_wab_rk,opp_fun_rk,opp_adjt,opp_qual_games_ratio
2022,kentucky,101.06060606060606,106.5409101356122,115.75757575757575,97.08801705449055,98.36363636363636,0.6930204269335064,101.06060606060606,0.6134599286262717,0.5269810052687962,0.6622555540364932,0.6129725908531352,0.5269810052687962,0.6622555540364932,0.748555944268286,0.8007702477752304,105.36426181757534,99.41367944766283,105.33897227970236,99.43340169699688,107.28514988016751,97.90710813091013,110.24954188383455,99.751146492421,0.7097233887170679,10.909090909090908,-0.002244166067046636,1289.0,1268.0,1250.714393939394,1.0292692914366781,1.0134921761967512,0.5320466570466572,-2.16195886235082,109.12121212121212,179.45454545454547,67.64528614852033,0.33399529655459453
