Year,Team,opp_rk,opp_adjoe,opp_oe_rank,opp_adjde,opp_de_rank,opp_barthag,opp_barthag_rank,opp_sos,opp_nconf_sos,opp_conf_sos,opp_proj_sos,opp_proj_nconf_sos,opp_proj_conf_sos,opp_elite_sos,opp_elite_nconf_sos,opp_opp_oe,opp_opp_de,opp_proj_opp_oe,opp_proj_opp_de,opp_conf_adj_oe,opp_conf_adj_de,opp_qual_o,opp_qual_d,opp_qual_barthag,opp_qual_games,opp_fun,opp_conf_pf,opp_conf_pa,opp_conf_poss,opp_conf_oe,opp_conf_de,opp_conf_win%,opp_wab,opp_wab_rk,opp_fun_rk,opp_adjt,opp_qual_games_ratio
2022,loyola-il,147.70967741935485,103.73190740201596,150.06451612903226,100.58182522365935,149.09677419354838,0.5767166213599502,147.70967741935485,0.5356819751430938,0.44915543098455585,0.5821315584737492,0.5371351716865528,0.44915543098455585,0.5821315584737492,0.8173868061955218,0.852682602590791,103.55633002801038,101.12984498368284,103.58763501920954,101.1037387503573,104.93824666908759,101.38879470248531,105.05712418313017,103.72576652210564,0.5730953701063723,4.290322580645161,-0.013482579145562827,1261.258064516129,1265.3548387096773,1227.0701612903224,1.0276165768782604,1.030847905664414,0.5018648772468806,-6.561518924426187,163.90322580645162,199.48387096774192,67.01480524503081,0.13373523754407635
