Year,Team,opp_rk,opp_adjoe,opp_oe_rank,opp_adjde,opp_de_rank,opp_barthag,opp_barthag_rank,opp_sos,opp_nconf_sos,opp_conf_sos,opp_proj_sos,opp_proj_nconf_sos,opp_proj_conf_sos,opp_elite_sos,opp_elite_nconf_sos,opp_opp_oe,opp_opp_de,opp_proj_opp_oe,opp_proj_opp_de,opp_conf_adj_oe,opp_conf_adj_de,opp_qual_o,opp_qual_d,opp_qual_barthag,opp_qual_games,opp_fun,opp_conf_pf,opp_conf_pa,opp_conf_poss,opp_conf_oe,opp_conf_de,opp_conf_win%,opp_wab,opp_wab_rk,opp_fun_rk,opp_adjt,opp_qual_games_ratio
2022,marquette,92.64516129032258,106.97887141406513,104.48387096774194,97.36995509077524,93.96774193548387,0.7118758147707482,92.64516129032258,0.6460982646749799,0.508173732024798,0.7155360453335226,0.6464522752469616,0.508173732024798,0.7155360453335226,0.7360329910874658,0.8113053667052431,105.70465287326164,98.80932427572358,105.70418525642387,98.8075322834587,107.7112826057452,98.21802397837287,113.0069893160775,102.27145345542962,0.7173601321591077,10.935483870967742,0.020120138802147223,1320.967741935484,1329.3870967741937,1289.2205645161293,1.025168366251252,1.0308277022472228,0.4999439617386288,-1.676373790659613,99.7741935483871,153.38709677419354,66.45965490477532,0.34549513812225063
