Year,Team,opp_rk,opp_adjoe,opp_oe_rank,opp_adjde,opp_de_rank,opp_barthag,opp_barthag_rank,opp_sos,opp_nconf_sos,opp_conf_sos,opp_proj_sos,opp_proj_nconf_sos,opp_proj_conf_sos,opp_elite_sos,opp_elite_nconf_sos,opp_opp_oe,opp_opp_de,opp_proj_opp_oe,opp_proj_opp_de,opp_conf_adj_oe,opp_conf_adj_de,opp_qual_o,opp_qual_d,opp_qual_barthag,opp_qual_games,opp_fun,opp_conf_pf,opp_conf_pa,opp_conf_poss,opp_conf_oe,opp_conf_de,opp_conf_win%,opp_wab,opp_wab_rk,opp_fun_rk,opp_adjt,opp_qual_games_ratio
2022,creighton,95.54545454545455,107.09114626818248,103.33333333333333,98.30631411174967,103.24242424242425,0.700174074961144,95.54545454545455,0.632341140722232,0.5033745567394163,0.6962018817576262,0.6327380378291593,0.5033745567394163,0.6962018817576262,0.7444998956456165,0.8064529113324698,105.49721542260801,98.95112422123549,105.52934104349589,98.97522184133845,107.90655802433785,99.1541371159129,112.32020320574675,102.3683519099314,0.708169313939682,10.424242424242424,0.013350745435041942,1320.6060606060605,1323.3030303030303,1278.2643939393936,1.0339041471777308,1.034756946306388,0.491924683217253,-2.325296149363851,107.24242424242425,161.12121212121212,67.24059624280119,0.3302292121845413
