Year,Team,opp_rk,opp_adjoe,opp_oe_rank,opp_adjde,opp_de_rank,opp_barthag,opp_barthag_rank,opp_sos,opp_nconf_sos,opp_conf_sos,opp_proj_sos,opp_proj_nconf_sos,opp_proj_conf_sos,opp_elite_sos,opp_elite_nconf_sos,opp_opp_oe,opp_opp_de,opp_proj_opp_oe,opp_proj_opp_de,opp_conf_adj_oe,opp_conf_adj_de,opp_qual_o,opp_qual_d,opp_qual_barthag,opp_qual_games,opp_fun,opp_conf_pf,opp_conf_pa,opp_conf_poss,opp_conf_oe,opp_conf_de,opp_conf_win%,opp_wab,opp_wab_rk,opp_fun_rk,opp_adjt,opp_qual_games_ratio
2022,arizona,105.59375,106.04253789512786,117.03125,98.18633193017654,108.625,0.6773216341099124,105.59375,0.6302619839985113,0.5125462019553001,0.6811980981428405,0.6310687462133515,0.5125462019553001,0.6811980981428405,0.751992525516719,0.8154023787105826,105.66136154103103,99.25487282689484,105.69118717013134,99.26579400481369,106.39878102849617,98.67760386331005,108.78613650200444,102.0303406745582,0.645941061612266,8.53125,0.006321546267590171,1365.375,1373.96875,1334.6429687499997,1.0227770591668446,1.0290589826184602,0.4991319444444445,-3.2873175263693843,118.28125,167.34375,66.44256616051953,0.2683037068604365
