Year,Team,opp_rk,opp_adjoe,opp_oe_rank,opp_adjde,opp_de_rank,opp_barthag,opp_barthag_rank,opp_sos,opp_nconf_sos,opp_conf_sos,opp_proj_sos,opp_proj_nconf_sos,opp_proj_conf_sos,opp_elite_sos,opp_elite_nconf_sos,opp_opp_oe,opp_opp_de,opp_proj_opp_oe,opp_proj_opp_de,opp_conf_adj_oe,opp_conf_adj_de,opp_qual_o,opp_qual_d,opp_qual_barthag,opp_qual_games,opp_fun,opp_conf_pf,opp_conf_pa,opp_conf_poss,opp_conf_oe,opp_conf_de,opp_conf_win%,opp_wab,opp_wab_rk,opp_fun_rk,opp_adjt,opp_qual_games_ratio
2023,colgate,247.78787878787878,100.46528027322832,249.6969696969697,107.19501426779824,229.27272727272728,0.34069167570533576,247.78787878787878,0.38241466272704155,0.39754260127408986,0.36633763513195344,0.38287583476561504,0.39754260127408986,0.36633763513195344,0.8921616073884752,0.8707770088958481,102.12643513475096,106.44819586180733,102.1525894106096,106.4501473118452,99.64255609161255,106.17678804586687,79.79762266101812,86.98941254634406,0.2661422820055408,1.9393939393939394,-0.010913945449069913,1169.8181818181818,1180.878787878788,1147.0003787878786,1.0154899879749082,1.0314761447745424,0.46350408850408864,-11.819445990611872,245.9090909090909,199.0,66.75368411555178,0.060916323167990685
