Year,Team,opp_rk,opp_adjoe,opp_oe_rank,opp_adjde,opp_de_rank,opp_barthag,opp_barthag_rank,opp_sos,opp_nconf_sos,opp_conf_sos,opp_proj_sos,opp_proj_nconf_sos,opp_proj_conf_sos,opp_elite_sos,opp_elite_nconf_sos,opp_opp_oe,opp_opp_de,opp_proj_opp_oe,opp_proj_opp_de,opp_conf_adj_oe,opp_conf_adj_de,opp_qual_o,opp_qual_d,opp_qual_barthag,opp_qual_games,opp_fun,opp_conf_pf,opp_conf_pa,opp_conf_poss,opp_conf_oe,opp_conf_de,opp_conf_win%,opp_wab,opp_wab_rk,opp_fun_rk,opp_adjt,opp_qual_games_ratio
2023,ucla,97.67647058823529,109.36931051324365,111.47058823529412,100.12499885985989,101.5,0.700062101154517,97.67647058823529,0.6252350008171109,0.5274396088678909,0.6735199316735103,0.6259571105246989,0.5274396088678909,0.6735199316735103,0.7469114078445576,0.8025174396750842,107.18038735131864,100.67093299808192,107.20902426742482,100.67875423914555,108.7234192966564,99.8641441694205,113.84796889465981,104.30140767750063,0.6887498649119959,10.441176470588236,-0.007135961875162968,1353.3529411764705,1343.5588235294117,1309.942279411765,1.034402208511563,1.0273688852290075,0.5013766032728881,-2.989250140039094,109.11764705882354,186.8235294117647,67.53060244991255,0.317330507327996
