Year,Team,opp_rk,opp_adjoe,opp_oe_rank,opp_adjde,opp_de_rank,opp_barthag,opp_barthag_rank,opp_sos,opp_nconf_sos,opp_conf_sos,opp_proj_sos,opp_proj_nconf_sos,opp_proj_conf_sos,opp_elite_sos,opp_elite_nconf_sos,opp_opp_oe,opp_opp_de,opp_proj_opp_oe,opp_proj_opp_de,opp_conf_adj_oe,opp_conf_adj_de,opp_qual_o,opp_qual_d,opp_qual_barthag,opp_qual_games,opp_fun,opp_conf_pf,opp_conf_pa,opp_conf_poss,opp_conf_oe,opp_conf_de,opp_conf_win%,opp_wab,opp_wab_rk,opp_fun_rk,opp_adjt,opp_qual_games_ratio
2023,gonzaga,106.03125,110.39698390613552,90.28125,101.58885989059756,135.78125,0.6781078533407191,106.03125,0.5918022617138863,0.5091475577212,0.6372670445635181,0.5925882595410691,0.5091475577212,0.6372670445635181,0.771516951454614,0.8124737019219891,108.44961395093088,102.84495360822355,108.43721446722914,102.81903940351684,110.4860304272839,101.33028491544972,116.1878125270898,108.46139734229104,0.6517431130520989,7.75,0.0040167172421216625,1246.34375,1221.59375,1147.7328125,1.0876034993734383,1.0579872078069825,0.5613059533023735,-2.784991630995742,113.65625,173.9375,68.04490824152258,0.2365781757626071
