Year,Team,opp_rk,opp_adjoe,opp_oe_rank,opp_adjde,opp_de_rank,opp_barthag,opp_barthag_rank,opp_sos,opp_nconf_sos,opp_conf_sos,opp_proj_sos,opp_proj_nconf_sos,opp_proj_conf_sos,opp_elite_sos,opp_elite_nconf_sos,opp_opp_oe,opp_opp_de,opp_proj_opp_oe,opp_proj_opp_de,opp_conf_adj_oe,opp_conf_adj_de,opp_qual_o,opp_qual_d,opp_qual_barthag,opp_qual_games,opp_fun,opp_conf_pf,opp_conf_pa,opp_conf_poss,opp_conf_oe,opp_conf_de,opp_conf_win%,opp_wab,opp_wab_rk,opp_fun_rk,opp_adjt,opp_qual_games_ratio
2023,florida-atlantic,163.23333333333332,105.43586676495647,163.16666666666666,104.16739001956869,168.8,0.531812025733713,163.23333333333332,0.49910114506491776,0.4131614937704576,0.5364322005910417,0.49917307510809394,0.4131614937704576,0.5364322005910417,0.839911220221627,0.8648410656358838,105.33200223506621,104.02344665911507,105.33348821543109,104.0218744738586,104.84202468015995,103.83178242078192,106.44918998443556,106.45836576671181,0.49988035284707727,5.5,-0.002135993446591189,1365.8666666666666,1375.1666666666667,1312.398333333333,1.0409196140973045,1.0474190955872336,0.45736111111111105,-7.577065451002428,172.43333333333334,181.93333333333334,66.81300343063236,0.16751840545602403
