Year,Team,opp_rk,opp_adjoe,opp_oe_rank,opp_adjde,opp_de_rank,opp_barthag,opp_barthag_rank,opp_sos,opp_nconf_sos,opp_conf_sos,opp_proj_sos,opp_proj_nconf_sos,opp_proj_conf_sos,opp_elite_sos,opp_elite_nconf_sos,opp_opp_oe,opp_opp_de,opp_proj_opp_oe,opp_proj_opp_de,opp_conf_adj_oe,opp_conf_adj_de,opp_qual_o,opp_qual_d,opp_qual_barthag,opp_qual_games,opp_fun,opp_conf_pf,opp_conf_pa,opp_conf_poss,opp_conf_oe,opp_conf_de,opp_conf_win%,opp_wab,opp_wab_rk,opp_fun_rk,opp_adjt,opp_qual_games_ratio
2023,montana-state,193.625,105.57726901640268,165.8125,106.9738534663201,227.15625,0.45848697399742594,193.625,0.47023300053753603,0.48797636524743243,0.4522910923942706,0.47035643631776436,0.48797636524743243,0.4522910923942706,0.8563647727085725,0.8169900314683286,105.0892446471193,104.95791448951887,105.10656617435006,104.97004378205277,104.54410604682555,106.2038243990258,99.69051646670079,97.82029211775557,0.49945081924177104,3.15625,-0.007922422861406426,1307.1875,1301.84375,1228.93515625,1.0637635772727128,1.060396563576693,0.4888378267973857,-9.642076397977123,212.0,192.25,67.28194986932277,0.0955890856159179
