Year,Team,opp_rk,opp_adjoe,opp_oe_rank,opp_adjde,opp_de_rank,opp_barthag,opp_barthag_rank,opp_sos,opp_nconf_sos,opp_conf_sos,opp_proj_sos,opp_proj_nconf_sos,opp_proj_conf_sos,opp_elite_sos,opp_elite_nconf_sos,opp_opp_oe,opp_opp_de,opp_proj_opp_oe,opp_proj_opp_de,opp_conf_adj_oe,opp_conf_adj_de,opp_qual_o,opp_qual_d,opp_qual_barthag,opp_qual_games,opp_fun,opp_conf_pf,opp_conf_pa,opp_conf_poss,opp_conf_oe,opp_conf_de,opp_conf_win%,opp_wab,opp_wab_rk,opp_fun_rk,opp_adjt,opp_qual_games_ratio
2023,texas-am,107.88235294117646,108.75055697404815,115.88235294117646,100.16389316696714,115.55882352941177,0.6733307613233346,107.88235294117646,0.6270063860804629,0.5215545645633071,0.690180421631042,0.6281853228953691,0.5215545645633071,0.690180421631042,0.7405501729852589,0.8053733807498321,107.80411586836787,101.16793423664184,107.84514539953607,101.17136693711534,108.75529353698991,100.76014414440776,113.4952432346807,104.3305573230258,0.6823497897556587,11.382352941176471,0.0038480076951462375,1286.4411764705883,1303.2941176470588,1242.6047794117642,1.0353413086866978,1.0496206017904905,0.4704656862745098,-2.9085662853086545,111.23529411764706,177.26470588235293,67.71854830803613,0.3454098961043793
