Year,Team,opp_rk,opp_adjoe,opp_oe_rank,opp_adjde,opp_de_rank,opp_barthag,opp_barthag_rank,opp_sos,opp_nconf_sos,opp_conf_sos,opp_proj_sos,opp_proj_nconf_sos,opp_proj_conf_sos,opp_elite_sos,opp_elite_nconf_sos,opp_opp_oe,opp_opp_de,opp_proj_opp_oe,opp_proj_opp_de,opp_conf_adj_oe,opp_conf_adj_de,opp_qual_o,opp_qual_d,opp_qual_barthag,opp_qual_games,opp_fun,opp_conf_pf,opp_conf_pa,opp_conf_poss,opp_conf_oe,opp_conf_de,opp_conf_win%,opp_wab,opp_wab_rk,opp_fun_rk,opp_adjt,opp_qual_games_ratio
2023,maryland,110.33333333333333,109.13546517537449,117.39393939393939,100.8029640614827,122.54545454545455,0.6710220690577341,110.33333333333333,0.6311693628133614,0.4752388914498664,0.7036000443647562,0.6328597054773445,0.4752388914498664,0.7036000443647562,0.742394790105661,0.8239326811952977,107.88589654542112,101.58189890294709,107.91808445126577,101.54406003886972,108.63070059901904,100.36053650466616,112.86414909930814,104.21373174402281,0.6650869105945256,11.696969696969697,0.015266571010100588,1326.969696969697,1341.7878787878788,1279.7803030303032,1.036026053436638,1.0485828359043936,0.48223589276220846,-2.724690590542296,109.87878787878788,145.33333333333334,66.34105655060175,0.35568238447960715
