Year,Team,opp_rk,opp_adjoe,opp_oe_rank,opp_adjde,opp_de_rank,opp_barthag,opp_barthag_rank,opp_sos,opp_nconf_sos,opp_conf_sos,opp_proj_sos,opp_proj_nconf_sos,opp_proj_conf_sos,opp_elite_sos,opp_elite_nconf_sos,opp_opp_oe,opp_opp_de,opp_proj_opp_oe,opp_proj_opp_de,opp_conf_adj_oe,opp_conf_adj_de,opp_qual_o,opp_qual_d,opp_qual_barthag,opp_qual_games,opp_fun,opp_conf_pf,opp_conf_pa,opp_conf_poss,opp_conf_oe,opp_conf_de,opp_conf_win%,opp_wab,opp_wab_rk,opp_fun_rk,opp_adjt,opp_qual_games_ratio
2023,connecticut,108.51515151515152,108.33801667963965,126.15151515151516,100.36343973510962,108.48484848484848,0.6733901069804934,108.51515151515152,0.6259630621476614,0.5123039535910731,0.6742358541998359,0.6264081901693338,0.5123039535910731,0.6742358541998359,0.7342011383709467,0.8032369033239806,107.98179933904605,101.42675332346434,108.00808740677441,101.44949595558846,108.10223429025949,99.74805920465606,114.47148505863,105.24591483175978,0.6731356307705999,12.272727272727273,0.006462815312084768,1382.5757575757575,1381.2121212121212,1327.5492424242423,1.038610392078938,1.03896816167756,0.5065957190957191,-2.891783606568076,111.75757575757575,168.45454545454547,68.13077748056847,0.3734562113914841
