Year,Team,opp_rk,opp_adjoe,opp_oe_rank,opp_adjde,opp_de_rank,opp_barthag,opp_barthag_rank,opp_sos,opp_nconf_sos,opp_conf_sos,opp_proj_sos,opp_proj_nconf_sos,opp_proj_conf_sos,opp_elite_sos,opp_elite_nconf_sos,opp_opp_oe,opp_opp_de,opp_proj_opp_oe,opp_proj_opp_de,opp_conf_adj_oe,opp_conf_adj_de,opp_qual_o,opp_qual_d,opp_qual_barthag,opp_qual_games,opp_fun,opp_conf_pf,opp_conf_pa,opp_conf_poss,opp_conf_oe,opp_conf_de,opp_conf_win%,opp_wab,opp_wab_rk,opp_fun_rk,opp_adjt,opp_qual_games_ratio
2023,texas-christian,100.15151515151516,109.02195834710972,120.21212121212122,99.094328720273,98.93939393939394,0.7007030690841164,100.15151515151516,0.6488350123892405,0.5158218528016312,0.7291659390222334,0.6480857707875192,0.5158218528016312,0.7291659390222334,0.7104436044347338,0.8081730954689788,108.14467466617744,100.46107544210479,108.15438917875801,100.52640007944382,109.36988481877621,99.3095017957624,113.34069878634651,102.2935534647259,0.7180110031651583,14.787878787878787,0.004243154544450436,1296.4242424242425,1315.090909090909,1263.7049242424246,1.0253574221867539,1.0403212935588606,0.4737373737373738,-1.680503849267057,103.93939393939394,174.66666666666666,67.58652381970008,0.4530243460131764
