Year,Team,opp_rk,opp_adjoe,opp_oe_rank,opp_adjde,opp_de_rank,opp_barthag,opp_barthag_rank,opp_sos,opp_nconf_sos,opp_conf_sos,opp_proj_sos,opp_proj_nconf_sos,opp_proj_conf_sos,opp_elite_sos,opp_elite_nconf_sos,opp_opp_oe,opp_opp_de,opp_proj_opp_oe,opp_proj_opp_de,opp_conf_adj_oe,opp_conf_adj_de,opp_qual_o,opp_qual_d,opp_qual_barthag,opp_qual_games,opp_fun,opp_conf_pf,opp_conf_pa,opp_conf_poss,opp_conf_oe,opp_conf_de,opp_conf_win%,opp_wab,opp_wab_rk,opp_fun_rk,opp_adjt,opp_qual_games_ratio
2023,texas-southern,227.65625,100.69186274686491,245.40625,104.7816763879421,189.1875,0.39651939191016516,227.65625,0.4243398051019106,0.5274821137940691,0.35322911005335744,0.42601451598108964,0.5274821137940691,0.35322911005335744,0.8439256135168652,0.7786278053332718,102.40458238599177,104.55660909668144,102.44683848176754,104.52572024807974,100.72109756745954,104.79188120564214,97.95410826878586,102.28509887569017,0.4083955253397035,5.40625,0.011189727175545483,1266.625,1235.875,1246.3289062500003,1.0170312810056912,0.9919223036281534,0.5742621527777778,-8.744584133482508,202.25,163.5625,67.91300673213709,0.16613934626870516
