Year,Team,opp_rk,opp_adjoe,opp_oe_rank,opp_adjde,opp_de_rank,opp_barthag,opp_barthag_rank,opp_sos,opp_nconf_sos,opp_conf_sos,opp_proj_sos,opp_proj_nconf_sos,opp_proj_conf_sos,opp_elite_sos,opp_elite_nconf_sos,opp_opp_oe,opp_opp_de,opp_proj_opp_oe,opp_proj_opp_de,opp_conf_adj_oe,opp_conf_adj_de,opp_qual_o,opp_qual_d,opp_qual_barthag,opp_qual_games,opp_fun,opp_conf_pf,opp_conf_pa,opp_conf_poss,opp_conf_oe,opp_conf_de,opp_conf_win%,opp_wab,opp_wab_rk,opp_fun_rk,opp_adjt,opp_qual_games_ratio
2023,northwestern,92.16129032258064,109.6860130912936,106.41935483870968,100.02319763279351,101.54838709677419,0.7107099142301798,92.16129032258064,0.6383152789127488,0.47680387895391985,0.7036708083296751,0.6410429021787521,0.47680387895391985,0.7036708083296751,0.7321120499502813,0.8185686485568958,108.16666298443306,101.43576095858738,108.22935707593714,101.37503817995733,109.08257162190209,99.17331276274247,113.12435635837203,103.4558842328232,0.6974242226249158,12.225806451612904,-0.008922573326109462,1321.1935483870968,1322.8387096774193,1268.492741935484,1.0439648537668014,1.0354256770891943,0.495906432748538,-2.706574797301459,103.7741935483871,196.51612903225808,66.8709973080946,0.37117317701421265
