Year,Team,opp_rk,opp_adjoe,opp_oe_rank,opp_adjde,opp_de_rank,opp_barthag,opp_barthag_rank,opp_sos,opp_nconf_sos,opp_conf_sos,opp_proj_sos,opp_proj_nconf_sos,opp_proj_conf_sos,opp_elite_sos,opp_elite_nconf_sos,opp_opp_oe,opp_opp_de,opp_proj_opp_oe,opp_proj_opp_de,opp_conf_adj_oe,opp_conf_adj_de,opp_qual_o,opp_qual_d,opp_qual_barthag,opp_qual_games,opp_fun,opp_conf_pf,opp_conf_pa,opp_conf_poss,opp_conf_oe,opp_conf_de,opp_conf_win%,opp_wab,opp_wab_rk,opp_fun_rk,opp_adjt,opp_qual_games_ratio
2023,providence,127.34375,107.92767587971112,140.9375,101.07954909713676,120.65625,0.6310457344875962,127.34375,0.5977528062651244,0.49042076994779277,0.6480995154316336,0.5984131442815018,0.49042076994779277,0.6480995154316336,0.7593584864760239,0.8195730908686718,107.10017821501096,102.07778361684838,107.11225472257144,102.07241045040834,107.39637369326037,100.48552050288791,114.77992478379012,107.43442168835793,0.6267372005958093,10.59375,-0.0069165923288715065,1374.6875,1380.5625,1322.96484375,1.0365553524244244,1.0426919068039948,0.4916604662698412,-4.182283941475458,133.96875,194.21875,67.92158368294163,0.3218197304107455
