Year,Team,opp_rk,opp_adjoe,opp_oe_rank,opp_adjde,opp_de_rank,opp_barthag,opp_barthag_rank,opp_sos,opp_nconf_sos,opp_conf_sos,opp_proj_sos,opp_proj_nconf_sos,opp_proj_conf_sos,opp_elite_sos,opp_elite_nconf_sos,opp_opp_oe,opp_opp_de,opp_proj_opp_oe,opp_proj_opp_de,opp_conf_adj_oe,opp_conf_adj_de,opp_qual_o,opp_qual_d,opp_qual_barthag,opp_qual_games,opp_fun,opp_conf_pf,opp_conf_pa,opp_conf_poss,opp_conf_oe,opp_conf_de,opp_conf_win%,opp_wab,opp_wab_rk,opp_fun_rk,opp_adjt,opp_qual_games_ratio
2023,creighton,90.27272727272727,110.41344316844933,99.84848484848484,100.00065567222126,100.48484848484848,0.7174239927122638,90.27272727272727,0.6412735806760258,0.4999214003430099,0.7118695803431956,0.6419371726532227,0.4999214003430099,0.7118695803431956,0.7295290426606795,0.8151309676671114,108.32463180230815,101.08870738588413,108.34372408459387,101.0937697978115,109.61796505784622,99.5383446152688,117.33779492311524,105.35292159000642,0.7168657537609722,12.696969696969697,0.0065311983279073066,1413.6969696969697,1420.1515151515152,1353.0420454545451,1.0443020864648747,1.0490029980177153,0.4938973063973065,-1.9825830018701727,99.0,169.87878787878788,68.09272555119836,0.3833286069248637
