Year,Team,opp_rk,opp_adjoe,opp_oe_rank,opp_adjde,opp_de_rank,opp_barthag,opp_barthag_rank,opp_sos,opp_nconf_sos,opp_conf_sos,opp_proj_sos,opp_proj_nconf_sos,opp_proj_conf_sos,opp_elite_sos,opp_elite_nconf_sos,opp_opp_oe,opp_opp_de,opp_proj_opp_oe,opp_proj_opp_de,opp_conf_adj_oe,opp_conf_adj_de,opp_qual_o,opp_qual_d,opp_qual_barthag,opp_qual_games,opp_fun,opp_conf_pf,opp_conf_pa,opp_conf_poss,opp_conf_oe,opp_conf_de,opp_conf_win%,opp_wab,opp_wab_rk,opp_fun_rk,opp_adjt,opp_qual_games_ratio
2023,miami-fl,114.56666666666666,108.60040882993191,110.13333333333334,101.7522453372071,132.26666666666668,0.6555153674080494,114.56666666666666,0.5959222219382838,0.4904961160008749,0.6437417414950357,0.5984684569331067,0.4904961160008749,0.6437417414950357,0.7799308231324826,0.8308807564118065,107.65677105058313,102.99218253608738,107.71287508123972,102.929456038616,107.80246865891408,101.20690315493023,115.01256959323482,108.02385312189755,0.6521737590318977,7.933333333333334,-0.0057913050873206655,1389.8,1384.9333333333334,1315.3754166666668,1.0557279642083695,1.0517907120121988,0.4962962962962962,-4.509641243190979,130.63333333333333,185.86666666666667,66.78013154211311,0.24151864376889726
