Year,Team,opp_rk,opp_adjoe,opp_oe_rank,opp_adjde,opp_de_rank,opp_barthag,opp_barthag_rank,opp_sos,opp_nconf_sos,opp_conf_sos,opp_proj_sos,opp_proj_nconf_sos,opp_proj_conf_sos,opp_elite_sos,opp_elite_nconf_sos,opp_opp_oe,opp_opp_de,opp_proj_opp_oe,opp_proj_opp_de,opp_conf_adj_oe,opp_conf_adj_de,opp_qual_o,opp_qual_d,opp_qual_barthag,opp_qual_games,opp_fun,opp_conf_pf,opp_conf_pa,opp_conf_poss,opp_conf_oe,opp_conf_de,opp_conf_win%,opp_wab,opp_wab_rk,opp_fun_rk,opp_adjt,opp_qual_games_ratio
2023,texas,73.39393939393939,111.12019660068007,85.48484848484848,98.28714116503812,83.0,0.7641973568392725,73.39393939393939,0.6574371213072867,0.5047089893624305,0.7511807076244729,0.6569784429342965,0.5047089893624305,0.7511807076244729,0.705880977759857,0.8108507692242239,108.54873531400672,100.29260557967226,108.56063245095189,100.34603182337145,111.34426738646582,98.42541497216324,115.00360646262014,102.37119455170149,0.7532023548274804,15.090909090909092,-0.000873147970018436,1314.5757575757575,1306.3333333333333,1260.6204545454545,1.0434910923418301,1.0362417880983466,0.49671717171717167,-0.34296282534822686,81.72727272727273,187.0,67.93163664200017,0.46157606182080047
