Year,Team,opp_rk,opp_adjoe,opp_oe_rank,opp_adjde,opp_de_rank,opp_barthag,opp_barthag_rank,opp_sos,opp_nconf_sos,opp_conf_sos,opp_proj_sos,opp_proj_nconf_sos,opp_proj_conf_sos,opp_elite_sos,opp_elite_nconf_sos,opp_opp_oe,opp_opp_de,opp_proj_opp_oe,opp_proj_opp_de,opp_conf_adj_oe,opp_conf_adj_de,opp_qual_o,opp_qual_d,opp_qual_barthag,opp_qual_games,opp_fun,opp_conf_pf,opp_conf_pa,opp_conf_poss,opp_conf_oe,opp_conf_de,opp_conf_win%,opp_wab,opp_wab_rk,opp_fun_rk,opp_adjt,opp_qual_games_ratio
2023,pittsburgh,137.72727272727272,107.98672405414041,125.3030303030303,103.4953639751636,161.45454545454547,0.5988436430010075,137.72727272727272,0.5729873271337022,0.48169829142356313,0.6137659098729049,0.5747818924272775,0.48169829142356313,0.6137659098729049,0.7913793688421017,0.8346323981281311,106.94824302120769,103.23982062984373,106.98884191288002,103.19790363726369,107.3191632078769,103.01565712183073,103.98213094249816,101.28019060651668,0.5242414885508543,7.393939393939394,0.00462967203862306,1384.2424242424242,1393.090909090909,1313.8007575757579,1.0532504339505775,1.059983686425222,0.492003367003367,-5.366575125293409,145.96969696969697,165.6060606060606,67.37608038168344,0.22542302911567183
