Year,Team,opp_rk,opp_adjoe,opp_oe_rank,opp_adjde,opp_de_rank,opp_barthag,opp_barthag_rank,opp_sos,opp_nconf_sos,opp_conf_sos,opp_proj_sos,opp_proj_nconf_sos,opp_proj_conf_sos,opp_elite_sos,opp_elite_nconf_sos,opp_opp_oe,opp_opp_de,opp_proj_opp_oe,opp_proj_opp_de,opp_conf_adj_oe,opp_conf_adj_de,opp_qual_o,opp_qual_d,opp_qual_barthag,opp_qual_games,opp_fun,opp_conf_pf,opp_conf_pa,opp_conf_poss,opp_conf_oe,opp_conf_de,opp_conf_win%,opp_wab,opp_wab_rk,opp_fun_rk,opp_adjt,opp_qual_games_ratio
2023,west-virginia,71.42424242424242,110.6806774434713,90.57575757575758,97.71554307146523,73.78787878787878,0.7666083411638156,71.42424242424242,0.6493830279049702,0.5053056868468622,0.7367836410874858,0.6486520947868405,0.5053056868468622,0.7367836410874858,0.713730378429633,0.8147900710544338,108.45669722122585,100.69234513160524,108.4610865985022,100.75124568783235,111.06489154502478,97.80208702626838,116.09691677272353,103.12334525437345,0.7476137622418296,14.909090909090908,0.014184873314978079,1304.3939393939395,1287.6969696969697,1249.441666666667,1.043172603330615,1.030579007588584,0.5392666157372039,0.26754491087112825,75.78787878787878,160.0909090909091,67.70749067749487,0.4550070774777519
