Year,Team,opp_rk,opp_adjoe,opp_oe_rank,opp_adjde,opp_de_rank,opp_barthag,opp_barthag_rank,opp_sos,opp_nconf_sos,opp_conf_sos,opp_proj_sos,opp_proj_nconf_sos,opp_proj_conf_sos,opp_elite_sos,opp_elite_nconf_sos,opp_opp_oe,opp_opp_de,opp_proj_opp_oe,opp_proj_opp_de,opp_conf_adj_oe,opp_conf_adj_de,opp_qual_o,opp_qual_d,opp_qual_barthag,opp_qual_games,opp_fun,opp_conf_pf,opp_conf_pa,opp_conf_poss,opp_conf_oe,opp_conf_de,opp_conf_win%,opp_wab,opp_wab_rk,opp_fun_rk,opp_adjt,opp_qual_games_ratio
2023,penn-state,93.48571428571428,109.194704592751,110.08571428571429,99.57126429203572,97.17142857142858,0.7099207848111521,93.48571428571428,0.6231364027992677,0.4781430047115336,0.6937340694485283,0.625514425755878,0.4781430047115336,0.6937340694485283,0.745084673397296,0.8205153218549923,107.93834198804271,101.85495433340618,107.98275707522215,101.79151529131582,108.85026825448804,99.35877169869583,112.46530590639091,102.61491502927238,0.6977994595955431,11.571428571428571,0.00279450995754615,1350.5142857142857,1341.8857142857144,1294.5885714285714,1.0425193460518813,1.0370136165495853,0.511997851772288,-2.2879544880036504,101.11428571428571,171.37142857142857,66.47581581028017,0.35399609353297395
