Year,Team,opp_rk,opp_adjoe,opp_oe_rank,opp_adjde,opp_de_rank,opp_barthag,opp_barthag_rank,opp_sos,opp_nconf_sos,opp_conf_sos,opp_proj_sos,opp_proj_nconf_sos,opp_proj_conf_sos,opp_elite_sos,opp_elite_nconf_sos,opp_opp_oe,opp_opp_de,opp_proj_opp_oe,opp_proj_opp_de,opp_conf_adj_oe,opp_conf_adj_de,opp_qual_o,opp_qual_d,opp_qual_barthag,opp_qual_games,opp_fun,opp_conf_pf,opp_conf_pa,opp_conf_poss,opp_conf_oe,opp_conf_de,opp_conf_win%,opp_wab,opp_wab_rk,opp_fun_rk,opp_adjt,opp_qual_games_ratio
2023,illinois,104.3225806451613,109.09314848859434,116.19354838709677,100.40789458490143,114.54838709677419,0.6870188525841631,104.3225806451613,0.634650417329541,0.4783777902522567,0.7077076197534063,0.6364277042751321,0.4783777902522567,0.7077076197534063,0.735314589619179,0.824155360490227,108.04228817784468,101.48504377611405,108.08663012879997,101.45225407689921,108.79316415522182,100.44531324876382,112.7337320079808,103.60996256174542,0.6881495424540989,12.580645161290322,0.01900085695525155,1337.1612903225807,1353.774193548387,1291.4641129032261,1.03485471366995,1.0482121409262346,0.4905206564799094,-2.3191626123283897,104.48387096774194,142.1290322580645,66.27846749697396,0.38065755911673155
