Year,Team,opp_rk,opp_adjoe,opp_oe_rank,opp_adjde,opp_de_rank,opp_barthag,opp_barthag_rank,opp_sos,opp_nconf_sos,opp_conf_sos,opp_proj_sos,opp_proj_nconf_sos,opp_proj_conf_sos,opp_elite_sos,opp_elite_nconf_sos,opp_opp_oe,opp_opp_de,opp_proj_opp_oe,opp_proj_opp_de,opp_conf_adj_oe,opp_conf_adj_de,opp_qual_o,opp_qual_d,opp_qual_barthag,opp_qual_games,opp_fun,opp_conf_pf,opp_conf_pa,opp_conf_poss,opp_conf_oe,opp_conf_de,opp_conf_win%,opp_wab,opp_wab_rk,opp_fun_rk,opp_adjt,opp_qual_games_ratio
2023,grand-canyon,148.27586206896552,104.83276784725965,173.75862068965517,102.30084945214138,138.20689655172413,0.5630943844771277,148.27586206896552,0.5044312977656557,0.44665610858429083,0.5430659507590726,0.5058998915572674,0.44665610858429083,0.5430659507590726,0.8389998731507695,0.8403108141945461,105.54375671729291,103.38363776680912,105.57693285134249,103.36865906239454,104.36960688544175,101.73054138778868,103.39449410795562,103.76676140090888,0.49282949488685857,3.8620689655172415,0.006159414995633215,1254.344827586207,1243.896551724138,1217.271551724138,1.0299022619333777,1.0231218962883013,0.5356237322515213,-6.489033365431608,157.3448275862069,171.0344827586207,67.56684867352996,0.12113362738158262
