Year,Team,opp_rk,opp_adjoe,opp_oe_rank,opp_adjde,opp_de_rank,opp_barthag,opp_barthag_rank,opp_sos,opp_nconf_sos,opp_conf_sos,opp_proj_sos,opp_proj_nconf_sos,opp_proj_conf_sos,opp_elite_sos,opp_elite_nconf_sos,opp_opp_oe,opp_opp_de,opp_proj_opp_oe,opp_proj_opp_de,opp_conf_adj_oe,opp_conf_adj_de,opp_qual_o,opp_qual_d,opp_qual_barthag,opp_qual_games,opp_fun,opp_conf_pf,opp_conf_pa,opp_conf_poss,opp_conf_oe,opp_conf_de,opp_conf_win%,opp_wab,opp_wab_rk,opp_fun_rk,opp_adjt,opp_qual_games_ratio
2023,college-of-charleston,221.5151515151515,102.43994155851341,217.24242424242425,106.82919371358227,219.84848484848484,0.40281359774407177,221.5151515151515,0.4403393383508551,0.4541766980384364,0.42449366763446317,0.4408323063201637,0.4541766980384364,0.42449366763446317,0.865851389042486,0.8447332880257209,103.52578541597161,105.41455522828731,103.53508991755395,105.40222909939527,101.6878231848602,106.30267809344063,101.50201657843937,107.15548366510697,0.377800494584174,3.121212121212121,0.000712094668915978,1245.2727272727273,1265.939393939394,1212.3583333333333,1.026626527071486,1.0440865924782896,0.46144781144781155,-10.427496099998843,219.84848484848484,178.54545454545453,66.32049799546823,0.09524203909769718
