Year,Team,opp_rk,opp_adjoe,opp_oe_rank,opp_adjde,opp_de_rank,opp_barthag,opp_barthag_rank,opp_sos,opp_nconf_sos,opp_conf_sos,opp_proj_sos,opp_proj_nconf_sos,opp_proj_conf_sos,opp_elite_sos,opp_elite_nconf_sos,opp_opp_oe,opp_opp_de,opp_proj_opp_oe,opp_proj_opp_de,opp_conf_adj_oe,opp_conf_adj_de,opp_qual_o,opp_qual_d,opp_qual_barthag,opp_qual_games,opp_fun,opp_conf_pf,opp_conf_pa,opp_conf_poss,opp_conf_oe,opp_conf_de,opp_conf_win%,opp_wab,opp_wab_rk,opp_fun_rk,opp_adjt,opp_qual_games_ratio
2023,north-carolina-state,123.28125,108.72311765260763,114.78125,102.66697005178372,146.5,0.6369110925013334,123.28125,0.5811530847471951,0.48503378472851033,0.6224970633871921,0.5821325563026358,0.48503378472851033,0.6224970633871921,0.7914845131895885,0.8347730745853909,107.2728492805183,103.13737638944804,107.28332073034463,103.10462690491572,107.84814916505981,101.9724447473496,112.1211686611858,106.76067688115951,0.6133594618421913,7.71875,0.008444078332833114,1382.59375,1378.9375,1306.4113281250002,1.0569516202429856,1.0558044667705726,0.5078869047619048,-4.573585389356673,135.03125,161.09375,66.98799768632472,0.2337655952226931
