Year,Team,opp_rk,opp_adjoe,opp_oe_rank,opp_adjde,opp_de_rank,opp_barthag,opp_barthag_rank,opp_sos,opp_nconf_sos,opp_conf_sos,opp_proj_sos,opp_proj_nconf_sos,opp_proj_conf_sos,opp_elite_sos,opp_elite_nconf_sos,opp_opp_oe,opp_opp_de,opp_proj_opp_oe,opp_proj_opp_de,opp_conf_adj_oe,opp_conf_adj_de,opp_qual_o,opp_qual_d,opp_qual_barthag,opp_qual_games,opp_fun,opp_conf_pf,opp_conf_pa,opp_conf_poss,opp_conf_oe,opp_conf_de,opp_conf_win%,opp_wab,opp_wab_rk,opp_fun_rk,opp_adjt,opp_qual_games_ratio
2023,indiana,90.81818181818181,110.30880331230425,102.54545454545455,99.975511677989,104.3030303030303,0.717671875374271,90.81818181818181,0.6263338395866362,0.4920207389107075,0.6884695356148226,0.629098952973504,0.4920207389107075,0.6884695356148226,0.7398764709844989,0.8133707180134796,107.90210609748988,101.58649827967147,107.97646203706898,101.53207954152496,110.14620239018146,99.5098558204907,114.12289341696147,103.34395499551098,0.712743198974829,12.030303030303031,0.006961770853025152,1372.3636363636363,1348.1515151515152,1301.401515151515,1.053691174765922,1.0358479336181725,0.5441697678539784,-1.575290454061104,94.39393939393939,166.93939393939394,66.91309044882414,0.3647906029913966
