Year,Team,opp_rk,opp_adjoe,opp_oe_rank,opp_adjde,opp_de_rank,opp_barthag,opp_barthag_rank,opp_sos,opp_nconf_sos,opp_conf_sos,opp_proj_sos,opp_proj_nconf_sos,opp_proj_conf_sos,opp_elite_sos,opp_elite_nconf_sos,opp_opp_oe,opp_opp_de,opp_proj_opp_oe,opp_proj_opp_de,opp_conf_adj_oe,opp_conf_adj_de,opp_qual_o,opp_qual_d,opp_qual_barthag,opp_qual_games,opp_fun,opp_conf_pf,opp_conf_pa,opp_conf_poss,opp_conf_oe,opp_conf_de,opp_conf_win%,opp_wab,opp_wab_rk,opp_fun_rk,opp_adjt,opp_qual_games_ratio
2023,arizona-state,103.58823529411765,108.58110629723187,122.26470588235294,99.69774828544084,97.23529411764706,0.6848986189832185,103.58823529411765,0.6225216111629887,0.5419751918318,0.6586325498763712,0.6233164176899989,0.5419751918318,0.6586325498763712,0.7518664971228162,0.7993110401449334,106.94574540769098,100.69492381900244,106.97956014085243,100.70356187370295,108.05458522459158,99.38141542701328,112.69588715897237,104.48306350749654,0.6584095308941332,10.147058823529411,-0.00885681465419886,1347.0294117647059,1327.5588235294117,1305.783455882353,1.0315461754796502,1.0181114283359924,0.5236039023452518,-3.1942411753254767,115.67647058823529,192.73529411764707,67.38356482758556,0.30775602806242386
