Year,Team,opp_rk,opp_adjoe,opp_oe_rank,opp_adjde,opp_de_rank,opp_barthag,opp_barthag_rank,opp_sos,opp_nconf_sos,opp_conf_sos,opp_proj_sos,opp_proj_nconf_sos,opp_proj_conf_sos,opp_elite_sos,opp_elite_nconf_sos,opp_opp_oe,opp_opp_de,opp_proj_opp_oe,opp_proj_opp_de,opp_conf_adj_oe,opp_conf_adj_de,opp_qual_o,opp_qual_d,opp_qual_barthag,opp_qual_games,opp_fun,opp_conf_pf,opp_conf_pa,opp_conf_poss,opp_conf_oe,opp_conf_de,opp_conf_win%,opp_wab,opp_wab_rk,opp_fun_rk,opp_adjt,opp_qual_games_ratio
2023,xavier,95.8529411764706,109.9604696029087,107.97058823529412,99.88677897307858,99.1470588235294,0.7029542514614395,95.8529411764706,0.6299501466714323,0.510818599169694,0.6849386440355036,0.6313102060261823,0.510818599169694,0.6849386440355036,0.7349994594647862,0.8027576561756745,108.21040821634786,101.46671050927023,108.25199332570057,101.46551906955862,109.27210482774183,99.38812858368004,115.34228698562782,104.34450980263037,0.709480270381239,11.941176470588236,-0.0031411085188907443,1404.4411764705883,1391.8235294117646,1337.408455882353,1.0503792086122863,1.0396571806128045,0.5203239138792772,-2.2829064934666756,102.32352941176471,186.3235294117647,67.93919219469264,0.3630950297144906
