Year,Team,opp_rk,opp_adjoe,opp_oe_rank,opp_adjde,opp_de_rank,opp_barthag,opp_barthag_rank,opp_sos,opp_nconf_sos,opp_conf_sos,opp_proj_sos,opp_proj_nconf_sos,opp_proj_conf_sos,opp_elite_sos,opp_elite_nconf_sos,opp_opp_oe,opp_opp_de,opp_proj_opp_oe,opp_proj_opp_de,opp_conf_adj_oe,opp_conf_adj_de,opp_qual_o,opp_qual_d,opp_qual_barthag,opp_qual_games,opp_fun,opp_conf_pf,opp_conf_pa,opp_conf_poss,opp_conf_oe,opp_conf_de,opp_conf_win%,opp_wab,opp_wab_rk,opp_fun_rk,opp_adjt,opp_qual_games_ratio
2023,purdue,91.61764705882354,110.19122793273388,100.55882352941177,100.29067812073234,106.26470588235294,0.7140298859986336,91.61764705882354,0.6425901924458339,0.49211201459842446,0.7137967456505342,0.6447553643520658,0.49211201459842446,0.7137967456505342,0.7294056413743254,0.8104582422433352,108.43501949225754,101.3825153544382,108.4947134979585,101.34910747541005,109.85594062147297,100.28896277531776,112.91447207630713,103.77379986425598,0.6846157025019209,12.382352941176471,0.002233942493662966,1356.764705882353,1363.8235294117646,1295.6886029411767,1.04721974809634,1.0523034237441569,0.48673460612315106,-2.170361287046919,97.08823529411765,176.35294117647058,66.66656137012137,0.37481889697965753
