Year,Team,opp_rk,opp_adjoe,opp_oe_rank,opp_adjde,opp_de_rank,opp_barthag,opp_barthag_rank,opp_sos,opp_nconf_sos,opp_conf_sos,opp_proj_sos,opp_proj_nconf_sos,opp_proj_conf_sos,opp_elite_sos,opp_elite_nconf_sos,opp_opp_oe,opp_opp_de,opp_proj_opp_oe,opp_proj_opp_de,opp_conf_adj_oe,opp_conf_adj_de,opp_qual_o,opp_qual_d,opp_qual_barthag,opp_qual_games,opp_fun,opp_conf_pf,opp_conf_pa,opp_conf_poss,opp_conf_oe,opp_conf_de,opp_conf_win%,opp_wab,opp_wab_rk,opp_fun_rk,opp_adjt,opp_qual_games_ratio
2023,drake,184.8181818181818,103.87689395539314,189.84848484848484,104.83554472141691,183.54545454545453,0.4835492113734334,184.8181818181818,0.471845499517974,0.4260757171237248,0.48804119857215533,0.4721260101172586,0.4260757171237248,0.48804119857215533,0.8547033179289882,0.8556140129464296,104.11274077412907,104.5043118405033,104.11332774344365,104.49025778790298,103.59354902006409,104.55378657839651,102.34190625854838,104.29171424793407,0.4630414165673762,3.393939393939394,0.0070819617146166474,1352.6363636363637,1359.5757575757575,1309.178787878788,1.0336494133299776,1.0383474996760484,0.49641513170924934,-8.430682787393579,186.72727272727272,165.45454545454547,66.83330631104025,0.10290568484569693
