Year,Team,opp_rk,opp_adjoe,opp_oe_rank,opp_adjde,opp_de_rank,opp_barthag,opp_barthag_rank,opp_sos,opp_nconf_sos,opp_conf_sos,opp_proj_sos,opp_proj_nconf_sos,opp_proj_conf_sos,opp_elite_sos,opp_elite_nconf_sos,opp_opp_oe,opp_opp_de,opp_proj_opp_oe,opp_proj_opp_de,opp_conf_adj_oe,opp_conf_adj_de,opp_qual_o,opp_qual_d,opp_qual_barthag,opp_qual_games,opp_fun,opp_conf_pf,opp_conf_pa,opp_conf_poss,opp_conf_oe,opp_conf_de,opp_conf_win%,opp_wab,opp_wab_rk,opp_fun_rk,opp_adjt,opp_qual_games_ratio
2023,north-carolina-asheville,231.21875,102.34968038955486,218.09375,107.26869955869896,226.28125,0.3781074653461677,231.21875,0.3993329803316776,0.4125572730420585,0.3854705630025545,0.40125996030453565,0.4125572730420585,0.3854705630025545,0.8871768256011634,0.8578013328715914,103.26518601390782,106.36861955915712,103.2924070434246,106.32581526087357,101.43856652878108,106.49363395711002,86.63185846196679,90.31805861215214,0.375224919379104,2.0,-0.031678384430813555,1238.875,1244.6875,1193.5777343749999,1.0378929690552807,1.0421533799185867,0.46254960317460325,-11.540206125012714,238.1875,235.25,66.77410188800064,0.06205011077928236
