Year,Team,opp_rk,opp_adjoe,opp_oe_rank,opp_adjde,opp_de_rank,opp_barthag,opp_barthag_rank,opp_sos,opp_nconf_sos,opp_conf_sos,opp_proj_sos,opp_proj_nconf_sos,opp_proj_conf_sos,opp_elite_sos,opp_elite_nconf_sos,opp_opp_oe,opp_opp_de,opp_proj_opp_oe,opp_proj_opp_de,opp_conf_adj_oe,opp_conf_adj_de,opp_qual_o,opp_qual_d,opp_qual_barthag,opp_qual_games,opp_fun,opp_conf_pf,opp_conf_pa,opp_conf_poss,opp_conf_oe,opp_conf_de,opp_conf_win%,opp_wab,opp_wab_rk,opp_fun_rk,opp_adjt,opp_qual_games_ratio
2024,dayton,119.29032258064517,108.52920768904941,134.0,102.11133995249189,119.19354838709677,0.6426223874734651,119.29032258064517,0.540713133345754,0.4445992426480897,0.603645876056556,0.5422273403021696,0.4445992426480897,0.603645876056556,0.8139506030449064,0.85136130538465,107.03189108899338,104.49189471305877,107.07864570884577,104.47072366523761,108.87407790197176,102.60783626090141,121.79156939350554,112.76031623969027,0.6651852098635053,4.387096774193548,-0.00036602907471482284,1324.9354838709678,1301.8064516129032,1241.2995967741933,1.0661626209729635,1.0482423824528662,0.5260752688172045,-5.108832854017849,128.67741935483872,178.41935483870967,67.09575940726909,0.13526781325528034
