Year,Team,opp_rk,opp_adjoe,opp_oe_rank,opp_adjde,opp_de_rank,opp_barthag,opp_barthag_rank,opp_sos,opp_nconf_sos,opp_conf_sos,opp_proj_sos,opp_proj_nconf_sos,opp_proj_conf_sos,opp_elite_sos,opp_elite_nconf_sos,opp_opp_oe,opp_opp_de,opp_proj_opp_oe,opp_proj_opp_de,opp_conf_adj_oe,opp_conf_adj_de,opp_qual_o,opp_qual_d,opp_qual_barthag,opp_qual_games,opp_fun,opp_conf_pf,opp_conf_pa,opp_conf_poss,opp_conf_oe,opp_conf_de,opp_conf_win%,opp_wab,opp_wab_rk,opp_fun_rk,opp_adjt,opp_qual_games_ratio
2024,college-of-charleston,195.42424242424244,104.88382630736905,192.3939393939394,107.06488892435357,206.78787878787878,0.4524577667657683,195.42424242424244,0.44837381737336657,0.4358011349359934,0.4547108753134444,0.4488070992662558,0.4358011349359934,0.4547108753134444,0.8687658881006675,0.848733328380791,105.34479370158196,106.70921035096279,105.34956841280304,106.69937711810896,104.80122351304982,107.31929843474408,96.77617868770315,97.16395008516213,0.4328727136151616,2.090909090909091,-0.0026805724594067817,1278.6969696969697,1282.969696969697,1204.0068181818176,1.0623393233258398,1.0643462765337195,0.4894781144781144,-9.985894889603742,204.54545454545453,184.4848484848485,66.33537495906397,0.06405171350509455
