Year,Team,opp_rk,opp_adjoe,opp_oe_rank,opp_adjde,opp_de_rank,opp_barthag,opp_barthag_rank,opp_sos,opp_nconf_sos,opp_conf_sos,opp_proj_sos,opp_proj_nconf_sos,opp_proj_conf_sos,opp_elite_sos,opp_elite_nconf_sos,opp_opp_oe,opp_opp_de,opp_proj_opp_oe,opp_proj_opp_de,opp_conf_adj_oe,opp_conf_adj_de,opp_qual_o,opp_qual_d,opp_qual_barthag,opp_qual_games,opp_fun,opp_conf_pf,opp_conf_pa,opp_conf_poss,opp_conf_oe,opp_conf_de,opp_conf_win%,opp_wab,opp_wab_rk,opp_fun_rk,opp_adjt,opp_qual_games_ratio
2024,texas,96.96875,111.14208187709252,110.875,100.29294101725603,97.875,0.7042302753236062,96.96875,0.6160519587502159,0.4670909177320732,0.7119742803827303,0.6180568166450133,0.4670909177320732,0.7119742803827303,0.7268375933719551,0.8292802244033645,109.02194389261503,102.41056235648635,109.08157941535647,102.35049680177553,111.87909030758915,100.9636242927479,112.73351517944434,103.77397657418032,0.6621067007599335,12.5625,0.0017188153120738401,1313.96875,1315.28125,1240.826953125,1.0588103625219771,1.0592427232898216,0.49811507936507937,-2.3556843266293255,105.03125,172.25,67.55328888743051,0.3900594639163305
