Year,Team,opp_rk,opp_adjoe,opp_oe_rank,opp_adjde,opp_de_rank,opp_barthag,opp_barthag_rank,opp_sos,opp_nconf_sos,opp_conf_sos,opp_proj_sos,opp_proj_nconf_sos,opp_proj_conf_sos,opp_elite_sos,opp_elite_nconf_sos,opp_opp_oe,opp_opp_de,opp_proj_opp_oe,opp_proj_opp_de,opp_conf_adj_oe,opp_conf_adj_de,opp_qual_o,opp_qual_d,opp_qual_barthag,opp_qual_games,opp_fun,opp_conf_pf,opp_conf_pa,opp_conf_poss,opp_conf_oe,opp_conf_de,opp_conf_win%,opp_wab,opp_wab_rk,opp_fun_rk,opp_adjt,opp_qual_games_ratio
2024,arizona,85.54545454545455,111.58711286404218,99.75757575757575,100.83310687414476,86.6969696969697,0.7310765711289602,85.54545454545455,0.6395727192823996,0.537929449468864,0.6883498795194026,0.6420264435099452,0.537929449468864,0.6883498795194026,0.740150331280324,0.7942180536860683,109.50568108897896,102.32578645961473,109.59287217685952,102.27374242219719,112.10820620760195,101.44513217454255,119.3913053483066,109.19078910781971,0.6977186313589024,9.272727272727273,-0.00008851213617711186,1457.939393939394,1435.060606060606,1356.092803030303,1.0751384617596962,1.0572299225648725,0.5531986531986531,-2.7736818466607422,93.93939393939394,183.27272727272728,67.84688562596553,0.2882913140373896
