Year,Team,opp_rk,opp_adjoe,opp_oe_rank,opp_adjde,opp_de_rank,opp_barthag,opp_barthag_rank,opp_sos,opp_nconf_sos,opp_conf_sos,opp_proj_sos,opp_proj_nconf_sos,opp_proj_conf_sos,opp_elite_sos,opp_elite_nconf_sos,opp_opp_oe,opp_opp_de,opp_proj_opp_oe,opp_proj_opp_de,opp_conf_adj_oe,opp_conf_adj_de,opp_qual_o,opp_qual_d,opp_qual_barthag,opp_qual_games,opp_fun,opp_conf_pf,opp_conf_pa,opp_conf_poss,opp_conf_oe,opp_conf_de,opp_conf_win%,opp_wab,opp_wab_rk,opp_fun_rk,opp_adjt,opp_qual_games_ratio
2024,marquette,83.29411764705883,112.8444991825346,94.58823529411765,99.93102854343542,84.70588235294117,0.7421565625602681,83.29411764705883,0.6534425653536678,0.5187065220545837,0.7243096737902379,0.6557063794622551,0.5187065220545837,0.7243096737902379,0.6976643155560533,0.7937017679925926,110.33725690543734,101.89044841424312,110.41998178175056,101.83994855214407,113.25483441058626,100.21584897638935,120.52386214244429,106.16544986653348,0.7605854082015557,14.088235294117647,-0.006616358341021496,1433.4411764705883,1417.764705882353,1331.6367647058823,1.0767067061789166,1.0638019657812627,0.5180147058823529,-1.5300459518987763,93.02941176470588,193.2058823529412,66.81211240965706,0.4369447559082284
