Year,Team,opp_rk,opp_adjoe,opp_oe_rank,opp_adjde,opp_de_rank,opp_barthag,opp_barthag_rank,opp_sos,opp_nconf_sos,opp_conf_sos,opp_proj_sos,opp_proj_nconf_sos,opp_proj_conf_sos,opp_elite_sos,opp_elite_nconf_sos,opp_opp_oe,opp_opp_de,opp_proj_opp_oe,opp_proj_opp_de,opp_conf_adj_oe,opp_conf_adj_de,opp_qual_o,opp_qual_d,opp_qual_barthag,opp_qual_games,opp_fun,opp_conf_pf,opp_conf_pa,opp_conf_poss,opp_conf_oe,opp_conf_de,opp_conf_win%,opp_wab,opp_wab_rk,opp_fun_rk,opp_adjt,opp_qual_games_ratio
2024,houston,84.44117647058823,111.43215857432986,97.52941176470588,99.90937258343156,90.26470588235294,0.7343452574418555,84.44117647058823,0.613142365816762,0.4636778497045717,0.7103751010934465,0.6147526041221728,0.4636778497045717,0.7103751010934465,0.726523713648973,0.8252484794459041,109.06732889789383,102.4228130432574,109.13278544804757,102.38238745763918,111.8043351080081,100.21562756882427,116.97569033882588,105.26203609511316,0.7322597330893427,11.911764705882353,0.0014782172956894328,1294.4705882352941,1286.3823529411766,1221.3158088235296,1.060216843497655,1.0536117856365967,0.508876050420168,-1.930095804458107,88.6470588235294,175.55882352941177,67.35268709861253,0.36777891197582335
