Year,Team,opp_rk,opp_adjoe,opp_oe_rank,opp_adjde,opp_de_rank,opp_barthag,opp_barthag_rank,opp_sos,opp_nconf_sos,opp_conf_sos,opp_proj_sos,opp_proj_nconf_sos,opp_proj_conf_sos,opp_elite_sos,opp_elite_nconf_sos,opp_opp_oe,opp_opp_de,opp_proj_opp_oe,opp_proj_opp_de,opp_conf_adj_oe,opp_conf_adj_de,opp_qual_o,opp_qual_d,opp_qual_barthag,opp_qual_games,opp_fun,opp_conf_pf,opp_conf_pa,opp_conf_poss,opp_conf_oe,opp_conf_de,opp_conf_win%,opp_wab,opp_wab_rk,opp_fun_rk,opp_adjt,opp_qual_games_ratio
2024,oregon,94.81818181818181,111.03336257896295,106.81818181818181,101.17960274147582,94.57575757575758,0.7066890452790764,94.81818181818181,0.6327578737312232,0.5316825777996396,0.6843860566750032,0.6342243327045901,0.5316825777996396,0.6843860566750032,0.7476217465088587,0.7969947309918354,109.4442279619583,102.49375601713756,109.48424618908592,102.47080642857613,111.46122002457558,102.17472323982665,117.8166298811469,108.23828031704953,0.6683657513547823,9.212121212121213,-0.015016457272934169,1449.090909090909,1443.060606060606,1352.8723484848488,1.0698221767328067,1.0663719581666642,0.5032407407407408,-3.770183481263084,108.57575757575758,211.4848484848485,68.17460812266019,0.2858369839262156
