Year,Team,opp_rk,opp_adjoe,opp_oe_rank,opp_adjde,opp_de_rank,opp_barthag,opp_barthag_rank,opp_sos,opp_nconf_sos,opp_conf_sos,opp_proj_sos,opp_proj_nconf_sos,opp_proj_conf_sos,opp_elite_sos,opp_elite_nconf_sos,opp_opp_oe,opp_opp_de,opp_proj_opp_oe,opp_proj_opp_de,opp_conf_adj_oe,opp_conf_adj_de,opp_qual_o,opp_qual_d,opp_qual_barthag,opp_qual_games,opp_fun,opp_conf_pf,opp_conf_pa,opp_conf_poss,opp_conf_oe,opp_conf_de,opp_conf_win%,opp_wab,opp_wab_rk,opp_fun_rk,opp_adjt,opp_qual_games_ratio
2024,northwestern,110.21875,111.07801976735371,119.53125,101.90223367865332,118.25,0.678057696630754,110.21875,0.6402940027518984,0.5001974587350053,0.701320821308798,0.6423855224532333,0.5001974587350053,0.701320821308798,0.7276593383913961,0.8131328246386238,109.81553390901486,102.49667015020513,109.88773650506535,102.45221601144799,108.67117858144455,99.32807811955368,119.02665656915141,107.85803975543713,0.7063202015086527,10.875,-0.0012756105416896844,1380.375,1399.9375,1290.540625,1.0357192511610578,1.0502431406468724,0.45881076388888875,-3.6462963553298793,116.96875,179.09375,67.43286436747837,0.34152481213343105
