Year,Team,opp_rk,opp_adjoe,opp_oe_rank,opp_adjde,opp_de_rank,opp_barthag,opp_barthag_rank,opp_sos,opp_nconf_sos,opp_conf_sos,opp_proj_sos,opp_proj_nconf_sos,opp_proj_conf_sos,opp_elite_sos,opp_elite_nconf_sos,opp_opp_oe,opp_opp_de,opp_proj_opp_oe,opp_proj_opp_de,opp_conf_adj_oe,opp_conf_adj_de,opp_qual_o,opp_qual_d,opp_qual_barthag,opp_qual_games,opp_fun,opp_conf_pf,opp_conf_pa,opp_conf_poss,opp_conf_oe,opp_conf_de,opp_conf_win%,opp_wab,opp_wab_rk,opp_fun_rk,opp_adjt,opp_qual_games_ratio
2024,south-dakota-state,208.89655172413794,105.0215478573762,188.75862068965517,108.12806537387095,224.10344827586206,0.4250393439352149,208.89655172413794,0.41463636501765666,0.39064649448491573,0.4281307047307241,0.41479172388686214,0.39064649448491573,0.4281307047307241,0.8734509914584476,0.862886126219541,105.42234692099451,107.30026971395745,105.4331320274065,107.30837777241882,105.12715551929246,108.48709244359064,99.59145556564998,97.61267238563462,0.4862926098701156,2.896551724137931,-0.006140669149657553,1228.5172413793102,1233.0,1142.342672413793,1.0766234976659979,1.0792481551751292,0.47345374931581824,-10.020096347756441,211.3448275862069,192.10344827586206,66.81305690822315,0.08931455330640696
