Year,Team,opp_rk,opp_adjoe,opp_oe_rank,opp_adjde,opp_de_rank,opp_barthag,opp_barthag_rank,opp_sos,opp_nconf_sos,opp_conf_sos,opp_proj_sos,opp_proj_nconf_sos,opp_proj_conf_sos,opp_elite_sos,opp_elite_nconf_sos,opp_opp_oe,opp_opp_de,opp_proj_opp_oe,opp_proj_opp_de,opp_conf_adj_oe,opp_conf_adj_de,opp_qual_o,opp_qual_d,opp_qual_barthag,opp_qual_games,opp_fun,opp_conf_pf,opp_conf_pa,opp_conf_poss,opp_conf_oe,opp_conf_de,opp_conf_win%,opp_wab,opp_wab_rk,opp_fun_rk,opp_adjt,opp_qual_games_ratio
2024,texas-tech,93.72727272727273,111.242520607064,105.81818181818181,100.24710535369175,99.57575757575758,0.7129901303789444,93.72727272727273,0.6189068311907447,0.45849924154226,0.7235434558081673,0.6200315248630636,0.45849924154226,0.7235434558081673,0.7242109328030575,0.8362865488393031,109.28297607449737,102.39347113781248,109.30780435908493,102.36235362441771,112.00338106911175,100.91293512704203,115.38302762724491,105.15377299141905,0.6968535973024714,12.727272727272727,-0.011913458243574582,1302.2727272727273,1313.6969696969697,1232.958712121212,1.0568093842372286,1.0656857128726647,0.480513468013468,-2.743855797318799,106.42424242424242,202.57575757575756,67.30760853736645,0.39382847580514474
