Year,Team,opp_rk,opp_adjoe,opp_oe_rank,opp_adjde,opp_de_rank,opp_barthag,opp_barthag_rank,opp_sos,opp_nconf_sos,opp_conf_sos,opp_proj_sos,opp_proj_nconf_sos,opp_proj_conf_sos,opp_elite_sos,opp_elite_nconf_sos,opp_opp_oe,opp_opp_de,opp_proj_opp_oe,opp_proj_opp_de,opp_conf_adj_oe,opp_conf_adj_de,opp_qual_o,opp_qual_d,opp_qual_barthag,opp_qual_games,opp_fun,opp_conf_pf,opp_conf_pa,opp_conf_poss,opp_conf_oe,opp_conf_de,opp_conf_win%,opp_wab,opp_wab_rk,opp_fun_rk,opp_adjt,opp_qual_games_ratio
2024,vermont,211.65625,103.5464769022072,214.125,106.93949464087072,202.875,0.4134562910100579,211.65625,0.41737611222608784,0.4253575705702874,0.4066324799424378,0.4190253347643883,0.4253575705702874,0.4066324799424378,0.8764048588435507,0.8483531256886715,103.40345319834383,106.0561422189902,103.43984694188823,106.02722101455171,103.97214529050865,107.49510024355277,94.42065013044554,98.048322688948,0.3786493825397065,1.90625,0.004588785538624893,1216.21875,1206.59375,1155.3078125000004,1.0508554558951355,1.0447143918430972,0.5040364583333333,-9.747658078682122,204.125,168.625,68.85038380055938,0.0601664485444027
