Year,Team,opp_rk,opp_adjoe,opp_oe_rank,opp_adjde,opp_de_rank,opp_barthag,opp_barthag_rank,opp_sos,opp_nconf_sos,opp_conf_sos,opp_proj_sos,opp_proj_nconf_sos,opp_proj_conf_sos,opp_elite_sos,opp_elite_nconf_sos,opp_opp_oe,opp_opp_de,opp_proj_opp_oe,opp_proj_opp_de,opp_conf_adj_oe,opp_conf_adj_de,opp_qual_o,opp_qual_d,opp_qual_barthag,opp_qual_games,opp_fun,opp_conf_pf,opp_conf_pa,opp_conf_poss,opp_conf_oe,opp_conf_de,opp_conf_win%,opp_wab,opp_wab_rk,opp_fun_rk,opp_adjt,opp_qual_games_ratio
2024,boise-state,104.73333333333333,110.31507925475844,108.56666666666666,101.62025318567258,107.7,0.6837028737959889,104.73333333333333,0.5769547060284542,0.4644909870096909,0.6491029643363626,0.5798195525275441,0.4644909870096909,0.6491029643363626,0.781035188839743,0.8433594673889278,108.68318016030872,103.89668434403951,108.74487005944154,103.83844911881611,111.18642244464552,102.64698950503713,115.6190295389142,107.39085294327168,0.6639480042148237,8.633333333333333,-0.00019615505976686894,1320.6666666666667,1304.8333333333333,1224.1783333333328,1.0795643592383175,1.0669224965640853,0.5093518518518517,-3.7926775683080107,116.56666666666666,183.26666666666668,66.57631237768545,0.26752301238188336
