Year,Team,opp_rk,opp_adjoe,opp_oe_rank,opp_adjde,opp_de_rank,opp_barthag,opp_barthag_rank,opp_sos,opp_nconf_sos,opp_conf_sos,opp_proj_sos,opp_proj_nconf_sos,opp_proj_conf_sos,opp_elite_sos,opp_elite_nconf_sos,opp_opp_oe,opp_opp_de,opp_proj_opp_oe,opp_proj_opp_de,opp_conf_adj_oe,opp_conf_adj_de,opp_qual_o,opp_qual_d,opp_qual_barthag,opp_qual_games,opp_fun,opp_conf_pf,opp_conf_pa,opp_conf_poss,opp_conf_oe,opp_conf_de,opp_conf_win%,opp_wab,opp_wab_rk,opp_fun_rk,opp_adjt,opp_qual_games_ratio
2024,illinois,92.0,111.31439408666236,112.67647058823529,100.34099103861037,92.38235294117646,0.7181536889954001,92.0,0.6316611106204537,0.4992818037222171,0.7005716911173104,0.6340895089378129,0.4992818037222171,0.7005716911173104,0.7235082602001341,0.7992111493312517,109.76256606688838,102.71797694201105,109.84181911638159,102.66821555422489,111.89983392952266,100.99516236022254,119.20755627490064,106.61708615737678,0.7316726622068259,11.264705882352942,0.002089388294718251,1423.5,1411.764705882353,1326.9624999999996,1.0722894142419082,1.0623772178159925,0.5188316993464052,-2.222439776029416,95.3529411764706,174.44117647058823,67.22156262741932,0.3532938986358731
