Year,Team,opp_rk,opp_adjoe,opp_oe_rank,opp_adjde,opp_de_rank,opp_barthag,opp_barthag_rank,opp_sos,opp_nconf_sos,opp_conf_sos,opp_proj_sos,opp_proj_nconf_sos,opp_proj_conf_sos,opp_elite_sos,opp_elite_nconf_sos,opp_opp_oe,opp_opp_de,opp_proj_opp_oe,opp_proj_opp_de,opp_conf_adj_oe,opp_conf_adj_de,opp_qual_o,opp_qual_d,opp_qual_barthag,opp_qual_games,opp_fun,opp_conf_pf,opp_conf_pa,opp_conf_poss,opp_conf_oe,opp_conf_de,opp_conf_win%,opp_wab,opp_wab_rk,opp_fun_rk,opp_adjt,opp_qual_games_ratio
2024,north-carolina-state,108.61111111111111,110.17830565788627,117.94444444444444,101.58091748553429,113.44444444444444,0.6760618992236316,108.61111111111111,0.6257881922529047,0.4955958354743286,0.6949286518895014,0.6270914464517199,0.4955958354743286,0.6949286518895014,0.7522367413908047,0.8217858800769124,109.35249328682491,102.93600422810148,109.384998728503,102.90677800061377,110.24706107339685,101.91688049619039,115.96419005236167,107.18663290057683,0.6502110908769768,8.86111111111111,0.00952203227846116,1400.8055555555557,1409.75,1320.9013888888887,1.0585513559657278,1.0669006049882335,0.49937169312169316,-3.6422920584047156,114.25,159.94444444444446,67.53431368431193,0.2751519318823472
