Year,Team,opp_rk,opp_adjoe,opp_oe_rank,opp_adjde,opp_de_rank,opp_barthag,opp_barthag_rank,opp_sos,opp_nconf_sos,opp_conf_sos,opp_proj_sos,opp_proj_nconf_sos,opp_proj_conf_sos,opp_elite_sos,opp_elite_nconf_sos,opp_opp_oe,opp_opp_de,opp_proj_opp_oe,opp_proj_opp_de,opp_conf_adj_oe,opp_conf_adj_de,opp_qual_o,opp_qual_d,opp_qual_barthag,opp_qual_games,opp_fun,opp_conf_pf,opp_conf_pa,opp_conf_poss,opp_conf_oe,opp_conf_de,opp_conf_win%,opp_wab,opp_wab_rk,opp_fun_rk,opp_adjt,opp_qual_games_ratio
2024,alabama-birmingham,135.5151515151515,108.39930515252577,134.1818181818182,104.13868627775332,148.12121212121212,0.6005286418380545,135.5151515151515,0.5206288277328346,0.47305698630103854,0.5471306595885939,0.5220041165230409,0.47305698630103854,0.5471306595885939,0.8369842989403334,0.8442323521465488,106.74057005084478,105.18280643820319,106.76830355247799,105.15942243624684,108.65766241593575,104.53157754155268,103.63641788029734,100.93095233437391,0.5069093963155259,3.303030303030303,0.0011904870230664386,1350.3939393939395,1314.3939393939395,1245.3522727272727,1.0837108857071567,1.0552386802131901,0.5449074074074076,-6.490792773111823,152.84848484848484,182.93939393939394,67.4889007762622,0.10314808959065348
