Year,Team,opp_rk,opp_adjoe,opp_oe_rank,opp_adjde,opp_de_rank,opp_barthag,opp_barthag_rank,opp_sos,opp_nconf_sos,opp_conf_sos,opp_proj_sos,opp_proj_nconf_sos,opp_proj_conf_sos,opp_elite_sos,opp_elite_nconf_sos,opp_opp_oe,opp_opp_de,opp_proj_opp_oe,opp_proj_opp_de,opp_conf_adj_oe,opp_conf_adj_de,opp_qual_o,opp_qual_d,opp_qual_barthag,opp_qual_games,opp_fun,opp_conf_pf,opp_conf_pa,opp_conf_poss,opp_conf_oe,opp_conf_de,opp_conf_win%,opp_wab,opp_wab_rk,opp_fun_rk,opp_adjt,opp_qual_games_ratio
2024,drake,153.9090909090909,107.22353411889958,156.12121212121212,104.78201536953996,158.33333333333334,0.5525418546534924,153.9090909090909,0.506604516631414,0.45132456135338284,0.5288133530000846,0.5064515438248888,0.45132456135338284,0.5288133530000846,0.8353856460688273,0.8353210061516824,106.24588642035218,105.1256181669234,106.23521024360802,105.12668876896304,108.1088429260903,105.7435158127142,109.5382406245931,108.17580296177617,0.5035805933932797,4.484848484848484,0.013951480596474703,1425.090909090909,1407.4242424242425,1329.5018939393944,1.0730963909707012,1.0586964416236337,0.5467592592592593,-6.8666090097430175,153.06060606060606,149.57575757575756,67.42700622268978,0.13723867535106102
