Year,Team,opp_rk,opp_adjoe,opp_oe_rank,opp_adjde,opp_de_rank,opp_barthag,opp_barthag_rank,opp_sos,opp_nconf_sos,opp_conf_sos,opp_proj_sos,opp_proj_nconf_sos,opp_proj_conf_sos,opp_elite_sos,opp_elite_nconf_sos,opp_opp_oe,opp_opp_de,opp_proj_opp_oe,opp_proj_opp_de,opp_conf_adj_oe,opp_conf_adj_de,opp_qual_o,opp_qual_d,opp_qual_barthag,opp_qual_games,opp_fun,opp_conf_pf,opp_conf_pa,opp_conf_poss,opp_conf_oe,opp_conf_de,opp_conf_win%,opp_wab,opp_wab_rk,opp_fun_rk,opp_adjt,opp_qual_games_ratio
2024,florida,96.05714285714286,111.7330852741088,106.37142857142857,101.48856381990203,105.71428571428571,0.7054203097172292,96.05714285714286,0.6277574207702374,0.518031491128643,0.7012678788723198,0.6304714734320608,0.518031491128643,0.7012678788723198,0.7331291383649675,0.8056848342611861,109.73905285612952,103.02731300218362,109.81087438271095,102.96249618864896,112.01642822154399,101.83452795649114,117.14681602533356,107.37837573126218,0.6944894898787826,9.82857142857143,-0.0037903872200953856,1368.9714285714285,1368.2285714285715,1271.1878571428572,1.0749945847811702,1.0757081940755502,0.5082936507936507,-2.97021960033364,102.22857142857143,183.54285714285714,67.8989884635755,0.30848414423914977
