Year,Team,opp_rk,opp_adjoe,opp_oe_rank,opp_adjde,opp_de_rank,opp_barthag,opp_barthag_rank,opp_sos,opp_nconf_sos,opp_conf_sos,opp_proj_sos,opp_proj_nconf_sos,opp_proj_conf_sos,opp_elite_sos,opp_elite_nconf_sos,opp_opp_oe,opp_opp_de,opp_proj_opp_oe,opp_proj_opp_de,opp_conf_adj_oe,opp_conf_adj_de,opp_qual_o,opp_qual_d,opp_qual_barthag,opp_qual_games,opp_fun,opp_conf_pf,opp_conf_pa,opp_conf_poss,opp_conf_oe,opp_conf_de,opp_conf_win%,opp_wab,opp_wab_rk,opp_fun_rk,opp_adjt,opp_qual_games_ratio
2024,kentucky,106.59375,110.9690074946942,107.40625,101.94258232022848,118.96875,0.6789039580836546,106.59375,0.6231127389155756,0.512979509484501,0.694474191314492,0.6256637501866918,0.512979509484501,0.694474191314492,0.7385185607784588,0.8044656189284407,109.84619889818346,103.15603324303088,109.93408014771205,103.10563367864995,111.32184334318448,102.37737352257776,117.36303861844559,105.71489669484833,0.7162249517180679,9.28125,-0.0014174122946949167,1335.125,1344.6875,1244.5839843750002,1.0722441599899422,1.0806909693052678,0.4691530257936508,-3.676784724991744,117.34375,179.1875,68.02659271677273,0.29071617480070444
