Year,Team,opp_rk,opp_adjoe,opp_oe_rank,opp_adjde,opp_de_rank,opp_barthag,opp_barthag_rank,opp_sos,opp_nconf_sos,opp_conf_sos,opp_proj_sos,opp_proj_nconf_sos,opp_proj_conf_sos,opp_elite_sos,opp_elite_nconf_sos,opp_opp_oe,opp_opp_de,opp_proj_opp_oe,opp_proj_opp_de,opp_conf_adj_oe,opp_conf_adj_de,opp_qual_o,opp_qual_d,opp_qual_barthag,opp_qual_games,opp_fun,opp_conf_pf,opp_conf_pa,opp_conf_poss,opp_conf_oe,opp_conf_de,opp_conf_win%,opp_wab,opp_wab_rk,opp_fun_rk,opp_adjt,opp_qual_games_ratio
2024,south-carolina,121.42424242424242,109.93852454631792,122.18181818181819,102.57688369188429,129.0,0.6454944336596259,121.42424242424242,0.6163321181276785,0.5015518959441002,0.695328027391916,0.6184708645130657,0.5015518959441002,0.695328027391916,0.7464483795048983,0.8139765460251637,109.73439345026843,103.39287973611758,109.78798735404315,103.34228540764859,110.36140507682165,103.27078977627178,115.73429947201845,106.54665870578862,0.6787794141026925,9.121212121212121,-0.014648253771197918,1346.969696969697,1383.7272727272727,1265.5386363636364,1.063534874910629,1.0933447340816747,0.4223484848484848,-4.89408312678985,133.63636363636363,203.0909090909091,68.32110065583262,0.28648082095093924
