Year,Team,opp_rk,opp_adjoe,opp_oe_rank,opp_adjde,opp_de_rank,opp_barthag,opp_barthag_rank,opp_sos,opp_nconf_sos,opp_conf_sos,opp_proj_sos,opp_proj_nconf_sos,opp_proj_conf_sos,opp_elite_sos,opp_elite_nconf_sos,opp_opp_oe,opp_opp_de,opp_proj_opp_oe,opp_proj_opp_de,opp_conf_adj_oe,opp_conf_adj_de,opp_qual_o,opp_qual_d,opp_qual_barthag,opp_qual_games,opp_fun,opp_conf_pf,opp_conf_pa,opp_conf_poss,opp_conf_oe,opp_conf_de,opp_conf_win%,opp_wab,opp_wab_rk,opp_fun_rk,opp_adjt,opp_qual_games_ratio
2024,duke,101.7741935483871,110.51300264115042,112.80645161290323,101.46352959918147,106.38709677419355,0.6898164999300987,101.7741935483871,0.6345624053047211,0.5017970877947692,0.7052718426239948,0.6362591193790788,0.5017970877947692,0.7052718426239948,0.7455970541214652,0.813491494370464,109.56045044494195,102.8221870444675,109.59207358211654,102.76365190951894,110.63169146844454,101.69026585312992,116.34007149193556,107.30398633211246,0.659140787244334,9.064516129032258,-0.004414450851866341,1399.6774193548388,1405.774193548387,1317.5467741935483,1.0607534694842762,1.0675509437344388,0.4820276497695853,-3.913311911168733,116.16129032258064,184.90322580645162,67.28907387806845,0.2796412096933918
