Year,Team,opp_rk,opp_adjoe,opp_oe_rank,opp_adjde,opp_de_rank,opp_barthag,opp_barthag_rank,opp_sos,opp_nconf_sos,opp_conf_sos,opp_proj_sos,opp_proj_nconf_sos,opp_proj_conf_sos,opp_elite_sos,opp_elite_nconf_sos,opp_opp_oe,opp_opp_de,opp_proj_opp_oe,opp_proj_opp_de,opp_conf_adj_oe,opp_conf_adj_de,opp_qual_o,opp_qual_d,opp_qual_barthag,opp_qual_games,opp_fun,opp_conf_pf,opp_conf_pa,opp_conf_poss,opp_conf_oe,opp_conf_de,opp_conf_win%,opp_wab,opp_wab_rk,opp_fun_rk,opp_adjt,opp_qual_games_ratio
2024,north-carolina,88.61764705882354,111.95797443254256,92.91176470588235,101.1068965854247,98.02941176470588,0.7270824588925173,88.61764705882354,0.6388618823078128,0.4993455127729818,0.7126997090325649,0.6404404930524694,0.4993455127729818,0.7126997090325649,0.7380335459032974,0.8120439513164726,109.73414463210324,102.70772828423655,109.75055123276071,102.65055041717271,112.24693731906936,101.39601941677108,117.96356403065124,107.07885648840342,0.7106611489053563,9.852941176470589,0.006551513613812804,1430.2941176470588,1422.5882352941176,1332.4466911764705,1.0731573956452327,1.067258305051737,0.5078022875816995,-2.69123520016041,98.0,164.52941176470588,67.59327632448509,0.3040364437995312
