Year,Team,opp_rk,opp_adjoe,opp_oe_rank,opp_adjde,opp_de_rank,opp_barthag,opp_barthag_rank,opp_sos,opp_nconf_sos,opp_conf_sos,opp_proj_sos,opp_proj_nconf_sos,opp_proj_conf_sos,opp_elite_sos,opp_elite_nconf_sos,opp_opp_oe,opp_opp_de,opp_proj_opp_oe,opp_proj_opp_de,opp_conf_adj_oe,opp_conf_adj_de,opp_qual_o,opp_qual_d,opp_qual_barthag,opp_qual_games,opp_fun,opp_conf_pf,opp_conf_pa,opp_conf_poss,opp_conf_oe,opp_conf_de,opp_conf_win%,opp_wab,opp_wab_rk,opp_fun_rk,opp_adjt,opp_qual_games_ratio
2024,yale,166.86206896551724,107.13170022805748,156.31034482758622,106.31634711824968,192.0344827586207,0.5120611472219064,166.86206896551724,0.45304922933276387,0.43531777911384545,0.46966342032900443,0.45517249442823093,0.43531777911384545,0.46966342032900443,0.8544480313390718,0.8438981023406324,105.27159629950465,105.94424527070052,105.32316543981442,105.91345218006755,107.6909863675202,106.71462869947956,87.83298077549107,90.52588821234542,0.345897170087968,2.5172413793103448,0.016522365514254407,1140.7586206896551,1109.6896551724137,1046.2745689655176,1.088925621582251,1.0641414805734188,0.5607074438970991,-6.725395637084877,156.72413793103448,158.9655172413793,67.50310047927158,0.0805955477818879
