Year,Team,opp_rk,opp_adjoe,opp_oe_rank,opp_adjde,opp_de_rank,opp_barthag,opp_barthag_rank,opp_sos,opp_nconf_sos,opp_conf_sos,opp_proj_sos,opp_proj_nconf_sos,opp_proj_conf_sos,opp_elite_sos,opp_elite_nconf_sos,opp_opp_oe,opp_opp_de,opp_proj_opp_oe,opp_proj_opp_de,opp_conf_adj_oe,opp_conf_adj_de,opp_qual_o,opp_qual_d,opp_qual_barthag,opp_qual_games,opp_fun,opp_conf_pf,opp_conf_pa,opp_conf_poss,opp_conf_oe,opp_conf_de,opp_conf_win%,opp_wab,opp_wab_rk,opp_fun_rk,opp_adjt,opp_qual_games_ratio
2024,oakland,200.6451612903226,106.22273873875456,175.09677419354838,108.69501980645727,233.96774193548387,0.4423293967874377,200.6451612903226,0.4464804755868876,0.44282166482150775,0.44549837506069245,0.44722625809827926,0.44282166482150775,0.44549837506069245,0.8567463496010815,0.8357172337711752,105.6026349815974,107.09381316541527,105.63901607474942,107.08424631093486,106.37192898269903,108.79706421979249,106.94184851276209,106.56150001582976,0.49804244954467963,3.6129032258064515,-0.00013200884048461536,1470.032258064516,1469.0645161290322,1355.4157258064517,1.0836633957748518,1.0836317598329843,0.5030913978494624,-9.617479008123812,194.7741935483871,174.5483870967742,67.69514112864859,0.11187360172524213
