Year,Team,opp_rk,opp_adjoe,opp_oe_rank,opp_adjde,opp_de_rank,opp_barthag,opp_barthag_rank,opp_sos,opp_nconf_sos,opp_conf_sos,opp_proj_sos,opp_proj_nconf_sos,opp_proj_conf_sos,opp_elite_sos,opp_elite_nconf_sos,opp_opp_oe,opp_opp_de,opp_proj_opp_oe,opp_proj_opp_de,opp_conf_adj_oe,opp_conf_adj_de,opp_qual_o,opp_qual_d,opp_qual_barthag,opp_qual_games,opp_fun,opp_conf_pf,opp_conf_pa,opp_conf_poss,opp_conf_oe,opp_conf_de,opp_conf_win%,opp_wab,opp_wab_rk,opp_fun_rk,opp_adjt,opp_qual_games_ratio
2024,tennessee,86.03125,113.65615000597906,82.8125,101.7394297351786,109.6875,0.7329264282511967,86.03125,0.6356465055129609,0.5064349062305784,0.7199078582094165,0.6390675453343728,0.5064349062305784,0.7199078582094165,0.7284357139390704,0.8098054037777955,109.97734423399594,102.68276896605236,110.09038501664084,102.62017371364185,114.01313588509164,102.13848677492945,117.3351094899539,105.37053646047795,0.7207506718822235,9.84375,0.02177526950108011,1390.375,1379.1875,1272.951171875,1.0897823349444562,1.0829608123239598,0.544518849206349,-1.4447711600510085,85.15625,142.09375,67.9099433055125,0.308988058658214
