Year,Team,opp_rk,opp_adjoe,opp_oe_rank,opp_adjde,opp_de_rank,opp_barthag,opp_barthag_rank,opp_sos,opp_nconf_sos,opp_conf_sos,opp_proj_sos,opp_proj_nconf_sos,opp_proj_conf_sos,opp_elite_sos,opp_elite_nconf_sos,opp_opp_oe,opp_opp_de,opp_proj_opp_oe,opp_proj_opp_de,opp_conf_adj_oe,opp_conf_adj_de,opp_qual_o,opp_qual_d,opp_qual_barthag,opp_qual_games,opp_fun,opp_conf_pf,opp_conf_pa,opp_conf_poss,opp_conf_oe,opp_conf_de,opp_conf_win%,opp_wab,opp_wab_rk,opp_fun_rk,opp_adjt,opp_qual_games_ratio
2024,nebraska,101.84848484848484,110.64223276720188,120.03030303030303,101.47033664594649,106.48484848484848,0.6904768333766751,101.84848484848484,0.6313805490080355,0.4859931185603982,0.7058066181844881,0.6337199382873664,0.4859931185603982,0.7058066181844881,0.7260065431020539,0.8126634744877067,109.59663612421267,102.49189130613482,109.68587867359575,102.45923144098579,111.35576625420914,101.84209974203884,117.76688079245965,108.30884534498337,0.6729434730687069,11.06060606060606,0.004613736582122755,1402.121212121212,1417.1515151515152,1319.344318181818,1.0618260698181061,1.0729005856775393,0.4776455026455025,-3.2713127000736444,107.75757575757575,171.24242424242425,67.10815219157848,0.34683967234718066
