Year,Team,opp_rk,opp_adjoe,opp_oe_rank,opp_adjde,opp_de_rank,opp_barthag,opp_barthag_rank,opp_sos,opp_nconf_sos,opp_conf_sos,opp_proj_sos,opp_proj_nconf_sos,opp_proj_conf_sos,opp_elite_sos,opp_elite_nconf_sos,opp_opp_oe,opp_opp_de,opp_proj_opp_oe,opp_proj_opp_de,opp_conf_adj_oe,opp_conf_adj_de,opp_qual_o,opp_qual_d,opp_qual_barthag,opp_qual_games,opp_fun,opp_conf_pf,opp_conf_pa,opp_conf_poss,opp_conf_oe,opp_conf_de,opp_conf_win%,opp_wab,opp_wab_rk,opp_fun_rk,opp_adjt,opp_qual_games_ratio
2024,wagner,266.5925925925926,99.00848569537436,274.962962962963,108.53562526933719,238.25925925925927,0.29040640408953555,266.5925925925926,0.3546081746035406,0.4164995944290656,0.29979131614011023,0.3549431566057249,0.4164995944290656,0.29979131614011023,0.8880966629943048,0.8500662988245332,101.52160281845627,107.40697155110696,101.52538688228555,107.39214178113961,99.82800944825054,108.84466152623719,73.1005317837577,78.67417280987875,0.23945351690753397,2.6666666666666665,-0.002985372488302395,1191.6666666666667,1188.851851851852,1160.977777777778,1.025023543842337,1.0223703546467366,0.5217298647854203,-12.20659766226634,241.96296296296296,189.25925925925927,68.11702067145,0.08291694778532002
