Year,Team,opp_rk,opp_adjoe,opp_oe_rank,opp_adjde,opp_de_rank,opp_barthag,opp_barthag_rank,opp_sos,opp_nconf_sos,opp_conf_sos,opp_proj_sos,opp_proj_nconf_sos,opp_proj_conf_sos,opp_elite_sos,opp_elite_nconf_sos,opp_opp_oe,opp_opp_de,opp_proj_opp_oe,opp_proj_opp_de,opp_conf_adj_oe,opp_conf_adj_de,opp_qual_o,opp_qual_d,opp_qual_barthag,opp_qual_games,opp_fun,opp_conf_pf,opp_conf_pa,opp_conf_poss,opp_conf_oe,opp_conf_de,opp_conf_win%,opp_wab,opp_wab_rk,opp_fun_rk,opp_adjt,opp_qual_games_ratio
2025,drake,171.8709677419355,107.03083679691106,165.5483870967742,107.1103718206322,190.16129032258064,0.4947584639193155,171.8709677419355,0.49475883598276027,0.4291479254294634,0.5278108234015406,0.49475883598276027,0.4291479254294634,0.5278108234015406,0.849846876717716,0.8659311939360639,107.18221249854483,106.29889786613253,107.18221249854483,106.29889786613253,107.38687916534943,107.66470592083138,108.98905866540761,106.19077169144904,0.5481057290787834,2.3548387096774195,-0.002062165882830259,1427.516129032258,1455.5806451612902,1336.389516129033,1.0684246284738972,1.0888813094658585,0.4602150537634409,-9.850283695106118,196.67741935483872,178.74193548387098,67.42807552963842,0.07276369775987207
