Year,Team,opp_rk,opp_adjoe,opp_oe_rank,opp_adjde,opp_de_rank,opp_barthag,opp_barthag_rank,opp_sos,opp_nconf_sos,opp_conf_sos,opp_proj_sos,opp_proj_nconf_sos,opp_proj_conf_sos,opp_elite_sos,opp_elite_nconf_sos,opp_opp_oe,opp_opp_de,opp_proj_opp_oe,opp_proj_opp_de,opp_conf_adj_oe,opp_conf_adj_de,opp_qual_o,opp_qual_d,opp_qual_barthag,opp_qual_games,opp_fun,opp_conf_pf,opp_conf_pa,opp_conf_poss,opp_conf_oe,opp_conf_de,opp_conf_win%,opp_wab,opp_wab_rk,opp_fun_rk,opp_adjt,opp_qual_games_ratio
2025,auburn,59.75757575757576,116.62829866330169,63.54545454545455,98.6984605696776,68.66666666666667,0.8145042867085037,59.75757575757576,0.6692299481801848,0.5099983563113926,0.7696394046617174,0.6704884338595745,0.5099983563113926,0.7696394046617174,0.6651628187665188,0.7851210057819561,112.29738650349398,102.29001836087119,112.36526788431296,102.2524789751581,117.22239395011538,99.03429729568305,123.66296264016394,104.39580112411744,0.8049552499382582,13.727272727272727,0.02160905296787784,1388.3030303030303,1345.060606060606,1258.1856060606058,1.1017909700202977,1.06892628959109,0.5690656565656567,1.4311188108827082,61.84848484848485,139.5151515151515,67.58386656898,0.421057258991751
