Year,Team,opp_rk,opp_adjoe,opp_oe_rank,opp_adjde,opp_de_rank,opp_barthag,opp_barthag_rank,opp_sos,opp_nconf_sos,opp_conf_sos,opp_proj_sos,opp_proj_nconf_sos,opp_proj_conf_sos,opp_elite_sos,opp_elite_nconf_sos,opp_opp_oe,opp_opp_de,opp_proj_opp_oe,opp_proj_opp_de,opp_conf_adj_oe,opp_conf_adj_de,opp_qual_o,opp_qual_d,opp_qual_barthag,opp_qual_games,opp_fun,opp_conf_pf,opp_conf_pa,opp_conf_poss,opp_conf_oe,opp_conf_de,opp_conf_win%,opp_wab,opp_wab_rk,opp_fun_rk,opp_adjt,opp_qual_games_ratio
2025,texas,98.91176470588235,112.68145359335007,106.44117647058823,101.50047706089812,103.11764705882354,0.7149061219056945,98.91176470588235,0.6433046294727225,0.5088146631580087,0.7281847837234785,0.6444328237319661,0.5088146631580087,0.7281847837234785,0.6829288087187797,0.7845815554017636,111.33099007261546,102.75074457720731,111.37751834638128,102.70995979154172,113.23285254972245,101.82212265523336,118.1678926532247,105.6267628263488,0.7114617650741893,12.941176470588236,0.01080026885231686,1334.6764705882354,1356.5882352941176,1250.4286764705882,1.0663596063217602,1.0839448653623305,0.46729691876750695,-1.8951289649999055,101.32352941176471,154.23529411764707,67.6125140170382,0.40041831982059695
