Year,Team,opp_rk,opp_adjoe,opp_oe_rank,opp_adjde,opp_de_rank,opp_barthag,opp_barthag_rank,opp_sos,opp_nconf_sos,opp_conf_sos,opp_proj_sos,opp_proj_nconf_sos,opp_proj_conf_sos,opp_elite_sos,opp_elite_nconf_sos,opp_opp_oe,opp_opp_de,opp_proj_opp_oe,opp_proj_opp_de,opp_conf_adj_oe,opp_conf_adj_de,opp_qual_o,opp_qual_d,opp_qual_barthag,opp_qual_games,opp_fun,opp_conf_pf,opp_conf_pa,opp_conf_poss,opp_conf_oe,opp_conf_de,opp_conf_win%,opp_wab,opp_wab_rk,opp_fun_rk,opp_adjt,opp_qual_games_ratio
2025,alabama-state,252.93939393939394,100.37658225745899,264.8181818181818,109.59017235308897,220.9090909090909,0.32360079438137884,252.93939393939394,0.3969004338556757,0.5230688937698392,0.3083985803797135,0.3969103452868941,0.5230688937698392,0.3083985803797135,0.8424579598065275,0.7508856552454429,103.88153016993306,107.7359108260559,103.88000114292714,107.73194550922526,101.02471680989983,109.74734802664607,102.2782632249839,110.77704353501747,0.35255164019951596,4.7272727272727275,-0.00857143033977232,1291.1818181818182,1283.3333333333333,1244.0117424242424,1.0388030945634168,1.0324175261544921,0.5162518037518037,-11.506726843220111,222.3030303030303,198.36363636363637,67.93793846673718,0.14595402010444272
