Year,Team,opp_rk,opp_adjoe,opp_oe_rank,opp_adjde,opp_de_rank,opp_barthag,opp_barthag_rank,opp_sos,opp_nconf_sos,opp_conf_sos,opp_proj_sos,opp_proj_nconf_sos,opp_proj_conf_sos,opp_elite_sos,opp_elite_nconf_sos,opp_opp_oe,opp_opp_de,opp_proj_opp_oe,opp_proj_opp_de,opp_conf_adj_oe,opp_conf_adj_de,opp_qual_o,opp_qual_d,opp_qual_barthag,opp_qual_games,opp_fun,opp_conf_pf,opp_conf_pa,opp_conf_poss,opp_conf_oe,opp_conf_de,opp_conf_win%,opp_wab,opp_wab_rk,opp_fun_rk,opp_adjt,opp_qual_games_ratio
2025,lipscomb,218.27586206896552,105.37689204761821,195.86206896551724,110.195022673019,238.13793103448276,0.39912171518777106,218.27586206896552,0.4268318238141369,0.4527418511750724,0.4050628908570417,0.4266869533714692,0.4527418511750724,0.4050628908570417,0.8568751424446839,0.8190958044711851,105.95910355178425,108.03769941933702,105.95658719129777,108.0397815747665,106.334952179239,111.07693906615499,104.99531715719964,109.81049430672046,0.4162265813392192,3.0689655172413794,-0.010684187723707718,1361.344827586207,1363.4827586206898,1247.4064655172415,1.0916660264152798,1.0935238580032562,0.500383141762452,-11.088674962385035,214.89655172413794,187.75862068965517,67.6737313332516,0.0938029777590073
