Year,Team,opp_rk,opp_adjoe,opp_oe_rank,opp_adjde,opp_de_rank,opp_barthag,opp_barthag_rank,opp_sos,opp_nconf_sos,opp_conf_sos,opp_proj_sos,opp_proj_nconf_sos,opp_proj_conf_sos,opp_elite_sos,opp_elite_nconf_sos,opp_opp_oe,opp_opp_de,opp_proj_opp_oe,opp_proj_opp_de,opp_conf_adj_oe,opp_conf_adj_de,opp_qual_o,opp_qual_d,opp_qual_barthag,opp_qual_games,opp_fun,opp_conf_pf,opp_conf_pa,opp_conf_poss,opp_conf_oe,opp_conf_de,opp_conf_win%,opp_wab,opp_wab_rk,opp_fun_rk,opp_adjt,opp_qual_games_ratio
2025,missouri,105.33333333333333,112.4771361632823,109.84848484848484,101.59182523239926,103.45454545454545,0.700226522217505,105.33333333333333,0.6286785306845365,0.4999516092097447,0.7116573197983697,0.6298627019495708,0.4999516092097447,0.7116573197983697,0.6876038385343544,0.7904810918465727,111.09162663128431,103.10406161416918,111.144277108478,103.06735386683273,112.47973820280355,101.65462162545198,119.90892507854632,105.17539132186445,0.7439919854685901,12.878787878787879,0.02207395475944461,1338.4242424242425,1354.3030303030303,1256.4431818181818,1.0640821703313779,1.0775576839056777,0.48754208754208755,-1.6164508971368132,101.57575757575758,137.75757575757575,68.30170344945486,0.39608495468746463
