Year,Team,opp_rk,opp_adjoe,opp_oe_rank,opp_adjde,opp_de_rank,opp_barthag,opp_barthag_rank,opp_sos,opp_nconf_sos,opp_conf_sos,opp_proj_sos,opp_proj_nconf_sos,opp_proj_conf_sos,opp_elite_sos,opp_elite_nconf_sos,opp_opp_oe,opp_opp_de,opp_proj_opp_oe,opp_proj_opp_de,opp_conf_adj_oe,opp_conf_adj_de,opp_qual_o,opp_qual_d,opp_qual_barthag,opp_qual_games,opp_fun,opp_conf_pf,opp_conf_pa,opp_conf_poss,opp_conf_oe,opp_conf_de,opp_conf_win%,opp_wab,opp_wab_rk,opp_fun_rk,opp_adjt,opp_qual_games_ratio
2025,connecticut,108.54545454545455,111.19076699280994,114.18181818181819,102.38262567009603,112.0,0.6850157571903179,108.54545454545455,0.625041434288648,0.49749284620773676,0.6837777451446435,0.6259571947450651,0.49749284620773676,0.6837777451446435,0.7295677671560196,0.7975467877066128,109.76522304411192,103.0111144673117,109.7752694018904,102.972437652849,111.51072116300148,103.065563596518,119.330044693946,108.24069613249162,0.6914039325088803,10.0,-0.010001077041501964,1394.3030303030303,1399.5151515151515,1308.4708333333333,1.0648868583558506,1.0710994820621607,0.4737734487734489,-4.477861890409966,123.75757575757575,208.3939393939394,67.23221463927554,0.30553998236635804
