Year,Team,opp_rk,opp_adjoe,opp_oe_rank,opp_adjde,opp_de_rank,opp_barthag,opp_barthag_rank,opp_sos,opp_nconf_sos,opp_conf_sos,opp_proj_sos,opp_proj_nconf_sos,opp_proj_conf_sos,opp_elite_sos,opp_elite_nconf_sos,opp_opp_oe,opp_opp_de,opp_proj_opp_oe,opp_proj_opp_de,opp_conf_adj_oe,opp_conf_adj_de,opp_qual_o,opp_qual_d,opp_qual_barthag,opp_qual_games,opp_fun,opp_conf_pf,opp_conf_pa,opp_conf_poss,opp_conf_oe,opp_conf_de,opp_conf_win%,opp_wab,opp_wab_rk,opp_fun_rk,opp_adjt,opp_qual_games_ratio
2025,utah-state,132.0,108.45137814134371,150.03333333333333,102.84968954856248,125.43333333333334,0.6174461014787049,132.0,0.5762689623166006,0.5009668274714086,0.6114352233521168,0.5778458561712566,0.5009668274714086,0.6114352233521168,0.7828140364380787,0.815832960757746,108.61524026565962,104.19168036467134,108.6540422089052,104.16001931299817,109.33231025433528,103.36804757988573,112.95590968942751,108.9036701178007,0.5681354712629848,6.466666666666667,-0.008523481965187521,1388.2333333333333,1376.0,1307.4554166666667,1.0624072345222462,1.0524097868912299,0.5037962962962964,-6.54229822031815,152.13333333333333,194.0,66.48019167848298,0.19863005050505045
