Year,Team,opp_rk,opp_adjoe,opp_oe_rank,opp_adjde,opp_de_rank,opp_barthag,opp_barthag_rank,opp_sos,opp_nconf_sos,opp_conf_sos,opp_proj_sos,opp_proj_nconf_sos,opp_proj_conf_sos,opp_elite_sos,opp_elite_nconf_sos,opp_opp_oe,opp_opp_de,opp_proj_opp_oe,opp_proj_opp_de,opp_conf_adj_oe,opp_conf_adj_de,opp_qual_o,opp_qual_d,opp_qual_barthag,opp_qual_games,opp_fun,opp_conf_pf,opp_conf_pa,opp_conf_poss,opp_conf_oe,opp_conf_de,opp_conf_win%,opp_wab,opp_wab_rk,opp_fun_rk,opp_adjt,opp_qual_games_ratio
2025,illinois,83.03030303030303,113.99604089871916,90.27272727272727,100.08188953372353,87.33333333333333,0.7549285437990282,83.03030303030303,0.6522756314374237,0.4841782471521848,0.7366058116181738,0.6542402614084722,0.4841782471521848,0.7366058116181738,0.6924148255777575,0.8118844947977348,111.4214625408773,102.90615691772365,111.48448524641043,102.83698145932398,114.56758744568812,100.72377624615143,120.00231030357986,105.882604579759,0.7352185841174722,11.93939393939394,0.005827902787918899,1451.1515151515152,1424.7878787878788,1333.3753787878784,1.0866916387646703,1.068790865514437,0.5221741221741221,-0.994775388163257,83.03030303030303,171.78787878787878,67.49912772307248,0.3693201420797591
