Year,Team,opp_rk,opp_adjoe,opp_oe_rank,opp_adjde,opp_de_rank,opp_barthag,opp_barthag_rank,opp_sos,opp_nconf_sos,opp_conf_sos,opp_proj_sos,opp_proj_nconf_sos,opp_proj_conf_sos,opp_elite_sos,opp_elite_nconf_sos,opp_opp_oe,opp_opp_de,opp_proj_opp_oe,opp_proj_opp_de,opp_conf_adj_oe,opp_conf_adj_de,opp_qual_o,opp_qual_d,opp_qual_barthag,opp_qual_games,opp_fun,opp_conf_pf,opp_conf_pa,opp_conf_poss,opp_conf_oe,opp_conf_de,opp_conf_win%,opp_wab,opp_wab_rk,opp_fun_rk,opp_adjt,opp_qual_games_ratio
2025,arkansas,95.12121212121212,113.97036435669632,96.93939393939394,101.56868617363875,105.21212121212122,0.7227118625650828,95.12121212121212,0.6412353557843413,0.4823766543467878,0.7426431559908857,0.6421367656355427,0.4823766543467878,0.7426431559908857,0.681077951761135,0.8004557791569967,111.42353500256266,102.81841845532618,111.4636651874323,102.78526073038887,114.12584970869447,101.87285402989083,118.44086007167796,105.678724238737,0.7066467907950142,13.333333333333334,0.0017183566349715366,1351.2121212121212,1371.3939393939395,1255.096590909091,1.0750162724427081,1.0928801323719775,0.4534872534872535,-1.955592347232358,102.0,172.78787878787878,67.7028501373082,0.4097346372122118
