Year,Team,opp_rk,opp_adjoe,opp_oe_rank,opp_adjde,opp_de_rank,opp_barthag,opp_barthag_rank,opp_sos,opp_nconf_sos,opp_conf_sos,opp_proj_sos,opp_proj_nconf_sos,opp_proj_conf_sos,opp_elite_sos,opp_elite_nconf_sos,opp_opp_oe,opp_opp_de,opp_proj_opp_oe,opp_proj_opp_de,opp_conf_adj_oe,opp_conf_adj_de,opp_qual_o,opp_qual_d,opp_qual_barthag,opp_qual_games,opp_fun,opp_conf_pf,opp_conf_pa,opp_conf_poss,opp_conf_oe,opp_conf_de,opp_conf_win%,opp_wab,opp_wab_rk,opp_fun_rk,opp_adjt,opp_qual_games_ratio
2025,liberty,156.3793103448276,105.67268390706222,177.27586206896552,105.50368384615692,153.27586206896552,0.5277865061270015,156.3793103448276,0.493628353431173,0.43812488166771035,0.5269538383607903,0.4946779096034797,0.43812488166771035,0.5269538383607903,0.8454306831138205,0.8418159200565778,106.22871928985163,104.62032225201284,106.24655314364585,104.59589421358194,105.20505251560962,105.0502376365926,104.1822057927025,100.37421111514703,0.5649771902168627,2.4827586206896552,0.010345151692565783,1271.5862068965516,1281.5172413793102,1231.870689655172,1.0316138087735514,1.0398637090222977,0.4949233716475096,-8.671622346374418,172.06896551724137,158.24137931034483,67.52544379783866,0.07649666196744648
