Year,Team,opp_rk,opp_adjoe,opp_oe_rank,opp_adjde,opp_de_rank,opp_barthag,opp_barthag_rank,opp_sos,opp_nconf_sos,opp_conf_sos,opp_proj_sos,opp_proj_nconf_sos,opp_proj_conf_sos,opp_elite_sos,opp_elite_nconf_sos,opp_opp_oe,opp_opp_de,opp_proj_opp_oe,opp_proj_opp_de,opp_conf_adj_oe,opp_conf_adj_de,opp_qual_o,opp_qual_d,opp_qual_barthag,opp_qual_games,opp_fun,opp_conf_pf,opp_conf_pa,opp_conf_poss,opp_conf_oe,opp_conf_de,opp_conf_win%,opp_wab,opp_wab_rk,opp_fun_rk,opp_adjt,opp_qual_games_ratio
2025,maryland,110.03030303030303,112.2785945000843,105.21212121212122,102.88021780789084,120.72727272727273,0.6879558988021994,110.03030303030303,0.6277274966801111,0.5007573170555749,0.6866116642891121,0.6284929428691354,0.5007573170555749,0.6866116642891121,0.7097329934162886,0.7917903931561906,110.3960505236845,103.1323057851483,110.41506520965146,103.10029088568932,112.91728355942304,103.46391336010431,117.8238419922463,108.22603164021758,0.6767633562796954,10.818181818181818,0.0012278212674002636,1442.3939393939395,1445.3636363636363,1335.5481060606062,1.0788359188542063,1.0817366325416151,0.4903559403559403,-3.2734791791592497,104.3030303030303,185.1818181818182,67.3689078121747,0.3352006131698213
