Year,Team,opp_rk,opp_adjoe,opp_oe_rank,opp_adjde,opp_de_rank,opp_barthag,opp_barthag_rank,opp_sos,opp_nconf_sos,opp_conf_sos,opp_proj_sos,opp_proj_nconf_sos,opp_proj_conf_sos,opp_elite_sos,opp_elite_nconf_sos,opp_opp_oe,opp_opp_de,opp_proj_opp_oe,opp_proj_opp_de,opp_conf_adj_oe,opp_conf_adj_de,opp_qual_o,opp_qual_d,opp_qual_barthag,opp_qual_games,opp_fun,opp_conf_pf,opp_conf_pa,opp_conf_poss,opp_conf_oe,opp_conf_de,opp_conf_win%,opp_wab,opp_wab_rk,opp_fun_rk,opp_adjt,opp_qual_games_ratio
2025,xavier,109.65625,110.44501894549511,123.96875,101.82021438960913,104.03125,0.6781244413200742,109.65625,0.6180754795348411,0.49215716493783973,0.6767523051997633,0.619061936627836,0.49215716493783973,0.6767523051997633,0.7270505032064785,0.7970577919702512,109.6733766280646,103.3405894855521,109.6920315089724,103.30185802475975,110.9362964366353,102.46089956419543,117.43038366012186,106.76023110985697,0.7008791059410974,10.28125,-0.003137441252386606,1398.6875,1398.84375,1315.221875,1.064255489753774,1.0636768712973954,0.5028521825396827,-4.05572036491995,118.90625,189.84375,66.9735838951962,0.31548887310606055
