Year,Team,opp_rk,opp_adjoe,opp_oe_rank,opp_adjde,opp_de_rank,opp_barthag,opp_barthag_rank,opp_sos,opp_nconf_sos,opp_conf_sos,opp_proj_sos,opp_proj_nconf_sos,opp_proj_conf_sos,opp_elite_sos,opp_elite_nconf_sos,opp_opp_oe,opp_opp_de,opp_proj_opp_oe,opp_proj_opp_de,opp_conf_adj_oe,opp_conf_adj_de,opp_qual_o,opp_qual_d,opp_qual_barthag,opp_qual_games,opp_fun,opp_conf_pf,opp_conf_pa,opp_conf_poss,opp_conf_oe,opp_conf_de,opp_conf_win%,opp_wab,opp_wab_rk,opp_fun_rk,opp_adjt,opp_qual_games_ratio
2025,grand-canyon,204.93103448275863,102.8147625011745,229.68965517241378,105.98973188151432,171.20689655172413,0.42632052383310204,204.93103448275863,0.469716135994725,0.4491857888406935,0.47696889839798867,0.47084479485137676,0.4491857888406935,0.47696889839798867,0.8408352397626057,0.833082610199869,105.63740133785166,105.20536594603362,105.64412113259408,105.16754697038245,103.09249696056757,106.2732274066096,91.42127433574828,98.18913218592922,0.33082095062226957,3.0689655172413794,-0.00030953570198445776,1184.0689655172414,1218.1724137931035,1165.9288793103449,1.01671211960835,1.0419850890508402,0.45463191023535854,-10.520799447052708,206.24137931034483,170.31034482758622,67.75255285340349,0.09560180503589846
