Year,Team,opp_rk,opp_adjoe,opp_oe_rank,opp_adjde,opp_de_rank,opp_barthag,opp_barthag_rank,opp_sos,opp_nconf_sos,opp_conf_sos,opp_proj_sos,opp_proj_nconf_sos,opp_proj_conf_sos,opp_elite_sos,opp_elite_nconf_sos,opp_opp_oe,opp_opp_de,opp_proj_opp_oe,opp_proj_opp_de,opp_conf_adj_oe,opp_conf_adj_de,opp_qual_o,opp_qual_d,opp_qual_barthag,opp_qual_games,opp_fun,opp_conf_pf,opp_conf_pa,opp_conf_poss,opp_conf_oe,opp_conf_de,opp_conf_win%,opp_wab,opp_wab_rk,opp_fun_rk,opp_adjt,opp_qual_games_ratio
2025,ucla,103.09375,112.7436238032325,103.1875,101.93782940155876,111.46875,0.7053685098088022,103.09375,0.6402801483640858,0.49303918982542994,0.7127081259434173,0.6414826078166027,0.49303918982542994,0.7127081259434173,0.7076886208467625,0.805987453043522,110.87528215350972,102.93896416177425,110.90904443685108,102.88954446943404,112.97661481830299,102.49566429272485,118.92996667211494,107.99471818500321,0.7005096968808352,10.71875,0.006839839715983858,1452.25,1457.5,1350.1375,1.0745669985109239,1.0791506526359425,0.48576388888888883,-2.714540949703767,102.90625,172.6875,68.06377994396912,0.3306062678920541
