Year,Team,opp_rk,opp_adjoe,opp_oe_rank,opp_adjde,opp_de_rank,opp_barthag,opp_barthag_rank,opp_sos,opp_nconf_sos,opp_conf_sos,opp_proj_sos,opp_proj_nconf_sos,opp_proj_conf_sos,opp_elite_sos,opp_elite_nconf_sos,opp_opp_oe,opp_opp_de,opp_proj_opp_oe,opp_proj_opp_de,opp_conf_adj_oe,opp_conf_adj_de,opp_qual_o,opp_qual_d,opp_qual_barthag,opp_qual_games,opp_fun,opp_conf_pf,opp_conf_pa,opp_conf_poss,opp_conf_oe,opp_conf_de,opp_conf_win%,opp_wab,opp_wab_rk,opp_fun_rk,opp_adjt,opp_qual_games_ratio
2026,high-point,253.03225806451613,103.54898663174774,257.7741935483871,112.30213337000689,237.5483870967742,0.3130093429270349,253.03225806451613,0.37247197833671963,0.38935692633932295,0.353484157837289,0.3733615992418322,0.38935692633932295,0.353484157837289,0.8880843548336202,0.8495909916157373,106.66651083684928,111.12943370637369,106.68818023687618,111.10212330017971,103.90049211071175,112.3809806401215,80.79969507368718,84.87785016392738,0.3492009100428502,1.6774193548387097,-0.021170303847667334,1245.9032258064517,1269.3870967741937,1169.0306451612903,1.065924091760088,1.0869420980877749,0.45502199413489736,-12.921887210887634,248.80645161290323,230.29032258064515,67.43359260436704,0.05174870298133442
