Year,Team,opp_rk,opp_adjoe,opp_oe_rank,opp_adjde,opp_de_rank,opp_barthag,opp_barthag_rank,opp_sos,opp_nconf_sos,opp_conf_sos,opp_proj_sos,opp_proj_nconf_sos,opp_proj_conf_sos,opp_elite_sos,opp_elite_nconf_sos,opp_opp_oe,opp_opp_de,opp_proj_opp_oe,opp_proj_opp_de,opp_conf_adj_oe,opp_conf_adj_de,opp_qual_o,opp_qual_d,opp_qual_barthag,opp_qual_games,opp_fun,opp_conf_pf,opp_conf_pa,opp_conf_poss,opp_conf_oe,opp_conf_de,opp_conf_win%,opp_wab,opp_wab_rk,opp_fun_rk,opp_adjt,opp_qual_games_ratio
2026,iowa-state,102.47058823529412,115.13662608479201,110.38235294117646,103.33664744352846,104.20588235294117,0.7067256799175158,102.47058823529412,0.6482875645140495,0.5288945497363595,0.7217129494138699,0.6474737133261702,0.5288945497363595,0.7217129494138699,0.6919965706457244,0.7761201185786135,113.71568928051931,104.78243643218435,113.66823358805605,104.79845497002854,115.49805362688973,103.58204901048866,114.90758910833777,102.48220527649158,0.7172214418308871,12.558823529411764,0.01219098219296043,1379.3529411764705,1388.0588235294117,1268.0345588235296,1.0882287599449256,1.0944845082111292,0.48389780154486034,-2.0291173026228875,106.70588235294117,156.7058823529412,67.62936955227025,0.3823861763956919
