Year,Team,opp_rk,opp_adjoe,opp_oe_rank,opp_adjde,opp_de_rank,opp_barthag,opp_barthag_rank,opp_sos,opp_nconf_sos,opp_conf_sos,opp_proj_sos,opp_proj_nconf_sos,opp_proj_conf_sos,opp_elite_sos,opp_elite_nconf_sos,opp_opp_oe,opp_opp_de,opp_proj_opp_oe,opp_proj_opp_de,opp_conf_adj_oe,opp_conf_adj_de,opp_qual_o,opp_qual_d,opp_qual_barthag,opp_qual_games,opp_fun,opp_conf_pf,opp_conf_pa,opp_conf_poss,opp_conf_oe,opp_conf_de,opp_conf_win%,opp_wab,opp_wab_rk,opp_fun_rk,opp_adjt,opp_qual_games_ratio
2026,michigan-state,77.75,118.89759754495186,67.875,103.70291082889766,104.28125,0.7593984992333489,77.75,0.6664779081433837,0.5027284256733385,0.7480380367807035,0.6661936340129203,0.5027284256733385,0.7480380367807035,0.6785860322683166,0.7917701056755618,115.21477410545049,105.09623939819424,115.19162135071173,105.11409818772836,119.8329559104316,104.6970448294868,118.72327364690597,103.72460615696801,0.7543929516759219,13.4375,0.005669259908755836,1477.8125,1463.46875,1300.816796875,1.1366153610449952,1.1249312857100642,0.5301835317460316,-0.5300521379145139,85.28125,170.34375,67.16793876772387,0.4059849161897163
