Year,Team,opp_rk,opp_adjoe,opp_oe_rank,opp_adjde,opp_de_rank,opp_barthag,opp_barthag_rank,opp_sos,opp_nconf_sos,opp_conf_sos,opp_proj_sos,opp_proj_nconf_sos,opp_proj_conf_sos,opp_elite_sos,opp_elite_nconf_sos,opp_opp_oe,opp_opp_de,opp_proj_opp_oe,opp_proj_opp_de,opp_conf_adj_oe,opp_conf_adj_de,opp_qual_o,opp_qual_d,opp_qual_barthag,opp_qual_games,opp_fun,opp_conf_pf,opp_conf_pa,opp_conf_poss,opp_conf_oe,opp_conf_de,opp_conf_win%,opp_wab,opp_wab_rk,opp_fun_rk,opp_adjt,opp_qual_games_ratio
2026,missouri,111.78125,116.00432218299878,110.46875,105.46435723416852,120.15625,0.6834635530420275,111.78125,0.6103400408883584,0.49429506254310274,0.6801039621285085,0.6105031343822712,0.49429506254310274,0.6801039621285085,0.7064738866903113,0.7779593975168656,113.80610284793255,106.6895037492321,113.77628490722957,106.6753326319954,116.4378650314705,105.76801336050818,115.90165171307896,105.85951374874301,0.6800705438178984,12.78125,-0.005813299382211659,1410.8125,1409.125,1255.6421875000003,1.1222884871700058,1.1207117977684016,0.49799107142857135,-2.9185687596664143,109.5,191.96875,68.38677207124623,0.3885508389114444
