Year,Team,opp_rk,opp_adjoe,opp_oe_rank,opp_adjde,opp_de_rank,opp_barthag,opp_barthag_rank,opp_sos,opp_nconf_sos,opp_conf_sos,opp_proj_sos,opp_proj_nconf_sos,opp_proj_conf_sos,opp_elite_sos,opp_elite_nconf_sos,opp_opp_oe,opp_opp_de,opp_proj_opp_oe,opp_proj_opp_de,opp_conf_adj_oe,opp_conf_adj_de,opp_qual_o,opp_qual_d,opp_qual_barthag,opp_qual_games,opp_fun,opp_conf_pf,opp_conf_pa,opp_conf_poss,opp_conf_oe,opp_conf_de,opp_conf_win%,opp_wab,opp_wab_rk,opp_fun_rk,opp_adjt,opp_qual_games_ratio
2026,alabama,64.59375,119.38634574108762,62.25,102.75334921195511,88.65625,0.7990147008504433,64.59375,0.673125406449752,0.5034090900471876,0.7740592578834246,0.6735977778233452,0.5034090900471876,0.7740592578834246,0.6776304595954062,0.7806163517915341,115.54253186909752,105.39723929019881,115.52343416888894,105.37034070649162,119.73997491738632,103.46239688367748,119.85924674234806,102.4062593622365,0.8095335539446552,13.96875,0.00762548308891196,1434.59375,1414.75,1261.0535156250003,1.137540701686201,1.121779068214199,0.5334945436507936,0.17225792816722182,68.8125,163.53125,67.90335291175005,0.42104446181881844
