Year,Team,opp_rk,opp_adjoe,opp_oe_rank,opp_adjde,opp_de_rank,opp_barthag,opp_barthag_rank,opp_sos,opp_nconf_sos,opp_conf_sos,opp_proj_sos,opp_proj_nconf_sos,opp_proj_conf_sos,opp_elite_sos,opp_elite_nconf_sos,opp_opp_oe,opp_opp_de,opp_proj_opp_oe,opp_proj_opp_de,opp_conf_adj_oe,opp_conf_adj_de,opp_qual_o,opp_qual_d,opp_qual_barthag,opp_qual_games,opp_fun,opp_conf_pf,opp_conf_pa,opp_conf_poss,opp_conf_oe,opp_conf_de,opp_conf_win%,opp_wab,opp_wab_rk,opp_fun_rk,opp_adjt,opp_qual_games_ratio
2026,pennsylvania,186.2962962962963,108.3455850259019,193.0,109.33538258028754,185.11111111111111,0.47236941517760916,186.2962962962963,0.4433436947831936,0.40214939964420887,0.4687254921242647,0.44466731948672006,0.40214939964420887,0.4687254921242647,0.8584650677321024,0.8554045728045855,108.19954494197307,109.5495042208769,108.25660489361891,109.54316503019253,108.92678881777776,109.22283143719116,98.34892621385724,98.60242233613562,0.4393260165379367,2.3703703703703702,-0.004800666205207936,1159.851851851852,1156.1851851851852,1062.7263888888895,1.092023316131007,1.0880767469225479,0.5215314520870077,-8.595705132170764,178.8148148148148,193.11111111111111,66.28052964140747,0.07462558926714515
