Year,Team,opp_rk,opp_adjoe,opp_oe_rank,opp_adjde,opp_de_rank,opp_barthag,opp_barthag_rank,opp_sos,opp_nconf_sos,opp_conf_sos,opp_proj_sos,opp_proj_nconf_sos,opp_proj_conf_sos,opp_elite_sos,opp_elite_nconf_sos,opp_opp_oe,opp_opp_de,opp_proj_opp_oe,opp_proj_opp_de,opp_conf_adj_oe,opp_conf_adj_de,opp_qual_o,opp_qual_d,opp_qual_barthag,opp_qual_games,opp_fun,opp_conf_pf,opp_conf_pa,opp_conf_poss,opp_conf_oe,opp_conf_de,opp_conf_win%,opp_wab,opp_wab_rk,opp_fun_rk,opp_adjt,opp_qual_games_ratio
2026,connecticut,93.76470588235294,114.95700700585874,106.41176470588235,103.36906595495577,101.55882352941177,0.723189541648808,93.76470588235294,0.6543153934854469,0.5101229338711907,0.7252057052847728,0.6543450626844818,0.5101229338711907,0.7252057052847728,0.7075832814838106,0.7828930817230016,113.21058262340637,104.8583230029252,113.18983459803366,104.84825173395039,115.39242511955004,103.93349490021492,113.90715096115117,102.32401061595463,0.7258070896635695,10.323529411764707,0.005934300783209143,1451.5294117647059,1448.5,1328.239705882353,1.0924453176022555,1.089911592309747,0.4999798404210168,-2.3606063938880406,96.67647058823529,162.85294117647058,67.87910816584971,0.31417542651008995
