Year,Team,opp_rk,opp_adjoe,opp_oe_rank,opp_adjde,opp_de_rank,opp_barthag,opp_barthag_rank,opp_sos,opp_nconf_sos,opp_conf_sos,opp_proj_sos,opp_proj_nconf_sos,opp_proj_conf_sos,opp_elite_sos,opp_elite_nconf_sos,opp_opp_oe,opp_opp_de,opp_proj_opp_oe,opp_proj_opp_de,opp_conf_adj_oe,opp_conf_adj_de,opp_qual_o,opp_qual_d,opp_qual_barthag,opp_qual_games,opp_fun,opp_conf_pf,opp_conf_pa,opp_conf_poss,opp_conf_oe,opp_conf_de,opp_conf_win%,opp_wab,opp_wab_rk,opp_fun_rk,opp_adjt,opp_qual_games_ratio
2026,texas-tech,71.75,118.54639945435478,71.65625,102.46029218771376,95.15625,0.7784459958366984,71.75,0.6565614794278548,0.5157511114953803,0.7443164788197043,0.6551125378106022,0.5157511114953803,0.7443164788197043,0.6916859544920194,0.7838012191967356,114.24593790060356,104.91201845570022,114.17935676943364,104.937938947744,118.59755541461428,103.08066271800885,119.3440338171703,102.30672312130375,0.8012999879724909,12.625,0.015206717936214021,1420.75,1390.90625,1268.0664062500002,1.1207888171019924,1.0958800741234824,0.5391374684343435,0.27257662271137173,73.125,150.75,68.00178333079114,0.3813107274159664
