Year,Team,opp_rk,opp_adjoe,opp_oe_rank,opp_adjde,opp_de_rank,opp_barthag,opp_barthag_rank,opp_sos,opp_nconf_sos,opp_conf_sos,opp_proj_sos,opp_proj_nconf_sos,opp_proj_conf_sos,opp_elite_sos,opp_elite_nconf_sos,opp_opp_oe,opp_opp_de,opp_proj_opp_oe,opp_proj_opp_de,opp_conf_adj_oe,opp_conf_adj_de,opp_qual_o,opp_qual_d,opp_qual_barthag,opp_qual_games,opp_fun,opp_conf_pf,opp_conf_pa,opp_conf_poss,opp_conf_oe,opp_conf_de,opp_conf_win%,opp_wab,opp_wab_rk,opp_fun_rk,opp_adjt,opp_qual_games_ratio
2026,houston,85.02941176470588,116.73004082195033,89.1470588235294,103.38312813041658,105.3529411764706,0.745317114101067,85.02941176470588,0.6600156963785752,0.54597005841846,0.737208046295032,0.6587675911068389,0.54597005841846,0.737208046295032,0.6826874525647495,0.751132843096275,114.33311534478823,104.66429874254818,114.27305821576415,104.68547123383497,117.38528567282466,103.97543578089847,115.62083543748797,102.08002000224232,0.754428009643491,13.029411764705882,0.010973373071436702,1397.7941176470588,1398.1176470588234,1262.7430147058822,1.1064844748227258,1.1067430104183684,0.5036244800950683,-1.2245612636519436,89.0,160.0,68.00321736729336,0.39749871023668365
