Year,Team,opp_rk,opp_adjoe,opp_oe_rank,opp_adjde,opp_de_rank,opp_barthag,opp_barthag_rank,opp_sos,opp_nconf_sos,opp_conf_sos,opp_proj_sos,opp_proj_nconf_sos,opp_proj_conf_sos,opp_elite_sos,opp_elite_nconf_sos,opp_opp_oe,opp_opp_de,opp_proj_opp_oe,opp_proj_opp_de,opp_conf_adj_oe,opp_conf_adj_de,opp_qual_o,opp_qual_d,opp_qual_barthag,opp_qual_games,opp_fun,opp_conf_pf,opp_conf_pa,opp_conf_poss,opp_conf_oe,opp_conf_de,opp_conf_win%,opp_wab,opp_wab_rk,opp_fun_rk,opp_adjt,opp_qual_games_ratio
2026,central-florida,91.96875,114.99170554844737,107.53125,102.76858973335175,98.46875,0.7240631679907654,91.96875,0.6220732939496563,0.5003617682350242,0.7012704740440376,0.6215939895424085,0.5003617682350242,0.7012704740440376,0.7153516328496067,0.7984842834668976,113.37734490768995,105.79445382185271,113.34918449698891,105.80098493181498,115.2282098727612,103.11574510206363,115.29360490019607,102.12779554584262,0.7418216316936606,11.625,0.0029297996231489832,1365.15625,1354.40625,1242.725,1.0979300147540654,1.0892511548329735,0.5097222222222222,-2.000230188913079,96.875,171.0,67.86270850454262,0.3530932958318958
