Year,Team,opp_rk,opp_adjoe,opp_oe_rank,opp_adjde,opp_de_rank,opp_barthag,opp_barthag_rank,opp_sos,opp_nconf_sos,opp_conf_sos,opp_proj_sos,opp_proj_nconf_sos,opp_proj_conf_sos,opp_elite_sos,opp_elite_nconf_sos,opp_opp_oe,opp_opp_de,opp_proj_opp_oe,opp_proj_opp_de,opp_conf_adj_oe,opp_conf_adj_de,opp_qual_o,opp_qual_d,opp_qual_barthag,opp_qual_games,opp_fun,opp_conf_pf,opp_conf_pa,opp_conf_poss,opp_conf_oe,opp_conf_de,opp_conf_win%,opp_wab,opp_wab_rk,opp_fun_rk,opp_adjt,opp_qual_games_ratio
2026,mcneese-state,208.25,107.16093595968766,214.46428571428572,109.2830068537173,191.64285714285714,0.42944038131684664,208.25,0.45355506059268297,0.4659231760711335,0.4468582982650528,0.4558604155804679,0.4659231760711335,0.4468582982650528,0.8516208732881452,0.8001398425527663,107.93989620090177,108.56090294469247,108.0189076644627,108.53346908046419,107.47791829915407,109.21541321929912,82.80910714404003,81.03697447362944,0.41414427316115265,2.5714285714285716,-0.0038095179498018766,1513.607142857143,1514.5357142857142,1413.667857142857,1.071107058773714,1.0711436677100807,0.5023088023088023,-10.027177276577445,217.17857142857142,186.32142857142858,66.72572399442146,0.07803303689510994
