Year,Team,opp_rk,opp_adjoe,opp_oe_rank,opp_adjde,opp_de_rank,opp_barthag,opp_barthag_rank,opp_sos,opp_nconf_sos,opp_conf_sos,opp_proj_sos,opp_proj_nconf_sos,opp_proj_conf_sos,opp_elite_sos,opp_elite_nconf_sos,opp_opp_oe,opp_opp_de,opp_proj_opp_oe,opp_proj_opp_de,opp_conf_adj_oe,opp_conf_adj_de,opp_qual_o,opp_qual_d,opp_qual_barthag,opp_qual_games,opp_fun,opp_conf_pf,opp_conf_pa,opp_conf_poss,opp_conf_oe,opp_conf_de,opp_conf_win%,opp_wab,opp_wab_rk,opp_fun_rk,opp_adjt,opp_qual_games_ratio
2026,gonzaga,123.33333333333333,113.58674739464958,126.48484848484848,106.20170697301127,138.9090909090909,0.6356941848912495,123.33333333333333,0.596719038758963,0.5042469156781464,0.6521519710197051,0.5982067610062701,0.5042469156781464,0.6521519710197051,0.7544952053461107,0.8100409559351488,112.25903016075962,105.8623200925405,112.30194134225448,105.84580713517462,114.21612007356576,106.54578191432314,112.80091845937773,106.65650283813731,0.6150179413361756,8.787878787878787,-0.006000354616028753,1380.5757575757575,1389.5757575757575,1257.651136363636,1.0969793485163764,1.1045631438137373,0.48989898989899006,-5.381709182987659,143.0,188.42424242424244,67.78667895901319,0.2662588451358504
