Year,Team,opp_rk,opp_adjoe,opp_oe_rank,opp_adjde,opp_de_rank,opp_barthag,opp_barthag_rank,opp_sos,opp_nconf_sos,opp_conf_sos,opp_proj_sos,opp_proj_nconf_sos,opp_proj_conf_sos,opp_elite_sos,opp_elite_nconf_sos,opp_opp_oe,opp_opp_de,opp_proj_opp_oe,opp_proj_opp_de,opp_conf_adj_oe,opp_conf_adj_de,opp_qual_o,opp_qual_d,opp_qual_barthag,opp_qual_games,opp_fun,opp_conf_pf,opp_conf_pa,opp_conf_poss,opp_conf_oe,opp_conf_de,opp_conf_win%,opp_wab,opp_wab_rk,opp_fun_rk,opp_adjt,opp_qual_games_ratio
2026,texas-christian,103.0625,115.66339851467438,106.65625,103.93220055968358,117.28125,0.7016106029378785,103.0625,0.6462532045357396,0.5371617409703333,0.7153644237226322,0.6451739943418053,0.5371617409703333,0.7153644237226322,0.6973185918454848,0.7773188288947755,113.76662554138795,104.90499195724516,113.71319725517796,104.92784267960899,116.11194218675327,104.49895188220029,114.67390630141612,102.76343539699285,0.714336656067729,12.46875,0.007977028238379124,1398.78125,1405.53125,1274.3648437500003,1.0972246770414065,1.1027030712272083,0.47998737373737377,-2.136592448668554,107.34375,166.84375,68.43158817735028,0.3801725075110689
