Year,Team,opp_rk,opp_adjoe,opp_oe_rank,opp_adjde,opp_de_rank,opp_barthag,opp_barthag_rank,opp_sos,opp_nconf_sos,opp_conf_sos,opp_proj_sos,opp_proj_nconf_sos,opp_proj_conf_sos,opp_elite_sos,opp_elite_nconf_sos,opp_opp_oe,opp_opp_de,opp_proj_opp_oe,opp_proj_opp_de,opp_conf_adj_oe,opp_conf_adj_de,opp_qual_o,opp_qual_d,opp_qual_barthag,opp_qual_games,opp_fun,opp_conf_pf,opp_conf_pa,opp_conf_poss,opp_conf_oe,opp_conf_de,opp_conf_win%,opp_wab,opp_wab_rk,opp_fun_rk,opp_adjt,opp_qual_games_ratio
2026,ucla,89.79411764705883,116.67500595078357,93.94117647058823,103.22526512296861,98.1470588235294,0.7306627192319529,89.79411764705883,0.6647429547977599,0.5006135569250832,0.7480587566508438,0.6634663086975424,0.5006135569250832,0.7480587566508438,0.6861515111289551,0.806037812397349,115.07018667648796,105.08644802098172,115.0167629247195,105.12088711581418,117.41437636395646,103.9111242306309,116.50855433748892,102.88101776550367,0.7325081396016512,13.235294117647058,0.004601929551432678,1455.9117647058824,1464.5,1312.3805147058822,1.1096304789647198,1.1155950236292878,0.48427287581699346,-1.6577288576974234,100.88235294117646,173.23529411764707,67.37473029539889,0.4025289087517015
