Year,Team,opp_rk,opp_adjoe,opp_oe_rank,opp_adjde,opp_de_rank,opp_barthag,opp_barthag_rank,opp_sos,opp_nconf_sos,opp_conf_sos,opp_proj_sos,opp_proj_nconf_sos,opp_proj_conf_sos,opp_elite_sos,opp_elite_nconf_sos,opp_opp_oe,opp_opp_de,opp_proj_opp_oe,opp_proj_opp_de,opp_conf_adj_oe,opp_conf_adj_de,opp_qual_o,opp_qual_d,opp_qual_barthag,opp_qual_games,opp_fun,opp_conf_pf,opp_conf_pa,opp_conf_poss,opp_conf_oe,opp_conf_de,opp_conf_win%,opp_wab,opp_wab_rk,opp_fun_rk,opp_adjt,opp_qual_games_ratio
2026,clemson,106.32352941176471,114.86743142463033,111.20588235294117,104.93702010539928,116.05882352941177,0.6898081881985182,106.32352941176471,0.6254547000159578,0.4823766827123252,0.7174291939952145,0.6252638365834822,0.4823766827123252,0.7174291939952145,0.7166307269435837,0.804066640851903,113.19039339046778,105.79438412638194,113.17190948291136,105.80461576150009,115.61228064547062,105.67940279903085,114.40074906813355,104.46530357906875,0.702899103855097,11.676470588235293,0.004525753849851068,1352.2058823529412,1374.3529411764705,1228.3955882352943,1.0998274987324963,1.1182851535214826,0.46184640522875814,-3.1004210650927315,109.23529411764706,172.47058823529412,67.63130449833555,0.358836065476734
