Year,Team,opp_rk,opp_adjoe,opp_oe_rank,opp_adjde,opp_de_rank,opp_barthag,opp_barthag_rank,opp_sos,opp_nconf_sos,opp_conf_sos,opp_proj_sos,opp_proj_nconf_sos,opp_proj_conf_sos,opp_elite_sos,opp_elite_nconf_sos,opp_opp_oe,opp_opp_de,opp_proj_opp_oe,opp_proj_opp_de,opp_conf_adj_oe,opp_conf_adj_de,opp_qual_o,opp_qual_d,opp_qual_barthag,opp_qual_games,opp_fun,opp_conf_pf,opp_conf_pa,opp_conf_poss,opp_conf_oe,opp_conf_de,opp_conf_win%,opp_wab,opp_wab_rk,opp_fun_rk,opp_adjt,opp_qual_games_ratio
2026,lehigh,248.28125,105.2108516464523,239.15625,112.96824998196936,250.5,0.32684507383571526,248.28125,0.3576173312944186,0.4015249608603663,0.3235835261638813,0.35914026763567847,0.4015249608603663,0.3235835261638813,0.8850032013056942,0.8510326933172188,106.12366702075599,111.60672812322626,106.16856604525029,111.56943000576973,105.00857036040469,112.76302968673821,86.51904069289057,97.07884236298662,0.26838213240272885,2.65625,-0.010423815138873624,1307.5,1303.3125,1202.0300781249998,1.087734955508031,1.084395124409962,0.4965773809523811,-12.061227290474378,241.71875,204.0,66.0839875807434,0.08100147821225262
