Year,Team,opp_rk,opp_adjoe,opp_oe_rank,opp_adjde,opp_de_rank,opp_barthag,opp_barthag_rank,opp_sos,opp_nconf_sos,opp_conf_sos,opp_proj_sos,opp_proj_nconf_sos,opp_proj_conf_sos,opp_elite_sos,opp_elite_nconf_sos,opp_opp_oe,opp_opp_de,opp_proj_opp_oe,opp_proj_opp_de,opp_conf_adj_oe,opp_conf_adj_de,opp_qual_o,opp_qual_d,opp_qual_barthag,opp_qual_games,opp_fun,opp_conf_pf,opp_conf_pa,opp_conf_poss,opp_conf_oe,opp_conf_de,opp_conf_win%,opp_wab,opp_wab_rk,opp_fun_rk,opp_adjt,opp_qual_games_ratio
2026,akron,207.1875,108.45598971264577,188.21875,111.40943987624829,227.4375,0.4184788601592351,207.1875,0.4376637792045201,0.41016446090694264,0.4487642391559316,0.4395266643930171,0.41016446090694264,0.4487642391559316,0.8678003584466368,0.8549434976047492,108.4991357665884,109.9660944777235,108.53396486210383,109.92055044643824,108.43157525142729,111.76630042197645,84.59881728960528,88.70984714305396,0.3149403152620466,1.78125,0.0037519880078454764,1359.03125,1376.78125,1241.1265625,1.0951787806510127,1.108675841918858,0.47043650793650793,-10.153339476020603,213.6875,184.5,67.33916962469597,0.05434609485669076
