Year,Team,opp_rk,opp_adjoe,opp_oe_rank,opp_adjde,opp_de_rank,opp_barthag,opp_barthag_rank,opp_sos,opp_nconf_sos,opp_conf_sos,opp_proj_sos,opp_proj_nconf_sos,opp_proj_conf_sos,opp_elite_sos,opp_elite_nconf_sos,opp_opp_oe,opp_opp_de,opp_proj_opp_oe,opp_proj_opp_de,opp_conf_adj_oe,opp_conf_adj_de,opp_qual_o,opp_qual_d,opp_qual_barthag,opp_qual_games,opp_fun,opp_conf_pf,opp_conf_pa,opp_conf_poss,opp_conf_oe,opp_conf_de,opp_conf_win%,opp_wab,opp_wab_rk,opp_fun_rk,opp_adjt,opp_qual_games_ratio
2026,california-baptist,195.1818181818182,106.77412385070978,210.42424242424244,108.88936608947733,178.66666666666666,0.45049532045590096,195.1818181818182,0.4742577011279006,0.44741115871320414,0.4920023111052675,0.4752432992628379,0.44741115871320414,0.4920023111052675,0.8409409229936341,0.8207026068721109,108.24674947248617,107.26756565155321,108.28883443498947,107.27428677004889,107.25459968386211,109.53854691153657,102.61279298603392,104.87060969101348,0.4318493211767725,3.5757575757575757,0.003991808051802689,1332.939393939394,1361.5454545454545,1263.8007575757576,1.054718722304333,1.0776980471510194,0.4486952861952863,-9.901945680356683,201.5151515151515,171.75757575757575,67.94570818496172,0.1091636456857692
