Year,Team,opp_rk,opp_adjoe,opp_oe_rank,opp_adjde,opp_de_rank,opp_barthag,opp_barthag_rank,opp_sos,opp_nconf_sos,opp_conf_sos,opp_proj_sos,opp_proj_nconf_sos,opp_proj_conf_sos,opp_elite_sos,opp_elite_nconf_sos,opp_opp_oe,opp_opp_de,opp_proj_opp_oe,opp_proj_opp_de,opp_conf_adj_oe,opp_conf_adj_de,opp_qual_o,opp_qual_d,opp_qual_barthag,opp_qual_games,opp_fun,opp_conf_pf,opp_conf_pa,opp_conf_poss,opp_conf_oe,opp_conf_de,opp_conf_win%,opp_wab,opp_wab_rk,opp_fun_rk,opp_adjt,opp_qual_games_ratio
2026,texas-am,109.21875,116.39078274610841,102.625,106.3017142476284,133.15625,0.6883005653017633,109.21875,0.6261277545086368,0.48733452810722167,0.716080795102718,0.6265742981004693,0.48733452810722167,0.716080795102718,0.7030884292930758,0.7856844176749378,113.97280722215355,106.15512784632311,113.9746311339632,106.15507949760247,116.48057215714205,106.49421340212231,116.52201542834904,106.90096610015107,0.6766345077709031,12.78125,-0.006299841690008052,1413.6875,1444.96875,1271.3269531250003,1.1127577753286322,1.1372261164820834,0.4403724747474747,-3.620717151227659,114.4375,198.21875,67.9836202822985,0.3885206284218233
