Year,Team,opp_rk,opp_adjoe,opp_oe_rank,opp_adjde,opp_de_rank,opp_barthag,opp_barthag_rank,opp_sos,opp_nconf_sos,opp_conf_sos,opp_proj_sos,opp_proj_nconf_sos,opp_proj_conf_sos,opp_elite_sos,opp_elite_nconf_sos,opp_opp_oe,opp_opp_de,opp_proj_opp_oe,opp_proj_opp_de,opp_conf_adj_oe,opp_conf_adj_de,opp_qual_o,opp_qual_d,opp_qual_barthag,opp_qual_games,opp_fun,opp_conf_pf,opp_conf_pa,opp_conf_poss,opp_conf_oe,opp_conf_de,opp_conf_win%,opp_wab,opp_wab_rk,opp_fun_rk,opp_adjt,opp_qual_games_ratio
2026,northern-iowa,161.41176470588235,109.1003125130805,174.6764705882353,107.7983046070519,162.8235294117647,0.5317563186213689,161.41176470588235,0.4946466313395235,0.4089089182190239,0.5336414300634764,0.4974474092359981,0.4089089182190239,0.5336414300634764,0.8536611740907083,0.8669036597151866,108.99062959470949,108.30227977546554,109.05157237095803,108.23738898034782,109.29767331775494,107.63339917179405,64.52172611878447,63.713883666568215,0.3189078243532758,1.088235294117647,0.0021546624902439304,1453.6470588235295,1447.2058823529412,1345.1143382352946,1.0810999864644506,1.0757726852232716,0.5182598039215688,-8.657725994032296,178.61764705882354,172.85294117647058,67.64671754734783,0.033741611617909194
