Year,Team,opp_rk,opp_adjoe,opp_oe_rank,opp_adjde,opp_de_rank,opp_barthag,opp_barthag_rank,opp_sos,opp_nconf_sos,opp_conf_sos,opp_proj_sos,opp_proj_nconf_sos,opp_proj_conf_sos,opp_elite_sos,opp_elite_nconf_sos,opp_opp_oe,opp_opp_de,opp_proj_opp_oe,opp_proj_opp_de,opp_conf_adj_oe,opp_conf_adj_de,opp_qual_o,opp_qual_d,opp_qual_barthag,opp_qual_games,opp_fun,opp_conf_pf,opp_conf_pa,opp_conf_poss,opp_conf_oe,opp_conf_de,opp_conf_win%,opp_wab,opp_wab_rk,opp_fun_rk,opp_adjt,opp_qual_games_ratio
2026,kentucky,86.88235294117646,118.45466671829152,78.88235294117646,103.83998901724095,103.73529411764706,0.7493613512029365,86.88235294117646,0.640069300852314,0.4988104974416078,0.728057351804743,0.6406366814500124,0.4988104974416078,0.728057351804743,0.693860814612395,0.7795405438697122,114.48300638379862,106.0223357849351,114.46456035275266,106.00303127201441,118.97079184405445,104.27635632091184,116.74393438465624,103.60680165549189,0.7258027018501245,13.294117647058824,0.002989902544669354,1448.7941176470588,1415.8235294117646,1272.7386029411766,1.1383967470232907,1.1136511903006774,0.5509867583396996,-0.612968416852416,87.29411764705883,173.08823529411765,67.88498331589834,0.4054791195846978
