Year,Team,opp_rk,opp_adjoe,opp_oe_rank,opp_adjde,opp_de_rank,opp_barthag,opp_barthag_rank,opp_sos,opp_nconf_sos,opp_conf_sos,opp_proj_sos,opp_proj_nconf_sos,opp_proj_conf_sos,opp_elite_sos,opp_elite_nconf_sos,opp_opp_oe,opp_opp_de,opp_proj_opp_oe,opp_proj_opp_de,opp_conf_adj_oe,opp_conf_adj_de,opp_qual_o,opp_qual_d,opp_qual_barthag,opp_qual_games,opp_fun,opp_conf_pf,opp_conf_pa,opp_conf_poss,opp_conf_oe,opp_conf_de,opp_conf_win%,opp_wab,opp_wab_rk,opp_fun_rk,opp_adjt,opp_qual_games_ratio
2026,arkansas,79.9090909090909,118.6040469750033,71.84848484848484,104.03567847151167,107.63636363636364,0.7575486741929341,79.9090909090909,0.6392969859318705,0.503499166919153,0.7233261719143027,0.6397878875540267,0.503499166919153,0.7233261719143027,0.6888171325633567,0.7692454792223993,114.80177381200231,106.21702292255327,114.79972830930917,106.20765870599081,119.12618011415647,104.36574517174745,117.7417234548143,103.5894819728117,0.750088706792423,13.727272727272727,0.0012778078733914663,1433.878787878788,1402.939393939394,1253.7102272727273,1.144180390606242,1.1185254156258044,0.5377525252525253,-0.8805966348067557,81.33333333333333,176.0909090909091,67.77335454081953,0.41617642235957747
