Year,Team,opp_rk,opp_adjoe,opp_oe_rank,opp_adjde,opp_de_rank,opp_barthag,opp_barthag_rank,opp_sos,opp_nconf_sos,opp_conf_sos,opp_proj_sos,opp_proj_nconf_sos,opp_proj_conf_sos,opp_elite_sos,opp_elite_nconf_sos,opp_opp_oe,opp_opp_de,opp_proj_opp_oe,opp_proj_opp_de,opp_conf_adj_oe,opp_conf_adj_de,opp_qual_o,opp_qual_d,opp_qual_barthag,opp_qual_games,opp_fun,opp_conf_pf,opp_conf_pa,opp_conf_poss,opp_conf_oe,opp_conf_de,opp_conf_win%,opp_wab,opp_wab_rk,opp_fun_rk,opp_adjt,opp_qual_games_ratio
2026,howard,280.53333333333336,101.69192089683808,276.8,114.05479683415028,260.96666666666664,0.2616359785880288,280.53333333333336,0.3688913488493479,0.4387881559278954,0.29166080005736983,0.36935149371540865,0.4387881559278954,0.29166080005736983,0.8638105132859079,0.8153803766548732,105.55099920174435,110.92568763515273,105.56433324546528,110.92269534157072,101.62268675254805,114.19858259024325,81.97186802771004,94.15058260212841,0.21159429898459117,3.8666666666666667,0.0016990856502648922,1134.5,1150.9333333333334,1075.0070833333336,1.052309624879852,1.0687260214076177,0.4867460317460317,-12.417490884763536,254.8,177.43333333333334,66.61857517194314,0.11900804774500219
