Year,Team,opp_rk,opp_adjoe,opp_oe_rank,opp_adjde,opp_de_rank,opp_barthag,opp_barthag_rank,opp_sos,opp_nconf_sos,opp_conf_sos,opp_proj_sos,opp_proj_nconf_sos,opp_proj_conf_sos,opp_elite_sos,opp_elite_nconf_sos,opp_opp_oe,opp_opp_de,opp_proj_opp_oe,opp_proj_opp_de,opp_conf_adj_oe,opp_conf_adj_de,opp_qual_o,opp_qual_d,opp_qual_barthag,opp_qual_games,opp_fun,opp_conf_pf,opp_conf_pa,opp_conf_poss,opp_conf_oe,opp_conf_de,opp_conf_win%,opp_wab,opp_wab_rk,opp_fun_rk,opp_adjt,opp_qual_games_ratio
2026,iowa,102.39393939393939,115.76262002363424,106.63636363636364,104.20799053666374,109.78787878787878,0.7013134284091099,102.39393939393939,0.6406196852224596,0.48814751196444484,0.7123284301961914,0.639469296938272,0.48814751196444484,0.7123284301961914,0.6924035944610817,0.8078435715758462,114.25825120816202,105.49986092826632,114.21775455386327,105.54235149524898,116.29470041981384,104.97822360494908,115.0707107491651,104.66044954948076,0.68713286098251,13.151515151515152,-0.0007198568601743864,1444.4242424242425,1459.7575757575758,1306.4969696969695,1.1049390367567915,1.1173553867961876,0.4707491582491582,-2.4686509948302273,105.63636363636364,184.42424242424244,66.75775931558303,0.39754015331361364
