Year,Team,opp_rk,opp_adjoe,opp_oe_rank,opp_adjde,opp_de_rank,opp_barthag,opp_barthag_rank,opp_sos,opp_nconf_sos,opp_conf_sos,opp_proj_sos,opp_proj_nconf_sos,opp_proj_conf_sos,opp_elite_sos,opp_elite_nconf_sos,opp_opp_oe,opp_opp_de,opp_proj_opp_oe,opp_proj_opp_de,opp_conf_adj_oe,opp_conf_adj_de,opp_qual_o,opp_qual_d,opp_qual_barthag,opp_qual_games,opp_fun,opp_conf_pf,opp_conf_pa,opp_conf_poss,opp_conf_oe,opp_conf_de,opp_conf_win%,opp_wab,opp_wab_rk,opp_fun_rk,opp_adjt,opp_qual_games_ratio
2026,brigham-young,79.0,116.4920527176225,91.54545454545455,101.81893733540306,86.66666666666667,0.7608301139765842,79.0,0.6622848193535584,0.5078836221302817,0.7552298074663427,0.66163651120112,0.5078836221302817,0.7552298074663427,0.6935786373819574,0.7940653264551667,114.17611576009553,104.80284252740002,114.14805077948627,104.82590496880312,116.78044154200649,101.892834363888,116.27319952028299,101.50505281627757,0.7723957945413442,12.06060606060606,0.011129126809338549,1365.2424242424242,1351.909090909091,1244.1098484848485,1.0976026779841295,1.0860744788242394,0.519023569023569,-0.8230937151152493,91.48484848484848,160.84848484848484,67.06910086534045,0.36673063653613935
