Year,Team,opp_rk,opp_adjoe,opp_oe_rank,opp_adjde,opp_de_rank,opp_barthag,opp_barthag_rank,opp_sos,opp_nconf_sos,opp_conf_sos,opp_proj_sos,opp_proj_nconf_sos,opp_proj_conf_sos,opp_elite_sos,opp_elite_nconf_sos,opp_opp_oe,opp_opp_de,opp_proj_opp_oe,opp_proj_opp_de,opp_conf_adj_oe,opp_conf_adj_de,opp_qual_o,opp_qual_d,opp_qual_barthag,opp_qual_games,opp_fun,opp_conf_pf,opp_conf_pa,opp_conf_poss,opp_conf_oe,opp_conf_de,opp_conf_win%,opp_wab,opp_wab_rk,opp_fun_rk,opp_adjt,opp_qual_games_ratio
2026,iowa,102.39393939393939,115.76260917962207,106.63636363636364,104.20800095390118,109.78787878787878,0.7013130723153487,102.39393939393939,0.6406193589708765,0.4881472982407927,0.7123280117745404,0.6394690000372536,0.4881472982407927,0.7123280117745404,0.6924036764010019,0.8078434070570631,114.25824126089016,105.49987099992548,114.2177452820185,105.54236084937686,116.29468739894706,104.97823746461741,115.07070624056279,104.66045359054387,0.6871326739284971,13.151515151515152,-0.0007198294030559641,1444.4242424242425,1459.7575757575758,1306.4969696969695,1.1049390367567915,1.1173553867961876,0.4707491582491582,-2.468681344988455,105.63636363636364,184.42424242424244,66.75775931558303,0.39754015331361364
