Year,Team,opp_rk,opp_adjoe,opp_oe_rank,opp_adjde,opp_de_rank,opp_barthag,opp_barthag_rank,opp_sos,opp_nconf_sos,opp_conf_sos,opp_proj_sos,opp_proj_nconf_sos,opp_proj_conf_sos,opp_elite_sos,opp_elite_nconf_sos,opp_opp_oe,opp_opp_de,opp_proj_opp_oe,opp_proj_opp_de,opp_conf_adj_oe,opp_conf_adj_de,opp_qual_o,opp_qual_d,opp_qual_barthag,opp_qual_games,opp_fun,opp_conf_pf,opp_conf_pa,opp_conf_poss,opp_conf_oe,opp_conf_de,opp_conf_win%,opp_wab,opp_wab_rk,opp_fun_rk,opp_adjt,opp_qual_games_ratio
2026,texas,95.83333333333333,117.23407863183502,93.1,104.39309387524605,111.3,0.726681476255503,95.83333333333333,0.6364768560913083,0.5027011552206204,0.7188332332240306,0.6366664544907394,0.5027011552206204,0.7188332332240306,0.6914645056854923,0.7738240658164657,114.34625467602665,106.17199962219726,114.32840248444266,106.1625222471244,117.44126500072655,104.48991731941106,116.16771999394079,102.4601630089899,0.7328960179815233,13.533333333333333,0.0016320229628636375,1404.6333333333334,1395.7,1249.1829166666669,1.1226652262076726,1.1159341810819943,0.5137566137566136,-1.5014593414151198,97.8,176.73333333333332,67.89811678582525,0.4087580016332552
