Year,Team,opp_rk,opp_adjoe,opp_oe_rank,opp_adjde,opp_de_rank,opp_barthag,opp_barthag_rank,opp_sos,opp_nconf_sos,opp_conf_sos,opp_proj_sos,opp_proj_nconf_sos,opp_proj_conf_sos,opp_elite_sos,opp_elite_nconf_sos,opp_opp_oe,opp_opp_de,opp_proj_opp_oe,opp_proj_opp_de,opp_conf_adj_oe,opp_conf_adj_de,opp_qual_o,opp_qual_d,opp_qual_barthag,opp_qual_games,opp_fun,opp_conf_pf,opp_conf_pa,opp_conf_poss,opp_conf_oe,opp_conf_de,opp_conf_win%,opp_wab,opp_wab_rk,opp_fun_rk,opp_adjt,opp_qual_games_ratio
2026,long-island-university,267.52941176470586,103.90094680732683,259.94117647058823,112.88642487128197,246.55882352941177,0.295545548734774,267.52941176470586,0.38000099384999037,0.4352747692817122,0.33907797879465335,0.3799380486625675,0.4352747692817122,0.33907797879465335,0.865718998895364,0.8195031423576827,106.18729042741792,110.49099798395008,106.1781800236628,110.48817052462147,104.19350105028172,113.16396958523353,97.9842770935537,105.12423129932833,0.3248865054443649,3.735294117647059,-0.02491089316272641,1293.235294117647,1325.1764705882354,1216.185294117647,1.0627668312988783,1.0878217475987062,0.4415441176470589,-12.857170377706245,255.8235294117647,232.44117647058823,66.65378050306057,0.11712097746637032
