Year,Team,opp_rk,opp_adjoe,opp_oe_rank,opp_adjde,opp_de_rank,opp_barthag,opp_barthag_rank,opp_sos,opp_nconf_sos,opp_conf_sos,opp_proj_sos,opp_proj_nconf_sos,opp_proj_conf_sos,opp_elite_sos,opp_elite_nconf_sos,opp_opp_oe,opp_opp_de,opp_proj_opp_oe,opp_proj_opp_de,opp_conf_adj_oe,opp_conf_adj_de,opp_qual_o,opp_qual_d,opp_qual_barthag,opp_qual_games,opp_fun,opp_conf_pf,opp_conf_pa,opp_conf_poss,opp_conf_oe,opp_conf_de,opp_conf_win%,opp_wab,opp_wab_rk,opp_fun_rk,opp_adjt,opp_qual_games_ratio
2026,kennesaw-state,190.51612903225808,108.30562243551937,191.67741935483872,109.55027532320365,190.1290322580645,0.46217952114590727,190.51612903225808,0.4429954102299461,0.40835196851445377,0.457268106674184,0.44496998956206374,0.40835196851445377,0.457268106674184,0.8703559612305859,0.8441475852112561,108.81662687748633,109.44659503995302,108.85971724404098,109.40249348550496,108.80228370222494,110.03210757606524,76.63576073292874,74.87465226920138,0.40783925866793946,1.8709677419354838,-0.005314799017455998,1453.4193548387098,1445.6774193548388,1325.303629032258,1.0959173824952715,1.0914881212331362,0.5224014336917564,-9.836855710180398,204.1290322580645,196.29032258064515,67.04787094740786,0.05809178273523012
