Year,Team,opp_rk,opp_adjoe,opp_oe_rank,opp_adjde,opp_de_rank,opp_barthag,opp_barthag_rank,opp_sos,opp_nconf_sos,opp_conf_sos,opp_proj_sos,opp_proj_nconf_sos,opp_proj_conf_sos,opp_elite_sos,opp_elite_nconf_sos,opp_opp_oe,opp_opp_de,opp_proj_opp_oe,opp_proj_opp_de,opp_conf_adj_oe,opp_conf_adj_de,opp_qual_o,opp_qual_d,opp_qual_barthag,opp_qual_games,opp_fun,opp_conf_pf,opp_conf_pa,opp_conf_poss,opp_conf_oe,opp_conf_de,opp_conf_win%,opp_wab,opp_wab_rk,opp_fun_rk,opp_adjt,opp_qual_games_ratio
2026,texas,95.83333333333333,117.23410829692922,93.1,104.39306884803878,111.3,0.7266821187915723,95.83333333333333,0.6364772538053357,0.5027016701059388,0.7188335348762888,0.6366668389410922,0.5027016701059388,0.7188335348762888,0.6914636163162128,0.7738236138614911,114.34627018737608,106.17198712315255,114.32841746494366,106.16251029559582,117.44128554043377,104.48990800449694,116.16776132424647,102.46013212191883,0.7328967964436823,13.533333333333333,0.0016315320444422335,1404.6333333333334,1395.7,1249.1829166666669,1.1226652262076726,1.1159341810819943,0.5137566137566136,-1.501455680014683,97.8,176.73333333333332,67.89811678582527,0.4087580016332552
