Year,Team,opp_rk,opp_adjoe,opp_oe_rank,opp_adjde,opp_de_rank,opp_barthag,opp_barthag_rank,opp_sos,opp_nconf_sos,opp_conf_sos,opp_proj_sos,opp_proj_nconf_sos,opp_proj_conf_sos,opp_elite_sos,opp_elite_nconf_sos,opp_opp_oe,opp_opp_de,opp_proj_opp_oe,opp_proj_opp_de,opp_conf_adj_oe,opp_conf_adj_de,opp_qual_o,opp_qual_d,opp_qual_barthag,opp_qual_games,opp_fun,opp_conf_pf,opp_conf_pa,opp_conf_poss,opp_conf_oe,opp_conf_de,opp_conf_win%,opp_wab,opp_wab_rk,opp_fun_rk,opp_adjt,opp_qual_games_ratio
2026,louisville,93.42424242424242,115.67225942507073,103.96969696969697,103.54663958643629,96.96969696969697,0.7231669316319174,93.42424242424242,0.6351906351262114,0.5041035747913103,0.7144183301282443,0.6352348456107602,0.5041035747913103,0.7144183301282443,0.7119330857127757,0.7900568437404387,113.57183629343731,105.68806860305861,113.56670275762805,105.70048840866293,116.26793922282758,103.96272836171256,114.97238411623734,103.35060195261715,0.7276617982057605,11.575757575757576,0.0038321771862756906,1355.090909090909,1345.060606060606,1222.5905303030304,1.1075961014014875,1.0987641605097185,0.5140572390572391,-2.1309641218941984,101.84848484848484,174.03030303030303,67.63687917329166,0.35294722061045164
