Year,Team,opp_rk,opp_adjoe,opp_oe_rank,opp_adjde,opp_de_rank,opp_barthag,opp_barthag_rank,opp_sos,opp_nconf_sos,opp_conf_sos,opp_proj_sos,opp_proj_nconf_sos,opp_proj_conf_sos,opp_elite_sos,opp_elite_nconf_sos,opp_opp_oe,opp_opp_de,opp_proj_opp_oe,opp_proj_opp_de,opp_conf_adj_oe,opp_conf_adj_de,opp_qual_o,opp_qual_d,opp_qual_barthag,opp_qual_games,opp_fun,opp_conf_pf,opp_conf_pa,opp_conf_poss,opp_conf_oe,opp_conf_de,opp_conf_win%,opp_wab,opp_wab_rk,opp_fun_rk,opp_adjt,opp_qual_games_ratio
2026,hofstra,196.625,106.92999530932538,209.78125,109.25609467421522,181.21875,0.442919423750591,196.625,0.438593620409916,0.41970528310214855,0.4492992299030952,0.4396985275989002,0.41970528310214855,0.4492992299030952,0.8666782321942736,0.8527895000722729,107.73998136456909,109.4992889315789,107.78920937644757,109.48336741690939,106.6679653034622,109.25968465226303,78.42416677013544,80.15009284273933,0.34146973503419786,2.375,0.009139446747679133,1299.0625,1309.625,1211.098046875,1.071955288792349,1.0811846979259594,0.48975694444444445,-9.871170480341595,199.21875,165.71875,66.99186653841022,0.07295179043404196
