Year,Team,opp_rk,opp_adjoe,opp_oe_rank,opp_adjde,opp_de_rank,opp_barthag,opp_barthag_rank,opp_sos,opp_nconf_sos,opp_conf_sos,opp_proj_sos,opp_proj_nconf_sos,opp_proj_conf_sos,opp_elite_sos,opp_elite_nconf_sos,opp_opp_oe,opp_opp_de,opp_proj_opp_oe,opp_proj_opp_de,opp_conf_adj_oe,opp_conf_adj_de,opp_qual_o,opp_qual_d,opp_qual_barthag,opp_qual_games,opp_fun,opp_conf_pf,opp_conf_pa,opp_conf_poss,opp_conf_oe,opp_conf_de,opp_conf_win%,opp_wab,opp_wab_rk,opp_fun_rk,opp_adjt,opp_qual_games_ratio
2026,kennesaw-state,190.51612903225808,108.30560686358442,191.67741935483872,109.55028656641345,190.1290322580645,0.46217884412250837,190.51612903225808,0.44299685332866107,0.40835306472391925,0.45726936396975515,0.44497140871280627,0.40835306472391925,0.45726936396975515,0.8703554744942755,0.8441470301810909,108.81665567233502,109.44656382530985,108.85974551406674,109.40246278919119,108.80225511079232,110.03213684331753,76.63579344766424,74.87462109683254,0.40783971525301904,1.8709677419354838,-0.005313106084016784,1453.4193548387098,1445.6774193548388,1325.303629032258,1.0959173824952715,1.0914881212331362,0.5224014336917564,-9.836852912058978,204.1290322580645,196.29032258064515,67.04787094740786,0.05809178273523012
