Year,Team,opp_rk,opp_adjoe,opp_oe_rank,opp_adjde,opp_de_rank,opp_barthag,opp_barthag_rank,opp_sos,opp_nconf_sos,opp_conf_sos,opp_proj_sos,opp_proj_nconf_sos,opp_proj_conf_sos,opp_elite_sos,opp_elite_nconf_sos,opp_opp_oe,opp_opp_de,opp_proj_opp_oe,opp_proj_opp_de,opp_conf_adj_oe,opp_conf_adj_de,opp_qual_o,opp_qual_d,opp_qual_barthag,opp_qual_games,opp_fun,opp_conf_pf,opp_conf_pa,opp_conf_poss,opp_conf_oe,opp_conf_de,opp_conf_win%,opp_wab,opp_wab_rk,opp_fun_rk,opp_adjt,opp_qual_games_ratio
2026,south-florida,148.51612903225808,110.80134259942552,153.19354838709677,108.05544417859004,161.09677419354838,0.5618494960639472,148.51612903225808,0.5039173142840013,0.45590023835499216,0.5258999086729508,0.5057157453763375,0.45590023835499216,0.5258999086729508,0.8356413968304403,0.8412411789756613,109.42351235836126,108.2685539361208,109.45502114754015,108.22227536442789,110.77356804816192,108.0974453237641,109.76530662435981,106.77398453416275,0.572449442437543,3.7419354838709675,0.012425231814044561,1374.1612903225807,1353.9032258064517,1249.5870967741937,1.0989413207305037,1.0828477203442417,0.5456605222734255,-6.993284307643089,154.51612903225808,151.58064516129033,67.89211421626159,0.11474660836806579
