Year,Team,opp_rk,opp_adjoe,opp_oe_rank,opp_adjde,opp_de_rank,opp_barthag,opp_barthag_rank,opp_sos,opp_nconf_sos,opp_conf_sos,opp_proj_sos,opp_proj_nconf_sos,opp_proj_conf_sos,opp_elite_sos,opp_elite_nconf_sos,opp_opp_oe,opp_opp_de,opp_proj_opp_oe,opp_proj_opp_de,opp_conf_adj_oe,opp_conf_adj_de,opp_qual_o,opp_qual_d,opp_qual_barthag,opp_qual_games,opp_fun,opp_conf_pf,opp_conf_pa,opp_conf_poss,opp_conf_oe,opp_conf_de,opp_conf_win%,opp_wab,opp_wab_rk,opp_fun_rk,opp_adjt,opp_qual_games_ratio
2026,texas-am,109.21875,116.3907475088296,102.625,106.30174581377752,133.15625,0.6882996112560048,109.21875,0.6261268688215211,0.4873336702710074,0.7160798892454676,0.6265734184871979,0.4873336702710074,0.7160798892454676,0.7030895377818529,0.7856851347797825,113.97277549864961,106.1551586804911,113.9745993939705,106.15511055881174,116.48053504352471,106.49424466616667,116.52196996529149,106.90100562341087,0.676633296126296,12.78125,-0.006299850004578976,1413.6875,1444.96875,1271.3269531250003,1.1127577753286322,1.1372261164820834,0.4403724747474747,-3.620728410886112,114.4375,198.21875,67.98362028229847,0.3885206284218233
