Year,Team,opp_rk,opp_adjoe,opp_oe_rank,opp_adjde,opp_de_rank,opp_barthag,opp_barthag_rank,opp_sos,opp_nconf_sos,opp_conf_sos,opp_proj_sos,opp_proj_nconf_sos,opp_proj_conf_sos,opp_elite_sos,opp_elite_nconf_sos,opp_opp_oe,opp_opp_de,opp_proj_opp_oe,opp_proj_opp_de,opp_conf_adj_oe,opp_conf_adj_de,opp_qual_o,opp_qual_d,opp_qual_barthag,opp_qual_games,opp_fun,opp_conf_pf,opp_conf_pa,opp_conf_poss,opp_conf_oe,opp_conf_de,opp_conf_win%,opp_wab,opp_wab_rk,opp_fun_rk,opp_adjt,opp_qual_games_ratio
2026,pennsylvania,186.2962962962963,108.34570100940275,193.0,109.33527212813758,185.11111111111111,0.47237453900618587,186.2962962962963,0.443346625244072,0.4021515508892019,0.4687291156240323,0.4446702618604373,0.4021515508892019,0.4687291156240323,0.8584639591957527,0.8554040420390072,108.1996156083622,109.54942951521961,108.25667572008688,109.54309022112649,108.92686925239998,109.22274844139322,98.34892203289601,98.60241624246837,0.43932615809827763,2.3703703703703702,-0.00480209306056404,1159.851851851852,1156.1851851851852,1062.7263888888895,1.092023316131007,1.0880767469225479,0.5215314520870077,-8.595642253436962,178.8148148148148,193.11111111111111,66.28052964140745,0.07462558926714515
