Year,Team,opp_rk,opp_adjoe,opp_oe_rank,opp_adjde,opp_de_rank,opp_barthag,opp_barthag_rank,opp_sos,opp_nconf_sos,opp_conf_sos,opp_proj_sos,opp_proj_nconf_sos,opp_proj_conf_sos,opp_elite_sos,opp_elite_nconf_sos,opp_opp_oe,opp_opp_de,opp_proj_opp_oe,opp_proj_opp_de,opp_conf_adj_oe,opp_conf_adj_de,opp_qual_o,opp_qual_d,opp_qual_barthag,opp_qual_games,opp_fun,opp_conf_pf,opp_conf_pa,opp_conf_poss,opp_conf_oe,opp_conf_de,opp_conf_win%,opp_wab,opp_wab_rk,opp_fun_rk,opp_adjt,opp_qual_games_ratio
2026,virginia,106.6470588235294,115.378154439925,104.29411764705883,105.58811295615425,122.3529411764706,0.6886749895111385,106.6470588235294,0.6176885261284609,0.4909861432343116,0.692345000060587,0.6187234014781442,0.4909861432343116,0.692345000060587,0.7189257355779296,0.7945028095861255,112.92130431865593,106.0124576406232,112.95811707201042,106.00892372413644,115.73099705508892,105.98168374797655,115.21654150375495,105.95873504290063,0.6753241210672607,11.235294117647058,0.00382865576820832,1354.3529411764705,1361.5882352941176,1222.9047794117648,1.106760870728511,1.1114548426329642,0.4879318394024275,-3.0603019116875867,106.91176470588235,174.14705882352942,67.33648584072802,0.34429970940122795
