Year,Team,opp_rk,opp_adjoe,opp_oe_rank,opp_adjde,opp_de_rank,opp_barthag,opp_barthag_rank,opp_sos,opp_nconf_sos,opp_conf_sos,opp_proj_sos,opp_proj_nconf_sos,opp_proj_conf_sos,opp_elite_sos,opp_elite_nconf_sos,opp_opp_oe,opp_opp_de,opp_proj_opp_oe,opp_proj_opp_de,opp_conf_adj_oe,opp_conf_adj_de,opp_qual_o,opp_qual_d,opp_qual_barthag,opp_qual_games,opp_fun,opp_conf_pf,opp_conf_pa,opp_conf_poss,opp_conf_oe,opp_conf_de,opp_conf_win%,opp_wab,opp_wab_rk,opp_fun_rk,opp_adjt,opp_qual_games_ratio
2026,purdue,70.02941176470588,118.37457406149053,72.82352941176471,102.61611797153363,83.47058823529412,0.7835723278723693,70.02941176470588,0.676583210681084,0.5042235377173598,0.7637772214209773,0.6766423303382311,0.5042235377173598,0.7637772214209773,0.6706181553194674,0.7932338397994505,115.48977796830098,104.79965637873049,115.4607836896858,104.80320166544824,118.97387334605659,103.08334738466657,117.70730497745991,102.84057792331858,0.7694166921357352,13.5,0.003398109320786295,1474.6176470588234,1462.3235294117646,1314.914705882353,1.121688357480562,1.111846752500537,0.5223856209150325,-0.4581869575065873,76.97058823529412,176.8235294117647,67.101096877278,0.41131743472790183
