Year,Team,opp_rk,opp_adjoe,opp_oe_rank,opp_adjde,opp_de_rank,opp_barthag,opp_barthag_rank,opp_sos,opp_nconf_sos,opp_conf_sos,opp_proj_sos,opp_proj_nconf_sos,opp_proj_conf_sos,opp_elite_sos,opp_elite_nconf_sos,opp_opp_oe,opp_opp_de,opp_proj_opp_oe,opp_proj_opp_de,opp_conf_adj_oe,opp_conf_adj_de,opp_qual_o,opp_qual_d,opp_qual_barthag,opp_qual_games,opp_fun,opp_conf_pf,opp_conf_pa,opp_conf_poss,opp_conf_oe,opp_conf_de,opp_conf_win%,opp_wab,opp_wab_rk,opp_fun_rk,opp_adjt,opp_qual_games_ratio
2026,alabama,64.59375,119.38630365863554,62.25,102.75338847453985,88.65625,0.7990131981379157,64.59375,0.6731248968423572,0.5034084185523424,0.7740588497108088,0.6735972419379367,0.5034084185523424,0.7740588497108088,0.6776312641068272,0.7806169631866234,115.54251113401794,105.39725901979222,115.52341285421262,105.37036108014217,119.73992768370339,103.46243920716486,119.85921422742076,102.40628443054864,0.8095327597214355,13.96875,0.0076262193566206254,1434.59375,1414.75,1261.0535156250003,1.137540701686201,1.121779068214199,0.5334945436507936,0.17225945999262662,68.8125,163.53125,67.90335291175005,0.42104446181881844
