Year,Team,opp_rk,opp_adjoe,opp_oe_rank,opp_adjde,opp_de_rank,opp_barthag,opp_barthag_rank,opp_sos,opp_nconf_sos,opp_conf_sos,opp_proj_sos,opp_proj_nconf_sos,opp_proj_conf_sos,opp_elite_sos,opp_elite_nconf_sos,opp_opp_oe,opp_opp_de,opp_proj_opp_oe,opp_proj_opp_de,opp_conf_adj_oe,opp_conf_adj_de,opp_qual_o,opp_qual_d,opp_qual_barthag,opp_qual_games,opp_fun,opp_conf_pf,opp_conf_pa,opp_conf_poss,opp_conf_oe,opp_conf_de,opp_conf_win%,opp_wab,opp_wab_rk,opp_fun_rk,opp_adjt,opp_qual_games_ratio
2026,utah-state,110.0,112.54386331932255,118.78787878787878,105.33857836506897,121.96969696969697,0.6670910992896137,110.0,0.5803359417862946,0.48273542808104497,0.6272251136568372,0.5815674811849557,0.48273542808104497,0.6272251136568372,0.7928485147019824,0.8301534208306831,111.56086290418716,106.88928973902658,111.57421904719456,106.85696056141016,112.88392445224845,105.56373182106734,109.96459828558393,103.59473943958257,0.6485663248178603,6.0,-0.0009001604847229705,1464.5454545454545,1437.3030303030303,1328.660227272727,1.1021986802269128,1.0827713906851235,0.5449494949494949,-5.433075668439219,125.48484848484848,181.3939393939394,67.18176870637144,0.18304721137544144
