Year,Team,opp_rk,opp_adjoe,opp_oe_rank,opp_adjde,opp_de_rank,opp_barthag,opp_barthag_rank,opp_sos,opp_nconf_sos,opp_conf_sos,opp_proj_sos,opp_proj_nconf_sos,opp_proj_conf_sos,opp_elite_sos,opp_elite_nconf_sos,opp_opp_oe,opp_opp_de,opp_proj_opp_oe,opp_proj_opp_de,opp_conf_adj_oe,opp_conf_adj_de,opp_qual_o,opp_qual_d,opp_qual_barthag,opp_qual_games,opp_fun,opp_conf_pf,opp_conf_pa,opp_conf_poss,opp_conf_oe,opp_conf_de,opp_conf_win%,opp_wab,opp_wab_rk,opp_fun_rk,opp_adjt,opp_qual_games_ratio
2026,ohio-state,89.3030303030303,116.86655780295561,94.45454545454545,102.82571075193142,92.72727272727273,0.7347602279713166,89.3030303030303,0.6577780256859705,0.4887105298135472,0.7453491272517621,0.6574972035485733,0.4887105298135472,0.7453491272517621,0.6852036788736946,0.8091125835532504,114.85161615719817,105.28401960414429,114.83049390605402,105.30145405985245,117.2691715577887,103.43761679674994,116.8823603510126,102.79446153660737,0.7410707892579961,13.636363636363637,0.006640837447663045,1451.060606060606,1449.3333333333333,1304.8867424242424,1.1107345395908677,1.1103209036689696,0.5037037037037037,-1.0766764644810192,94.21212121212122,166.33333333333334,66.77590107468654,0.4141445101100958
