Year,Team,opp_rk,opp_adjoe,opp_oe_rank,opp_adjde,opp_de_rank,opp_barthag,opp_barthag_rank,opp_sos,opp_nconf_sos,opp_conf_sos,opp_proj_sos,opp_proj_nconf_sos,opp_proj_conf_sos,opp_elite_sos,opp_elite_nconf_sos,opp_opp_oe,opp_opp_de,opp_proj_opp_oe,opp_proj_opp_de,opp_conf_adj_oe,opp_conf_adj_de,opp_qual_o,opp_qual_d,opp_qual_barthag,opp_qual_games,opp_fun,opp_conf_pf,opp_conf_pa,opp_conf_poss,opp_conf_oe,opp_conf_de,opp_conf_win%,opp_wab,opp_wab_rk,opp_fun_rk,opp_adjt,opp_qual_games_ratio
2026,virginia-commonwealth,149.06060606060606,110.06880734370975,165.78787878787878,107.00449995225479,143.21212121212122,0.5689935829087486,149.06060606060606,0.5011212269603762,0.4154388755657178,0.5520749356891168,0.5036072129282384,0.4154388755657178,0.5520749356891168,0.8282122973843071,0.8517774516557037,109.18078784546171,108.32376645387585,109.28153005511537,108.31134224653204,110.54404646028314,107.28175040772513,105.70108603622728,103.3664720470291,0.5298519953163101,4.2727272727272725,0.000779961244518868,1329.1515151515152,1313.4545454545455,1220.4920454545454,1.0870352814384112,1.0763404523407796,0.5175565175565175,-6.756701179270122,155.12121212121212,178.66666666666666,67.06965667428938,0.13044295016933954
