Year,Team,opp_rk,opp_adjoe,opp_oe_rank,opp_adjde,opp_de_rank,opp_barthag,opp_barthag_rank,opp_sos,opp_nconf_sos,opp_conf_sos,opp_proj_sos,opp_proj_nconf_sos,opp_proj_conf_sos,opp_elite_sos,opp_elite_nconf_sos,opp_opp_oe,opp_opp_de,opp_proj_opp_oe,opp_proj_opp_de,opp_conf_adj_oe,opp_conf_adj_de,opp_qual_o,opp_qual_d,opp_qual_barthag,opp_qual_games,opp_fun,opp_conf_pf,opp_conf_pa,opp_conf_poss,opp_conf_oe,opp_conf_de,opp_conf_win%,opp_wab,opp_wab_rk,opp_fun_rk,opp_adjt,opp_qual_games_ratio
2026,prairie-view,256.19354838709677,103.76975028461466,256.4193548387097,112.16714960226876,232.06451612903226,0.32036249059724226,256.19354838709677,0.4080128543875077,0.5299354619433327,0.33012149573390076,0.40844198329351217,0.5299354619433327,0.33012149573390076,0.8394160429138784,0.7436217243524119,107.06640265777982,109.801433323018,107.07248644768156,109.79017360031916,103.91813461683502,112.28897922669778,101.51143102477647,112.13948241455351,0.3020040287505252,5.387096774193548,0.001580446691991676,1340.774193548387,1349.9354838709678,1260.6762096774191,1.0632429240681587,1.0711540122310979,0.49408602150537634,-11.668226105486312,230.38709677419354,175.06451612903226,68.24354433208455,0.16670150346582677
