Year,Team,opp_rk,opp_adjoe,opp_oe_rank,opp_adjde,opp_de_rank,opp_barthag,opp_barthag_rank,opp_sos,opp_nconf_sos,opp_conf_sos,opp_proj_sos,opp_proj_nconf_sos,opp_proj_conf_sos,opp_elite_sos,opp_elite_nconf_sos,opp_opp_oe,opp_opp_de,opp_proj_opp_oe,opp_proj_opp_de,opp_conf_adj_oe,opp_conf_adj_de,opp_qual_o,opp_qual_d,opp_qual_barthag,opp_qual_games,opp_fun,opp_conf_pf,opp_conf_pa,opp_conf_poss,opp_conf_oe,opp_conf_de,opp_conf_win%,opp_wab,opp_wab_rk,opp_fun_rk,opp_adjt,opp_qual_games_ratio
2026,wright-state,206.5625,109.39881334558838,165.5625,112.79313387470226,243.5625,0.42042462354231624,206.5625,0.42935400874635876,0.4280173046640876,0.4274295217031107,0.4300750693438624,0.4280173046640876,0.4274295217031107,0.869528782519316,0.8207118010971908,109.70706653531492,111.21755306274258,109.72006037724731,111.20026091784797,109.74190523711553,113.17345594754482,103.22337203599498,107.95794145230956,0.37885727763495186,2.34375,0.00296612010327014,1526.625,1532.6875,1353.705078125,1.1276589420396288,1.131505302837611,0.4976128472222224,-10.482568865528329,211.46875,173.3125,68.47468499305221,0.07260192727200848
