Year,Team,opp_rk,opp_adjoe,opp_oe_rank,opp_adjde,opp_de_rank,opp_barthag,opp_barthag_rank,opp_sos,opp_nconf_sos,opp_conf_sos,opp_proj_sos,opp_proj_nconf_sos,opp_proj_conf_sos,opp_elite_sos,opp_elite_nconf_sos,opp_opp_oe,opp_opp_de,opp_proj_opp_oe,opp_proj_opp_de,opp_conf_adj_oe,opp_conf_adj_de,opp_qual_o,opp_qual_d,opp_qual_barthag,opp_qual_games,opp_fun,opp_conf_pf,opp_conf_pa,opp_conf_poss,opp_conf_oe,opp_conf_de,opp_conf_win%,opp_wab,opp_wab_rk,opp_fun_rk,opp_adjt,opp_qual_games_ratio
2026,southern-methodist,87.54545454545455,116.04672275192027,93.0909090909091,103.93047387855478,98.57575757575758,0.7306836296843929,87.54545454545455,0.6222780577025003,0.4891606877778952,0.7050978605600177,0.6231733387293936,0.4891606877778952,0.7050978605600177,0.7233486002294477,0.7982736551130091,113.14558122515538,105.93174218535694,113.15385711722786,105.91280046250151,116.3065594216973,104.23531009508193,113.47165312323446,103.07652012615505,0.7036068747740238,10.969696969696969,0.0018438664396212372,1399.4242424242425,1390.2727272727273,1262.6473484848484,1.108712213646463,1.1009154515525883,0.5213154269972452,-2.2519838173512428,93.60606060606061,177.96969696969697,68.38967799025629,0.33584731435451626
