Year,Team,opp_rk,opp_adjoe,opp_oe_rank,opp_adjde,opp_de_rank,opp_barthag,opp_barthag_rank,opp_sos,opp_nconf_sos,opp_conf_sos,opp_proj_sos,opp_proj_nconf_sos,opp_proj_conf_sos,opp_elite_sos,opp_elite_nconf_sos,opp_opp_oe,opp_opp_de,opp_proj_opp_oe,opp_proj_opp_de,opp_conf_adj_oe,opp_conf_adj_de,opp_qual_o,opp_qual_d,opp_qual_barthag,opp_qual_games,opp_fun,opp_conf_pf,opp_conf_pa,opp_conf_poss,opp_conf_oe,opp_conf_de,opp_conf_win%,opp_wab,opp_wab_rk,opp_fun_rk,opp_adjt,opp_qual_games_ratio
2026,saint-marys-ca,121.58064516129032,112.22507621545466,138.48387096774192,105.49697644937665,127.93548387096774,0.63295303274705,121.58064516129032,0.5448642156912761,0.46867146029772255,0.5925635136385475,0.5467386658482859,0.46867146029772255,0.5925635136385475,0.8046521056326965,0.8438803750087824,110.85690420294115,107.19927667711939,110.89489372517365,107.15953715955993,112.30478440595408,105.83818601660262,111.76835710391539,105.48423686203142,0.6167793768975184,5.903225806451613,-0.009379655972716016,1364.483870967742,1343.7096774193549,1244.5604838709678,1.0959794817012258,1.0795594592808004,0.5236559139784948,-5.823513939291438,142.51612903225808,195.61290322580646,67.50139532107328,0.17877586518478353
