Year,Team,opp_rk,opp_adjoe,opp_oe_rank,opp_adjde,opp_de_rank,opp_barthag,opp_barthag_rank,opp_sos,opp_nconf_sos,opp_conf_sos,opp_proj_sos,opp_proj_nconf_sos,opp_proj_conf_sos,opp_elite_sos,opp_elite_nconf_sos,opp_opp_oe,opp_opp_de,opp_proj_opp_oe,opp_proj_opp_de,opp_conf_adj_oe,opp_conf_adj_de,opp_qual_o,opp_qual_d,opp_qual_barthag,opp_qual_games,opp_fun,opp_conf_pf,opp_conf_pa,opp_conf_poss,opp_conf_oe,opp_conf_de,opp_conf_win%,opp_wab,opp_wab_rk,opp_fun_rk,opp_adjt,opp_qual_games_ratio
2026,tennessee,87.27272727272727,118.60718012574156,76.54545454545455,104.69311184069001,111.93939393939394,0.7437641791029356,87.27272727272727,0.647643004257912,0.501578012408619,0.7353299919473173,0.6481464493419423,0.501578012408619,0.7353299919473173,0.684279853740499,0.7739305634182294,114.92256505681358,105.83622295717267,114.89499268723607,105.81031896017619,119.2668297689065,105.42571140967236,117.11115409118304,104.37805803247882,0.7263245602974895,13.757575757575758,0.00039275989517875443,1440.5757575757575,1430.909090909091,1262.4916666666666,1.139185420132526,1.1332953398455947,0.5093013468013466,-1.1349572488891786,88.42424242424242,177.21212121212122,68.51486392270836,0.41704204897990477
