Year,Team,opp_rk,opp_adjoe,opp_oe_rank,opp_adjde,opp_de_rank,opp_barthag,opp_barthag_rank,opp_sos,opp_nconf_sos,opp_conf_sos,opp_proj_sos,opp_proj_nconf_sos,opp_proj_conf_sos,opp_elite_sos,opp_elite_nconf_sos,opp_opp_oe,opp_opp_de,opp_proj_opp_oe,opp_proj_opp_de,opp_conf_adj_oe,opp_conf_adj_de,opp_qual_o,opp_qual_d,opp_qual_barthag,opp_qual_games,opp_fun,opp_conf_pf,opp_conf_pa,opp_conf_poss,opp_conf_oe,opp_conf_de,opp_conf_win%,opp_wab,opp_wab_rk,opp_fun_rk,opp_adjt,opp_qual_games_ratio
2026,maryland-baltimore-county,291.8333333333333,101.14824738138691,284.03333333333336,114.60468166782715,272.56666666666666,0.23567925397004866,291.8333333333333,0.33868730540586695,0.423749965540091,0.25513502109478126,0.33937229656136136,0.423749965540091,0.25513502109478126,0.8927508127974931,0.8434308111595235,104.68644223193938,111.62551540316409,104.70508993968046,111.60981311372119,101.11208476694887,115.16433719286316,62.90840504492868,70.3491548150872,0.21113356607509046,1.9666666666666666,-0.00856006044337088,1158.5333333333333,1177.8,1095.0575,1.0553339782255209,1.074435496932737,0.4592724867724867,-14.057426674593732,270.8666666666667,193.9,66.8173432004783,0.06062382602112203
