Year,Team,opp_rk,opp_adjoe,opp_oe_rank,opp_adjde,opp_de_rank,opp_barthag,opp_barthag_rank,opp_sos,opp_nconf_sos,opp_conf_sos,opp_proj_sos,opp_proj_nconf_sos,opp_proj_conf_sos,opp_elite_sos,opp_elite_nconf_sos,opp_opp_oe,opp_opp_de,opp_proj_opp_oe,opp_proj_opp_de,opp_conf_adj_oe,opp_conf_adj_de,opp_qual_o,opp_qual_d,opp_qual_barthag,opp_qual_games,opp_fun,opp_conf_pf,opp_conf_pa,opp_conf_poss,opp_conf_oe,opp_conf_de,opp_conf_win%,opp_wab,opp_wab_rk,opp_fun_rk,opp_adjt,opp_qual_games_ratio
2026,idaho,192.1875,108.88332313474214,172.4375,111.03170166725144,217.21875,0.4519165970536231,192.1875,0.46448593505766833,0.4499665364291341,0.46968101735685175,0.46485824195184033,0.4499665364291341,0.46968101735685175,0.8575969551692648,0.8224184448877288,109.46097651758411,109.13678123476751,109.4692492642197,109.12816464639937,109.73381551702877,111.68748814220247,105.52468092343955,102.72146471454694,0.5411006187758807,2.34375,-0.019936637134775018,1394.15625,1404.78125,1261.68359375,1.106373887170402,1.114502213827085,0.48650173611111097,-10.89928357258026,217.90625,221.34375,68.23111465624731,0.07269029495962606
