Year,Team,opp_rk,opp_adjoe,opp_oe_rank,opp_adjde,opp_de_rank,opp_barthag,opp_barthag_rank,opp_sos,opp_nconf_sos,opp_conf_sos,opp_proj_sos,opp_proj_nconf_sos,opp_proj_conf_sos,opp_elite_sos,opp_elite_nconf_sos,opp_opp_oe,opp_opp_de,opp_proj_opp_oe,opp_proj_opp_de,opp_conf_adj_oe,opp_conf_adj_de,opp_qual_o,opp_qual_d,opp_qual_barthag,opp_qual_games,opp_fun,opp_conf_pf,opp_conf_pa,opp_conf_poss,opp_conf_oe,opp_conf_de,opp_conf_win%,opp_wab,opp_wab_rk,opp_fun_rk,opp_adjt,opp_qual_games_ratio
2026,duke,83.73529411764706,116.77539831826984,92.88235294117646,102.83580328688156,90.1470588235294,0.7500090053561234,83.73529411764706,0.6369875751180739,0.5011305482010473,0.7199465426353129,0.637680676961854,0.5011305482010473,0.7199465426353129,0.7058926347583546,0.7870235767566429,113.84093033984968,105.74751286642497,113.83989359228866,105.74027536218021,117.39866906897973,103.1977873155793,116.2155815282856,102.53289065636193,0.7461696402972278,12.294117647058824,0.004050782833421431,1389.2941176470588,1357.1764705882354,1239.7963235294117,1.1199641405039025,1.0937866459083063,0.5454948646125117,-0.9640269757197553,88.08823529411765,172.5,67.70541937720313,0.3762051323030506
