Year,Team,opp_rk,opp_adjoe,opp_oe_rank,opp_adjde,opp_de_rank,opp_barthag,opp_barthag_rank,opp_sos,opp_nconf_sos,opp_conf_sos,opp_proj_sos,opp_proj_nconf_sos,opp_proj_conf_sos,opp_elite_sos,opp_elite_nconf_sos,opp_opp_oe,opp_opp_de,opp_proj_opp_oe,opp_proj_opp_de,opp_conf_adj_oe,opp_conf_adj_de,opp_qual_o,opp_qual_d,opp_qual_barthag,opp_qual_games,opp_fun,opp_conf_pf,opp_conf_pa,opp_conf_poss,opp_conf_oe,opp_conf_de,opp_conf_win%,opp_wab,opp_wab_rk,opp_fun_rk,opp_adjt,opp_qual_games_ratio
2026,south-florida,148.51612903225808,110.80133666659155,153.19354838709677,108.05545089371682,161.09677419354838,0.561848825128059,148.51612903225808,0.5039176562169174,0.455900068781404,0.5259006604924884,0.5057161000611062,0.455900068781404,0.5259006604924884,0.835641295312352,0.8412412860266484,109.4235225941042,108.26854379458902,109.45503154235422,108.2222650604013,110.77356295694732,108.09744833477257,109.76528135118926,106.77400415859881,0.5724484468102877,3.7419354838709675,0.012425957948012125,1374.1612903225807,1353.9032258064517,1249.5870967741937,1.0989413207305037,1.0828477203442417,0.5456605222734255,-6.99325681255497,154.51612903225808,151.58064516129033,67.89211421626158,0.11474660836806579
