Year,Team,opp_rk,opp_adjoe,opp_oe_rank,opp_adjde,opp_de_rank,opp_barthag,opp_barthag_rank,opp_sos,opp_nconf_sos,opp_conf_sos,opp_proj_sos,opp_proj_nconf_sos,opp_proj_conf_sos,opp_elite_sos,opp_elite_nconf_sos,opp_opp_oe,opp_opp_de,opp_proj_opp_oe,opp_proj_opp_de,opp_conf_adj_oe,opp_conf_adj_de,opp_qual_o,opp_qual_d,opp_qual_barthag,opp_qual_games,opp_fun,opp_conf_pf,opp_conf_pa,opp_conf_poss,opp_conf_oe,opp_conf_de,opp_conf_win%,opp_wab,opp_wab_rk,opp_fun_rk,opp_adjt,opp_qual_games_ratio
2026,virginia-commonwealth,149.06060606060606,110.06870533604592,165.78787878787878,107.00459968036061,143.21212121212122,0.568988775852209,149.06060606060606,0.5011176905532558,0.4154380691787204,0.5520695265656437,0.5036036742979147,0.4154380691787204,0.5520695265656437,0.8282140570603158,0.8517777644038481,109.18070273505712,108.32385164524939,109.28144516037378,108.31142724138434,110.54392995683399,107.28187212701762,105.70104082739275,103.36652292698673,0.529849930539878,4.2727272727272725,0.0007803812818664695,1329.1515151515152,1313.4545454545455,1220.4920454545454,1.0870352814384112,1.0763404523407796,0.5175565175565175,-6.756796164694517,155.12121212121212,178.66666666666666,67.06965667428938,0.13044295016933954
