Year,Team,opp_rk,opp_adjoe,opp_oe_rank,opp_adjde,opp_de_rank,opp_barthag,opp_barthag_rank,opp_sos,opp_nconf_sos,opp_conf_sos,opp_proj_sos,opp_proj_nconf_sos,opp_proj_conf_sos,opp_elite_sos,opp_elite_nconf_sos,opp_opp_oe,opp_opp_de,opp_proj_opp_oe,opp_proj_opp_de,opp_conf_adj_oe,opp_conf_adj_de,opp_qual_o,opp_qual_d,opp_qual_barthag,opp_qual_games,opp_fun,opp_conf_pf,opp_conf_pa,opp_conf_poss,opp_conf_oe,opp_conf_de,opp_conf_win%,opp_wab,opp_wab_rk,opp_fun_rk,opp_adjt,opp_qual_games_ratio
2026,miami-fl,120.18181818181819,113.58217310168645,124.54545454545455,105.46937678967342,121.6969696969697,0.6543531362190308,120.18181818181819,0.6027537532161137,0.4814927778593934,0.677004473877618,0.6030135716448475,0.4814927778593934,0.677004473877618,0.734968234418392,0.8041921969773509,112.68692471667116,106.43664000510809,112.68868359991619,106.43868827428734,113.65255347141455,105.63167448031923,113.17345000824352,104.52866037180627,0.6788747363280749,10.606060606060606,-0.014764482312129904,1353.030303030303,1375.3333333333333,1239.6590909090908,1.0899080729446373,1.109329114442029,0.4464165464165463,-4.7521122038636605,131.63636363636363,210.9090909090909,67.80361641752235,0.3233633993897923
