Year,Team,opp_rk,opp_adjoe,opp_oe_rank,opp_adjde,opp_de_rank,opp_barthag,opp_barthag_rank,opp_sos,opp_nconf_sos,opp_conf_sos,opp_proj_sos,opp_proj_nconf_sos,opp_proj_conf_sos,opp_elite_sos,opp_elite_nconf_sos,opp_opp_oe,opp_opp_de,opp_proj_opp_oe,opp_proj_opp_de,opp_conf_adj_oe,opp_conf_adj_de,opp_qual_o,opp_qual_d,opp_qual_barthag,opp_qual_games,opp_fun,opp_conf_pf,opp_conf_pa,opp_conf_poss,opp_conf_oe,opp_conf_de,opp_conf_win%,opp_wab,opp_wab_rk,opp_fun_rk,opp_adjt,opp_qual_games_ratio
2026,connecticut,93.76470588235294,114.9570318379771,106.41176470588235,103.36903907046911,101.55882352941177,0.7231904280277454,93.76470588235294,0.6543162907988073,0.5101238221549952,0.725206664178659,0.6543459506431568,0.5101238221549952,0.725206664178659,0.7075829378092249,0.782893334892974,113.21060861395617,104.85829669348477,113.18986021589959,104.84822588587379,115.39245287336826,103.93346473048577,113.90715000831415,102.32400856415754,0.725807220910749,10.323529411764707,0.005934193615564746,1451.5294117647059,1448.5,1328.239705882353,1.0924453176022555,1.089911592309747,0.4999798404210168,-2.360563368406967,96.67647058823529,162.85294117647058,67.87910816584971,0.31417542651008995
