Year,Team,opp_rk,opp_adjoe,opp_oe_rank,opp_adjde,opp_de_rank,opp_barthag,opp_barthag_rank,opp_sos,opp_nconf_sos,opp_conf_sos,opp_proj_sos,opp_proj_nconf_sos,opp_proj_conf_sos,opp_elite_sos,opp_elite_nconf_sos,opp_opp_oe,opp_opp_de,opp_proj_opp_oe,opp_proj_opp_de,opp_conf_adj_oe,opp_conf_adj_de,opp_qual_o,opp_qual_d,opp_qual_barthag,opp_qual_games,opp_fun,opp_conf_pf,opp_conf_pa,opp_conf_poss,opp_conf_oe,opp_conf_de,opp_conf_win%,opp_wab,opp_wab_rk,opp_fun_rk,opp_adjt,opp_qual_games_ratio
2026,duke,83.73529411764706,116.77532856598593,92.88235294117646,102.83586439041838,90.1470588235294,0.7500068906864383,83.73529411764706,0.6369866479388689,0.5011305167274908,0.7199450563659946,0.6376797661331944,0.5011305167274908,0.7199450563659946,0.7058940870493181,0.7870238584933574,113.84089951492047,105.74754233777807,113.83986316601923,105.74030457424682,117.39861237014804,103.19783061851066,116.21550578033197,102.53294379492269,0.7461677562223071,12.294117647058824,0.004051627775609794,1389.2941176470588,1357.1764705882354,1239.7963235294117,1.1199641405039025,1.0937866459083063,0.5454948646125117,-0.9640499818622507,88.08823529411765,172.5,67.70541937720311,0.3762051323030506
